alert_id,assessment_id,enterprise_id,as_of,sector,district_id,prob_stress,prob_missed_repayment,rule_score,fused_score,risk_tier,tier_cutoffs,band_width,low_visibility,data_completeness,buffer_days,dscr_annual,credit_headroom,suggested_max_emi,bridge_headroom,net_buffer_days,forecast_net_90d_p10,forecast_net_90d_p50,forecast_net_90d_p90,reason_1,reason_1_contrib,reason_2,reason_2_contrib,reason_3,reason_3_contrib,fusion_weights,model_id,rule_version,raised_at,projected_shortfall,shortfall_week_of,deadline_date,expires_at,merchant_visible,exported_to_bureau,disputed_at
AL00001,AS000004,ENT0001,2024-02-29,DAIRY,1,0.800155161879671,4.5541622502256404e-05,0.3474,0.5511,AMBER,AMBER>=0.38;RED>=0.58,32624.0,False,0.617,58.4,6.37,8000.0,380.0,15000.0,58.4,-33496.0,-14839.0,-872.0,receivable_stretch,0.3333,demand_trough,0.3243,climate_shock,0.2857,"{""model"": 0.45, ""rule"": 0.55}",hgb_stress_v1.2,rules_v1.2_18rules,2024-02-29,66200.0,2024-06-28,2024-06-28,2024-05-14,True,False,
AL00002,AS000006,ENT0001,2024-04-30,DAIRY,1,0.8431562853401665,0.013014609528997838,0.6842,0.7557,RED,AMBER>=0.38;RED>=0.58,51414.0,False,0.617,28.5,4.77,5500.0,261.0,5000.0,28.5,-53818.0,-24731.0,-2404.0,margin_squeeze,1.0,receivable_stretch,0.3333,climate_shock,0.2857,"{""model"": 0.45, ""rule"": 0.55}",hgb_stress_v1.2,rules_v1.2_18rules,2024-04-30,60900.0,2024-08-28,2024-08-28,2024-07-14,True,False,
AL00003,AS000008,ENT0001,2024-06-30,DAIRY,1,0.013141691609074491,0.1399621087214387,0.7263,0.4054,AMBER,AMBER>=0.38;RED>=0.58,16905.0,False,0.644,-2.8,2.43,6900.0,328.0,7900.0,-2.8,-12116.0,-4454.0,4789.0,margin_squeeze,1.0,working_capital_erosion,1.0,,0.0,"{""model"": 0.45, ""rule"": 0.55}",hgb_stress_v1.2,rules_v1.2_18rules,2024-06-30,25000.0,2024-11-27,2024-11-27,2024-09-13,True,False,
AL00004,AS000010,ENT0001,2024-08-31,DAIRY,1,0.01834616601404397,0.08414262000855385,0.9789,0.5467,AMBER,AMBER>=0.38;RED>=0.58,34273.0,False,0.648,4.9,2.17,17100.0,813.0,6100.0,-25.7,5983.0,23775.0,40256.0,margin_squeeze,1.0,working_capital_erosion,0.7353,receivable_stretch,0.3333,"{""model"": 0.45, ""rule"": 0.55}",hgb_stress_v1.2,rules_v1.2_18rules,2024-08-31,0.0,,2024-09-07,2024-11-14,True,False,
AL00005,AS000013,ENT0001,2024-11-30,DAIRY,1,0.0472074108919241,0.00619705374113423,0.6947,0.4033,AMBER,AMBER>=0.38;RED>=0.58,18771.0,False,0.669,11.3,1.3,11900.0,566.0,9300.0,-12.3,28310.0,36530.0,47081.0,working_capital_erosion,0.7353,receivable_stretch,0.3333,debt_overhang,0.3056,"{""model"": 0.45, ""rule"": 0.55}",hgb_stress_v1.2,rules_v1.2_18rules,2024-11-30,17700.0,2025-05-29,2025-05-29,2025-02-13,True,False,
AL00006,AS000016,ENT0001,2025-02-28,DAIRY,1,0.7443412338857329,0.0004997954200079451,0.1263,0.4044,AMBER,AMBER>=0.38;RED>=0.58,38196.0,False,0.686,38.2,2.07,4100.0,195.0,13800.0,38.2,-38936.0,-12046.0,-740.0,demand_trough,0.3243,,0.0,,0.0,"{""model"": 0.45, ""rule"": 0.55}",hgb_stress_v1.2,rules_v1.2_18rules,2025-02-28,79200.0,2025-07-28,2025-07-28,2025-05-14,True,False,2025-03-03
AL00007,AS000018,ENT0001,2025-04-30,DAIRY,1,0.8504612514481577,0.9121036039541308,0.5579,0.6896,RED,AMBER>=0.38;RED>=0.58,47464.0,False,0.706,17.9,2.19,3800.0,181.0,10000.0,17.9,-55468.0,-25789.0,-8004.0,climate_shock,0.7143,working_capital_erosion,0.5588,margin_squeeze,0.2571,"{""model"": 0.45, ""rule"": 0.55}",hgb_stress_v1.2,rules_v1.2_18rules,2025-04-30,73500.0,2025-10-27,2025-10-27,2025-07-14,True,False,
AL00008,AS000020,ENT0001,2025-06-30,DAIRY,1,0.01241831591811847,0.061302609614935624,1.0,0.5556,AMBER,AMBER>=0.38;RED>=0.58,22208.0,False,0.708,0.9,2.25,3000.0,143.0,6600.0,-8.9,-13822.0,-6605.0,8386.0,margin_squeeze,1.0,working_capital_erosion,1.0,debt_overhang,0.7222,"{""model"": 0.45, ""rule"": 0.55}",hgb_stress_v1.2,rules_v1.2_18rules,2025-06-30,17000.0,2025-08-29,2025-08-29,2025-09-13,True,False,
AL00009,AS000022,ENT0001,2025-08-31,DAIRY,1,0.06666907275979032,0.0071821010193586126,0.6526,0.3889,AMBER,AMBER>=0.38;RED>=0.58,42884.0,False,0.725,13.6,3.77,20100.0,956.0,10200.0,-6.8,-5393.0,17317.0,37491.0,working_capital_erosion,0.7353,debt_overhang,0.7222,margin_squeeze,0.3143,"{""model"": 0.45, ""rule"": 0.55}",hgb_stress_v1.2,rules_v1.2_18rules,2025-08-31,8900.0,2025-09-30,2025-09-30,2025-11-14,True,False,
AL00010,AS000026,ENT0001,2025-12-31,DAIRY,1,0.040491381548275085,0.00013015606087795332,0.6737,0.3888,AMBER,AMBER>=0.38;RED>=0.58,41292.0,False,0.754,19.1,2.67,13900.0,661.0,11100.0,15.1,1634.0,21422.0,42926.0,demand_trough,0.5946,receivable_stretch,0.3333,debt_overhang,0.3056,"{""model"": 0.45, ""rule"": 0.55}",hgb_stress_v1.2,rules_v1.2_18rules,2025-12-31,59000.0,2026-06-29,2026-06-29,2026-03-16,True,False,
AL00011,AS000029,ENT0001,2026-03-31,DAIRY,1,0.840362379562904,0.00025791356995437907,0.2211,0.4998,AMBER,AMBER>=0.38;RED>=0.58,97391.0,False,0.78,31.2,2.93,2500.0,119.0,6300.0,31.2,-76958.0,-16077.0,20433.0,demand_trough,0.3243,margin_squeeze,0.2571,,0.0,"{""model"": 0.45, ""rule"": 0.55}",hgb_stress_v1.2,rules_v1.2_18rules,2026-03-31,86200.0,2026-08-28,2026-08-28,2026-06-14,True,False,
AL00012,AS000031,ENT0001,2026-05-31,DAIRY,1,0.08835256835893798,0.00018282476575451456,1.0,0.5898,RED,AMBER>=0.38;RED>=0.58,51844.0,False,0.788,-1.9,1.6,1300.0,62.0,2900.0,-9.6,-52438.0,-8940.0,-594.0,margin_squeeze,1.0,working_capital_erosion,1.0,receivable_stretch,0.3333,"{""model"": 0.45, ""rule"": 0.55}",hgb_stress_v1.2,rules_v1.2_18rules,2026-05-31,49900.0,2026-08-29,2026-08-29,2026-08-14,True,False,
AL00013,AS000033,ENT0001,2026-07-31,DAIRY,1,0.07226566168166085,0.0001421746895463813,0.6526,0.3914,AMBER,AMBER>=0.38;RED>=0.58,,False,0.791,17.7,2.18,7200.0,342.0,14200.0,-25.7,,,,margin_squeeze,0.7429,working_capital_erosion,0.7353,debt_overhang,0.3056,"{""model"": 0.45, ""rule"": 0.55}",hgb_stress_v1.2,rules_v1.2_18rules,2026-07-31,36700.0,2027-01-27,2027-01-27,2026-10-14,True,False,
AL00014,AS000034,ENT0002,2023-11-30,FOODPROC,5,0.11226269977121091,0.0009416367887597724,0.7684,0.4731,AMBER,AMBER>=0.38;RED>=0.58,102944.0,False,0.778,10.0,-0.23,0.0,0.0,51000.0,-1.5,-1534.0,57352.0,101410.0,working_capital_erosion,0.7353,demand_trough,0.7297,debt_overhang,0.5833,"{""model"": 0.45, ""rule"": 0.55}",hgb_stress_v1.2,rules_v1.2_18rules,2023-11-30,24000.0,2024-03-29,2024-03-29,2024-02-13,True,False,
AL00015,AS000051,ENT0002,2025-04-30,FOODPROC,5,5.176131848889836e-05,3.0156412170742377e-06,0.7474,0.4111,AMBER,AMBER>=0.38;RED>=0.58,182059.0,False,0.821,41.6,5.66,267800.0,12732.0,50800.0,41.6,28939.0,196403.0,210998.0,demand_trough,0.7297,climate_shock,0.7143,receivable_stretch,0.303,"{""model"": 0.45, ""rule"": 0.55}",hgb_stress_v1.2,rules_v1.2_18rules,2025-04-30,7200.0,2025-05-30,2025-05-30,2025-07-14,True,False,
AL00016,AS000063,ENT0002,2026-04-30,FOODPROC,5,3.272377924348872e-05,1.5308035003580726e-06,0.7579,0.4169,AMBER,AMBER>=0.38;RED>=0.58,166234.0,False,0.853,51.0,,330900.0,15732.0,67700.0,51.0,60489.0,209203.0,226723.0,demand_trough,0.7297,climate_shock,0.7143,receivable_stretch,0.3333,"{""model"": 0.45, ""rule"": 0.55}",hgb_stress_v1.2,rules_v1.2_18rules,2026-04-30,0.0,,2026-06-20,2026-07-14,True,False,
AL00017,AS000067,ENT0003,2023-11-30,FOODPROC,4,0.15392833902273817,0.004916448520310814,1.0,0.6193,RED,AMBER>=0.38;RED>=0.58,80597.0,False,0.848,0.9,-2.31,0.0,0.0,28400.0,-21.1,8986.0,57044.0,89583.0,debt_overhang,1.0,working_capital_erosion,0.7353,demand_trough,0.7297,"{""model"": 0.45, ""rule"": 0.55}",hgb_stress_v1.2,rules_v1.2_18rules,2023-11-30,50500.0,2024-04-28,2024-04-28,2024-02-13,True,False,
AL00018,AS000069,ENT0003,2024-01-31,FOODPROC,4,0.761358467444408,0.01003599530613429,0.4842,0.6089,RED,AMBER>=0.38;RED>=0.58,134445.0,False,0.862,17.0,-0.02,0.0,0.0,38900.0,-5.2,-76016.0,-17479.0,58429.0,working_capital_erosion,0.7353,debt_overhang,0.3056,climate_shock,0.2857,"{""model"": 0.45, ""rule"": 0.55}",hgb_stress_v1.2,rules_v1.2_18rules,2024-01-31,71300.0,2024-04-30,2024-04-30,2024-04-15,True,False,
AL00019,AS000071,ENT0003,2024-03-31,FOODPROC,4,0.11210035447654437,0.005964718330979917,0.6,0.3804,AMBER,AMBER>=0.38;RED>=0.58,100668.0,False,0.867,5.0,0.09,1000.0,48.0,40200.0,-11.5,27121.0,64789.0,127789.0,working_capital_erosion,0.7353,demand_trough,0.3243,debt_overhang,0.3056,"{""model"": 0.45, ""rule"": 0.55}",hgb_stress_v1.2,rules_v1.2_18rules,2024-03-31,25300.0,2024-04-30,2024-04-30,2024-06-14,True,False,
AL00020,AS000073,ENT0003,2024-05-31,FOODPROC,4,0.06000641959618772,0.005692719040096572,0.8632,0.5018,AMBER,AMBER>=0.38;RED>=0.58,83111.0,False,0.886,6.3,0.43,5600.0,266.0,23800.0,-14.5,30697.0,90820.0,113808.0,working_capital_erosion,0.7353,demand_trough,0.7297,debt_overhang,0.3056,"{""model"": 0.45, ""rule"": 0.55}",hgb_stress_v1.2,rules_v1.2_18rules,2024-05-31,14300.0,2024-06-30,2024-06-30,2024-08-14,True,False,
AL00021,AS000079,ENT0003,2024-11-30,FOODPROC,4,0.00035617866955348456,0.0006757675703025579,0.6947,0.3822,AMBER,AMBER>=0.38;RED>=0.58,88262.0,False,0.926,25.5,3.6,226700.0,10778.0,22500.0,25.5,-1.0,40184.0,88261.0,demand_trough,1.0,climate_shock,0.3143,working_capital_erosion,0.2647,"{""model"": 0.45, ""rule"": 0.55}",hgb_stress_v1.2,rules_v1.2_18rules,2024-11-30,85400.0,2025-04-29,2025-04-29,2025-02-13,True,False,
AL00022,AS000096,ENT0003,2026-04-30,FOODPROC,4,0.00037556222507118816,0.00029300686892199957,0.8421,0.4633,AMBER,AMBER>=0.38;RED>=0.58,199393.0,False,1.0,26.3,3.03,172500.0,8201.0,56500.0,26.3,1598.0,155381.0,200991.0,demand_trough,1.0,climate_shock,0.7143,working_capital_erosion,0.2647,"{""model"": 0.45, ""rule"": 0.55}",hgb_stress_v1.2,rules_v1.2_18rules,2026-04-30,21400.0,2026-05-30,2026-05-30,2026-07-14,True,False,
AL00023,AS000117,ENT0004,2025-04-30,FOODPROC,3,0.00012537296016129133,4.775138472967053e-06,0.9474,0.5211,AMBER,AMBER>=0.38;RED>=0.58,194124.0,False,0.92,46.5,,174100.0,8277.0,60900.0,46.5,20907.0,166084.0,215031.0,climate_shock,1.0,demand_trough,1.0,working_capital_erosion,0.2647,"{""model"": 0.45, ""rule"": 0.55}",hgb_stress_v1.2,rules_v1.2_18rules,2025-04-30,18100.0,2025-05-30,2025-05-30,2025-07-14,True,False,
AL00024,AS000129,ENT0004,2026-04-30,FOODPROC,3,0.0003548712625085133,6.572927652951049e-06,0.8632,0.4749,AMBER,AMBER>=0.38;RED>=0.58,581134.0,False,1.0,51.8,,170300.0,8096.0,89000.0,51.8,-93984.0,267938.0,487150.0,demand_trough,0.7297,climate_shock,0.7143,receivable_stretch,0.6364,"{""model"": 0.45, ""rule"": 0.55}",hgb_stress_v1.2,rules_v1.2_18rules,2026-04-30,102100.0,2026-08-28,2026-08-28,2026-07-14,True,False,
AL00025,AS000133,ENT0005,2023-11-30,HANDICRAFT,2,0.13501632479121464,0.033344901062867575,0.7895,0.495,AMBER,AMBER>=0.38;RED>=0.58,134943.0,False,0.627,17.7,-3.57,0.0,0.0,6400.0,-15.3,-34977.0,80027.0,99966.0,working_capital_erosion,0.7353,debt_overhang,0.7222,receivable_stretch,0.3636,"{""model"": 0.45, ""rule"": 0.55}",hgb_stress_v1.2,rules_v1.2_18rules,2023-11-30,31000.0,2023-12-30,2023-12-30,2024-02-13,True,False,
AL00026,AS000135,ENT0005,2024-01-31,HANDICRAFT,2,0.013610572101798484,0.09982425074474319,0.9368,0.5214,AMBER,AMBER>=0.38;RED>=0.58,112554.0,False,0.64,1.4,-0.62,0.0,0.0,1200.0,-2.1,-10282.0,65893.0,102272.0,working_capital_erosion,0.7353,receivable_stretch,0.6667,demand_trough,0.3243,"{""model"": 0.45, ""rule"": 0.55}",hgb_stress_v1.2,rules_v1.2_18rules,2024-01-31,25200.0,2024-03-01,2024-03-01,2024-04-15,True,False,
AL00027,AS000148,ENT0005,2025-02-28,HANDICRAFT,2,6.958447508882122e-05,9.937763430786241e-06,0.7368,0.4053,AMBER,AMBER>=0.38;RED>=0.58,76644.0,False,0.719,149.8,9.55,114300.0,5434.0,21100.0,149.8,7023.0,37903.0,83667.0,receivable_stretch,1.0,demand_trough,1.0,,0.0,"{""model"": 0.45, ""rule"": 0.55}",hgb_stress_v1.2,rules_v1.2_18rules,2025-02-28,19000.0,2025-06-28,2025-06-28,2025-05-14,True,False,2025-03-04
AL00028,AS000150,ENT0005,2025-04-30,HANDICRAFT,2,0.00040413316243518286,5.3632188471389975e-05,0.7053,0.3881,AMBER,AMBER>=0.38;RED>=0.58,88641.0,False,0.733,133.0,8.38,59700.0,2838.0,14800.0,133.0,-25348.0,-385.0,63293.0,receivable_stretch,1.0,climate_shock,0.7143,working_capital_erosion,0.2647,"{""model"": 0.45, ""rule"": 0.55}",hgb_stress_v1.2,rules_v1.2_18rules,2025-04-30,79300.0,2025-08-28,2025-08-28,2025-07-14,True,False,2025-05-16
AL00029,AS000158,ENT0005,2025-12-31,HANDICRAFT,2,0.0001209942288062696,0.00011187451956414928,0.7684,0.4227,AMBER,AMBER>=0.38;RED>=0.58,146807.0,False,0.784,80.7,7.52,32500.0,1545.0,1700.0,80.7,3535.0,126066.0,150342.0,receivable_stretch,1.0,demand_trough,0.5946,working_capital_erosion,0.2647,"{""model"": 0.45, ""rule"": 0.55}",hgb_stress_v1.2,rules_v1.2_18rules,2025-12-31,18700.0,2026-04-30,2026-04-30,2026-03-16,True,False,
AL00030,AS000162,ENT0005,2026-04-30,HANDICRAFT,2,0.0002297940280573231,1.5028253508339803e-05,0.7053,0.388,AMBER,AMBER>=0.38;RED>=0.58,102994.0,False,0.807,129.2,8.48,86700.0,4122.0,14700.0,129.2,-21129.0,22716.0,81865.0,receivable_stretch,1.0,climate_shock,0.7143,working_capital_erosion,0.2647,"{""model"": 0.45, ""rule"": 0.55}",hgb_stress_v1.2,rules_v1.2_18rules,2026-04-30,49500.0,2026-08-28,2026-08-28,2026-07-14,True,False,2026-05-18
AL00031,AS000169,ENT0006,2024-02-29,DAIRY,3,0.775819513898647,0.0003924159563736743,0.3368,0.5344,AMBER,AMBER>=0.38;RED>=0.58,147175.0,False,0.816,46.6,1.95,16300.0,775.0,40700.0,46.6,-142839.0,-40155.0,4336.0,demand_trough,0.3243,climate_shock,0.2857,debt_overhang,0.2778,"{""model"": 0.45, ""rule"": 0.55}",hgb_stress_v1.2,rules_v1.2_18rules,2024-02-29,198000.0,2024-06-28,2024-06-28,2024-05-14,True,False,
AL00032,AS000171,ENT0006,2024-04-30,DAIRY,3,0.897111530126907,0.8600304431665048,0.4105,0.6295,RED,AMBER>=0.38;RED>=0.58,130054.0,False,0.834,24.4,1.63,15900.0,756.0,23300.0,24.4,-135267.0,-47293.0,-5213.0,margin_squeeze,0.5714,debt_overhang,0.2778,working_capital_erosion,0.2647,"{""model"": 0.45, ""rule"": 0.55}",hgb_stress_v1.2,rules_v1.2_18rules,2024-04-30,132400.0,2024-07-29,2024-07-29,2024-07-14,True,False,
AL00033,AS000173,ENT0006,2024-06-30,DAIRY,3,0.02978620724797924,0.821421930242021,1.0,0.5634,AMBER,AMBER>=0.38;RED>=0.58,30405.0,False,0.839,-1.4,0.83,8700.0,414.0,20600.0,-10.8,-17058.0,-5848.0,13347.0,margin_squeeze,1.0,working_capital_erosion,1.0,debt_overhang,0.5833,"{""model"": 0.45, ""rule"": 0.55}",hgb_stress_v1.2,rules_v1.2_18rules,2024-06-30,32200.0,2024-10-28,2024-10-28,2024-09-13,True,False,
AL00034,AS000175,ENT0006,2024-08-31,DAIRY,3,0.06114109625138389,0.026426114762998467,0.8737,0.508,AMBER,AMBER>=0.38;RED>=0.58,67063.0,False,0.854,4.8,1.2,57600.0,2738.0,25400.0,-12.4,-7759.0,27490.0,59304.0,debt_overhang,1.0,working_capital_erosion,0.7353,climate_shock,0.3143,"{""model"": 0.45, ""rule"": 0.55}",hgb_stress_v1.2,rules_v1.2_18rules,2024-08-31,24900.0,2024-09-30,2024-09-30,2024-11-14,True,False,
AL00035,AS000177,ENT0006,2024-10-31,DAIRY,3,0.27647657415676724,0.007858220007350402,0.4842,0.3907,AMBER,AMBER>=0.38;RED>=0.58,66117.0,False,0.858,11.3,1.38,65400.0,3109.0,23500.0,-7.7,-1493.0,30472.0,64624.0,working_capital_erosion,0.7353,debt_overhang,0.5833,,0.0,"{""model"": 0.45, ""rule"": 0.55}",hgb_stress_v1.2,rules_v1.2_18rules,2024-10-31,34100.0,2025-03-30,2025-03-30,2025-01-14,True,False,
AL00036,AS000179,ENT0006,2024-12-31,DAIRY,3,0.295414075642417,0.0012401851023585279,0.4526,0.3819,AMBER,AMBER>=0.38;RED>=0.58,44140.0,False,0.871,18.5,1.18,47600.0,2263.0,23700.0,13.2,-2644.0,8734.0,41496.0,debt_overhang,0.5833,demand_trough,0.3243,working_capital_erosion,0.2941,"{""model"": 0.45, ""rule"": 0.55}",hgb_stress_v1.2,rules_v1.2_18rules,2024-12-31,72900.0,2025-06-29,2025-06-29,2025-03-16,True,False,
AL00037,AS000182,ENT0006,2025-03-31,DAIRY,3,0.9172006859929995,0.9498954385651418,0.5368,0.708,RED,AMBER>=0.38;RED>=0.58,116478.0,False,0.88,17.5,1.15,9800.0,466.0,14000.0,17.5,-115804.0,-36395.0,674.0,demand_trough,0.5946,working_capital_erosion,0.2941,debt_overhang,0.2778,"{""model"": 0.45, ""rule"": 0.55}",hgb_stress_v1.2,rules_v1.2_18rules,2025-03-31,159100.0,2025-07-29,2025-07-29,2025-06-14,True,False,
AL00038,AS000184,ENT0006,2025-05-31,DAIRY,3,0.024386120231322236,0.9118152907253468,0.8421,0.4741,AMBER,AMBER>=0.38;RED>=0.58,122548.0,False,0.899,-1.6,1.28,10400.0,494.0,14500.0,-6.3,-101512.0,-25224.0,21036.0,margin_squeeze,1.0,working_capital_erosion,1.0,debt_overhang,0.3056,"{""model"": 0.45, ""rule"": 0.55}",hgb_stress_v1.2,rules_v1.2_18rules,2025-05-31,95400.0,2025-08-29,2025-08-29,2025-08-14,True,False,
AL00039,AS000186,ENT0006,2025-07-31,DAIRY,3,0.016410794479508124,0.07289938510807632,0.8105,0.4532,AMBER,AMBER>=0.38;RED>=0.58,68838.0,False,0.91,10.1,1.39,44900.0,2135.0,24200.0,-22.3,-14943.0,6665.0,53895.0,margin_squeeze,0.7429,working_capital_erosion,0.7353,debt_overhang,0.7222,"{""model"": 0.45, ""rule"": 0.55}",hgb_stress_v1.2,rules_v1.2_18rules,2025-07-31,25800.0,2025-08-30,2025-08-30,2025-10-14,True,False,
AL00040,AS000188,ENT0006,2025-09-30,DAIRY,3,0.048193184770165105,0.021913407946115716,0.6947,0.4038,AMBER,AMBER>=0.38;RED>=0.58,86396.0,False,0.921,9.6,1.13,38700.0,1840.0,13200.0,-38.3,-17756.0,50905.0,68640.0,working_capital_erosion,0.7353,receivable_stretch,0.3333,debt_overhang,0.3056,"{""model"": 0.45, ""rule"": 0.55}",hgb_stress_v1.2,rules_v1.2_18rules,2025-09-30,17600.0,2026-01-28,2026-01-28,2025-12-14,True,False,
AL00041,AS000194,ENT0006,2026-03-31,DAIRY,3,0.8626004518028525,0.00025208759356177115,0.2316,0.5156,AMBER,AMBER>=0.38;RED>=0.58,131993.0,False,0.944,30.7,2.12,12600.0,599.0,21800.0,30.7,-105109.0,-33547.0,26884.0,demand_trough,0.3243,climate_shock,0.2857,,0.0,"{""model"": 0.45, ""rule"": 0.55}",hgb_stress_v1.2,rules_v1.2_18rules,2026-03-31,139300.0,2026-08-28,2026-08-28,2026-06-14,True,False,
AL00042,AS000196,ENT0006,2026-05-31,DAIRY,3,0.05147517950442351,0.004493719977413368,1.0,0.5732,AMBER,AMBER>=0.38;RED>=0.58,75479.0,False,0.956,-0.1,2.07,22100.0,1051.0,9900.0,-4.7,-65361.0,-4169.0,10118.0,margin_squeeze,1.0,working_capital_erosion,1.0,receivable_stretch,0.3333,"{""model"": 0.45, ""rule"": 0.55}",hgb_stress_v1.2,rules_v1.2_18rules,2026-05-31,61500.0,2026-08-29,2026-08-29,2026-08-14,True,False,
AL00043,AS000198,ENT0006,2026-07-31,DAIRY,3,0.05212797478529845,0.00019073610358043714,0.6526,0.3824,AMBER,AMBER>=0.38;RED>=0.58,,False,0.97,17.1,3.4,39900.0,1897.0,31700.0,-8.3,,,,margin_squeeze,0.7429,working_capital_erosion,0.7353,debt_overhang,0.3056,"{""model"": 0.45, ""rule"": 0.55}",hgb_stress_v1.2,rules_v1.2_18rules,2026-07-31,45100.0,2026-08-30,2026-08-30,2026-10-14,True,False,
AL00044,AS000199,ENT0007,2023-11-30,RETAIL,3,0.04673589369220487,0.00048575246455856387,0.7684,0.4437,AMBER,AMBER>=0.38;RED>=0.58,93134.0,False,0.767,8.6,0.67,7300.0,347.0,38400.0,1.3,23299.0,40970.0,116433.0,debt_overhang,1.0,working_capital_erosion,0.7353,demand_trough,0.3243,"{""model"": 0.45, ""rule"": 0.55}",hgb_stress_v1.2,rules_v1.2_18rules,2023-11-30,15800.0,2024-03-29,2024-03-29,2024-02-13,True,False,
AL00045,AS000202,ENT0007,2024-02-29,RETAIL,3,0.8881838288420142,0.01713111783574744,0.5474,0.7008,RED,AMBER>=0.38;RED>=0.58,119018.0,False,0.776,19.6,1.35,31500.0,1498.0,27600.0,14.7,-57837.0,-13681.0,61181.0,debt_overhang,0.5833,receivable_stretch,0.3333,working_capital_erosion,0.2941,"{""model"": 0.45, ""rule"": 0.55}",hgb_stress_v1.2,rules_v1.2_18rules,2024-02-29,70800.0,2024-07-28,2024-07-28,2024-05-14,True,False,
AL00046,AS000204,ENT0007,2024-04-30,RETAIL,3,0.8495992183963444,0.005276783044855804,0.5474,0.6834,RED,AMBER>=0.38;RED>=0.58,121486.0,False,0.795,16.4,1.41,35200.0,1673.0,35500.0,12.0,-62646.0,-25760.0,58840.0,receivable_stretch,0.6364,debt_overhang,0.5833,working_capital_erosion,0.2941,"{""model"": 0.45, ""rule"": 0.55}",hgb_stress_v1.2,rules_v1.2_18rules,2024-04-30,81500.0,2024-09-27,2024-09-27,2024-07-14,True,False,
AL00047,AS000206,ENT0007,2024-06-30,RETAIL,3,0.035240549346311684,0.005338405670574044,1.0,0.5659,AMBER,AMBER>=0.38;RED>=0.58,72688.0,False,0.808,4.6,1.28,55700.0,2648.0,26800.0,0.6,-23616.0,-14834.0,49072.0,margin_squeeze,1.0,working_capital_erosion,1.0,receivable_stretch,0.6364,"{""model"": 0.45, ""rule"": 0.55}",hgb_stress_v1.2,rules_v1.2_18rules,2024-06-30,34000.0,2024-08-29,2024-08-29,2024-09-13,True,False,
AL00048,AS000208,ENT0007,2024-08-31,RETAIL,3,0.025355533607761285,0.0037712863034744105,1.0,0.5614,AMBER,AMBER>=0.38;RED>=0.58,83022.0,False,0.816,2.7,1.54,131500.0,6252.0,41400.0,-1.2,28477.0,29440.0,111499.0,working_capital_erosion,1.0,margin_squeeze,0.7429,receivable_stretch,0.6364,"{""model"": 0.45, ""rule"": 0.55}",hgb_stress_v1.2,rules_v1.2_18rules,2024-08-31,11100.0,2024-09-30,2024-09-30,2024-11-14,True,False,
AL00049,AS000210,ENT0007,2024-10-31,RETAIL,3,0.024126659621350542,0.0002607180482868912,0.9474,0.5319,AMBER,AMBER>=0.38;RED>=0.58,62085.0,False,0.836,4.4,1.61,217600.0,10345.0,64100.0,0.7,67608.0,71042.0,129693.0,working_capital_erosion,0.7353,receivable_stretch,0.6364,debt_overhang,0.5833,"{""model"": 0.45, ""rule"": 0.55}",hgb_stress_v1.2,rules_v1.2_18rules,2024-10-31,3000.0,2024-11-30,2024-11-30,2025-01-14,True,False,
AL00050,AS000216,ENT0007,2025-04-30,RETAIL,3,0.0171545886819029,3.857790970787443e-05,0.8947,0.4998,AMBER,AMBER>=0.38;RED>=0.58,113525.0,False,0.872,27.0,1.85,184400.0,8767.0,35900.0,27.0,-37033.0,32270.0,76492.0,climate_shock,1.0,receivable_stretch,0.6364,debt_overhang,0.2778,"{""model"": 0.45, ""rule"": 0.55}",hgb_stress_v1.2,rules_v1.2_18rules,2025-04-30,48700.0,2025-08-28,2025-08-28,2025-07-14,True,False,
AL00051,AS000218,ENT0007,2025-06-30,RETAIL,3,0.016204536555797688,2.543152916281652e-05,0.7895,0.4415,AMBER,AMBER>=0.38;RED>=0.58,122082.0,False,0.875,18.2,2.18,179300.0,8524.0,37200.0,18.2,-38564.0,32533.0,83518.0,margin_squeeze,1.0,receivable_stretch,0.6364,working_capital_erosion,0.5588,"{""model"": 0.45, ""rule"": 0.55}",hgb_stress_v1.2,rules_v1.2_18rules,2025-06-30,37200.0,2025-10-28,2025-10-28,2025-09-13,True,False,
AL00052,AS000220,ENT0007,2025-08-31,RETAIL,3,0.012635929106262081,5.041172479027941e-05,0.7053,0.3936,AMBER,AMBER>=0.38;RED>=0.58,63041.0,False,0.892,16.7,2.59,200300.0,9523.0,47500.0,16.7,61495.0,74615.0,124536.0,margin_squeeze,0.7429,receivable_stretch,0.6364,working_capital_erosion,0.2941,"{""model"": 0.45, ""rule"": 0.55}",hgb_stress_v1.2,rules_v1.2_18rules,2025-08-31,9500.0,2025-09-30,2025-09-30,2025-11-14,True,False,
AL00053,AS000251,ENT0008,2025-06-30,RETAIL,6,1.4296219575834357e-05,3.2622225161732697e-06,0.6947,0.3821,AMBER,AMBER>=0.38;RED>=0.58,201471.0,False,0.85,74.4,31.76,598700.0,28463.0,69000.0,74.4,-9474.0,170857.0,191997.0,margin_squeeze,0.7429,receivable_stretch,0.6364,demand_trough,0.2703,"{""model"": 0.45, ""rule"": 0.55}",hgb_stress_v1.2,rules_v1.2_18rules,2025-06-30,23800.0,2025-07-30,2025-07-30,2025-09-13,True,False,
AL00054,AS000265,ENT0009,2023-11-30,FOODPROC,4,0.016972545998285,0.0008204479469539396,0.9263,0.5171,AMBER,AMBER>=0.38;RED>=0.58,487966.0,False,0.589,12.1,0.08,1600.0,76.0,101700.0,0.5,-100038.0,237965.0,387928.0,debt_overhang,1.0,working_capital_erosion,0.7353,demand_trough,0.7297,"{""model"": 0.45, ""rule"": 0.55}",hgb_stress_v1.2,rules_v1.2_18rules,2023-11-30,167600.0,2024-04-28,2024-04-28,2024-02-13,True,False,
AL00055,AS000307,ENT0010,2024-08-31,RETAIL,2,7.737495364611902e-05,5.195202736106115e-06,0.7053,0.3879,AMBER,AMBER>=0.38;RED>=0.58,223893.0,True,0.462,69.5,50.19,239000.0,11362.0,31300.0,69.5,45852.0,218884.0,269745.0,margin_squeeze,0.7429,receivable_stretch,0.6364,climate_shock,0.3143,"{""model"": 0.45, ""rule"": 0.55}",hgb_stress_v1.2,rules_v1.2_18rules,2024-08-31,9700.0,2024-10-30,2024-10-30,2024-11-14,True,False,
AL00056,AS000331,ENT0011,2023-11-30,HANDICRAFT,2,0.564157699687489,0.8237942374344108,0.7895,0.6881,RED,AMBER>=0.38;RED>=0.58,48988.0,False,0.851,13.1,-4.89,0.0,0.0,1500.0,-38.4,-19289.0,24492.0,29699.0,working_capital_erosion,0.7353,debt_overhang,0.7222,receivable_stretch,0.3636,"{""model"": 0.45, ""rule"": 0.55}",hgb_stress_v1.2,rules_v1.2_18rules,2023-11-30,16900.0,2024-02-28,2024-02-28,2024-02-13,True,False,
AL00057,AS000333,ENT0011,2024-01-31,HANDICRAFT,2,0.005134077924650949,0.0005070664721177784,0.9579,0.5292,AMBER,AMBER>=0.38;RED>=0.58,19486.0,False,0.846,65.6,1.41,1800.0,86.0,8700.0,19.7,-3144.0,12249.0,16342.0,receivable_stretch,1.0,debt_overhang,0.7222,demand_trough,0.3243,"{""model"": 0.45, ""rule"": 0.55}",hgb_stress_v1.2,rules_v1.2_18rules,2024-01-31,29500.0,2024-07-29,2024-07-29,2024-04-15,True,False,
AL00058,AS000346,ENT0011,2025-02-28,HANDICRAFT,2,0.00048247864985237986,2.1614284957580495e-05,0.7368,0.4055,AMBER,AMBER>=0.38;RED>=0.58,25138.0,False,0.889,75.5,4.53,23300.0,1108.0,7200.0,75.5,11014.0,15003.0,36152.0,receivable_stretch,1.0,demand_trough,1.0,,0.0,"{""model"": 0.45, ""rule"": 0.55}",hgb_stress_v1.2,rules_v1.2_18rules,2025-02-28,22000.0,2025-06-28,2025-06-28,2025-05-14,True,False,
AL00059,AS000393,ENT0012,2026-04-30,FOODPROC,4,0.00015905038571978144,2.8502765394125065e-06,0.7474,0.4111,AMBER,AMBER>=0.38;RED>=0.58,118705.0,False,0.99,49.9,,180500.0,8581.0,54200.0,49.9,22491.0,109130.0,141196.0,demand_trough,1.0,climate_shock,0.7143,working_capital_erosion,0.2647,"{""model"": 0.45, ""rule"": 0.55}",hgb_stress_v1.2,rules_v1.2_18rules,2026-04-30,9800.0,2026-05-30,2026-05-30,2026-07-14,True,False,
AL00060,AS000397,ENT0013,2023-11-30,HANDICRAFT,5,0.14214030318468762,0.0038211412607119482,0.6737,0.4345,AMBER,AMBER>=0.38;RED>=0.58,43469.0,False,0.608,5.4,-1.58,0.0,0.0,5400.0,5.4,16171.0,45965.0,59640.0,working_capital_erosion,0.7353,debt_overhang,0.4167,receivable_stretch,0.3636,"{""model"": 0.45, ""rule"": 0.55}",hgb_stress_v1.2,rules_v1.2_18rules,2023-11-30,13800.0,2023-12-30,2023-12-30,2024-02-13,True,False,
AL00061,AS000432,ENT0014,2024-01-31,HANDICRAFT,1,0.09283652006032839,5.768708153145594e-05,0.6737,0.4123,AMBER,AMBER>=0.38;RED>=0.58,57784.0,False,0.773,15.1,,0.0,0.0,1100.0,14.4,-15120.0,36263.0,42664.0,receivable_stretch,0.3636,demand_trough,0.3243,debt_overhang,0.3056,"{""model"": 0.45, ""rule"": 0.55}",hgb_stress_v1.2,rules_v1.2_18rules,2024-01-31,15200.0,2024-03-01,2024-03-01,2024-04-15,True,False,
AL00062,AS000466,ENT0015,2024-02-29,FOODPROC,5,0.6548804213975264,0.0017644487056859002,0.2,0.4047,AMBER,AMBER>=0.38;RED>=0.58,79657.0,False,0.834,20.6,0.71,5000.0,238.0,31600.0,20.6,-18007.0,20293.0,61650.0,working_capital_erosion,0.2941,margin_squeeze,0.2571,,0.0,"{""model"": 0.45, ""rule"": 0.55}",hgb_stress_v1.2,rules_v1.2_18rules,2024-02-29,51000.0,2024-04-29,2024-04-29,2024-05-14,True,False,
AL00063,AS000468,ENT0015,2024-04-30,FOODPROC,5,0.009629245651838274,0.0021578592704485137,0.7368,0.4096,AMBER,AMBER>=0.38;RED>=0.58,79632.0,False,0.846,5.4,0.41,3800.0,181.0,37800.0,5.4,8754.0,74344.0,88386.0,working_capital_erosion,1.0,demand_trough,0.7297,margin_squeeze,0.2571,"{""model"": 0.45, ""rule"": 0.55}",hgb_stress_v1.2,rules_v1.2_18rules,2024-04-30,5700.0,2024-05-30,2024-05-30,2024-07-14,True,False,
AL00064,AS000496,ENT0016,2023-11-30,HANDICRAFT,6,0.2531290472135226,0.03598179812328098,0.9895,0.6581,RED,AMBER>=0.38;RED>=0.58,54063.0,False,0.798,8.7,-3.13,0.0,0.0,5100.0,-58.8,-11501.0,36943.0,42562.0,debt_overhang,1.0,working_capital_erosion,0.7353,receivable_stretch,0.3636,"{""model"": 0.45, ""rule"": 0.55}",hgb_stress_v1.2,rules_v1.2_18rules,2023-11-30,9600.0,2023-12-30,2023-12-30,2024-02-13,True,False,
AL00065,AS000498,ENT0016,2024-01-31,HANDICRAFT,6,0.1628451679298006,0.010323621115160728,0.8526,0.5422,AMBER,AMBER>=0.38;RED>=0.58,55638.0,False,0.807,9.6,-0.85,0.0,0.0,11300.0,-46.6,-17902.0,30832.0,37736.0,working_capital_erosion,0.7353,receivable_stretch,0.697,debt_overhang,0.5833,"{""model"": 0.45, ""rule"": 0.55}",hgb_stress_v1.2,rules_v1.2_18rules,2024-01-31,18500.0,2024-03-31,2024-03-31,2024-04-15,True,False,
AL00066,AS000500,ENT0016,2024-03-31,HANDICRAFT,6,0.7646815596227782,0.012864984124415115,0.7368,0.7493,RED,AMBER>=0.38;RED>=0.58,45543.0,False,0.816,10.5,0.73,2100.0,100.0,9300.0,2.9,-23290.0,551.0,22253.0,working_capital_erosion,0.7353,debt_overhang,0.5833,receivable_stretch,0.3636,"{""model"": 0.45, ""rule"": 0.55}",hgb_stress_v1.2,rules_v1.2_18rules,2024-03-31,43500.0,2024-09-27,2024-09-27,2024-06-14,True,False,
AL00067,AS000503,ENT0016,2024-06-30,HANDICRAFT,6,0.5536613572349882,0.02512404083684221,0.3263,0.4286,AMBER,AMBER>=0.38;RED>=0.58,53269.0,False,0.832,22.9,1.3,3800.0,181.0,4500.0,22.9,-55758.0,-19150.0,-2489.0,receivable_stretch,0.3636,debt_overhang,0.2778,margin_squeeze,0.2571,"{""model"": 0.45, ""rule"": 0.55}",hgb_stress_v1.2,rules_v1.2_18rules,2024-06-30,55300.0,2024-09-28,2024-09-28,2024-09-13,True,False,
AL00068,AS000505,ENT0016,2024-08-31,HANDICRAFT,6,0.20981398573995802,0.0038139411817409573,0.8,0.5344,AMBER,AMBER>=0.38;RED>=0.58,43023.0,False,0.847,6.2,1.18,15500.0,737.0,4200.0,-23.5,-6687.0,12058.0,36336.0,working_capital_erosion,1.0,debt_overhang,0.5833,receivable_stretch,0.3636,"{""model"": 0.45, ""rule"": 0.55}",hgb_stress_v1.2,rules_v1.2_18rules,2024-08-31,19800.0,2024-10-30,2024-10-30,2024-11-14,True,False,
AL00069,AS000508,ENT0016,2024-11-30,HANDICRAFT,6,0.018035411363964134,0.00021279890336123674,0.8316,0.4655,AMBER,AMBER>=0.38;RED>=0.58,53779.0,False,0.869,2.1,2.79,17600.0,837.0,700.0,-17.2,1534.0,47631.0,55313.0,working_capital_erosion,0.7353,demand_trough,0.5946,receivable_stretch,0.3636,"{""model"": 0.45, ""rule"": 0.55}",hgb_stress_v1.2,rules_v1.2_18rules,2024-11-30,5600.0,2024-12-30,2024-12-30,2025-02-13,True,False,
AL00070,AS000511,ENT0016,2025-02-28,HANDICRAFT,6,0.014913964995260298,0.00015937738872528182,0.8211,0.4583,AMBER,AMBER>=0.38;RED>=0.58,29550.0,False,0.877,10.5,2.28,11200.0,532.0,500.0,10.5,22324.0,41620.0,51874.0,demand_trough,1.0,receivable_stretch,0.6667,working_capital_erosion,0.2941,"{""model"": 0.45, ""rule"": 0.55}",hgb_stress_v1.2,rules_v1.2_18rules,2025-02-28,8200.0,2025-07-28,2025-07-28,2025-05-14,True,False,
AL00071,AS000535,ENT0017,2024-05-31,POULTRY,5,0.008153911919219927,2.5580589480631485e-05,0.7158,0.3974,AMBER,AMBER>=0.38;RED>=0.58,171900.0,False,0.708,52.0,2.11,110400.0,5249.0,19400.0,52.0,-83006.0,9637.0,88894.0,margin_squeeze,1.0,receivable_stretch,0.3333,demand_trough,0.3243,"{""model"": 0.45, ""rule"": 0.55}",hgb_stress_v1.2,rules_v1.2_18rules,2024-05-31,161600.0,2024-11-27,2024-11-27,2024-08-14,True,False,
AL00072,AS000559,ENT0017,2026-05-31,POULTRY,5,0.044352549392275384,1.5116445978047294e-05,0.6947,0.402,AMBER,AMBER>=0.38;RED>=0.58,156508.0,False,0.809,41.5,,79900.0,3799.0,46600.0,41.5,-93769.0,-33029.0,62739.0,margin_squeeze,1.0,demand_trough,0.5946,working_capital_erosion,0.2647,"{""model"": 0.45, ""rule"": 0.55}",hgb_stress_v1.2,rules_v1.2_18rules,2026-05-31,176500.0,2026-10-28,2026-10-28,2026-08-14,True,False,
AL00073,AS000582,ENT0018,2025-07-31,RETAIL,5,0.00024820932958289835,2.5936078038760137e-05,0.7895,0.4343,AMBER,AMBER>=0.38;RED>=0.58,139935.0,True,0.418,59.7,11.05,115600.0,5496.0,15500.0,59.7,1480.0,85632.0,141415.0,margin_squeeze,1.0,receivable_stretch,0.6364,demand_trough,0.2703,"{""model"": 0.45, ""rule"": 0.55}",hgb_stress_v1.2,rules_v1.2_18rules,2025-07-31,5600.0,2025-08-30,2025-08-30,2025-10-14,True,False,
AL00074,AS000612,ENT0019,2025-04-30,POULTRY,3,0.010165898479005077,8.305321132867581e-06,0.8105,0.4503,AMBER,AMBER>=0.38;RED>=0.58,139091.0,False,0.951,125.9,11.87,46600.0,2215.0,32700.0,125.9,-77493.0,-16971.0,61598.0,climate_shock,1.0,demand_trough,0.5946,margin_squeeze,0.3143,"{""model"": 0.45, ""rule"": 0.55}",hgb_stress_v1.2,rules_v1.2_18rules,2025-04-30,125900.0,2025-09-27,2025-09-27,2025-07-14,True,False,
AL00075,AS000615,ENT0019,2025-07-31,POULTRY,3,0.11936883785344977,6.246098563772252e-05,0.6737,0.4243,AMBER,AMBER>=0.38;RED>=0.58,154016.0,False,0.969,16.8,,22300.0,1060.0,21300.0,16.8,-103101.0,-17974.0,50915.0,margin_squeeze,1.0,working_capital_erosion,0.5588,demand_trough,0.2703,"{""model"": 0.45, ""rule"": 0.55}",hgb_stress_v1.2,rules_v1.2_18rules,2025-07-31,98200.0,2025-10-29,2025-10-29,2025-10-14,True,False,
AL00076,AS000625,ENT0019,2026-05-31,POULTRY,3,0.4557183471686155,0.00020469770632159545,0.5895,0.5293,AMBER,AMBER>=0.38;RED>=0.58,147242.0,False,1.0,25.6,,25800.0,1227.0,36400.0,25.6,-99132.0,-35851.0,48110.0,margin_squeeze,1.0,demand_trough,0.3243,working_capital_erosion,0.2647,"{""model"": 0.45, ""rule"": 0.55}",hgb_stress_v1.2,rules_v1.2_18rules,2026-05-31,141400.0,2026-10-28,2026-10-28,2026-08-14,True,False,
AL00077,AS000628,ENT0020,2023-11-30,FOODPROC,5,0.03888744612654444,0.002663114290456588,0.7684,0.4401,AMBER,AMBER>=0.38;RED>=0.58,181817.0,False,0.806,11.7,0.44,17200.0,818.0,124400.0,5.3,8668.0,114998.0,190485.0,working_capital_erosion,0.7353,demand_trough,0.7297,debt_overhang,0.5833,"{""model"": 0.45, ""rule"": 0.55}",hgb_stress_v1.2,rules_v1.2_18rules,2023-11-30,49800.0,2024-03-29,2024-03-29,2024-02-13,True,False,
AL00078,AS000630,ENT0020,2024-01-31,FOODPROC,5,0.7858833974442087,0.003906831859644731,0.2105,0.4694,AMBER,AMBER>=0.38;RED>=0.58,234489.0,False,0.818,18.2,0.97,52900.0,2515.0,81100.0,18.2,-87180.0,52798.0,147309.0,working_capital_erosion,0.2941,debt_overhang,0.2778,,0.0,"{""model"": 0.45, ""rule"": 0.55}",hgb_stress_v1.2,rules_v1.2_18rules,2024-01-31,83600.0,2024-04-30,2024-04-30,2024-04-15,True,False,
AL00079,AS000657,ENT0020,2026-04-30,FOODPROC,5,4.9200915833523036e-05,3.192690653147156e-06,0.7474,0.4111,AMBER,AMBER>=0.38;RED>=0.58,593475.0,False,1.0,53.7,,706000.0,33565.0,95800.0,53.7,-111660.0,397387.0,481815.0,demand_trough,1.0,climate_shock,0.7143,working_capital_erosion,0.2647,"{""model"": 0.45, ""rule"": 0.55}",hgb_stress_v1.2,rules_v1.2_18rules,2026-04-30,125400.0,2026-08-28,2026-08-28,2026-07-14,True,False,
AL00080,AS000698,ENT0022,2024-03-31,DAIRY,1,0.6795171098297391,2.962635935494712e-05,0.4421,0.5489,AMBER,AMBER>=0.38;RED>=0.58,52305.0,False,0.695,52.3,,15700.0,746.0,15800.0,52.3,-54040.0,-26137.0,-1735.0,demand_trough,0.3243,margin_squeeze,0.3143,climate_shock,0.2857,"{""model"": 0.45, ""rule"": 0.55}",hgb_stress_v1.2,rules_v1.2_18rules,2024-03-31,59700.0,2024-07-29,2024-07-29,2024-06-14,True,False,
AL00081,AS000700,ENT0022,2024-05-31,DAIRY,1,0.6522832756003097,8.512256173201929e-05,0.6737,0.6641,RED,AMBER>=0.38;RED>=0.58,42463.0,False,0.715,16.7,,21200.0,1008.0,11700.0,16.7,-36495.0,-11752.0,5968.0,margin_squeeze,1.0,working_capital_erosion,0.5588,climate_shock,0.2857,"{""model"": 0.45, ""rule"": 0.55}",hgb_stress_v1.2,rules_v1.2_18rules,2024-05-31,38700.0,2024-07-30,2024-07-30,2024-08-14,True,False,
AL00082,AS000711,ENT0022,2025-04-30,DAIRY,1,0.38101642551723314,0.0003507931296287213,0.4526,0.4204,AMBER,AMBER>=0.38;RED>=0.58,51410.0,False,0.759,27.9,,13500.0,642.0,12300.0,27.9,-49847.0,-28811.0,1563.0,climate_shock,0.7143,working_capital_erosion,0.2647,margin_squeeze,0.2571,"{""model"": 0.45, ""rule"": 0.55}",hgb_stress_v1.2,rules_v1.2_18rules,2025-04-30,66700.0,2025-08-28,2025-08-28,2025-07-14,True,False,
AL00083,AS000713,ENT0022,2025-06-30,DAIRY,1,0.032902718607531,7.695802120666879e-05,0.6842,0.3911,AMBER,AMBER>=0.38;RED>=0.58,33172.0,False,0.764,13.1,,60600.0,2881.0,14400.0,13.1,-12555.0,8362.0,20617.0,margin_squeeze,1.0,working_capital_erosion,0.5588,receivable_stretch,0.3333,"{""model"": 0.45, ""rule"": 0.55}",hgb_stress_v1.2,rules_v1.2_18rules,2025-06-30,12300.0,2025-07-30,2025-07-30,2025-09-13,True,False,
AL00084,AS000722,ENT0022,2026-03-31,DAIRY,1,0.7813418716922652,4.60160207524214e-05,0.5368,0.6468,RED,AMBER>=0.38;RED>=0.58,56841.0,False,0.795,30.4,,12200.0,580.0,11800.0,30.4,-45606.0,-18255.0,11235.0,demand_trough,0.5946,receivable_stretch,0.3333,working_capital_erosion,0.2647,"{""model"": 0.45, ""rule"": 0.55}",hgb_stress_v1.2,rules_v1.2_18rules,2026-03-31,83900.0,2026-07-29,2026-07-29,2026-06-14,True,False,
AL00085,AS000724,ENT0022,2026-05-31,DAIRY,1,0.1839304745066733,7.573525853750685e-05,0.9474,0.6038,RED,AMBER>=0.38;RED>=0.58,44749.0,False,0.817,4.2,,31700.0,1507.0,9500.0,4.2,-44655.0,-1753.0,94.0,margin_squeeze,1.0,working_capital_erosion,1.0,receivable_stretch,0.3333,"{""model"": 0.45, ""rule"": 0.55}",hgb_stress_v1.2,rules_v1.2_18rules,2026-05-31,42900.0,2026-07-30,2026-07-30,2026-08-14,True,False,
AL00086,AS000734,ENT0023,2024-06-30,RETAIL,4,0.0004447835585465266,1.1884654683631773e-05,0.6947,0.3823,AMBER,AMBER>=0.38;RED>=0.58,130833.0,False,0.811,72.4,56.13,195600.0,9299.0,17000.0,72.4,-24051.0,38061.0,106782.0,margin_squeeze,0.7429,receivable_stretch,0.6364,climate_shock,0.2857,"{""model"": 0.45, ""rule"": 0.55}",hgb_stress_v1.2,rules_v1.2_18rules,2024-06-30,19400.0,2024-08-29,2024-08-29,2024-09-13,True,False,
AL00087,AS000748,ENT0023,2025-08-31,RETAIL,4,0.00019070026597467493,1.3107816522955635e-05,0.6947,0.3822,AMBER,AMBER>=0.38;RED>=0.58,49848.0,False,0.864,56.6,3.65,221300.0,10521.0,21400.0,56.6,58561.0,72101.0,108409.0,margin_squeeze,1.0,receivable_stretch,0.6364,demand_trough,0.2703,"{""model"": 0.45, ""rule"": 0.55}",hgb_stress_v1.2,rules_v1.2_18rules,2025-08-31,0.0,,2025-10-27,2025-11-14,True,False,
AL00088,AS000777,ENT0024,2025-04-30,POULTRY,3,0.006948201512980127,1.0642896675277729e-05,0.9053,0.501,AMBER,AMBER>=0.38;RED>=0.58,126884.0,False,0.67,151.0,,63000.0,2995.0,0.0,151.0,-40378.0,-6736.0,86506.0,climate_shock,1.0,demand_trough,0.5946,margin_squeeze,0.5714,"{""model"": 0.45, ""rule"": 0.55}",hgb_stress_v1.2,rules_v1.2_18rules,2025-04-30,117200.0,2025-08-28,2025-08-28,2025-07-14,True,False,
AL00089,AS000810,ENT0025,2025-04-30,RETAIL,3,0.00011479215719691192,4.771057388123766e-06,0.7895,0.4343,AMBER,AMBER>=0.38;RED>=0.58,100675.0,True,0.434,75.4,10.05,231400.0,11001.0,23200.0,75.4,24223.0,89074.0,124898.0,climate_shock,1.0,receivable_stretch,0.6364,demand_trough,0.2703,"{""model"": 0.45, ""rule"": 0.55}",hgb_stress_v1.2,rules_v1.2_18rules,2025-04-30,0.0,,2025-07-14,2025-07-14,True,False,
AL00090,AS000826,ENT0026,2023-11-30,FOODPROC,6,0.022226736330159258,0.0008692422412884175,0.7684,0.4326,AMBER,AMBER>=0.38;RED>=0.58,54924.0,False,0.582,11.5,-0.1,0.0,0.0,40800.0,5.8,10318.0,20999.0,65242.0,working_capital_erosion,0.7353,demand_trough,0.7297,debt_overhang,0.5833,"{""model"": 0.45, ""rule"": 0.55}",hgb_stress_v1.2,rules_v1.2_18rules,2023-11-30,31100.0,2024-04-28,2024-04-28,2024-02-13,True,False,
AL00091,AS000855,ENT0026,2026-04-30,FOODPROC,6,3.693539141905944e-05,3.953214701325605e-06,0.8632,0.4748,AMBER,AMBER>=0.38;RED>=0.58,108076.0,False,0.691,47.7,,221800.0,10545.0,49600.0,47.7,46158.0,110262.0,154234.0,demand_trough,1.0,climate_shock,0.7143,receivable_stretch,0.3333,"{""model"": 0.45, ""rule"": 0.55}",hgb_stress_v1.2,rules_v1.2_18rules,2026-04-30,12000.0,2026-05-30,2026-05-30,2026-07-14,True,False,
AL00092,AS000878,ENT0027,2025-06-30,RETAIL,6,5.427451682416712e-05,8.260891571311102e-06,0.7895,0.4342,AMBER,AMBER>=0.38;RED>=0.58,166771.0,True,0.421,59.0,,279100.0,13269.0,26100.0,59.0,-29781.0,120221.0,136990.0,margin_squeeze,1.0,receivable_stretch,0.6364,demand_trough,0.2703,"{""model"": 0.45, ""rule"": 0.55}",hgb_stress_v1.2,rules_v1.2_18rules,2025-06-30,30100.0,2025-09-28,2025-09-28,2025-09-13,True,False,
AL00093,AS000895,ENT0028,2024-02-29,DAIRY,2,0.8616180186923436,0.0008124168244721473,0.3368,0.573,AMBER,AMBER>=0.38;RED>=0.58,29270.0,False,0.893,43.4,2.17,9100.0,433.0,14100.0,43.4,-41312.0,-25373.0,-12042.0,demand_trough,0.3243,climate_shock,0.2857,debt_overhang,0.2778,"{""model"": 0.45, ""rule"": 0.55}",hgb_stress_v1.2,rules_v1.2_18rules,2024-02-29,73600.0,2024-07-28,2024-07-28,2024-05-14,True,False,
AL00094,AS000897,ENT0028,2024-04-30,DAIRY,2,0.8291191803176394,0.0008859350419882222,0.6316,0.7205,RED,AMBER>=0.38;RED>=0.58,55456.0,False,0.906,18.3,1.8,6700.0,319.0,5000.0,18.3,-56457.0,-14367.0,-1001.0,margin_squeeze,0.5714,working_capital_erosion,0.5588,receivable_stretch,0.3333,"{""model"": 0.45, ""rule"": 0.55}",hgb_stress_v1.2,rules_v1.2_18rules,2024-04-30,70800.0,2024-08-28,2024-08-28,2024-07-14,True,False,
AL00095,AS000899,ENT0028,2024-06-30,DAIRY,2,0.029130251937175642,0.0035087023506719015,0.8316,0.4705,AMBER,AMBER>=0.38;RED>=0.58,25403.0,False,0.919,6.5,1.65,29500.0,1402.0,10300.0,6.5,-13775.0,3039.0,11628.0,margin_squeeze,1.0,working_capital_erosion,1.0,debt_overhang,0.2778,"{""model"": 0.45, ""rule"": 0.55}",hgb_stress_v1.2,rules_v1.2_18rules,2024-06-30,15000.0,2024-08-29,2024-08-29,2024-09-13,True,False,
AL00096,AS000908,ENT0028,2025-03-31,DAIRY,2,0.8301661811317319,7.344644236878742e-05,0.3368,0.5588,AMBER,AMBER>=0.38;RED>=0.58,53615.0,False,0.98,37.2,13.19,6900.0,328.0,10500.0,37.2,-57786.0,-16079.0,-4171.0,receivable_stretch,0.3333,demand_trough,0.3243,working_capital_erosion,0.2647,"{""model"": 0.45, ""rule"": 0.55}",hgb_stress_v1.2,rules_v1.2_18rules,2025-03-31,85800.0,2025-07-29,2025-07-29,2025-06-14,True,False,
AL00097,AS000910,ENT0028,2025-05-31,DAIRY,2,0.5371327051385575,9.600395287631955e-05,0.5684,0.5543,AMBER,AMBER>=0.38;RED>=0.58,31402.0,False,0.994,14.3,,7600.0,361.0,8000.0,14.3,-32750.0,-10328.0,-1348.0,margin_squeeze,1.0,working_capital_erosion,0.5588,,0.0,"{""model"": 0.45, ""rule"": 0.55}",hgb_stress_v1.2,rules_v1.2_18rules,2025-05-31,37000.0,2025-07-30,2025-07-30,2025-08-14,True,False,
AL00098,AS000912,ENT0028,2025-07-31,DAIRY,2,0.0032063216928807097,9.430334388330014e-05,0.9474,0.5225,AMBER,AMBER>=0.38;RED>=0.58,30153.0,False,0.995,1.3,,26300.0,1250.0,5300.0,1.3,-3926.0,23293.0,26227.0,margin_squeeze,1.0,working_capital_erosion,1.0,receivable_stretch,0.3333,"{""model"": 0.45, ""rule"": 0.55}",hgb_stress_v1.2,rules_v1.2_18rules,2025-07-31,3200.0,2025-09-29,2025-09-29,2025-10-14,True,False,
AL00099,AS000920,ENT0028,2026-03-31,DAIRY,2,0.744937923491549,2.3045748318613835e-05,0.6421,0.6884,RED,AMBER>=0.38;RED>=0.58,62870.0,False,0.997,35.5,,5200.0,247.0,5900.0,35.5,-53531.0,-11763.0,9339.0,demand_trough,0.5946,receivable_stretch,0.3333,climate_shock,0.2857,"{""model"": 0.45, ""rule"": 0.55}",hgb_stress_v1.2,rules_v1.2_18rules,2026-03-31,83800.0,2026-07-29,2026-07-29,2026-06-14,True,False,
AL00100,AS000922,ENT0028,2026-05-31,DAIRY,2,0.321349011964516,9.267895004870803e-05,0.5158,0.4283,AMBER,AMBER>=0.38;RED>=0.58,31924.0,False,0.997,13.0,,7000.0,333.0,7200.0,13.0,-35480.0,-12787.0,-3556.0,margin_squeeze,0.5714,working_capital_erosion,0.5588,climate_shock,0.2857,"{""model"": 0.45, ""rule"": 0.55}",hgb_stress_v1.2,rules_v1.2_18rules,2026-05-31,34300.0,2026-08-29,2026-08-29,2026-08-14,True,False,
AL00101,AS000924,ENT0028,2026-07-31,DAIRY,2,0.12411203099872455,7.567052693964681e-05,0.5895,0.3801,AMBER,AMBER>=0.38;RED>=0.58,,False,0.997,18.8,,20200.0,960.0,12300.0,12.8,,,,margin_squeeze,0.7429,working_capital_erosion,0.5588,debt_overhang,0.3056,"{""model"": 0.45, ""rule"": 0.55}",hgb_stress_v1.2,rules_v1.2_18rules,2026-07-31,41400.0,2027-01-27,2027-01-27,2026-10-14,True,False,2026-08-01
AL00102,AS000956,ENT0029,2026-06-30,RETAIL,4,0.0013681079359079773,1.116860730935083e-06,0.6947,0.3827,AMBER,AMBER>=0.38;RED>=0.58,,False,0.986,61.8,22.24,111000.0,5277.0,23500.0,61.8,,,,margin_squeeze,0.7429,receivable_stretch,0.6364,climate_shock,0.2857,"{""model"": 0.45, ""rule"": 0.55}",hgb_stress_v1.2,rules_v1.2_18rules,2026-06-30,4400.0,2026-07-30,2026-07-30,2026-09-13,True,False,
AL00103,AS000962,ENT0030,2024-03-31,DAIRY,1,0.8920475752702831,0.0002620178846608741,0.7579,0.8183,RED,AMBER>=0.38;RED>=0.58,88180.0,False,0.836,37.0,3.05,16200.0,770.0,10500.0,37.0,-83123.0,-31940.0,5057.0,margin_squeeze,0.5714,receivable_stretch,0.3333,demand_trough,0.3243,"{""model"": 0.45, ""rule"": 0.55}",hgb_stress_v1.2,rules_v1.2_18rules,2024-03-31,81600.0,2024-06-29,2024-06-29,2024-06-14,True,False,
AL00104,AS000964,ENT0030,2024-05-31,DAIRY,1,0.5239893975664689,0.006204475932146308,0.8947,0.7279,RED,AMBER>=0.38;RED>=0.58,39714.0,False,0.841,10.0,2.4,37200.0,1769.0,15400.0,10.0,-29851.0,-13983.0,9863.0,margin_squeeze,1.0,working_capital_erosion,0.5588,receivable_stretch,0.3333,"{""model"": 0.45, ""rule"": 0.55}",hgb_stress_v1.2,rules_v1.2_18rules,2024-05-31,40900.0,2024-09-28,2024-09-28,2024-08-14,True,False,
AL00105,AS000966,ENT0030,2024-07-31,DAIRY,1,0.020780532198352304,0.008580030710694618,0.8316,0.4667,AMBER,AMBER>=0.38;RED>=0.58,49737.0,False,0.848,3.6,2.12,90100.0,4284.0,15600.0,3.6,-16518.0,24168.0,33219.0,margin_squeeze,1.0,working_capital_erosion,1.0,debt_overhang,0.2778,"{""model"": 0.45, ""rule"": 0.55}",hgb_stress_v1.2,rules_v1.2_18rules,2024-07-31,29200.0,2024-11-28,2024-11-28,2024-10-14,True,False,
AL00106,AS000987,ENT0030,2026-04-30,DAIRY,1,0.5638326162574631,3.421084865320672e-05,0.8947,0.7458,RED,AMBER>=0.38;RED>=0.58,89960.0,False,0.898,24.5,,22100.0,1051.0,8000.0,24.5,-66305.0,-22018.0,23655.0,climate_shock,1.0,margin_squeeze,0.5714,receivable_stretch,0.3333,"{""model"": 0.45, ""rule"": 0.55}",hgb_stress_v1.2,rules_v1.2_18rules,2026-04-30,74400.0,2026-10-27,2026-10-27,2026-07-14,True,False,
AL00107,AS000995,ENT0031,2024-03-31,DAIRY,1,0.49434512532792957,1.1062639694519281e-05,0.6526,0.5814,RED,AMBER>=0.38;RED>=0.58,66639.0,False,0.635,53.0,,8400.0,399.0,9300.0,53.0,-64895.0,-17912.0,1744.0,margin_squeeze,0.5714,receivable_stretch,0.3333,demand_trough,0.3243,"{""model"": 0.45, ""rule"": 0.55}",hgb_stress_v1.2,rules_v1.2_18rules,2024-03-31,89400.0,2024-07-29,2024-07-29,2024-06-14,True,False,
AL00108,AS000997,ENT0031,2024-05-31,DAIRY,1,0.654704246272761,3.0387707465161783e-05,0.7895,0.7288,RED,AMBER>=0.38;RED>=0.58,33341.0,False,0.644,18.7,,8200.0,390.0,14700.0,18.7,-28140.0,-14011.0,5201.0,margin_squeeze,1.0,working_capital_erosion,0.5588,receivable_stretch,0.3333,"{""model"": 0.45, ""rule"": 0.55}",hgb_stress_v1.2,rules_v1.2_18rules,2024-05-31,33900.0,2024-07-30,2024-07-30,2024-08-14,True,False,2024-06-12
AL00109,AS001007,ENT0031,2025-03-31,DAIRY,1,0.696642849008046,0.00011531177987268022,0.1263,0.383,AMBER,AMBER>=0.38;RED>=0.58,89491.0,False,0.708,63.2,,12500.0,594.0,32100.0,63.2,-77634.0,-25005.0,11857.0,demand_trough,0.3243,,0.0,,0.0,"{""model"": 0.45, ""rule"": 0.55}",hgb_stress_v1.2,rules_v1.2_18rules,2025-03-31,130900.0,2025-08-28,2025-08-28,2025-06-14,True,False,
AL00110,AS001009,ENT0031,2025-05-31,DAIRY,1,0.5903482679140051,5.9088891582845124e-05,0.6842,0.642,RED,AMBER>=0.38;RED>=0.58,36956.0,False,0.713,17.0,,12500.0,594.0,20300.0,17.0,-29415.0,-11399.0,7541.0,margin_squeeze,1.0,working_capital_erosion,0.5588,receivable_stretch,0.3333,"{""model"": 0.45, ""rule"": 0.55}",hgb_stress_v1.2,rules_v1.2_18rules,2025-05-31,34400.0,2025-07-30,2025-07-30,2025-08-14,True,False,
AL00111,AS001011,ENT0031,2025-07-31,DAIRY,1,0.013973338256990032,6.245635612901053e-05,0.8632,0.481,AMBER,AMBER>=0.38;RED>=0.58,74315.0,False,0.72,6.9,,36400.0,1731.0,21100.0,2.0,-9032.0,28165.0,65283.0,working_capital_erosion,1.0,margin_squeeze,0.7429,receivable_stretch,0.3333,"{""model"": 0.45, ""rule"": 0.55}",hgb_stress_v1.2,rules_v1.2_18rules,2025-07-31,11500.0,2025-08-30,2025-08-30,2025-10-14,True,False,
AL00112,AS001013,ENT0031,2025-09-30,DAIRY,1,0.0022986849252463982,4.666093609916898e-05,0.8105,0.4468,AMBER,AMBER>=0.38;RED>=0.58,25274.0,False,0.746,1.0,,30100.0,1431.0,9800.0,-2.5,29720.0,33684.0,54994.0,working_capital_erosion,0.7353,margin_squeeze,0.5714,receivable_stretch,0.3333,"{""model"": 0.45, ""rule"": 0.55}",hgb_stress_v1.2,rules_v1.2_18rules,2025-09-30,0.0,,2025-10-07,2025-12-14,True,False,2025-10-07
AL00113,AS001015,ENT0031,2025-11-30,DAIRY,1,0.04184752190436495,1.1931974453058424e-05,0.6947,0.4009,AMBER,AMBER>=0.38;RED>=0.58,41843.0,False,0.752,8.5,,19600.0,932.0,14100.0,5.7,6203.0,44893.0,48046.0,working_capital_erosion,0.7353,receivable_stretch,0.3333,debt_overhang,0.3056,"{""model"": 0.45, ""rule"": 0.55}",hgb_stress_v1.2,rules_v1.2_18rules,2025-11-30,15100.0,2026-05-29,2026-05-29,2026-02-13,True,False,
AL00114,AS001018,ENT0031,2026-02-28,DAIRY,1,0.5176562400398885,5.12754845784623e-05,0.7684,0.6556,RED,AMBER>=0.38;RED>=0.58,32812.0,False,0.766,10.5,,2400.0,114.0,13100.0,10.5,-20954.0,-8808.0,11858.0,demand_trough,0.5946,margin_squeeze,0.5714,receivable_stretch,0.3333,"{""model"": 0.45, ""rule"": 0.55}",hgb_stress_v1.2,rules_v1.2_18rules,2026-02-28,71300.0,2026-07-28,2026-07-28,2026-05-14,True,False,
AL00115,AS001020,ENT0031,2026-04-30,DAIRY,1,0.13500772852998913,0.0002589182650416768,1.0,0.6108,RED,AMBER>=0.38;RED>=0.58,38377.0,False,0.771,-1.4,,0.0,0.0,16600.0,-14.0,-19191.0,-250.0,19186.0,margin_squeeze,1.0,climate_shock,1.0,working_capital_erosion,1.0,"{""model"": 0.45, ""rule"": 0.55}",hgb_stress_v1.2,rules_v1.2_18rules,2026-04-30,51700.0,2026-06-29,2026-06-29,2026-07-14,True,False,
AL00116,AS001022,ENT0031,2026-06-30,DAIRY,1,0.01625271691121257,0.00016451638617159223,0.8632,0.4821,AMBER,AMBER>=0.38;RED>=0.58,,False,0.783,-1.4,,0.0,0.0,8900.0,-52.1,,,,margin_squeeze,1.0,working_capital_erosion,0.7353,receivable_stretch,0.3333,"{""model"": 0.45, ""rule"": 0.55}",hgb_stress_v1.2,rules_v1.2_18rules,2026-06-30,31000.0,2026-08-29,2026-08-29,2026-09-13,True,False,
AL00117,AS001045,ENT0032,2025-08-31,RETAIL,6,0.00016951921418898363,6.859177580739104e-06,0.6947,0.3822,AMBER,AMBER>=0.38;RED>=0.58,63509.0,False,0.685,62.9,8.19,235400.0,11191.0,20400.0,62.9,68652.0,127734.0,132161.0,margin_squeeze,0.7429,receivable_stretch,0.6364,demand_trough,0.2703,"{""model"": 0.45, ""rule"": 0.55}",hgb_stress_v1.2,rules_v1.2_18rules,2025-08-31,0.0,,2025-11-02,2025-11-14,True,False,
AL00118,AS001064,ENT0033,2024-06-30,POULTRY,6,0.12961558907013274,0.0008129135227984123,0.5895,0.3826,AMBER,AMBER>=0.38;RED>=0.58,228367.0,False,0.635,67.1,1.81,62900.0,2990.0,0.0,67.1,-185129.0,-30070.0,43238.0,margin_squeeze,1.0,demand_trough,0.3243,working_capital_erosion,0.2647,"{""model"": 0.45, ""rule"": 0.55}",hgb_stress_v1.2,rules_v1.2_18rules,2024-06-30,195700.0,2024-10-28,2024-10-28,2024-09-13,True,False,
AL00119,AS001074,ENT0033,2025-04-30,POULTRY,6,0.8759854082048416,0.00015270723867463707,0.6105,0.73,RED,AMBER>=0.38;RED>=0.58,225284.0,False,0.684,86.0,1.93,70800.0,3366.0,80300.0,86.0,-193568.0,-46177.0,31716.0,climate_shock,0.7143,demand_trough,0.5946,margin_squeeze,0.3143,"{""model"": 0.45, ""rule"": 0.55}",hgb_stress_v1.2,rules_v1.2_18rules,2025-04-30,241600.0,2025-08-28,2025-08-28,2025-07-14,True,False,
AL00120,AS001076,ENT0033,2025-06-30,POULTRY,6,0.7985121790080685,0.00034788956278917566,0.4947,0.6314,RED,AMBER>=0.38;RED>=0.58,204628.0,False,0.688,49.7,1.76,46700.0,2220.0,0.0,49.7,-168783.0,-48103.0,35845.0,margin_squeeze,1.0,demand_trough,0.3243,,0.0,"{""model"": 0.45, ""rule"": 0.55}",hgb_stress_v1.2,rules_v1.2_18rules,2025-06-30,221900.0,2025-11-27,2025-11-27,2025-09-13,True,False,
AL00121,AS001078,ENT0033,2025-08-31,POULTRY,6,0.028588273144702202,0.5428872994863313,0.9579,0.5397,AMBER,AMBER>=0.38;RED>=0.58,106170.0,False,0.708,0.6,1.1,68200.0,3242.0,10200.0,-16.0,-23044.0,8962.0,83126.0,margin_squeeze,1.0,working_capital_erosion,1.0,receivable_stretch,0.3333,"{""model"": 0.45, ""rule"": 0.55}",hgb_stress_v1.2,rules_v1.2_18rules,2025-08-31,82100.0,2025-12-29,2025-12-29,2025-11-14,True,False,
AL00122,AS001080,ENT0033,2025-10-31,POULTRY,6,0.5469289031969695,0.015054670406622896,0.5895,0.5703,AMBER,AMBER>=0.38;RED>=0.58,275540.0,False,0.704,8.2,0.88,32900.0,1564.0,88400.0,0.5,-151882.0,28168.0,123658.0,working_capital_erosion,0.7353,debt_overhang,0.5833,demand_trough,0.2703,"{""model"": 0.45, ""rule"": 0.55}",hgb_stress_v1.2,rules_v1.2_18rules,2025-10-31,141200.0,2026-01-29,2026-01-29,2026-01-14,True,False,
AL00123,AS001086,ENT0033,2026-04-30,POULTRY,6,0.2932145649401861,0.012434534498545726,0.6,0.4619,AMBER,AMBER>=0.38;RED>=0.58,230657.0,False,0.739,29.4,1.83,81600.0,3879.0,83500.0,29.4,-178885.0,-34618.0,51772.0,climate_shock,0.7143,margin_squeeze,0.5714,demand_trough,0.3243,"{""model"": 0.45, ""rule"": 0.55}",hgb_stress_v1.2,rules_v1.2_18rules,2026-04-30,218000.0,2026-09-27,2026-09-27,2026-07-14,True,False,2026-05-15
AL00124,AS001088,ENT0033,2026-06-30,POULTRY,6,0.02823171699731196,0.7258514367623488,1.0,0.5627,AMBER,AMBER>=0.38;RED>=0.58,,False,0.75,0.4,1.03,62400.0,2967.0,13000.0,-9.2,,,,margin_squeeze,1.0,working_capital_erosion,1.0,receivable_stretch,0.3333,"{""model"": 0.45, ""rule"": 0.55}",hgb_stress_v1.2,rules_v1.2_18rules,2026-06-30,114100.0,2026-11-27,2026-11-27,2026-09-13,True,False,
AL00125,AS001090,ENT0034,2023-11-30,FOODPROC,6,0.5940764663314422,0.009685310686818206,0.8632,0.7421,RED,AMBER>=0.38;RED>=0.58,105609.0,True,0.369,-1.2,-0.78,0.0,0.0,31600.0,-12.1,-6386.0,33286.0,99223.0,working_capital_erosion,0.7353,demand_trough,0.7297,debt_overhang,0.5833,"{""model"": 0.45, ""rule"": 0.55}",hgb_stress_v1.2,rules_v1.2_18rules,2023-11-30,50700.0,2024-04-28,2024-04-28,2024-02-13,True,False,
AL00126,AS001092,ENT0034,2024-01-31,FOODPROC,6,0.3729646078251831,0.0006447826847503971,0.4842,0.4341,AMBER,AMBER>=0.38;RED>=0.58,160961.0,True,0.374,18.2,0.35,1200.0,57.0,53700.0,-0.1,-92971.0,-23695.0,67990.0,working_capital_erosion,0.7353,debt_overhang,0.5833,,0.0,"{""model"": 0.45, ""rule"": 0.55}",hgb_stress_v1.2,rules_v1.2_18rules,2024-01-31,92000.0,2024-04-30,2024-04-30,2024-04-15,True,False,
AL00127,AS001094,ENT0034,2024-03-31,FOODPROC,6,0.0443772966681499,0.006057718057824803,0.7053,0.4079,AMBER,AMBER>=0.38;RED>=0.58,112406.0,True,0.381,0.4,0.28,5400.0,257.0,36600.0,-11.5,-2730.0,70006.0,109676.0,working_capital_erosion,0.7353,debt_overhang,0.5833,demand_trough,0.3243,"{""model"": 0.45, ""rule"": 0.55}",hgb_stress_v1.2,rules_v1.2_18rules,2024-03-31,25800.0,2024-04-30,2024-04-30,2024-06-14,True,False,
AL00128,AS001096,ENT0034,2024-05-31,FOODPROC,6,0.6548164590332536,0.0002370382373207326,0.7684,0.7173,RED,AMBER>=0.38;RED>=0.58,96574.0,True,0.382,18.2,0.74,18500.0,880.0,56000.0,-2.6,12938.0,41258.0,109512.0,working_capital_erosion,0.7353,demand_trough,0.7297,debt_overhang,0.5833,"{""model"": 0.45, ""rule"": 0.55}",hgb_stress_v1.2,rules_v1.2_18rules,2024-05-31,38000.0,2024-11-27,2024-11-27,2024-08-14,True,False,
AL00129,AS001098,ENT0034,2024-07-31,FOODPROC,6,0.7547813997254089,0.0008086353362294914,0.4842,0.606,RED,AMBER>=0.38;RED>=0.58,86383.0,True,0.385,18.5,1.04,47700.0,2268.0,33200.0,6.8,-31172.0,-9858.0,55211.0,working_capital_erosion,0.7353,debt_overhang,0.5833,,0.0,"{""model"": 0.45, ""rule"": 0.55}",hgb_stress_v1.2,rules_v1.2_18rules,2024-07-31,67600.0,2024-11-28,2024-11-28,2024-10-14,True,False,
AL00130,AS001101,ENT0034,2024-10-31,FOODPROC,6,0.046217235280686914,0.001247534623992866,0.6737,0.3913,AMBER,AMBER>=0.38;RED>=0.58,101614.0,True,0.394,7.9,1.68,112000.0,5325.0,33100.0,2.4,-19750.0,21121.0,81864.0,working_capital_erosion,1.0,debt_overhang,0.5833,margin_squeeze,0.2571,"{""model"": 0.45, ""rule"": 0.55}",hgb_stress_v1.2,rules_v1.2_18rules,2024-10-31,41900.0,2025-03-30,2025-03-30,2025-01-14,True,False,
AL00131,AS001106,ENT0034,2025-03-31,FOODPROC,6,0.0009752009760007128,3.223877515977217e-05,0.7053,0.3884,AMBER,AMBER>=0.38;RED>=0.58,93588.0,True,0.401,5.4,2.05,124500.0,5919.0,27900.0,2.2,35120.0,91025.0,128708.0,working_capital_erosion,0.7353,demand_trough,0.5946,debt_overhang,0.3056,"{""model"": 0.45, ""rule"": 0.55}",hgb_stress_v1.2,rules_v1.2_18rules,2025-03-31,19500.0,2025-04-30,2025-04-30,2025-06-14,True,False,
AL00132,AS001108,ENT0034,2025-05-31,FOODPROC,6,0.0011301277028251226,2.004639163799142e-05,0.7263,0.4,AMBER,AMBER>=0.38;RED>=0.58,123738.0,True,0.389,12.1,2.27,105700.0,5025.0,32000.0,10.7,46270.0,100003.0,170008.0,demand_trough,1.0,receivable_stretch,0.3333,debt_overhang,0.3056,"{""model"": 0.45, ""rule"": 0.55}",hgb_stress_v1.2,rules_v1.2_18rules,2025-05-31,10700.0,2025-06-30,2025-06-30,2025-08-14,True,False,
AL00133,AS001123,ENT0035,2023-11-30,HANDICRAFT,4,0.4733047881514855,0.0009965658789456023,0.7368,0.6182,RED,AMBER>=0.38;RED>=0.58,65620.0,False,0.673,10.0,-6.34,0.0,0.0,9600.0,-75.2,-1242.0,63188.0,64378.0,working_capital_erosion,0.7353,debt_overhang,0.5833,receivable_stretch,0.3636,"{""model"": 0.45, ""rule"": 0.55}",hgb_stress_v1.2,rules_v1.2_18rules,2023-11-30,12700.0,2024-04-28,2024-04-28,2024-02-13,True,False,
AL00134,AS001125,ENT0035,2024-01-31,HANDICRAFT,4,0.03962138046553842,0.00022830652635012953,0.7368,0.4231,AMBER,AMBER>=0.38;RED>=0.58,56866.0,False,0.696,34.5,-2.06,0.0,0.0,21800.0,-35.4,-3888.0,50720.0,52978.0,working_capital_erosion,0.7353,receivable_stretch,0.3636,demand_trough,0.3243,"{""model"": 0.45, ""rule"": 0.55}",hgb_stress_v1.2,rules_v1.2_18rules,2024-01-31,30200.0,2024-03-01,2024-03-01,2024-04-15,True,False,
AL00135,AS001130,ENT0035,2024-06-30,HANDICRAFT,4,0.49266427496529247,1.7963044296654697e-05,0.3263,0.4012,AMBER,AMBER>=0.38;RED>=0.58,53929.0,False,0.717,36.0,5.8,6000.0,285.0,9800.0,36.0,-43201.0,-11076.0,10728.0,receivable_stretch,0.3636,climate_shock,0.2857,margin_squeeze,0.2571,"{""model"": 0.45, ""rule"": 0.55}",hgb_stress_v1.2,rules_v1.2_18rules,2024-06-30,55200.0,2024-11-27,2024-11-27,2024-09-13,True,False,
AL00136,AS001132,ENT0035,2024-08-31,HANDICRAFT,4,0.5304192391034926,0.0003699664485072258,0.4211,0.4703,AMBER,AMBER>=0.38;RED>=0.58,44978.0,False,0.715,11.5,,33700.0,1602.0,9700.0,11.5,-13998.0,12239.0,30980.0,working_capital_erosion,0.5588,receivable_stretch,0.3636,margin_squeeze,0.2571,"{""model"": 0.45, ""rule"": 0.55}",hgb_stress_v1.2,rules_v1.2_18rules,2024-08-31,27100.0,2024-10-30,2024-10-30,2024-11-14,True,False,
AL00137,AS001134,ENT0035,2024-10-31,HANDICRAFT,4,0.01273233462976368,0.00014507949726795194,0.8211,0.4573,AMBER,AMBER>=0.38;RED>=0.58,68750.0,False,0.729,-4.9,,16000.0,761.0,1900.0,-13.8,4373.0,54537.0,73123.0,working_capital_erosion,1.0,receivable_stretch,0.3636,demand_trough,0.3243,"{""model"": 0.45, ""rule"": 0.55}",hgb_stress_v1.2,rules_v1.2_18rules,2024-10-31,13700.0,2024-12-30,2024-12-30,2025-01-14,True,False,
AL00138,AS001136,ENT0035,2024-12-31,HANDICRAFT,4,0.008622891309800212,3.516239887268812e-05,0.7368,0.4091,AMBER,AMBER>=0.38;RED>=0.58,97872.0,False,0.735,9.7,,33600.0,1597.0,16400.0,-15.2,-7889.0,67091.0,89983.0,working_capital_erosion,0.7353,receivable_stretch,0.6667,demand_trough,0.3243,"{""model"": 0.45, ""rule"": 0.55}",hgb_stress_v1.2,rules_v1.2_18rules,2024-12-31,26700.0,2025-01-30,2025-01-30,2025-03-16,True,False,
AL00139,AS001152,ENT0035,2026-04-30,HANDICRAFT,4,0.00028308743498798135,7.431261175661641e-06,0.9053,0.498,AMBER,AMBER>=0.38;RED>=0.58,51602.0,False,0.802,110.0,,30200.0,1436.0,700.0,110.0,4605.0,23821.0,56207.0,receivable_stretch,1.0,climate_shock,0.7143,demand_trough,0.2703,"{""model"": 0.45, ""rule"": 0.55}",hgb_stress_v1.2,rules_v1.2_18rules,2026-04-30,41400.0,2026-09-27,2026-09-27,2026-07-14,True,False,
AL00140,AS001158,ENT0036,2024-01-31,HANDICRAFT,5,0.049051766683967137,0.00011741403644239038,0.8316,0.4795,AMBER,AMBER>=0.38;RED>=0.58,71421.0,False,0.741,13.5,,0.0,0.0,1700.0,-36.6,-6991.0,55787.0,64430.0,working_capital_erosion,0.7353,receivable_stretch,0.6667,demand_trough,0.3243,"{""model"": 0.45, ""rule"": 0.55}",hgb_stress_v1.2,rules_v1.2_18rules,2024-01-31,18800.0,2024-06-29,2024-06-29,2024-04-15,True,False,
AL00141,AS001163,ENT0036,2024-06-30,HANDICRAFT,5,0.8098724261564524,6.24052508935529e-05,0.2211,0.486,AMBER,AMBER>=0.38;RED>=0.58,38598.0,False,0.763,23.3,,3900.0,185.0,2600.0,23.3,-30714.0,-8029.0,7884.0,receivable_stretch,0.3636,margin_squeeze,0.2571,,0.0,"{""model"": 0.45, ""rule"": 0.55}",hgb_stress_v1.2,rules_v1.2_18rules,2024-06-30,47400.0,2024-10-28,2024-10-28,2024-09-13,True,False,
AL00142,AS001165,ENT0036,2024-08-31,HANDICRAFT,5,0.2121456051192998,0.00030818579663576033,0.5789,0.4139,AMBER,AMBER>=0.38;RED>=0.58,34622.0,False,0.766,6.3,,36900.0,1754.0,13800.0,6.3,-7528.0,10564.0,27094.0,working_capital_erosion,1.0,receivable_stretch,0.3636,margin_squeeze,0.2571,"{""model"": 0.45, ""rule"": 0.55}",hgb_stress_v1.2,rules_v1.2_18rules,2024-08-31,24700.0,2024-10-30,2024-10-30,2024-11-14,True,False,
AL00143,AS001175,ENT0036,2025-06-30,HANDICRAFT,5,0.46078089034689046,8.988805846070306e-06,0.5368,0.5026,AMBER,AMBER>=0.38;RED>=0.58,27765.0,False,0.799,62.4,,24900.0,1184.0,12500.0,62.4,-13994.0,-8303.0,13771.0,receivable_stretch,1.0,working_capital_erosion,0.2647,margin_squeeze,0.2571,"{""model"": 0.45, ""rule"": 0.55}",hgb_stress_v1.2,rules_v1.2_18rules,2025-06-30,47500.0,2025-10-28,2025-10-28,2025-09-13,True,False,
AL00144,AS001178,ENT0036,2025-09-30,HANDICRAFT,5,0.06717152822493203,4.344588449094923e-05,0.7474,0.4413,AMBER,AMBER>=0.38;RED>=0.58,44899.0,False,0.809,12.2,,39500.0,1878.0,12300.0,12.2,12744.0,32157.0,57643.0,receivable_stretch,1.0,working_capital_erosion,0.5588,demand_trough,0.2703,"{""model"": 0.45, ""rule"": 0.55}",hgb_stress_v1.2,rules_v1.2_18rules,2025-09-30,18600.0,2025-10-30,2025-10-30,2025-12-14,True,False,
AL00145,AS001181,ENT0036,2025-12-31,HANDICRAFT,5,0.14144354243316515,1.5031258005897812e-05,0.6632,0.4284,AMBER,AMBER>=0.38;RED>=0.58,96535.0,False,0.819,8.1,,2000.0,95.0,2200.0,8.1,-9125.0,66965.0,87410.0,receivable_stretch,0.6667,demand_trough,0.5946,working_capital_erosion,0.2941,"{""model"": 0.45, ""rule"": 0.55}",hgb_stress_v1.2,rules_v1.2_18rules,2025-12-31,6600.0,2026-01-30,2026-01-30,2026-03-16,True,False,2026-01-15
AL00146,AS001189,ENT0037,2023-11-30,HANDICRAFT,2,0.21899773052922103,0.016460563827837296,0.7368,0.5038,AMBER,AMBER>=0.38;RED>=0.58,57120.0,False,0.615,8.2,-0.94,0.0,0.0,6100.0,-8.6,-24140.0,32457.0,32980.0,working_capital_erosion,0.7353,debt_overhang,0.5833,receivable_stretch,0.3636,"{""model"": 0.45, ""rule"": 0.55}",hgb_stress_v1.2,rules_v1.2_18rules,2023-11-30,21200.0,2024-02-28,2024-02-28,2024-02-13,True,False,
AL00147,AS001197,ENT0037,2024-07-31,HANDICRAFT,2,0.6225155792651649,0.03590939606429325,0.6421,0.6333,RED,AMBER>=0.38;RED>=0.58,30966.0,False,0.631,33.0,1.54,3000.0,143.0,1300.0,33.0,-25459.0,-9036.0,5507.0,receivable_stretch,1.0,debt_overhang,0.2778,working_capital_erosion,0.2647,"{""model"": 0.45, ""rule"": 0.55}",hgb_stress_v1.2,rules_v1.2_18rules,2024-07-31,25700.0,2024-10-29,2024-10-29,2024-10-14,True,False,
AL00148,AS001199,ENT0037,2024-09-30,HANDICRAFT,2,0.30267820842371507,0.011987954450745585,0.6526,0.4951,AMBER,AMBER>=0.38;RED>=0.58,44937.0,False,0.645,16.0,2.0,30100.0,1431.0,8300.0,16.0,-3310.0,16317.0,41627.0,receivable_stretch,1.0,working_capital_erosion,0.5588,debt_overhang,0.2778,"{""model"": 0.45, ""rule"": 0.55}",hgb_stress_v1.2,rules_v1.2_18rules,2024-09-30,10800.0,2024-10-30,2024-10-30,2024-12-14,True,False,
AL00149,AS001202,ENT0037,2024-12-31,HANDICRAFT,2,0.0017788894328558485,0.00010469937306021825,0.7789,0.4292,AMBER,AMBER>=0.38;RED>=0.58,38083.0,False,0.651,58.8,2.37,16600.0,789.0,1200.0,58.8,6989.0,43329.0,45072.0,receivable_stretch,1.0,demand_trough,0.5946,debt_overhang,0.2778,"{""model"": 0.45, ""rule"": 0.55}",hgb_stress_v1.2,rules_v1.2_18rules,2024-12-31,9000.0,2025-04-30,2025-04-30,2025-03-16,True,False,
AL00150,AS001206,ENT0037,2025-04-30,HANDICRAFT,2,0.0007279519794905117,0.0007506682314449167,0.8105,0.4461,AMBER,AMBER>=0.38;RED>=0.58,69611.0,False,0.654,79.5,2.6,15300.0,727.0,700.0,79.5,-27467.0,12509.0,42144.0,receivable_stretch,1.0,climate_shock,0.7143,debt_overhang,0.2778,"{""model"": 0.45, ""rule"": 0.55}",hgb_stress_v1.2,rules_v1.2_18rules,2025-04-30,45000.0,2025-08-28,2025-08-28,2025-07-14,True,False,
AL00151,AS001217,ENT0037,2026-03-31,HANDICRAFT,2,0.00018993626903574662,9.74206666917948e-06,0.8737,0.4806,AMBER,AMBER>=0.38;RED>=0.58,24549.0,False,0.679,111.5,9.9,35600.0,1692.0,1700.0,111.5,17259.0,32497.0,41808.0,receivable_stretch,1.0,demand_trough,0.5946,climate_shock,0.2857,"{""model"": 0.45, ""rule"": 0.55}",hgb_stress_v1.2,rules_v1.2_18rules,2026-03-31,14100.0,2026-05-30,2026-05-30,2026-06-14,True,False,2026-04-04
AL00152,AS001225,ENT0038,2024-02-29,DAIRY,4,0.7754804673250474,8.633119140174097e-05,0.2316,0.4763,AMBER,AMBER>=0.38;RED>=0.58,106072.0,False,0.683,60.6,5.39,13300.0,632.0,31100.0,60.6,-94208.0,-25891.0,11864.0,demand_trough,0.3243,climate_shock,0.2857,,0.0,"{""model"": 0.45, ""rule"": 0.55}",hgb_stress_v1.2,rules_v1.2_18rules,2024-02-29,139900.0,2024-07-28,2024-07-28,2024-05-14,True,False,
AL00153,AS001227,ENT0038,2024-04-30,DAIRY,4,0.938200599865633,0.02330694788821198,0.5789,0.7406,RED,AMBER>=0.38;RED>=0.58,83998.0,False,0.688,25.0,3.67,9800.0,466.0,11500.0,25.0,-84262.0,-33536.0,-264.0,margin_squeeze,1.0,receivable_stretch,0.3333,working_capital_erosion,0.2647,"{""model"": 0.45, ""rule"": 0.55}",hgb_stress_v1.2,rules_v1.2_18rules,2024-04-30,82800.0,2024-07-29,2024-07-29,2024-07-14,True,False,
AL00154,AS001229,ENT0038,2024-06-30,DAIRY,4,0.07304848878883378,0.009079900520542616,0.8316,0.4903,AMBER,AMBER>=0.38;RED>=0.58,32303.0,False,0.704,7.0,2.49,19500.0,927.0,26000.0,7.0,-14271.0,-6905.0,18032.0,margin_squeeze,1.0,working_capital_erosion,1.0,climate_shock,0.2857,"{""model"": 0.45, ""rule"": 0.55}",hgb_stress_v1.2,rules_v1.2_18rules,2024-06-30,30500.0,2024-07-30,2024-07-30,2024-09-13,True,False,
AL00155,AS001238,ENT0038,2025-03-31,DAIRY,4,0.8849398283206673,0.0014520207317212058,0.1263,0.4677,AMBER,AMBER>=0.38;RED>=0.58,95618.0,False,0.754,45.2,3.32,12900.0,613.0,27900.0,45.2,-88314.0,-40036.0,7304.0,demand_trough,0.3243,,0.0,,0.0,"{""model"": 0.45, ""rule"": 0.55}",hgb_stress_v1.2,rules_v1.2_18rules,2025-03-31,137700.0,2025-07-29,2025-07-29,2025-06-14,True,False,
AL00156,AS001240,ENT0038,2025-05-31,DAIRY,4,0.531558394500747,0.0014479099015426726,0.4105,0.465,AMBER,AMBER>=0.38;RED>=0.58,66212.0,False,0.763,16.3,3.88,21500.0,1022.0,20100.0,16.3,-60143.0,-13817.0,6069.0,margin_squeeze,0.5714,working_capital_erosion,0.5588,,0.0,"{""model"": 0.45, ""rule"": 0.55}",hgb_stress_v1.2,rules_v1.2_18rules,2025-05-31,58100.0,2025-08-29,2025-08-29,2025-08-14,True,False,
AL00157,AS001251,ENT0038,2026-04-30,DAIRY,4,0.4024246921525048,0.10505751403987383,0.6737,0.5516,AMBER,AMBER>=0.38;RED>=0.58,136824.0,False,0.843,13.7,6.8,43800.0,2082.0,18100.0,13.7,-132557.0,-43989.0,4267.0,climate_shock,0.7143,margin_squeeze,0.5714,working_capital_erosion,0.5588,"{""model"": 0.45, ""rule"": 0.55}",hgb_stress_v1.2,rules_v1.2_18rules,2026-04-30,126600.0,2026-08-28,2026-08-28,2026-07-14,True,False,
AL00158,AS001253,ENT0038,2026-06-30,DAIRY,4,0.009851096095537382,0.07127834100519984,0.9474,0.5255,AMBER,AMBER>=0.38;RED>=0.58,,False,0.856,1.7,4.81,94300.0,4483.0,22200.0,-16.1,,,,margin_squeeze,1.0,working_capital_erosion,1.0,debt_overhang,0.3056,"{""model"": 0.45, ""rule"": 0.55}",hgb_stress_v1.2,rules_v1.2_18rules,2026-06-30,45000.0,2026-10-28,2026-10-28,2026-09-13,True,False,
AL00159,AS001255,ENT0039,2023-11-30,HANDICRAFT,4,0.21305666509337506,0.04995313970106728,0.8947,0.588,RED,AMBER>=0.38;RED>=0.58,81951.0,False,0.613,5.7,-3.26,0.0,0.0,8800.0,-25.1,-15428.0,50555.0,66523.0,debt_overhang,1.0,working_capital_erosion,0.7353,receivable_stretch,0.3636,"{""model"": 0.45, ""rule"": 0.55}",hgb_stress_v1.2,rules_v1.2_18rules,2023-11-30,20100.0,2023-12-30,2023-12-30,2024-02-13,True,False,
AL00160,AS001257,ENT0039,2024-01-31,HANDICRAFT,4,0.09856448728977195,0.02413318063032487,0.8421,0.5075,AMBER,AMBER>=0.38;RED>=0.58,53555.0,False,0.629,19.5,-0.42,0.0,0.0,13500.0,1.4,-13305.0,26074.0,40250.0,working_capital_erosion,0.7353,debt_overhang,0.5833,receivable_stretch,0.3636,"{""model"": 0.45, ""rule"": 0.55}",hgb_stress_v1.2,rules_v1.2_18rules,2024-01-31,31000.0,2024-03-31,2024-03-31,2024-04-15,True,False,
AL00161,AS001262,ENT0039,2024-06-30,HANDICRAFT,4,0.7249688290044103,0.8869155855611222,0.4211,0.5578,AMBER,AMBER>=0.38;RED>=0.58,38059.0,False,0.668,24.5,1.25,1500.0,71.0,600.0,24.5,-37632.0,-17531.0,427.0,receivable_stretch,0.3636,climate_shock,0.2857,working_capital_erosion,0.2647,"{""model"": 0.45, ""rule"": 0.55}",hgb_stress_v1.2,rules_v1.2_18rules,2024-06-30,54900.0,2024-10-28,2024-10-28,2024-09-13,True,False,
AL00162,AS001264,ENT0039,2024-08-31,HANDICRAFT,4,0.44931957553941665,0.9361371350513803,0.3263,0.3817,AMBER,AMBER>=0.38;RED>=0.58,33456.0,False,0.681,12.6,1.83,22500.0,1070.0,12300.0,12.6,-17125.0,2228.0,16331.0,working_capital_erosion,0.5588,receivable_stretch,0.3636,,0.0,"{""model"": 0.45, ""rule"": 0.55}",hgb_stress_v1.2,rules_v1.2_18rules,2024-08-31,30900.0,2024-10-30,2024-10-30,2024-11-14,True,False,
AL00163,AS001266,ENT0039,2024-10-31,HANDICRAFT,4,0.03378580327001822,0.007872726181709654,0.7895,0.4494,AMBER,AMBER>=0.38;RED>=0.58,19514.0,False,0.69,16.5,2.22,37600.0,1788.0,10200.0,-12.9,19520.0,22510.0,39034.0,working_capital_erosion,0.7353,debt_overhang,0.7222,receivable_stretch,0.3636,"{""model"": 0.45, ""rule"": 0.55}",hgb_stress_v1.2,rules_v1.2_18rules,2024-10-31,9600.0,2024-11-30,2024-11-30,2025-01-14,True,False,
AL00164,AS001276,ENT0039,2025-08-31,HANDICRAFT,4,0.3043533854389922,0.05778995000668272,0.5263,0.4264,AMBER,AMBER>=0.38;RED>=0.58,41377.0,False,0.762,12.2,1.96,28800.0,1369.0,6800.0,12.2,-11974.0,11359.0,29403.0,working_capital_erosion,0.5588,receivable_stretch,0.3636,demand_trough,0.2703,"{""model"": 0.45, ""rule"": 0.55}",hgb_stress_v1.2,rules_v1.2_18rules,2025-08-31,34500.0,2025-12-29,2025-12-29,2025-11-14,True,False,
AL00165,AS001288,ENT0040,2023-11-30,FOODPROC,5,0.20557409386789577,0.006335590944948756,0.7684,0.5151,AMBER,AMBER>=0.38;RED>=0.58,38022.0,False,0.613,5.9,0.03,300.0,14.0,27400.0,-14.8,-439.0,22325.0,37583.0,working_capital_erosion,0.7353,demand_trough,0.7297,debt_overhang,0.5833,"{""model"": 0.45, ""rule"": 0.55}",hgb_stress_v1.2,rules_v1.2_18rules,2023-11-30,14300.0,2023-12-30,2023-12-30,2024-02-13,True,False,
AL00166,AS001290,ENT0040,2024-01-31,FOODPROC,5,0.8477920817392359,0.0012544338786827642,0.3263,0.561,AMBER,AMBER>=0.38;RED>=0.58,72568.0,False,0.643,17.7,1.09,35300.0,1678.0,35700.0,12.8,-41720.0,2771.0,30848.0,debt_overhang,0.5833,working_capital_erosion,0.2941,,0.0,"{""model"": 0.45, ""rule"": 0.55}",hgb_stress_v1.2,rules_v1.2_18rules,2024-01-31,41300.0,2024-04-30,2024-04-30,2024-04-15,True,False,2024-02-02
AL00167,AS001292,ENT0040,2024-03-31,FOODPROC,5,0.4691693828531594,0.00026141338654714287,0.4526,0.4601,AMBER,AMBER>=0.38;RED>=0.58,63479.0,False,0.635,13.2,1.17,68900.0,3276.0,47600.0,11.0,1664.0,34987.0,65143.0,debt_overhang,0.5833,demand_trough,0.3243,working_capital_erosion,0.2941,"{""model"": 0.45, ""rule"": 0.55}",hgb_stress_v1.2,rules_v1.2_18rules,2024-03-31,21100.0,2024-04-30,2024-04-30,2024-06-14,True,False,
AL00168,AS001338,ENT0041,2025-04-30,POULTRY,2,0.017282279858041934,0.0002705244739599485,0.6842,0.3841,AMBER,AMBER>=0.38;RED>=0.58,134392.0,False,0.609,106.2,8.9,119400.0,5676.0,0.0,106.2,-75518.0,-6883.0,58874.0,climate_shock,0.7143,demand_trough,0.5946,working_capital_erosion,0.2647,"{""model"": 0.45, ""rule"": 0.55}",hgb_stress_v1.2,rules_v1.2_18rules,2025-04-30,141200.0,2025-10-27,2025-10-27,2025-07-14,True,False,2025-05-03
AL00169,AS001342,ENT0041,2025-08-31,POULTRY,2,0.05586392299585835,0.046226506322758446,0.8316,0.4825,AMBER,AMBER>=0.38;RED>=0.58,101211.0,False,0.628,4.1,2.67,43200.0,2054.0,4300.0,4.1,-20910.0,11278.0,80301.0,margin_squeeze,1.0,working_capital_erosion,1.0,demand_trough,0.2703,"{""model"": 0.45, ""rule"": 0.55}",hgb_stress_v1.2,rules_v1.2_18rules,2025-08-31,59100.0,2026-01-28,2026-01-28,2025-11-14,True,False,2025-09-07
AL00170,AS001352,ENT0041,2026-06-30,POULTRY,2,0.40806145263688737,0.0025640764818653803,0.4947,0.4557,AMBER,AMBER>=0.38;RED>=0.58,,False,0.641,36.0,4.47,96500.0,4588.0,32300.0,36.0,,,,margin_squeeze,0.7429,demand_trough,0.3243,working_capital_erosion,0.2647,"{""model"": 0.45, ""rule"": 0.55}",hgb_stress_v1.2,rules_v1.2_18rules,2026-06-30,164000.0,2026-11-27,2026-11-27,2026-09-13,True,False,
AL00171,AS001360,ENT0042,2024-05-31,DAIRY,4,0.08090603778618612,0.0006185724147866826,0.6842,0.4127,AMBER,AMBER>=0.38;RED>=0.58,36036.0,False,0.899,34.6,8.24,35900.0,1707.0,5600.0,34.6,-20246.0,-859.0,15790.0,margin_squeeze,1.0,receivable_stretch,0.3333,climate_shock,0.2857,"{""model"": 0.45, ""rule"": 0.55}",hgb_stress_v1.2,rules_v1.2_18rules,2024-05-31,36500.0,2024-07-30,2024-07-30,2024-08-14,True,False,
AL00172,AS001470,ENT0045,2025-04-30,POULTRY,3,0.005742687088272828,4.605206167568779e-06,0.7158,0.3963,AMBER,AMBER>=0.38;RED>=0.58,167973.0,False,0.717,139.7,,63300.0,3009.0,33200.0,139.7,-92448.0,-3966.0,75525.0,climate_shock,1.0,demand_trough,0.5946,margin_squeeze,0.3143,"{""model"": 0.45, ""rule"": 0.55}",hgb_stress_v1.2,rules_v1.2_18rules,2025-04-30,108700.0,2025-08-28,2025-08-28,2025-07-14,True,False,
AL00173,AS001474,ENT0045,2025-08-31,POULTRY,3,0.014329645513850332,0.00012720449272382068,0.6842,0.3828,AMBER,AMBER>=0.38;RED>=0.58,139204.0,False,0.743,9.1,,52800.0,2510.0,10200.0,9.1,-38194.0,22360.0,101010.0,margin_squeeze,1.0,working_capital_erosion,0.5588,receivable_stretch,0.3333,"{""model"": 0.45, ""rule"": 0.55}",hgb_stress_v1.2,rules_v1.2_18rules,2025-08-31,58900.0,2025-10-30,2025-10-30,2025-11-14,True,False,
AL00174,AS001484,ENT0045,2026-06-30,POULTRY,3,0.26442635311516033,0.00022921228422839477,0.5895,0.4432,AMBER,AMBER>=0.38;RED>=0.58,,False,0.794,29.7,,70900.0,3371.0,36800.0,29.7,,,,margin_squeeze,1.0,demand_trough,0.3243,working_capital_erosion,0.2647,"{""model"": 0.45, ""rule"": 0.55}",hgb_stress_v1.2,rules_v1.2_18rules,2026-06-30,196000.0,2026-11-27,2026-11-27,2026-09-13,True,False,
AL00175,AS001528,ENT0047,2024-08-31,RETAIL,2,0.0013581671394305224,0.0003996602285594628,0.8,0.4406,AMBER,AMBER>=0.38;RED>=0.58,88958.0,False,0.965,39.4,3.98,235800.0,11210.0,43400.0,39.4,14406.0,97489.0,103364.0,margin_squeeze,1.0,receivable_stretch,0.6364,climate_shock,0.3143,"{""model"": 0.45, ""rule"": 0.55}",hgb_stress_v1.2,rules_v1.2_18rules,2024-08-31,21900.0,2024-10-30,2024-10-30,2024-11-14,True,False,
AL00176,AS001552,ENT0048,2023-11-30,HANDICRAFT,4,0.6960482971861273,0.8377409863465001,0.7895,0.7474,RED,AMBER>=0.38;RED>=0.58,40912.0,False,0.709,6.0,-2.79,0.0,0.0,1900.0,-30.2,-10669.0,24398.0,30243.0,working_capital_erosion,0.7353,debt_overhang,0.7222,receivable_stretch,0.3636,"{""model"": 0.45, ""rule"": 0.55}",hgb_stress_v1.2,rules_v1.2_18rules,2023-11-30,12700.0,2023-12-30,2023-12-30,2024-02-13,True,False,
AL00177,AS001554,ENT0048,2024-01-31,HANDICRAFT,4,0.15681473626451045,0.048666031549785105,0.7368,0.4758,AMBER,AMBER>=0.38;RED>=0.58,32206.0,False,0.718,23.2,0.73,500.0,24.0,8400.0,8.5,-15042.0,7566.0,17164.0,debt_overhang,0.7222,receivable_stretch,0.3636,demand_trough,0.3243,"{""model"": 0.45, ""rule"": 0.55}",hgb_stress_v1.2,rules_v1.2_18rules,2024-01-31,26300.0,2024-07-29,2024-07-29,2024-04-15,True,False,
AL00178,AS001560,ENT0048,2024-07-31,HANDICRAFT,4,0.8346776782711524,0.9148149377491297,0.3158,0.5493,AMBER,AMBER>=0.38;RED>=0.58,42510.0,False,0.75,29.0,2.52,700.0,33.0,1100.0,29.0,-31452.0,-7671.0,11058.0,receivable_stretch,0.3636,working_capital_erosion,0.2647,margin_squeeze,0.2571,"{""model"": 0.45, ""rule"": 0.55}",hgb_stress_v1.2,rules_v1.2_18rules,2024-07-31,30700.0,2024-10-29,2024-10-29,2024-10-14,True,False,
AL00179,AS001581,ENT0048,2026-04-30,HANDICRAFT,4,0.0006538455683530412,0.0015915287537873234,0.6947,0.3824,AMBER,AMBER>=0.38;RED>=0.58,26623.0,False,0.872,86.8,5.22,12300.0,585.0,800.0,86.8,-13469.0,163.0,13154.0,climate_shock,0.7143,receivable_stretch,0.697,working_capital_erosion,0.2647,"{""model"": 0.45, ""rule"": 0.55}",hgb_stress_v1.2,rules_v1.2_18rules,2026-04-30,30400.0,2026-10-27,2026-10-27,2026-07-14,True,False,
AL00180,AS001585,ENT0049,2023-11-30,HANDICRAFT,5,0.4366953158045406,0.00013929866212654036,0.6316,0.5439,AMBER,AMBER>=0.38;RED>=0.58,112649.0,False,0.788,8.7,,0.0,0.0,12900.0,-38.1,-20243.0,81005.0,92406.0,working_capital_erosion,0.7353,receivable_stretch,0.3636,demand_trough,0.3243,"{""model"": 0.45, ""rule"": 0.55}",hgb_stress_v1.2,rules_v1.2_18rules,2023-11-30,25800.0,2024-04-28,2024-04-28,2024-02-13,True,False,
AL00181,AS001594,ENT0049,2024-08-31,HANDICRAFT,5,0.5258365850288722,0.0001430426833417185,0.4211,0.4682,AMBER,AMBER>=0.38;RED>=0.58,77535.0,False,0.828,17.4,,10300.0,490.0,700.0,17.4,-34766.0,33171.0,42769.0,working_capital_erosion,0.5588,receivable_stretch,0.3636,margin_squeeze,0.2571,"{""model"": 0.45, ""rule"": 0.55}",hgb_stress_v1.2,rules_v1.2_18rules,2024-08-31,28900.0,2024-11-29,2024-11-29,2024-11-14,True,False,
AL00182,AS001597,ENT0049,2024-11-30,HANDICRAFT,5,0.003272514961205882,0.00011576000378640309,0.9158,0.5052,AMBER,AMBER>=0.38;RED>=0.58,121324.0,False,0.84,-7.8,,14800.0,704.0,900.0,-7.8,5289.0,94143.0,126613.0,working_capital_erosion,1.0,receivable_stretch,0.6667,demand_trough,0.5946,"{""model"": 0.45, ""rule"": 0.55}",hgb_stress_v1.2,rules_v1.2_18rules,2024-11-30,14400.0,2024-12-30,2024-12-30,2025-02-13,True,False,
AL00183,AS001618,ENT0050,2023-11-30,FOODPROC,6,0.12755683253917185,0.0025865856611834975,0.8211,0.509,AMBER,AMBER>=0.38;RED>=0.58,149673.0,False,0.728,5.8,-4.03,0.0,0.0,72200.0,-18.6,8008.0,105715.0,157681.0,working_capital_erosion,0.7353,demand_trough,0.7297,debt_overhang,0.7222,"{""model"": 0.45, ""rule"": 0.55}",hgb_stress_v1.2,rules_v1.2_18rules,2023-11-30,44800.0,2023-12-30,2023-12-30,2024-02-13,True,False,
AL00184,AS001620,ENT0050,2024-01-31,FOODPROC,6,0.6076417458754056,0.016724058557612276,0.3789,0.4818,AMBER,AMBER>=0.38;RED>=0.58,216289.0,False,0.749,22.1,0.25,2100.0,100.0,82900.0,6.6,-85721.0,29311.0,130568.0,working_capital_erosion,0.7353,debt_overhang,0.3056,,0.0,"{""model"": 0.45, ""rule"": 0.55}",hgb_stress_v1.2,rules_v1.2_18rules,2024-01-31,84500.0,2024-04-30,2024-04-30,2024-04-15,True,False,
AL00185,AS001622,ENT0050,2024-03-31,FOODPROC,6,0.05222349674772933,0.04837926068191491,0.6947,0.4056,AMBER,AMBER>=0.38;RED>=0.58,222266.0,False,0.752,4.6,0.33,3400.0,162.0,45300.0,-1.8,-29378.0,157837.0,192888.0,working_capital_erosion,1.0,demand_trough,0.3243,debt_overhang,0.3056,"{""model"": 0.45, ""rule"": 0.55}",hgb_stress_v1.2,rules_v1.2_18rules,2024-03-31,42000.0,2024-04-30,2024-04-30,2024-06-14,True,False,
AL00186,AS001651,ENT0051,2023-11-30,HANDICRAFT,2,0.007477083737251424,0.008526150059184676,0.8632,0.4781,AMBER,AMBER>=0.38;RED>=0.58,29008.0,False,0.648,-4.9,-9.04,0.0,0.0,500.0,-43.3,16705.0,44390.0,45713.0,debt_overhang,1.0,working_capital_erosion,0.7353,demand_trough,0.3243,"{""model"": 0.45, ""rule"": 0.55}",hgb_stress_v1.2,rules_v1.2_18rules,2023-11-30,7700.0,2024-05-28,2024-05-28,2024-02-13,True,False,
AL00187,AS001676,ENT0051,2025-12-31,HANDICRAFT,2,0.0658203429226391,0.00017176933960237422,0.7789,0.458,AMBER,AMBER>=0.38;RED>=0.58,91713.0,False,0.802,36.6,2.83,12000.0,571.0,300.0,36.6,5389.0,29815.0,97102.0,receivable_stretch,1.0,demand_trough,0.5946,debt_overhang,0.2778,"{""model"": 0.45, ""rule"": 0.55}",hgb_stress_v1.2,rules_v1.2_18rules,2025-12-31,5200.0,2026-04-30,2026-04-30,2026-03-16,True,False,
AL00188,AS001680,ENT0051,2026-04-30,HANDICRAFT,2,0.0013427401882286144,0.0001977346549003063,0.7158,0.3943,AMBER,AMBER>=0.38;RED>=0.58,38405.0,False,0.83,99.7,2.31,19500.0,927.0,10500.0,99.7,-9287.0,996.0,29118.0,receivable_stretch,1.0,climate_shock,0.7143,debt_overhang,0.2778,"{""model"": 0.45, ""rule"": 0.55}",hgb_stress_v1.2,rules_v1.2_18rules,2026-04-30,37800.0,2026-09-27,2026-09-27,2026-07-14,True,False,
AL00189,AS001682,ENT0051,2026-06-30,HANDICRAFT,2,0.09047151742447089,0.00011989717236807802,0.7474,0.4518,AMBER,AMBER>=0.38;RED>=0.58,,False,0.839,55.9,2.52,16300.0,775.0,500.0,55.9,,,,receivable_stretch,1.0,debt_overhang,0.2778,demand_trough,0.2703,"{""model"": 0.45, ""rule"": 0.55}",hgb_stress_v1.2,rules_v1.2_18rules,2026-06-30,29100.0,2026-10-28,2026-10-28,2026-09-13,True,False,
AL00190,AS001753,ENT0054,2024-02-29,DAIRY,4,0.6273120259722572,0.001601745281354187,0.4526,0.5312,AMBER,AMBER>=0.38;RED>=0.58,50166.0,False,0.766,35.5,1.23,9100.0,433.0,13800.0,35.5,-55492.0,-24372.0,-5326.0,receivable_stretch,0.3333,demand_trough,0.3243,climate_shock,0.2857,"{""model"": 0.45, ""rule"": 0.55}",hgb_stress_v1.2,rules_v1.2_18rules,2024-02-29,92600.0,2024-08-27,2024-08-27,2024-05-14,True,False,
AL00191,AS001755,ENT0054,2024-04-30,DAIRY,4,0.900087113141511,0.04956923726563193,0.7895,0.8393,RED,AMBER>=0.38;RED>=0.58,70944.0,False,0.789,18.6,1.13,7100.0,338.0,4700.0,18.6,-63100.0,-29858.0,7844.0,margin_squeeze,1.0,working_capital_erosion,0.5588,receivable_stretch,0.3333,"{""model"": 0.45, ""rule"": 0.55}",hgb_stress_v1.2,rules_v1.2_18rules,2024-04-30,87100.0,2024-10-27,2024-10-27,2024-07-14,True,False,
AL00192,AS001757,ENT0054,2024-06-30,DAIRY,4,0.051029864033886374,0.03337185106307951,1.0,0.573,AMBER,AMBER>=0.38;RED>=0.58,50579.0,False,0.797,1.1,0.88,9600.0,456.0,7400.0,-6.9,-12007.0,1472.0,38572.0,margin_squeeze,1.0,working_capital_erosion,1.0,debt_overhang,0.5833,"{""model"": 0.45, ""rule"": 0.55}",hgb_stress_v1.2,rules_v1.2_18rules,2024-06-30,23000.0,2024-10-28,2024-10-28,2024-09-13,True,False,
AL00193,AS001779,ENT0054,2026-04-30,DAIRY,4,0.49833600245897597,0.00024756782850639307,0.5684,0.5369,AMBER,AMBER>=0.38;RED>=0.58,48660.0,False,0.964,34.9,,11200.0,532.0,10000.0,34.9,-55184.0,-29656.0,-6524.0,climate_shock,0.7143,margin_squeeze,0.5714,working_capital_erosion,0.2647,"{""model"": 0.45, ""rule"": 0.55}",hgb_stress_v1.2,rules_v1.2_18rules,2026-04-30,67500.0,2026-08-28,2026-08-28,2026-07-14,True,False,2026-05-17
AL00194,AS001781,ENT0054,2026-06-30,DAIRY,4,0.02575466463699683,0.00016908245285316703,0.6737,0.3821,AMBER,AMBER>=0.38;RED>=0.58,,False,0.984,15.2,,26500.0,1260.0,8800.0,15.2,,,,margin_squeeze,1.0,working_capital_erosion,0.5588,climate_shock,0.2857,"{""model"": 0.45, ""rule"": 0.55}",hgb_stress_v1.2,rules_v1.2_18rules,2026-06-30,23400.0,2026-10-28,2026-10-28,2026-09-13,True,False,
AL00195,AS001783,ENT0055,2023-11-30,HANDICRAFT,5,0.5595092144084006,0.060612163475245916,0.8632,0.7265,RED,AMBER>=0.38;RED>=0.58,28511.0,False,0.776,1.5,-2.45,0.0,0.0,700.0,-61.8,26111.0,52845.0,54622.0,debt_overhang,1.0,working_capital_erosion,0.7353,demand_trough,0.3243,"{""model"": 0.45, ""rule"": 0.55}",hgb_stress_v1.2,rules_v1.2_18rules,2023-11-30,50100.0,2024-05-28,2024-05-28,2024-02-13,True,False,
AL00196,AS001785,ENT0055,2024-01-31,HANDICRAFT,5,0.04831738105255812,0.07765888416865574,1.0,0.5717,AMBER,AMBER>=0.38;RED>=0.58,55602.0,False,0.793,-1.3,-0.18,0.0,0.0,700.0,-19.3,-10650.0,28477.0,44952.0,debt_overhang,1.0,working_capital_erosion,0.7353,receivable_stretch,0.6667,"{""model"": 0.45, ""rule"": 0.55}",hgb_stress_v1.2,rules_v1.2_18rules,2024-01-31,26300.0,2024-03-31,2024-03-31,2024-04-15,True,False,
AL00197,AS001825,ENT0056,2024-08-31,RETAIL,1,6.104952466393618e-05,6.4445211697892855e-06,0.7053,0.3879,AMBER,AMBER>=0.38;RED>=0.58,193259.0,False,0.665,83.5,,471900.0,22435.0,58800.0,83.5,75809.0,238481.0,269068.0,margin_squeeze,0.7429,receivable_stretch,0.6364,climate_shock,0.3143,"{""model"": 0.45, ""rule"": 0.55}",hgb_stress_v1.2,rules_v1.2_18rules,2024-08-31,6100.0,2024-10-30,2024-10-30,2024-11-14,True,False,
AL00198,AS001836,ENT0056,2025-07-31,RETAIL,1,2.676610114705176e-05,3.4450337342208493e-06,0.6947,0.3821,AMBER,AMBER>=0.38;RED>=0.58,191129.0,False,0.719,75.1,,498900.0,23719.0,52700.0,75.1,35229.0,184000.0,226358.0,margin_squeeze,0.7429,receivable_stretch,0.6364,demand_trough,0.2703,"{""model"": 0.45, ""rule"": 0.55}",hgb_stress_v1.2,rules_v1.2_18rules,2025-07-31,29000.0,2025-09-29,2025-09-29,2025-10-14,True,False,
AL00199,AS001847,ENT0056,2026-06-30,RETAIL,1,1.378739972439958e-05,3.538489862137947e-06,0.6947,0.3821,AMBER,AMBER>=0.38;RED>=0.58,,False,0.762,82.3,,278500.0,13240.0,57200.0,82.3,,,,margin_squeeze,0.7429,receivable_stretch,0.6364,demand_trough,0.2703,"{""model"": 0.45, ""rule"": 0.55}",hgb_stress_v1.2,rules_v1.2_18rules,2026-06-30,22200.0,2026-07-30,2026-07-30,2026-09-13,True,False,
AL00200,AS001866,ENT0057,2025-04-30,FOODPROC,3,0.00011182030714083491,2.2169886200108397e-05,0.8526,0.469,AMBER,AMBER>=0.38;RED>=0.58,151569.0,False,0.794,37.0,4.73,327300.0,15560.0,62500.0,37.0,41562.0,173042.0,193131.0,climate_shock,1.0,demand_trough,1.0,working_capital_erosion,0.2647,"{""model"": 0.45, ""rule"": 0.55}",hgb_stress_v1.2,rules_v1.2_18rules,2025-04-30,15900.0,2025-05-30,2025-05-30,2025-07-14,True,False,
AL00201,AS001911,ENT0058,2026-04-30,FOODPROC,1,6.360419904980365e-05,2.2268131550663115e-05,0.8526,0.469,AMBER,AMBER>=0.38;RED>=0.58,228010.0,False,0.789,54.7,4.36,358200.0,17029.0,89800.0,54.7,5351.0,230931.0,233361.0,climate_shock,1.0,demand_trough,1.0,working_capital_erosion,0.2647,"{""model"": 0.45, ""rule"": 0.55}",hgb_stress_v1.2,rules_v1.2_18rules,2026-04-30,11300.0,2026-05-30,2026-05-30,2026-07-14,True,False,
AL00202,AS001932,ENT0059,2025-04-30,FOODPROC,3,2.3657941716070237e-05,6.348904522002207e-06,0.9579,0.5269,AMBER,AMBER>=0.38;RED>=0.58,402345.0,False,0.745,57.3,2.79,449400.0,21365.0,72400.0,57.3,14221.0,275765.0,416566.0,climate_shock,1.0,demand_trough,1.0,debt_overhang,0.2778,"{""model"": 0.45, ""rule"": 0.55}",hgb_stress_v1.2,rules_v1.2_18rules,2025-04-30,27700.0,2025-05-30,2025-05-30,2025-07-14,True,False,
AL00203,AS001955,ENT0060,2024-06-30,RETAIL,4,0.000121183251042911,8.894506741489599e-06,0.6947,0.3821,AMBER,AMBER>=0.38;RED>=0.58,41464.0,False,0.628,90.1,12.6,304500.0,14476.0,41300.0,90.1,34203.0,42768.0,75667.0,margin_squeeze,0.7429,receivable_stretch,0.6364,climate_shock,0.2857,"{""model"": 0.45, ""rule"": 0.55}",hgb_stress_v1.2,rules_v1.2_18rules,2024-06-30,0.0,,2024-09-28,2024-09-13,True,False,
AL00204,AS001979,ENT0060,2026-06-30,RETAIL,4,2.828314414175553e-05,1.1876394815393673e-06,0.6947,0.3821,AMBER,AMBER>=0.38;RED>=0.58,,False,0.765,81.9,16.47,232900.0,11072.0,42900.0,81.9,,,,margin_squeeze,0.7429,receivable_stretch,0.6364,climate_shock,0.2857,"{""model"": 0.45, ""rule"": 0.55}",hgb_stress_v1.2,rules_v1.2_18rules,2026-06-30,7200.0,2026-07-30,2026-07-30,2026-09-13,True,False,
AL00205,AS001988,ENT0061,2024-06-30,RETAIL,4,2.0766513185585966e-05,4.144274727683526e-06,0.6947,0.3821,AMBER,AMBER>=0.38;RED>=0.58,109383.0,False,0.921,82.2,,266400.0,12665.0,87900.0,82.2,-4580.0,44008.0,104803.0,margin_squeeze,0.7429,receivable_stretch,0.6364,climate_shock,0.2857,"{""model"": 0.45, ""rule"": 0.55}",hgb_stress_v1.2,rules_v1.2_18rules,2024-06-30,17100.0,2024-07-30,2024-07-30,2024-09-13,True,False,
AL00206,AS002004,ENT0061,2025-10-31,RETAIL,4,2.7993854866952408e-05,5.284545624932346e-06,0.7263,0.3995,AMBER,AMBER>=0.38;RED>=0.58,295624.0,False,1.0,69.3,,378700.0,18004.0,124100.0,69.3,52707.0,264981.0,348331.0,margin_squeeze,0.7429,receivable_stretch,0.6364,demand_trough,0.5946,"{""model"": 0.45, ""rule"": 0.55}",hgb_stress_v1.2,rules_v1.2_18rules,2025-10-31,0.0,,2026-01-08,2026-01-14,True,False,
AL00207,AS002012,ENT0061,2026-06-30,RETAIL,4,0.00011482232833800893,3.778714794856726e-06,0.8947,0.4921,AMBER,AMBER>=0.38;RED>=0.58,,False,1.0,61.3,,254300.0,12090.0,61500.0,61.3,,,,margin_squeeze,1.0,receivable_stretch,0.6364,climate_shock,0.2857,"{""model"": 0.45, ""rule"": 0.55}",hgb_stress_v1.2,rules_v1.2_18rules,2026-06-30,35200.0,2026-08-29,2026-08-29,2026-09-13,True,False,2026-07-12
AL00208,AS002043,ENT0062,2026-04-30,DAIRY,5,0.020492228870481233,1.7290580914830012e-05,0.6842,0.3855,AMBER,AMBER>=0.38;RED>=0.58,120165.0,False,0.898,38.3,,75700.0,3599.0,15900.0,38.3,-82867.0,-10450.0,37298.0,climate_shock,0.7143,margin_squeeze,0.5714,receivable_stretch,0.3333,"{""model"": 0.45, ""rule"": 0.55}",hgb_stress_v1.2,rules_v1.2_18rules,2026-04-30,82600.0,2026-09-27,2026-09-27,2026-07-14,True,False,
AL00209,AS002045,ENT0062,2026-06-30,DAIRY,5,0.013632370708488812,9.364256820834598e-06,0.7895,0.4404,AMBER,AMBER>=0.38;RED>=0.58,,False,0.916,18.1,,87200.0,4146.0,13800.0,18.1,,,,margin_squeeze,1.0,working_capital_erosion,0.5588,receivable_stretch,0.3333,"{""model"": 0.45, ""rule"": 0.55}",hgb_stress_v1.2,rules_v1.2_18rules,2026-06-30,45300.0,2026-10-28,2026-10-28,2026-09-13,True,False,
AL00210,AS002097,ENT0064,2025-04-30,POULTRY,5,0.012537999967576777,3.333858616922823e-05,0.6842,0.382,AMBER,AMBER>=0.38;RED>=0.58,178425.0,False,0.68,114.8,,234400.0,11144.0,0.0,114.8,-22372.0,28606.0,156053.0,climate_shock,0.7143,demand_trough,0.5946,working_capital_erosion,0.2647,"{""model"": 0.45, ""rule"": 0.55}",hgb_stress_v1.2,rules_v1.2_18rules,2025-04-30,135400.0,2025-10-27,2025-10-27,2025-07-14,True,False,
AL00211,AS002109,ENT0064,2026-04-30,POULTRY,5,0.002449355277477043,4.882127708372589e-05,0.8,0.4411,AMBER,AMBER>=0.38;RED>=0.58,270189.0,False,0.72,20.3,,126000.0,5990.0,12300.0,20.3,-88129.0,51864.0,182060.0,climate_shock,0.7143,margin_squeeze,0.5714,working_capital_erosion,0.5588,"{""model"": 0.45, ""rule"": 0.55}",hgb_stress_v1.2,rules_v1.2_18rules,2026-04-30,165600.0,2026-09-27,2026-09-27,2026-07-14,True,False,
AL00212,AS002113,ENT0065,2023-11-30,FOODPROC,4,0.012901467962979788,7.478658663586505e-05,0.7579,0.4227,AMBER,AMBER>=0.38;RED>=0.58,123856.0,False,0.611,-5.0,,0.0,0.0,53200.0,-24.4,25054.0,107335.0,148910.0,working_capital_erosion,0.7353,demand_trough,0.7297,debt_overhang,0.3056,"{""model"": 0.45, ""rule"": 0.55}",hgb_stress_v1.2,rules_v1.2_18rules,2023-11-30,20100.0,2023-12-30,2023-12-30,2024-02-13,True,False,2023-12-13
AL00213,AS002116,ENT0065,2024-02-29,FOODPROC,4,0.6906252542365189,0.00011006994113027718,0.4842,0.5771,AMBER,AMBER>=0.38;RED>=0.58,223365.0,False,0.639,20.3,,0.0,0.0,103900.0,-0.7,-54579.0,56684.0,168786.0,working_capital_erosion,0.7353,debt_overhang,0.3056,climate_shock,0.2857,"{""model"": 0.45, ""rule"": 0.55}",hgb_stress_v1.2,rules_v1.2_18rules,2024-02-29,58700.0,2024-04-29,2024-04-29,2024-05-14,True,False,
AL00214,AS002118,ENT0065,2024-04-30,FOODPROC,4,0.5061173959885222,4.876712473520816e-05,0.6632,0.5925,RED,AMBER>=0.38;RED>=0.58,144643.0,False,0.652,7.8,,1400.0,67.0,98500.0,-1.1,28485.0,153760.0,173128.0,working_capital_erosion,0.7353,demand_trough,0.7297,debt_overhang,0.3056,"{""model"": 0.45, ""rule"": 0.55}",hgb_stress_v1.2,rules_v1.2_18rules,2024-04-30,24900.0,2024-05-30,2024-05-30,2024-07-14,True,False,
AL00215,AS002130,ENT0065,2025-04-30,FOODPROC,4,0.00024268698881665127,9.771345442591851e-06,0.9474,0.5212,AMBER,AMBER>=0.38;RED>=0.58,195593.0,False,0.757,14.4,,193800.0,9214.0,65500.0,14.4,7059.0,176550.0,202652.0,demand_trough,1.0,climate_shock,0.7143,working_capital_erosion,0.5588,"{""model"": 0.45, ""rule"": 0.55}",hgb_stress_v1.2,rules_v1.2_18rules,2025-04-30,10300.0,2025-05-30,2025-05-30,2025-07-14,True,False,
AL00216,AS002142,ENT0065,2026-04-30,FOODPROC,4,6.986033987285901e-05,7.396409732720576e-06,0.7368,0.4053,AMBER,AMBER>=0.38;RED>=0.58,266654.0,False,0.868,39.7,,251400.0,11952.0,81300.0,39.7,-10501.0,199429.0,256153.0,demand_trough,0.7297,climate_shock,0.7143,working_capital_erosion,0.2647,"{""model"": 0.45, ""rule"": 0.55}",hgb_stress_v1.2,rules_v1.2_18rules,2026-04-30,9800.0,2026-07-29,2026-07-29,2026-07-14,True,False,2026-05-12
AL00217,AS002149,ENT0066,2024-02-29,DAIRY,1,0.5388487583422729,3.9178602691993944e-05,0.3474,0.4336,AMBER,AMBER>=0.38;RED>=0.58,27042.0,False,0.88,58.4,11.6,20200.0,960.0,9600.0,58.4,-25062.0,-6901.0,1980.0,receivable_stretch,0.3333,demand_trough,0.3243,climate_shock,0.2857,"{""model"": 0.45, ""rule"": 0.55}",hgb_stress_v1.2,rules_v1.2_18rules,2024-02-29,48500.0,2024-07-28,2024-07-28,2024-05-14,True,False,
AL00218,AS002151,ENT0066,2024-04-30,DAIRY,1,0.8400771906923066,0.0005086132584630136,0.5684,0.6907,RED,AMBER>=0.38;RED>=0.58,56692.0,False,0.897,35.4,10.8,11200.0,532.0,10000.0,35.4,-66157.0,-30003.0,-9465.0,margin_squeeze,1.0,climate_shock,0.2857,working_capital_erosion,0.2647,"{""model"": 0.45, ""rule"": 0.55}",hgb_stress_v1.2,rules_v1.2_18rules,2024-04-30,72000.0,2024-08-28,2024-08-28,2024-07-14,True,False,
AL00219,AS002153,ENT0066,2024-06-30,DAIRY,1,0.028473954202069728,0.003527439000939034,0.7263,0.4123,AMBER,AMBER>=0.38;RED>=0.58,22577.0,False,0.915,7.7,7.4,36500.0,1735.0,11700.0,7.7,-15734.0,2873.0,6843.0,margin_squeeze,1.0,working_capital_erosion,1.0,,0.0,"{""model"": 0.45, ""rule"": 0.55}",hgb_stress_v1.2,rules_v1.2_18rules,2024-06-30,18100.0,2024-08-29,2024-08-29,2024-09-13,True,False,2024-07-13
AL00220,AS002162,ENT0066,2025-03-31,DAIRY,1,0.8047085088492164,0.0003375477464143716,0.2211,0.4837,AMBER,AMBER>=0.38;RED>=0.58,46824.0,False,0.979,39.9,7.48,10500.0,499.0,13400.0,39.9,-54798.0,-22860.0,-7974.0,demand_trough,0.3243,working_capital_erosion,0.2647,,0.0,"{""model"": 0.45, ""rule"": 0.55}",hgb_stress_v1.2,rules_v1.2_18rules,2025-03-31,75300.0,2025-07-29,2025-07-29,2025-06-14,True,False,
AL00221,AS002164,ENT0066,2025-05-31,DAIRY,1,0.6914653312195223,0.00297604979286883,0.4105,0.5369,AMBER,AMBER>=0.38;RED>=0.58,31280.0,False,1.0,15.2,8.38,17700.0,841.0,7200.0,15.2,-30572.0,-9669.0,708.0,margin_squeeze,0.5714,working_capital_erosion,0.5588,,0.0,"{""model"": 0.45, ""rule"": 0.55}",hgb_stress_v1.2,rules_v1.2_18rules,2025-05-31,37400.0,2025-07-30,2025-07-30,2025-08-14,True,False,
AL00222,AS002173,ENT0066,2026-02-28,DAIRY,1,0.5624351805726757,1.9794177709679716e-05,0.5474,0.5542,AMBER,AMBER>=0.38;RED>=0.58,32322.0,False,1.0,44.0,8.4,13700.0,651.0,15600.0,44.0,-27213.0,-11465.0,5109.0,demand_trough,0.5946,receivable_stretch,0.3333,climate_shock,0.2857,"{""model"": 0.45, ""rule"": 0.55}",hgb_stress_v1.2,rules_v1.2_18rules,2026-02-28,79800.0,2026-08-27,2026-08-27,2026-05-14,True,False,
AL00223,AS002175,ENT0066,2026-04-30,DAIRY,1,0.8358402059051375,0.005204582599090074,0.8842,0.8624,RED,AMBER>=0.38;RED>=0.58,62643.0,False,1.0,20.4,7.39,7800.0,371.0,9000.0,20.4,-61564.0,-26530.0,1079.0,climate_shock,1.0,margin_squeeze,0.5714,working_capital_erosion,0.5588,"{""model"": 0.45, ""rule"": 0.55}",hgb_stress_v1.2,rules_v1.2_18rules,2026-04-30,94200.0,2026-10-27,2026-10-27,2026-07-14,True,False,
AL00224,AS002177,ENT0066,2026-06-30,DAIRY,1,0.011261449992287467,0.0005393128170541937,0.9474,0.5261,AMBER,AMBER>=0.38;RED>=0.58,,False,1.0,2.9,6.87,20700.0,984.0,7800.0,-6.4,,,,margin_squeeze,1.0,working_capital_erosion,1.0,debt_overhang,0.3056,"{""model"": 0.45, ""rule"": 0.55}",hgb_stress_v1.2,rules_v1.2_18rules,2026-06-30,16200.0,2026-11-27,2026-11-27,2026-09-13,True,False,
AL00225,AS002179,ENT0067,2023-11-30,HANDICRAFT,2,0.040579655592746774,0.7851561995713022,0.8316,0.4756,AMBER,AMBER>=0.38;RED>=0.58,64097.0,True,0.384,-0.9,-1.25,0.0,0.0,2800.0,-79.9,-39318.0,10794.0,24779.0,working_capital_erosion,0.7353,debt_overhang,0.5833,receivable_stretch,0.3636,"{""model"": 0.45, ""rule"": 0.55}",hgb_stress_v1.2,rules_v1.2_18rules,2023-11-30,34500.0,2024-02-28,2024-02-28,2024-02-13,True,False,
AL00226,AS002181,ENT0067,2024-01-31,HANDICRAFT,2,0.06544418277661748,0.0010120509298801909,1.0,0.5794,AMBER,AMBER>=0.38;RED>=0.58,55083.0,True,0.383,10.9,-0.8,0.0,0.0,4200.0,-95.2,-24531.0,26949.0,30552.0,debt_overhang,1.0,working_capital_erosion,0.7353,receivable_stretch,0.6667,"{""model"": 0.45, ""rule"": 0.55}",hgb_stress_v1.2,rules_v1.2_18rules,2024-01-31,25100.0,2024-04-30,2024-04-30,2024-04-15,True,False,
AL00227,AS002183,ENT0067,2024-03-31,HANDICRAFT,2,0.18869514715182611,0.0014003520289463127,1.0,0.6349,RED,AMBER>=0.38;RED>=0.58,33667.0,True,0.386,34.3,-0.29,0.0,0.0,8200.0,-109.8,-19018.0,7007.0,14649.0,receivable_stretch,1.0,working_capital_erosion,0.7353,debt_overhang,0.5833,"{""model"": 0.45, ""rule"": 0.55}",hgb_stress_v1.2,rules_v1.2_18rules,2024-03-31,27600.0,2024-08-28,2024-08-28,2024-06-14,True,False,
AL00228,AS002185,ENT0067,2024-05-31,HANDICRAFT,2,0.8167486787137213,0.0028826529017139555,0.8316,0.8249,RED,AMBER>=0.38;RED>=0.58,20181.0,True,0.393,23.7,0.02,0.0,0.0,2800.0,-92.8,-18930.0,-4465.0,1251.0,receivable_stretch,1.0,working_capital_erosion,0.7353,debt_overhang,0.5833,"{""model"": 0.45, ""rule"": 0.55}",hgb_stress_v1.2,rules_v1.2_18rules,2024-05-31,23200.0,2024-11-27,2024-11-27,2024-08-14,True,False,
AL00229,AS002187,ENT0067,2024-07-31,HANDICRAFT,2,0.056261342961900676,0.004912651437839169,1.0,0.5753,AMBER,AMBER>=0.38;RED>=0.58,49955.0,True,0.395,-4.8,-0.2,0.0,0.0,200.0,-100.4,-45784.0,1891.0,4171.0,receivable_stretch,1.0,working_capital_erosion,1.0,debt_overhang,0.5833,"{""model"": 0.45, ""rule"": 0.55}",hgb_stress_v1.2,rules_v1.2_18rules,2024-07-31,43000.0,2024-10-29,2024-10-29,2024-10-14,True,False,
AL00230,AS002189,ENT0067,2024-09-30,HANDICRAFT,2,0.04897330947065662,0.0005190838155933938,0.8,0.462,AMBER,AMBER>=0.38;RED>=0.58,45792.0,True,0.398,6.9,0.85,1200.0,57.0,2300.0,-81.1,-8847.0,26527.0,36945.0,working_capital_erosion,1.0,receivable_stretch,0.6667,debt_overhang,0.3056,"{""model"": 0.45, ""rule"": 0.55}",hgb_stress_v1.2,rules_v1.2_18rules,2024-09-30,9900.0,2024-10-30,2024-10-30,2024-12-14,True,False,
AL00231,AS002191,ENT0067,2024-11-30,HANDICRAFT,2,0.38721008463174733,0.00366421650586446,0.9263,0.6837,RED,AMBER>=0.38;RED>=0.58,15168.0,True,0.398,5.1,2.75,3200.0,152.0,500.0,-88.7,24611.0,33979.0,39779.0,working_capital_erosion,1.0,demand_trough,0.5946,receivable_stretch,0.3636,"{""model"": 0.45, ""rule"": 0.55}",hgb_stress_v1.2,rules_v1.2_18rules,2024-11-30,7100.0,2024-12-30,2024-12-30,2025-02-13,True,False,
AL00232,AS002193,ENT0067,2025-01-31,HANDICRAFT,2,0.8047223007157897,2.4172801118560583e-05,0.8,0.8021,RED,AMBER>=0.38;RED>=0.58,25349.0,True,0.393,30.6,,21700.0,1032.0,8600.0,11.9,-9054.0,3268.0,16295.0,receivable_stretch,1.0,demand_trough,0.3243,debt_overhang,0.3056,"{""model"": 0.45, ""rule"": 0.55}",hgb_stress_v1.2,rules_v1.2_18rules,2025-01-31,16200.0,2025-03-02,2025-03-02,2025-04-16,True,False,
AL00233,AS002196,ENT0067,2025-04-30,HANDICRAFT,2,0.18847579440190518,7.464485461927568e-05,1.0,0.6348,RED,AMBER>=0.38;RED>=0.58,22616.0,True,0.392,25.4,,7000.0,333.0,3200.0,6.7,-16400.0,-5296.0,6216.0,receivable_stretch,1.0,working_capital_erosion,0.7353,climate_shock,0.7143,"{""model"": 0.45, ""rule"": 0.55}",hgb_stress_v1.2,rules_v1.2_18rules,2025-04-30,37900.0,2025-08-28,2025-08-28,2025-07-14,True,False,
AL00234,AS002198,ENT0067,2025-06-30,HANDICRAFT,2,0.8565342024733695,0.00012088320814844453,0.7474,0.7965,RED,AMBER>=0.38;RED>=0.58,14482.0,True,0.4,15.2,,1500.0,71.0,200.0,15.2,-14198.0,-11301.0,284.0,receivable_stretch,1.0,working_capital_erosion,0.5588,demand_trough,0.2703,"{""model"": 0.45, ""rule"": 0.55}",hgb_stress_v1.2,rules_v1.2_18rules,2025-06-30,39400.0,2025-12-27,2025-12-27,2025-09-13,True,False,
AL00235,AS002200,ENT0067,2025-08-31,HANDICRAFT,2,0.056259662485116935,0.0008439867928300768,0.7895,0.4595,AMBER,AMBER>=0.38;RED>=0.58,32893.0,True,0.407,-2.2,,6600.0,314.0,300.0,-2.2,-9123.0,12668.0,23770.0,working_capital_erosion,1.0,receivable_stretch,0.6667,demand_trough,0.2703,"{""model"": 0.45, ""rule"": 0.55}",hgb_stress_v1.2,rules_v1.2_18rules,2025-08-31,12400.0,2025-10-30,2025-10-30,2025-11-14,True,False,
AL00236,AS002202,ENT0067,2025-10-31,HANDICRAFT,2,0.006924177837235768,5.205369200638816e-05,1.0,0.5531,AMBER,AMBER>=0.38;RED>=0.58,48007.0,True,0.397,9.0,,11500.0,547.0,3400.0,-8.2,-2378.0,29052.0,45629.0,receivable_stretch,1.0,working_capital_erosion,1.0,demand_trough,0.5946,"{""model"": 0.45, ""rule"": 0.55}",hgb_stress_v1.2,rules_v1.2_18rules,2025-10-31,2100.0,2025-11-30,2025-11-30,2026-01-14,True,False,
AL00237,AS002204,ENT0067,2025-12-31,HANDICRAFT,2,0.009767465450102085,0.00012822194602583038,1.0,0.5544,AMBER,AMBER>=0.38;RED>=0.58,42773.0,True,0.403,-6.8,,2100.0,100.0,300.0,-26.8,2800.0,38681.0,45573.0,receivable_stretch,1.0,working_capital_erosion,1.0,demand_trough,0.5946,"{""model"": 0.45, ""rule"": 0.55}",hgb_stress_v1.2,rules_v1.2_18rules,2025-12-31,1700.0,2026-01-30,2026-01-30,2026-03-16,True,False,
AL00238,AS002208,ENT0067,2026-04-30,HANDICRAFT,2,0.0069081917024883775,0.00012528841383841773,0.8105,0.4489,AMBER,AMBER>=0.38;RED>=0.58,36169.0,True,0.404,52.1,,4100.0,195.0,200.0,52.1,-15769.0,20286.0,20400.0,receivable_stretch,1.0,climate_shock,0.7143,demand_trough,0.2703,"{""model"": 0.45, ""rule"": 0.55}",hgb_stress_v1.2,rules_v1.2_18rules,2026-04-30,57500.0,2026-09-27,2026-09-27,2026-07-14,True,False,
AL00239,AS002232,ENT0068,2025-07-31,RETAIL,6,1.119544150293261e-05,2.723344265640601e-06,0.7895,0.4342,AMBER,AMBER>=0.38;RED>=0.58,171880.0,False,0.934,75.0,,467100.0,22207.0,49100.0,75.0,32068.0,162219.0,203948.0,margin_squeeze,1.0,receivable_stretch,0.6364,demand_trough,0.2703,"{""model"": 0.45, ""rule"": 0.55}",hgb_stress_v1.2,rules_v1.2_18rules,2025-07-31,24000.0,2025-09-29,2025-09-29,2025-10-14,True,False,
AL00240,AS002245,ENT0069,2023-11-30,HANDICRAFT,2,0.4283494037036218,0.0010386329593685681,0.6316,0.5401,AMBER,AMBER>=0.38;RED>=0.58,107831.0,False,0.68,2.5,,0.0,0.0,5700.0,-43.1,-21785.0,74280.0,86046.0,working_capital_erosion,0.7353,receivable_stretch,0.3636,demand_trough,0.3243,"{""model"": 0.45, ""rule"": 0.55}",hgb_stress_v1.2,rules_v1.2_18rules,2023-11-30,17800.0,2023-12-30,2023-12-30,2024-02-13,True,False,
AL00241,AS002260,ENT0069,2025-02-28,HANDICRAFT,2,5.3360276429230415e-05,1.1918390844538026e-05,0.8211,0.4516,AMBER,AMBER>=0.38;RED>=0.58,52358.0,False,0.725,118.0,,38000.0,1807.0,800.0,118.0,14930.0,31204.0,67288.0,demand_trough,1.0,receivable_stretch,0.697,working_capital_erosion,0.2647,"{""model"": 0.45, ""rule"": 0.55}",hgb_stress_v1.2,rules_v1.2_18rules,2025-02-28,17700.0,2025-08-27,2025-08-27,2025-05-14,True,False,
AL00242,AS002330,ENT0071,2025-06-30,RETAIL,2,0.0012930715412602753,2.2899733219014982e-05,0.6947,0.3827,AMBER,AMBER>=0.38;RED>=0.58,51509.0,False,0.868,61.3,6.05,207300.0,9855.0,24100.0,61.3,1361.0,31575.0,52870.0,margin_squeeze,0.7429,receivable_stretch,0.6364,demand_trough,0.2703,"{""model"": 0.45, ""rule"": 0.55}",hgb_stress_v1.2,rules_v1.2_18rules,2025-06-30,12400.0,2025-08-29,2025-08-29,2025-09-13,True,False,
AL00243,AS002332,ENT0071,2025-08-31,RETAIL,2,0.0003939288227215902,1.5656693240392043e-05,0.6947,0.3823,AMBER,AMBER>=0.38;RED>=0.58,58174.0,False,0.889,56.0,6.13,241100.0,11462.0,27500.0,56.0,63873.0,110575.0,122047.0,margin_squeeze,0.7429,receivable_stretch,0.6364,demand_trough,0.2703,"{""model"": 0.45, ""rule"": 0.55}",hgb_stress_v1.2,rules_v1.2_18rules,2025-08-31,2900.0,2025-09-30,2025-09-30,2025-11-14,True,False,
AL00244,AS002344,ENT0072,2023-11-30,HANDICRAFT,6,0.4788593902448934,0.013489022730480858,0.7895,0.6497,RED,AMBER>=0.38;RED>=0.58,44153.0,False,0.797,7.4,-1.91,0.0,0.0,3100.0,-18.4,-12693.0,28951.0,31460.0,working_capital_erosion,0.7353,debt_overhang,0.7222,receivable_stretch,0.3636,"{""model"": 0.45, ""rule"": 0.55}",hgb_stress_v1.2,rules_v1.2_18rules,2023-11-30,12200.0,2023-12-30,2023-12-30,2024-02-13,True,False,
AL00245,AS002377,ENT0073,2023-11-30,FOODPROC,3,0.6718764230612595,0.010891533174593638,0.8632,0.7771,RED,AMBER>=0.38;RED>=0.58,89351.0,False,0.871,1.9,-0.35,0.0,0.0,41800.0,-19.5,-2041.0,32824.0,87310.0,working_capital_erosion,0.7353,demand_trough,0.7297,debt_overhang,0.5833,"{""model"": 0.45, ""rule"": 0.55}",hgb_stress_v1.2,rules_v1.2_18rules,2023-11-30,37600.0,2024-04-28,2024-04-28,2024-02-13,True,False,
AL00246,AS002382,ENT0073,2024-04-30,FOODPROC,3,0.026584424188887474,6.826050729187345e-05,0.7684,0.4346,AMBER,AMBER>=0.38;RED>=0.58,204822.0,False,0.91,8.3,0.86,31000.0,1474.0,54300.0,-0.9,20126.0,171812.0,224948.0,working_capital_erosion,0.7353,demand_trough,0.7297,debt_overhang,0.5833,"{""model"": 0.45, ""rule"": 0.55}",hgb_stress_v1.2,rules_v1.2_18rules,2024-04-30,13600.0,2024-05-30,2024-05-30,2024-07-14,True,False,
AL00247,AS002394,ENT0073,2025-04-30,FOODPROC,3,8.432857146384784e-05,2.2732633832604463e-06,0.7474,0.4111,AMBER,AMBER>=0.38;RED>=0.58,154817.0,False,1.0,52.7,,343400.0,16326.0,63700.0,52.7,57230.0,196587.0,212047.0,climate_shock,1.0,demand_trough,0.7297,working_capital_erosion,0.2647,"{""model"": 0.45, ""rule"": 0.55}",hgb_stress_v1.2,rules_v1.2_18rules,2025-04-30,4100.0,2025-05-30,2025-05-30,2025-07-14,True,False,
AL00248,AS002410,ENT0074,2023-11-30,FOODPROC,3,0.0703409216016888,4.885934301604359e-05,0.7895,0.4659,AMBER,AMBER>=0.38;RED>=0.58,119956.0,False,0.802,6.1,,0.0,0.0,67200.0,-0.6,40847.0,98491.0,160803.0,working_capital_erosion,0.7353,demand_trough,0.7297,receivable_stretch,0.3636,"{""model"": 0.45, ""rule"": 0.55}",hgb_stress_v1.2,rules_v1.2_18rules,2023-11-30,18200.0,2023-12-30,2023-12-30,2024-02-13,True,False,2023-12-08
AL00249,AS002427,ENT0074,2025-04-30,FOODPROC,3,3.3616234042920845e-05,1.0913391547664085e-06,0.7474,0.4111,AMBER,AMBER>=0.38;RED>=0.58,316510.0,False,0.928,70.4,,386100.0,18356.0,152200.0,70.4,14002.0,244148.0,330512.0,climate_shock,1.0,demand_trough,0.7297,working_capital_erosion,0.2647,"{""model"": 0.45, ""rule"": 0.55}",hgb_stress_v1.2,rules_v1.2_18rules,2025-04-30,11500.0,2025-05-30,2025-05-30,2025-07-14,True,False,
AL00250,AS002439,ENT0074,2026-04-30,FOODPROC,3,5.499948581666189e-05,4.872353818030027e-06,0.7474,0.4111,AMBER,AMBER>=0.38;RED>=0.58,316999.0,False,1.0,63.1,,396300.0,18841.0,118200.0,63.1,-20558.0,241055.0,296441.0,demand_trough,1.0,climate_shock,0.7143,working_capital_erosion,0.2647,"{""model"": 0.45, ""rule"": 0.55}",hgb_stress_v1.2,rules_v1.2_18rules,2026-04-30,21500.0,2026-07-29,2026-07-29,2026-07-14,True,False,2026-05-12
AL00251,AS002460,ENT0075,2025-04-30,POULTRY,6,0.8906858680920163,0.0032729749128399257,0.8,0.8408,RED,AMBER>=0.38;RED>=0.58,249601.0,False,0.693,30.7,3.28,39300.0,1868.0,120600.0,30.7,-187248.0,-52700.0,62353.0,climate_shock,0.7143,demand_trough,0.5946,margin_squeeze,0.5714,"{""model"": 0.45, ""rule"": 0.55}",hgb_stress_v1.2,rules_v1.2_18rules,2025-04-30,295500.0,2025-10-27,2025-10-27,2025-07-14,True,False,2025-05-09
AL00252,AS002462,ENT0075,2025-06-30,POULTRY,6,0.8767801314918862,0.0012501382231216807,0.6947,0.7766,RED,AMBER>=0.38;RED>=0.58,207851.0,False,0.699,60.6,3.97,50300.0,2391.0,0.0,60.6,-148835.0,-47036.0,59016.0,margin_squeeze,1.0,demand_trough,0.5946,working_capital_erosion,0.2647,"{""model"": 0.45, ""rule"": 0.55}",hgb_stress_v1.2,rules_v1.2_18rules,2025-06-30,182100.0,2025-12-27,2025-12-27,2025-09-13,True,False,
AL00253,AS002464,ENT0075,2025-08-31,POULTRY,6,0.2001421405709435,0.05082448031155869,0.5684,0.4027,AMBER,AMBER>=0.38;RED>=0.58,173039.0,False,0.714,17.9,3.54,121500.0,5776.0,0.0,17.9,-63719.0,19564.0,109320.0,margin_squeeze,1.0,working_capital_erosion,0.5588,,0.0,"{""model"": 0.45, ""rule"": 0.55}",hgb_stress_v1.2,rules_v1.2_18rules,2025-08-31,124400.0,2025-12-29,2025-12-29,2025-11-14,True,False,
AL00254,AS002466,ENT0075,2025-10-31,POULTRY,6,0.010939802476440578,0.0211201830351186,0.6842,0.3812,AMBER,AMBER>=0.38;RED>=0.58,182480.0,False,0.73,0.6,2.02,87100.0,4141.0,31300.0,-16.2,-23598.0,63967.0,158882.0,working_capital_erosion,1.0,receivable_stretch,0.3333,debt_overhang,0.3056,"{""model"": 0.45, ""rule"": 0.55}",hgb_stress_v1.2,rules_v1.2_18rules,2025-10-31,67400.0,2026-03-30,2026-03-30,2026-01-14,True,False,
AL00255,AS002472,ENT0075,2026-04-30,POULTRY,6,0.022077445507845024,0.003699253413483445,0.7053,0.3978,AMBER,AMBER>=0.38;RED>=0.58,138655.0,False,0.749,116.8,5.43,146100.0,6946.0,0.0,116.8,-80859.0,-2320.0,57796.0,climate_shock,0.7143,demand_trough,0.5946,margin_squeeze,0.5714,"{""model"": 0.45, ""rule"": 0.55}",hgb_stress_v1.2,rules_v1.2_18rules,2026-04-30,165000.0,2026-09-27,2026-09-27,2026-07-14,True,False,
AL00256,AS002474,ENT0075,2026-06-30,POULTRY,6,0.042086358246459316,0.08526743295552604,0.6947,0.401,AMBER,AMBER>=0.38;RED>=0.58,,False,0.759,8.5,3.64,99800.0,4745.0,31100.0,8.5,,,,margin_squeeze,1.0,working_capital_erosion,0.5588,demand_trough,0.3243,"{""model"": 0.45, ""rule"": 0.55}",hgb_stress_v1.2,rules_v1.2_18rules,2026-06-30,181200.0,2026-11-27,2026-11-27,2026-09-13,True,False,
AL00257,AS002476,ENT0076,2023-11-30,HANDICRAFT,5,0.24230472279409834,0.028857291280767184,0.8316,0.5664,AMBER,AMBER>=0.38;RED>=0.58,44498.0,False,0.86,2.4,-1.63,0.0,0.0,8600.0,-63.8,-4539.0,34087.0,39959.0,working_capital_erosion,0.7353,debt_overhang,0.5833,receivable_stretch,0.3636,"{""model"": 0.45, ""rule"": 0.55}",hgb_stress_v1.2,rules_v1.2_18rules,2023-11-30,17700.0,2023-12-30,2023-12-30,2024-02-13,True,False,
AL00258,AS002478,ENT0076,2024-01-31,HANDICRAFT,5,0.6998259865654524,0.010352742483438674,0.7368,0.7202,RED,AMBER>=0.38;RED>=0.58,36651.0,False,0.884,47.6,0.98,1600.0,76.0,20800.0,0.1,-26426.0,-5277.0,10225.0,working_capital_erosion,0.7353,debt_overhang,0.5833,receivable_stretch,0.3636,"{""model"": 0.45, ""rule"": 0.55}",hgb_stress_v1.2,rules_v1.2_18rules,2024-01-31,64500.0,2024-07-29,2024-07-29,2024-04-15,True,False,
AL00259,AS002480,ENT0076,2024-03-31,HANDICRAFT,5,0.7499462470212255,0.1146165959923192,0.7368,0.7427,RED,AMBER>=0.38;RED>=0.58,41090.0,False,0.886,5.5,0.75,1900.0,90.0,12100.0,-22.9,-28896.0,-4672.0,12194.0,working_capital_erosion,0.7353,debt_overhang,0.5833,receivable_stretch,0.3636,"{""model"": 0.45, ""rule"": 0.55}",hgb_stress_v1.2,rules_v1.2_18rules,2024-03-31,52200.0,2024-09-27,2024-09-27,2024-06-14,True,False,
AL00260,AS002482,ENT0076,2024-05-31,HANDICRAFT,5,0.09915012600759177,0.0022169110084227306,0.7053,0.4325,AMBER,AMBER>=0.38;RED>=0.58,13942.0,False,0.91,14.0,0.8,2200.0,105.0,10200.0,-28.6,-16929.0,-12876.0,-2987.0,working_capital_erosion,0.7353,debt_overhang,0.5833,receivable_stretch,0.3636,"{""model"": 0.45, ""rule"": 0.55}",hgb_stress_v1.2,rules_v1.2_18rules,2024-05-31,32600.0,2024-11-27,2024-11-27,2024-08-14,True,False,
AL00261,AS002484,ENT0076,2024-07-31,HANDICRAFT,5,0.13459826620572252,0.0013870401484222094,0.6105,0.3963,AMBER,AMBER>=0.38;RED>=0.58,46993.0,False,0.916,16.2,0.88,2000.0,95.0,8600.0,-34.5,-26375.0,-8243.0,20618.0,working_capital_erosion,0.7353,debt_overhang,0.5833,receivable_stretch,0.3636,"{""model"": 0.45, ""rule"": 0.55}",hgb_stress_v1.2,rules_v1.2_18rules,2024-07-31,26700.0,2024-10-29,2024-10-29,2024-10-14,True,False,
AL00262,AS002488,ENT0076,2024-11-30,HANDICRAFT,5,0.007102910952436284,7.584743091044994e-05,0.8316,0.4606,AMBER,AMBER>=0.38;RED>=0.58,37011.0,False,0.937,13.9,3.29,47100.0,2239.0,3900.0,-11.9,21914.0,48408.0,58925.0,working_capital_erosion,0.7353,demand_trough,0.5946,receivable_stretch,0.3636,"{""model"": 0.45, ""rule"": 0.55}",hgb_stress_v1.2,rules_v1.2_18rules,2024-11-30,2200.0,2024-12-30,2024-12-30,2025-02-13,True,False,
AL00263,AS002501,ENT0076,2025-12-31,HANDICRAFT,5,0.013823018594197004,3.813069313285747e-05,0.7684,0.4288,AMBER,AMBER>=0.38;RED>=0.58,73590.0,False,0.999,23.4,,15600.0,742.0,1600.0,23.4,-3430.0,56601.0,70160.0,receivable_stretch,1.0,demand_trough,0.5946,working_capital_erosion,0.2647,"{""model"": 0.45, ""rule"": 0.55}",hgb_stress_v1.2,rules_v1.2_18rules,2025-12-31,4200.0,2026-04-30,2026-04-30,2026-03-16,True,False,
AL00264,AS002509,ENT0077,2023-11-30,HANDICRAFT,5,0.12301068104993153,0.000131230799933901,0.6,0.3854,AMBER,AMBER>=0.38;RED>=0.58,100402.0,False,0.901,5.5,,0.0,0.0,1400.0,-37.2,-17198.0,75517.0,83204.0,working_capital_erosion,0.7353,demand_trough,0.3243,debt_overhang,0.3056,"{""model"": 0.45, ""rule"": 0.55}",hgb_stress_v1.2,rules_v1.2_18rules,2023-11-30,19700.0,2024-04-28,2024-04-28,2024-02-13,True,False,
AL00265,AS002524,ENT0077,2025-02-28,HANDICRAFT,5,2.622134145609563e-05,7.63095852848659e-06,0.8316,0.4574,AMBER,AMBER>=0.38;RED>=0.58,63801.0,False,0.945,121.6,,27700.0,1317.0,700.0,121.6,21442.0,42898.0,85243.0,receivable_stretch,1.0,demand_trough,1.0,margin_squeeze,0.2571,"{""model"": 0.45, ""rule"": 0.55}",hgb_stress_v1.2,rules_v1.2_18rules,2025-02-28,8000.0,2025-04-29,2025-04-29,2025-05-14,True,False,
AL00266,AS002526,ENT0077,2025-04-30,HANDICRAFT,5,0.00015216232981178992,2.816190157529644e-06,0.7053,0.388,AMBER,AMBER>=0.38;RED>=0.58,105708.0,False,0.942,144.3,,62500.0,2971.0,12500.0,144.3,-42489.0,16582.0,63219.0,receivable_stretch,1.0,climate_shock,0.7143,working_capital_erosion,0.2647,"{""model"": 0.45, ""rule"": 0.55}",hgb_stress_v1.2,rules_v1.2_18rules,2025-04-30,85700.0,2025-08-28,2025-08-28,2025-07-14,True,False,
AL00267,AS002575,ENT0079,2023-11-30,HANDICRAFT,2,0.28852978230337417,0.003947817278842611,0.8947,0.6219,RED,AMBER>=0.38;RED>=0.58,109459.0,False,0.826,15.5,-3.05,0.0,0.0,4300.0,-41.0,-24270.0,71615.0,85189.0,debt_overhang,1.0,working_capital_erosion,0.7353,receivable_stretch,0.3636,"{""model"": 0.45, ""rule"": 0.55}",hgb_stress_v1.2,rules_v1.2_18rules,2023-11-30,18700.0,2024-04-28,2024-04-28,2024-02-13,True,False,
AL00268,AS002577,ENT0079,2024-01-31,HANDICRAFT,2,0.02876335536552925,0.00019967849020744965,0.8316,0.4703,AMBER,AMBER>=0.38;RED>=0.58,37699.0,False,0.829,9.8,-0.11,0.0,0.0,800.0,-5.1,10739.0,44852.0,48438.0,working_capital_erosion,0.7353,receivable_stretch,0.3636,demand_trough,0.3243,"{""model"": 0.45, ""rule"": 0.55}",hgb_stress_v1.2,rules_v1.2_18rules,2024-01-31,16800.0,2024-03-31,2024-03-31,2024-04-15,True,False,
AL00269,AS002612,ENT0080,2024-03-31,DAIRY,3,0.8436815396811593,0.01690825537256843,0.3368,0.5649,AMBER,AMBER>=0.38;RED>=0.58,77008.0,False,0.884,44.8,3.16,12400.0,590.0,18700.0,44.8,-85379.0,-48874.0,-8371.0,margin_squeeze,0.5714,demand_trough,0.3243,,0.0,"{""model"": 0.45, ""rule"": 0.55}",hgb_stress_v1.2,rules_v1.2_18rules,2024-03-31,105700.0,2024-08-28,2024-08-28,2024-06-14,True,False,
AL00270,AS002614,ENT0080,2024-05-31,DAIRY,3,0.23513612803798128,0.917186107661715,0.5684,0.4184,AMBER,AMBER>=0.38;RED>=0.58,34467.0,False,0.9,14.0,2.01,10900.0,518.0,16000.0,14.0,-36026.0,-20667.0,-1559.0,margin_squeeze,1.0,working_capital_erosion,0.5588,,0.0,"{""model"": 0.45, ""rule"": 0.55}",hgb_stress_v1.2,rules_v1.2_18rules,2024-05-31,47300.0,2024-07-30,2024-07-30,2024-08-14,True,False,
AL00271,AS002616,ENT0080,2024-07-31,DAIRY,3,0.010450164826764858,0.06154118287045484,0.9579,0.5315,AMBER,AMBER>=0.38;RED>=0.58,26920.0,False,0.902,0.6,1.09,22100.0,1051.0,10300.0,-13.2,-5694.0,16566.0,21226.0,working_capital_erosion,1.0,debt_overhang,0.7222,margin_squeeze,0.5714,"{""model"": 0.45, ""rule"": 0.55}",hgb_stress_v1.2,rules_v1.2_18rules,2024-07-31,5900.0,2024-09-29,2024-09-29,2024-10-14,True,False,
AL00272,AS002623,ENT0080,2025-02-28,DAIRY,3,0.8474780372253713,0.06477147442129778,0.1263,0.4508,AMBER,AMBER>=0.38;RED>=0.58,69930.0,False,0.934,26.6,1.34,5400.0,257.0,13700.0,26.6,-69801.0,-30121.0,129.0,demand_trough,0.3243,,0.0,,0.0,"{""model"": 0.45, ""rule"": 0.55}",hgb_stress_v1.2,rules_v1.2_18rules,2025-02-28,118300.0,2025-07-28,2025-07-28,2025-05-14,True,False,
AL00273,AS002625,ENT0080,2025-04-30,DAIRY,3,0.22196470935295481,0.9573169532079493,1.0,0.6499,RED,AMBER>=0.38;RED>=0.58,114741.0,False,0.932,4.5,1.24,4000.0,190.0,9900.0,4.5,-111753.0,-30583.0,2988.0,climate_shock,1.0,working_capital_erosion,1.0,margin_squeeze,0.5714,"{""model"": 0.45, ""rule"": 0.55}",hgb_stress_v1.2,rules_v1.2_18rules,2025-04-30,107800.0,2025-07-29,2025-07-29,2025-07-14,True,False,
AL00274,AS002627,ENT0080,2025-06-30,DAIRY,3,0.01326582681786969,0.07444646445109422,1.0,0.556,AMBER,AMBER>=0.38;RED>=0.58,39485.0,False,0.943,4.9,1.34,5400.0,257.0,12400.0,-21.3,-26487.0,-10775.0,12998.0,margin_squeeze,1.0,working_capital_erosion,1.0,debt_overhang,0.7222,"{""model"": 0.45, ""rule"": 0.55}",hgb_stress_v1.2,rules_v1.2_18rules,2025-06-30,25100.0,2025-09-28,2025-09-28,2025-09-13,True,False,
AL00275,AS002630,ENT0080,2025-09-30,DAIRY,3,0.012558421140441036,0.17512359108263026,0.6947,0.3877,AMBER,AMBER>=0.38;RED>=0.58,47306.0,False,0.945,-0.7,0.57,2900.0,138.0,7100.0,-59.0,-3028.0,35400.0,44278.0,working_capital_erosion,0.7353,receivable_stretch,0.3333,debt_overhang,0.3056,"{""model"": 0.45, ""rule"": 0.55}",hgb_stress_v1.2,rules_v1.2_18rules,2025-09-30,14500.0,2026-02-27,2026-02-27,2025-12-14,True,False,
AL00276,AS002633,ENT0080,2025-12-31,DAIRY,3,0.04114742366313491,0.0027208079164755938,0.8737,0.4991,AMBER,AMBER>=0.38;RED>=0.58,46221.0,False,0.966,15.1,0.9,4900.0,233.0,11800.0,-29.9,-12959.0,24455.0,33262.0,working_capital_erosion,0.7353,debt_overhang,0.7222,receivable_stretch,0.3333,"{""model"": 0.45, ""rule"": 0.55}",hgb_stress_v1.2,rules_v1.2_18rules,2025-12-31,61300.0,2026-06-29,2026-06-29,2026-03-16,True,False,
AL00277,AS002636,ENT0080,2026-03-31,DAIRY,3,0.7263018470626259,0.02116865955038484,0.9158,0.8305,RED,AMBER>=0.38;RED>=0.58,87410.0,False,0.972,5.7,0.5,600.0,29.0,12300.0,-23.8,-83109.0,-14208.0,4301.0,working_capital_erosion,1.0,receivable_stretch,0.3333,demand_trough,0.3243,"{""model"": 0.45, ""rule"": 0.55}",hgb_stress_v1.2,rules_v1.2_18rules,2026-03-31,116700.0,2026-08-28,2026-08-28,2026-06-14,True,False,
AL00278,AS002638,ENT0080,2026-05-31,DAIRY,3,0.11803051819165826,0.0025523327345593158,0.9579,0.58,RED,AMBER>=0.38;RED>=0.58,75327.0,False,0.978,-2.1,0.34,300.0,14.0,9300.0,-42.8,-66053.0,-13713.0,9274.0,margin_squeeze,1.0,working_capital_erosion,1.0,receivable_stretch,0.3333,"{""model"": 0.45, ""rule"": 0.55}",hgb_stress_v1.2,rules_v1.2_18rules,2026-05-31,63200.0,2026-08-29,2026-08-29,2026-08-14,True,False,
AL00279,AS002646,ENT0081,2024-04-30,DAIRY,4,0.7503795943459066,0.006438382216465882,0.5789,0.6561,RED,AMBER>=0.38;RED>=0.58,88126.0,False,0.655,28.5,3.86,20500.0,975.0,13100.0,28.5,-80950.0,-37422.0,7176.0,margin_squeeze,1.0,receivable_stretch,0.3333,working_capital_erosion,0.2647,"{""model"": 0.45, ""rule"": 0.55}",hgb_stress_v1.2,rules_v1.2_18rules,2024-04-30,80600.0,2024-07-29,2024-07-29,2024-07-14,True,False,
AL00280,AS002648,ENT0081,2024-06-30,DAIRY,4,0.29887409490274647,0.005603410796677239,0.6737,0.505,AMBER,AMBER>=0.38;RED>=0.58,32820.0,False,0.679,15.7,3.2,64900.0,3085.0,25300.0,15.7,-7873.0,-6754.0,24947.0,margin_squeeze,1.0,working_capital_erosion,0.5588,climate_shock,0.2857,"{""model"": 0.45, ""rule"": 0.55}",hgb_stress_v1.2,rules_v1.2_18rules,2024-06-30,41500.0,2024-10-28,2024-10-28,2024-09-13,True,False,2024-07-02
AL00281,AS002650,ENT0081,2024-08-31,DAIRY,4,0.05290084996183252,0.0044951633120323,0.6842,0.4001,AMBER,AMBER>=0.38;RED>=0.58,83372.0,False,0.687,7.3,3.36,101600.0,4830.0,12400.0,7.3,-14197.0,53786.0,69175.0,working_capital_erosion,1.0,margin_squeeze,0.5714,receivable_stretch,0.3333,"{""model"": 0.45, ""rule"": 0.55}",hgb_stress_v1.2,rules_v1.2_18rules,2024-08-31,38100.0,2025-01-28,2025-01-28,2024-11-14,True,False,
AL00282,AS002670,ENT0081,2026-04-30,DAIRY,4,0.5322560399861231,0.019163698238974354,0.8947,0.7316,RED,AMBER>=0.38;RED>=0.58,84650.0,False,0.799,19.9,4.17,31300.0,1488.0,16600.0,19.9,-68585.0,-30162.0,16065.0,climate_shock,0.7143,margin_squeeze,0.5714,working_capital_erosion,0.5588,"{""model"": 0.45, ""rule"": 0.55}",hgb_stress_v1.2,rules_v1.2_18rules,2026-04-30,69100.0,2026-07-29,2026-07-29,2026-07-14,True,False,
AL00283,AS002672,ENT0081,2026-06-30,DAIRY,4,0.009418424754947072,0.004427552103168357,0.8316,0.4616,AMBER,AMBER>=0.38;RED>=0.58,,False,0.814,6.1,4.01,64100.0,3047.0,15700.0,6.1,,,,margin_squeeze,1.0,working_capital_erosion,1.0,climate_shock,0.2857,"{""model"": 0.45, ""rule"": 0.55}",hgb_stress_v1.2,rules_v1.2_18rules,2026-06-30,35900.0,2026-10-28,2026-10-28,2026-09-13,True,False,2026-07-17
AL00284,AS002680,ENT0082,2024-05-31,DAIRY,4,0.14837504000806068,0.00012970915196487318,0.6842,0.4431,AMBER,AMBER>=0.38;RED>=0.58,38451.0,False,0.838,29.3,10.1,14900.0,708.0,3600.0,29.3,-29207.0,-2440.0,9244.0,margin_squeeze,1.0,receivable_stretch,0.3333,climate_shock,0.2857,"{""model"": 0.45, ""rule"": 0.55}",hgb_stress_v1.2,rules_v1.2_18rules,2024-05-31,32300.0,2024-07-30,2024-07-30,2024-08-14,True,False,
AL00285,AS002703,ENT0082,2026-04-30,DAIRY,4,0.23208337516818794,5.4904228393063144e-05,0.5684,0.4171,AMBER,AMBER>=0.38;RED>=0.58,44983.0,False,1.0,38.3,24.62,10500.0,499.0,9200.0,38.3,-52240.0,-22019.0,-7257.0,climate_shock,0.7143,margin_squeeze,0.5714,working_capital_erosion,0.2647,"{""model"": 0.45, ""rule"": 0.55}",hgb_stress_v1.2,rules_v1.2_18rules,2026-04-30,69200.0,2026-08-28,2026-08-28,2026-07-14,True,False,
AL00286,AS002707,ENT0083,2023-11-30,FOODPROC,1,0.19540428808922491,0.009060023818887696,0.8211,0.5395,AMBER,AMBER>=0.38;RED>=0.58,158342.0,False,0.719,3.9,-6.55,0.0,0.0,70500.0,-3.1,8650.0,84919.0,166992.0,working_capital_erosion,0.7353,demand_trough,0.7297,debt_overhang,0.7222,"{""model"": 0.45, ""rule"": 0.55}",hgb_stress_v1.2,rules_v1.2_18rules,2023-11-30,159800.0,2024-04-28,2024-04-28,2024-02-13,True,False,
AL00287,AS002709,ENT0083,2024-01-31,FOODPROC,1,0.9124640972544477,0.7449269331405624,0.6421,0.7638,RED,AMBER>=0.38;RED>=0.58,270626.0,False,0.73,15.0,-1.98,0.0,0.0,79300.0,7.6,-145957.0,16278.0,124669.0,working_capital_erosion,0.7353,debt_overhang,0.7222,climate_shock,0.2857,"{""model"": 0.45, ""rule"": 0.55}",hgb_stress_v1.2,rules_v1.2_18rules,2024-01-31,140800.0,2024-05-30,2024-05-30,2024-04-15,True,False,
AL00288,AS002711,ENT0083,2024-03-31,FOODPROC,1,0.07537130430885795,0.9378946612539735,0.7053,0.4218,AMBER,AMBER>=0.38;RED>=0.58,277211.0,False,0.749,-1.1,-2.33,0.0,0.0,69700.0,-6.4,-55120.0,187280.0,222091.0,working_capital_erosion,0.7353,demand_trough,0.3243,debt_overhang,0.3056,"{""model"": 0.45, ""rule"": 0.55}",hgb_stress_v1.2,rules_v1.2_18rules,2024-03-31,102700.0,2024-07-29,2024-07-29,2024-06-14,True,False,
AL00289,AS002713,ENT0083,2024-05-31,FOODPROC,1,0.010776791243989196,0.005308594522222302,0.9263,0.5143,AMBER,AMBER>=0.38;RED>=0.58,366048.0,False,0.766,15.1,-0.53,0.0,0.0,114400.0,2.3,-51113.0,188257.0,314935.0,working_capital_erosion,0.7353,demand_trough,0.7297,debt_overhang,0.7222,"{""model"": 0.45, ""rule"": 0.55}",hgb_stress_v1.2,rules_v1.2_18rules,2024-05-31,55900.0,2024-08-29,2024-08-29,2024-08-14,True,False,
AL00290,AS002736,ENT0083,2026-04-30,FOODPROC,1,5.204087028239178e-05,1.608372956428415e-05,0.9474,0.5211,AMBER,AMBER>=0.38;RED>=0.58,552071.0,False,0.922,37.7,7.97,357500.0,16996.0,121800.0,37.7,-103750.0,307212.0,448321.0,climate_shock,1.0,demand_trough,1.0,working_capital_erosion,0.2647,"{""model"": 0.45, ""rule"": 0.55}",hgb_stress_v1.2,rules_v1.2_18rules,2026-04-30,164800.0,2026-08-28,2026-08-28,2026-07-14,True,False,
AL00291,AS002741,ENT0084,2023-12-31,HANDICRAFT,4,0.036005888871766756,0.0004644996639971791,0.7368,0.4214,AMBER,AMBER>=0.38;RED>=0.58,66453.0,True,0.41,27.1,,0.0,0.0,15900.0,-0.1,-5428.0,51747.0,61025.0,working_capital_erosion,0.7353,receivable_stretch,0.3636,demand_trough,0.3243,"{""model"": 0.45, ""rule"": 0.55}",hgb_stress_v1.2,rules_v1.2_18rules,2023-12-31,30600.0,2024-01-30,2024-01-30,2024-03-15,True,False,
AL00292,AS002769,ENT0084,2026-04-30,HANDICRAFT,4,0.00024949442362309044,7.650692157985334e-06,0.7053,0.388,AMBER,AMBER>=0.38;RED>=0.58,44949.0,True,0.435,104.8,,28900.0,1374.0,1600.0,104.8,-3594.0,16899.0,41355.0,receivable_stretch,1.0,climate_shock,0.7143,margin_squeeze,0.2571,"{""model"": 0.45, ""rule"": 0.55}",hgb_stress_v1.2,rules_v1.2_18rules,2026-04-30,34600.0,2026-10-27,2026-10-27,2026-07-14,True,False,
AL00293,AS002788,ENT0085,2025-02-28,POULTRY,6,0.6606106823938571,0.0001338404714606997,0.2,0.4073,AMBER,AMBER>=0.38;RED>=0.58,140143.0,False,0.735,28.2,,42800.0,2035.0,73600.0,28.2,-63046.0,993.0,77097.0,demand_trough,0.2703,working_capital_erosion,0.2647,,0.0,"{""model"": 0.45, ""rule"": 0.55}",hgb_stress_v1.2,rules_v1.2_18rules,2025-02-28,187000.0,2025-07-28,2025-07-28,2025-05-14,True,False,
AL00294,AS002790,ENT0085,2025-04-30,POULTRY,6,0.8477593249320263,0.0007584287060243261,0.7053,0.7694,RED,AMBER>=0.38;RED>=0.58,99521.0,False,0.734,55.0,,17000.0,808.0,0.0,55.0,-52325.0,-10577.0,47196.0,climate_shock,0.7143,demand_trough,0.5946,margin_squeeze,0.5714,"{""model"": 0.45, ""rule"": 0.55}",hgb_stress_v1.2,rules_v1.2_18rules,2025-04-30,133000.0,2025-10-27,2025-10-27,2025-07-14,True,False,
AL00295,AS002792,ENT0085,2025-06-30,POULTRY,6,0.3593403588153299,0.0003822909141245147,0.6947,0.5438,AMBER,AMBER>=0.38;RED>=0.58,158728.0,False,0.748,16.0,,7000.0,333.0,0.0,16.0,-89144.0,-16034.0,69584.0,margin_squeeze,1.0,working_capital_erosion,0.5588,demand_trough,0.3243,"{""model"": 0.45, ""rule"": 0.55}",hgb_stress_v1.2,rules_v1.2_18rules,2025-06-30,146300.0,2025-10-28,2025-10-28,2025-09-13,True,False,
AL00296,AS002794,ENT0085,2025-08-31,POULTRY,6,0.007118208899627507,0.0004568234840372072,0.8421,0.4664,AMBER,AMBER>=0.38;RED>=0.58,118610.0,False,0.756,0.6,,3500.0,166.0,30100.0,-19.0,-41366.0,-327.0,77244.0,margin_squeeze,1.0,working_capital_erosion,1.0,debt_overhang,0.3056,"{""model"": 0.45, ""rule"": 0.55}",hgb_stress_v1.2,rules_v1.2_18rules,2025-08-31,65600.0,2025-10-30,2025-10-30,2025-11-14,True,False,
AL00297,AS002797,ENT0085,2025-11-30,POULTRY,6,0.3837275605759959,0.00010931293457354851,0.5789,0.4911,AMBER,AMBER>=0.38;RED>=0.58,154778.0,False,0.761,10.1,,0.0,0.0,0.0,-105.4,-19899.0,42587.0,134879.0,working_capital_erosion,0.7353,debt_overhang,0.3056,demand_trough,0.2703,"{""model"": 0.45, ""rule"": 0.55}",hgb_stress_v1.2,rules_v1.2_18rules,2025-11-30,61200.0,2026-05-29,2026-05-29,2026-02-13,True,False,
AL00298,AS002800,ENT0085,2026-02-28,POULTRY,6,0.8278104809649001,0.00010520079304560069,0.4211,0.6041,RED,AMBER>=0.38;RED>=0.58,146183.0,False,0.765,35.5,,30600.0,1455.0,0.0,20.5,-29117.0,18414.0,117066.0,debt_overhang,0.3056,working_capital_erosion,0.2941,demand_trough,0.2703,"{""model"": 0.45, ""rule"": 0.55}",hgb_stress_v1.2,rules_v1.2_18rules,2026-02-28,82300.0,2026-08-27,2026-08-27,2026-05-14,True,False,
AL00299,AS002802,ENT0085,2026-04-30,POULTRY,6,0.3396964635909649,0.0007797681764847386,0.9158,0.6566,RED,AMBER>=0.38;RED>=0.58,91233.0,False,0.766,13.6,,22400.0,1065.0,0.0,12.6,-36478.0,-1164.0,54755.0,climate_shock,0.7143,margin_squeeze,0.5714,working_capital_erosion,0.5588,"{""model"": 0.45, ""rule"": 0.55}",hgb_stress_v1.2,rules_v1.2_18rules,2026-04-30,96500.0,2026-09-27,2026-09-27,2026-07-14,True,False,
AL00300,AS002804,ENT0085,2026-06-30,POULTRY,6,0.005046788772712791,0.0005352936220029845,1.0,0.5523,AMBER,AMBER>=0.38;RED>=0.58,,False,0.776,-1.7,,4200.0,200.0,14600.0,-22.4,,,,margin_squeeze,1.0,working_capital_erosion,1.0,receivable_stretch,0.3333,"{""model"": 0.45, ""rule"": 0.55}",hgb_stress_v1.2,rules_v1.2_18rules,2026-06-30,108400.0,2026-08-29,2026-08-29,2026-09-13,True,False,
AL00301,AS002810,ENT0086,2024-03-31,DAIRY,1,0.8137250067836913,0.00010751708747088505,0.6632,0.7309,RED,AMBER>=0.38;RED>=0.58,112720.0,False,0.802,45.0,3.06,18500.0,880.0,20400.0,45.0,-107176.0,-39581.0,5544.0,receivable_stretch,0.3333,demand_trough,0.3243,margin_squeeze,0.3143,"{""model"": 0.45, ""rule"": 0.55}",hgb_stress_v1.2,rules_v1.2_18rules,2024-03-31,136400.0,2024-07-29,2024-07-29,2024-06-14,True,False,
AL00302,AS002812,ENT0086,2024-05-31,DAIRY,1,0.7765537828722032,0.006605435679208292,0.6737,0.72,RED,AMBER>=0.38;RED>=0.58,45529.0,False,0.822,21.0,2.54,24100.0,1146.0,13900.0,21.0,-38720.0,-24882.0,6809.0,margin_squeeze,1.0,climate_shock,0.2857,debt_overhang,0.2778,"{""model"": 0.45, ""rule"": 0.55}",hgb_stress_v1.2,rules_v1.2_18rules,2024-05-31,43500.0,2024-07-30,2024-07-30,2024-08-14,True,False,
AL00303,AS002814,ENT0086,2024-07-31,DAIRY,1,0.05201640385001831,0.004701025326280625,0.6737,0.3939,AMBER,AMBER>=0.38;RED>=0.58,50885.0,False,0.831,12.6,2.15,93300.0,4436.0,16600.0,12.6,-20533.0,24865.0,30352.0,margin_squeeze,1.0,working_capital_erosion,0.5588,debt_overhang,0.2778,"{""model"": 0.45, ""rule"": 0.55}",hgb_stress_v1.2,rules_v1.2_18rules,2024-07-31,34600.0,2024-11-28,2024-11-28,2024-10-14,True,False,
AL00304,AS002825,ENT0086,2025-06-30,DAIRY,1,0.022520269274568773,0.001448449922660891,0.6842,0.3864,AMBER,AMBER>=0.38;RED>=0.58,41219.0,False,0.906,23.4,3.27,99500.0,4730.0,11200.0,23.4,-10034.0,13804.0,31185.0,margin_squeeze,1.0,receivable_stretch,0.3333,demand_trough,0.2703,"{""model"": 0.45, ""rule"": 0.55}",hgb_stress_v1.2,rules_v1.2_18rules,2025-06-30,23300.0,2025-10-28,2025-10-28,2025-09-13,True,False,
AL00305,AS002835,ENT0086,2026-04-30,DAIRY,1,0.3120333031173042,7.3675417838651084e-06,0.6947,0.5225,AMBER,AMBER>=0.38;RED>=0.58,123085.0,False,0.979,32.3,13.76,35700.0,1697.0,26800.0,32.3,-102567.0,-27938.0,20518.0,climate_shock,1.0,receivable_stretch,0.3333,margin_squeeze,0.3143,"{""model"": 0.45, ""rule"": 0.55}",hgb_stress_v1.2,rules_v1.2_18rules,2026-04-30,108800.0,2026-08-28,2026-08-28,2026-07-14,True,False,
AL00306,AS002842,ENT0087,2024-02-29,DAIRY,1,0.447331510445288,0.0015846968970423198,0.4421,0.4445,AMBER,AMBER>=0.38;RED>=0.58,64985.0,True,0.426,43.4,4.45,13000.0,618.0,9600.0,43.4,-56537.0,-15197.0,8448.0,receivable_stretch,0.3333,demand_trough,0.3243,climate_shock,0.2857,"{""model"": 0.45, ""rule"": 0.55}",hgb_stress_v1.2,rules_v1.2_18rules,2024-02-29,78500.0,2024-08-27,2024-08-27,2024-05-14,True,False,
AL00307,AS002844,ENT0087,2024-04-30,DAIRY,1,0.9122775232147199,0.07330275767704837,0.6842,0.7868,RED,AMBER>=0.38;RED>=0.58,83886.0,True,0.431,22.0,4.0,8900.0,423.0,6100.0,22.0,-80942.0,-34319.0,2944.0,margin_squeeze,1.0,receivable_stretch,0.3333,climate_shock,0.2857,"{""model"": 0.45, ""rule"": 0.55}",hgb_stress_v1.2,rules_v1.2_18rules,2024-04-30,80000.0,2024-07-29,2024-07-29,2024-07-14,True,False,
AL00308,AS002846,ENT0087,2024-06-30,DAIRY,1,0.008543485587272377,0.8354710065643709,0.8421,0.467,AMBER,AMBER>=0.38;RED>=0.58,38794.0,True,0.421,-1.6,2.91,34800.0,1654.0,5600.0,-1.6,-18664.0,9220.0,20130.0,margin_squeeze,1.0,working_capital_erosion,1.0,receivable_stretch,0.3333,"{""model"": 0.45, ""rule"": 0.55}",hgb_stress_v1.2,rules_v1.2_18rules,2024-06-30,38500.0,2024-10-28,2024-10-28,2024-09-13,True,False,
AL00309,AS002857,ENT0087,2025-05-31,DAIRY,1,0.1185848643232425,0.00017708601971134965,0.6316,0.4007,AMBER,AMBER>=0.38;RED>=0.58,65994.0,True,0.434,17.1,5.14,24400.0,1160.0,6600.0,17.1,-52584.0,-1373.0,13410.0,margin_squeeze,0.5714,working_capital_erosion,0.5588,receivable_stretch,0.3333,"{""model"": 0.45, ""rule"": 0.55}",hgb_stress_v1.2,rules_v1.2_18rules,2025-05-31,50600.0,2025-08-29,2025-08-29,2025-08-14,True,False,
AL00310,AS002868,ENT0087,2026-04-30,DAIRY,1,0.26163609939846055,3.82692331613428e-05,0.6737,0.4883,AMBER,AMBER>=0.38;RED>=0.58,84680.0,True,0.433,28.3,,13200.0,628.0,11000.0,28.3,-70605.0,-27619.0,14075.0,climate_shock,1.0,margin_squeeze,0.5714,working_capital_erosion,0.2647,"{""model"": 0.45, ""rule"": 0.55}",hgb_stress_v1.2,rules_v1.2_18rules,2026-04-30,81000.0,2026-09-27,2026-09-27,2026-07-14,True,False,
AL00311,AS002870,ENT0087,2026-06-30,DAIRY,1,0.00463652667941916,6.0300348655323086e-05,0.7263,0.4016,AMBER,AMBER>=0.38;RED>=0.58,,True,0.442,4.7,,32800.0,1559.0,7700.0,4.7,,,,margin_squeeze,1.0,working_capital_erosion,1.0,,0.0,"{""model"": 0.45, ""rule"": 0.55}",hgb_stress_v1.2,rules_v1.2_18rules,2026-06-30,33000.0,2026-12-27,2026-12-27,2026-09-13,True,False,
AL00312,AS002908,ENT0089,2024-02-29,DAIRY,2,0.867012721394889,0.0006062143862199536,0.2316,0.5175,AMBER,AMBER>=0.38;RED>=0.58,38386.0,False,0.904,46.6,2.66,8500.0,404.0,14400.0,46.6,-42900.0,-22746.0,-4514.0,demand_trough,0.3243,climate_shock,0.2857,,0.0,"{""model"": 0.45, ""rule"": 0.55}",hgb_stress_v1.2,rules_v1.2_18rules,2024-02-29,68100.0,2024-07-28,2024-07-28,2024-05-14,True,False,
AL00313,AS002910,ENT0089,2024-04-30,DAIRY,2,0.8581402924634219,0.007838413113688299,0.3053,0.5541,AMBER,AMBER>=0.38;RED>=0.58,61737.0,False,0.904,22.1,2.11,7600.0,361.0,10900.0,22.1,-65804.0,-21744.0,-4067.0,margin_squeeze,0.5714,working_capital_erosion,0.2647,,0.0,"{""model"": 0.45, ""rule"": 0.55}",hgb_stress_v1.2,rules_v1.2_18rules,2024-04-30,64700.0,2024-07-29,2024-07-29,2024-07-14,True,False,
AL00314,AS002912,ENT0089,2024-06-30,DAIRY,2,0.012708192684219096,0.006297032599077816,0.8421,0.4689,AMBER,AMBER>=0.38;RED>=0.58,28049.0,False,0.917,1.8,1.34,10900.0,518.0,14400.0,-3.7,-14965.0,-3483.0,13084.0,margin_squeeze,1.0,working_capital_erosion,1.0,debt_overhang,0.3056,"{""model"": 0.45, ""rule"": 0.55}",hgb_stress_v1.2,rules_v1.2_18rules,2024-06-30,16400.0,2024-08-29,2024-08-29,2024-09-13,True,False,
AL00315,AS002914,ENT0089,2024-08-31,DAIRY,2,0.012242332267714868,0.00032167896256838464,0.7684,0.4281,AMBER,AMBER>=0.38;RED>=0.58,31036.0,False,0.919,13.4,2.23,36800.0,1750.0,18600.0,-8.2,2275.0,23221.0,33311.0,margin_squeeze,0.7429,working_capital_erosion,0.7353,climate_shock,0.3143,"{""model"": 0.45, ""rule"": 0.55}",hgb_stress_v1.2,rules_v1.2_18rules,2024-08-31,6700.0,2024-09-30,2024-09-30,2024-11-14,True,False,
AL00316,AS002920,ENT0089,2025-02-28,DAIRY,2,0.7734851036951089,4.875972178491803e-06,0.1263,0.4175,AMBER,AMBER>=0.38;RED>=0.58,39343.0,False,0.934,52.6,9.26,8800.0,418.0,20700.0,52.6,-39242.0,-19409.0,101.0,demand_trough,0.3243,,0.0,,0.0,"{""model"": 0.45, ""rule"": 0.55}",hgb_stress_v1.2,rules_v1.2_18rules,2025-02-28,107800.0,2025-07-28,2025-07-28,2025-05-14,True,False,
AL00317,AS002922,ENT0089,2025-04-30,DAIRY,2,0.8118753369368916,0.0013971436197495535,0.6737,0.7359,RED,AMBER>=0.38;RED>=0.58,59244.0,False,0.946,23.9,,7500.0,357.0,9200.0,23.9,-60846.0,-23586.0,-1602.0,climate_shock,0.7143,margin_squeeze,0.5714,demand_trough,0.2703,"{""model"": 0.45, ""rule"": 0.55}",hgb_stress_v1.2,rules_v1.2_18rules,2025-04-30,73900.0,2025-08-28,2025-08-28,2025-07-14,True,False,
AL00318,AS002924,ENT0089,2025-06-30,DAIRY,2,0.004575586751200933,0.00010867990029443732,0.8316,0.4594,AMBER,AMBER>=0.38;RED>=0.58,24659.0,False,0.945,-0.0,,28300.0,1345.0,11600.0,-0.0,-14371.0,755.0,10288.0,margin_squeeze,1.0,working_capital_erosion,1.0,demand_trough,0.2703,"{""model"": 0.45, ""rule"": 0.55}",hgb_stress_v1.2,rules_v1.2_18rules,2025-06-30,17000.0,2025-08-29,2025-08-29,2025-09-13,True,False,
AL00319,AS002926,ENT0089,2025-08-31,DAIRY,2,0.008663154721772181,0.00017120775249772688,0.9053,0.5018,AMBER,AMBER>=0.38;RED>=0.58,57598.0,False,0.955,-3.3,,17300.0,822.0,2700.0,-16.2,-523.0,44546.0,57075.0,working_capital_erosion,1.0,margin_squeeze,0.5714,receivable_stretch,0.3333,"{""model"": 0.45, ""rule"": 0.55}",hgb_stress_v1.2,rules_v1.2_18rules,2025-08-31,100.0,2025-10-30,2025-10-30,2025-11-14,True,False,
AL00320,AS002933,ENT0089,2026-03-31,DAIRY,2,0.7571963035936188,0.00012212633801698475,0.5474,0.6418,RED,AMBER>=0.38;RED>=0.58,57988.0,False,0.973,31.7,,5400.0,257.0,10000.0,31.7,-47769.0,-13711.0,10219.0,demand_trough,0.5946,receivable_stretch,0.3333,climate_shock,0.2857,"{""model"": 0.45, ""rule"": 0.55}",hgb_stress_v1.2,rules_v1.2_18rules,2026-03-31,91100.0,2026-07-29,2026-07-29,2026-06-14,True,False,2026-04-02
AL00321,AS002935,ENT0089,2026-05-31,DAIRY,2,0.2481898416768916,0.0003805887991768893,0.8947,0.6038,RED,AMBER>=0.38;RED>=0.58,35688.0,False,0.988,0.6,,4800.0,228.0,6200.0,0.6,-35882.0,-9575.0,-194.0,working_capital_erosion,1.0,margin_squeeze,0.5714,receivable_stretch,0.3333,"{""model"": 0.45, ""rule"": 0.55}",hgb_stress_v1.2,rules_v1.2_18rules,2026-05-31,41800.0,2026-07-30,2026-07-30,2026-08-14,True,False,
AL00322,AS002937,ENT0089,2026-07-31,DAIRY,2,0.023946417175910395,6.178341942648387e-05,0.7474,0.4218,AMBER,AMBER>=0.38;RED>=0.58,,False,0.988,13.0,,14100.0,670.0,15100.0,-7.8,,,,working_capital_erosion,1.0,margin_squeeze,0.7429,debt_overhang,0.3056,"{""model"": 0.45, ""rule"": 0.55}",hgb_stress_v1.2,rules_v1.2_18rules,2026-07-31,27800.0,2026-10-29,2026-10-29,2026-10-14,True,False,2026-08-08
AL00323,AS002938,ENT0090,2023-11-30,FOODPROC,4,0.08728253567229659,0.00466613047101833,0.7684,0.4619,AMBER,AMBER>=0.38;RED>=0.58,102864.0,False,0.692,3.0,-2.59,0.0,0.0,30000.0,-8.3,-3231.0,68742.0,99633.0,working_capital_erosion,0.7353,demand_trough,0.7297,debt_overhang,0.5833,"{""model"": 0.45, ""rule"": 0.55}",hgb_stress_v1.2,rules_v1.2_18rules,2023-11-30,18100.0,2024-04-28,2024-04-28,2024-02-13,True,False,
AL00324,AS002967,ENT0090,2026-04-30,FOODPROC,4,3.587737596441489e-05,5.431244364491861e-06,0.9474,0.5211,AMBER,AMBER>=0.38;RED>=0.58,152178.0,False,0.821,57.6,8.78,251600.0,11962.0,33600.0,57.6,34038.0,171813.0,186216.0,demand_trough,1.0,climate_shock,0.7143,receivable_stretch,0.303,"{""model"": 0.45, ""rule"": 0.55}",hgb_stress_v1.2,rules_v1.2_18rules,2026-04-30,7200.0,2026-05-30,2026-05-30,2026-07-14,True,False,
AL00325,AS002974,ENT0091,2024-02-29,DAIRY,4,0.8634917729015787,0.007782892631464096,0.4211,0.6202,RED,AMBER>=0.38;RED>=0.58,41054.0,False,0.669,43.6,2.62,10800.0,513.0,15500.0,43.6,-49746.0,-37612.0,-8692.0,demand_trough,0.3243,climate_shock,0.2857,working_capital_erosion,0.2647,"{""model"": 0.45, ""rule"": 0.55}",hgb_stress_v1.2,rules_v1.2_18rules,2024-02-29,82600.0,2024-06-28,2024-06-28,2024-05-14,True,False,
AL00326,AS002976,ENT0091,2024-04-30,DAIRY,4,0.795390102030371,0.834221569456393,0.6842,0.7342,RED,AMBER>=0.38;RED>=0.58,73566.0,False,0.688,13.0,1.8,7100.0,338.0,7600.0,13.0,-73709.0,-25330.0,-143.0,margin_squeeze,1.0,working_capital_erosion,0.5588,receivable_stretch,0.3333,"{""model"": 0.45, ""rule"": 0.55}",hgb_stress_v1.2,rules_v1.2_18rules,2024-04-30,78100.0,2024-10-27,2024-10-27,2024-07-14,True,False,
AL00327,AS002978,ENT0091,2024-06-30,DAIRY,4,0.04126242286756,0.06277511717464922,1.0,0.5686,AMBER,AMBER>=0.38;RED>=0.58,38812.0,False,0.7,-0.9,1.17,10700.0,509.0,9000.0,-7.2,-13480.0,-4341.0,25332.0,margin_squeeze,1.0,working_capital_erosion,1.0,debt_overhang,0.7222,"{""model"": 0.45, ""rule"": 0.55}",hgb_stress_v1.2,rules_v1.2_18rules,2024-06-30,17700.0,2024-10-28,2024-10-28,2024-09-13,True,False,
AL00328,AS002987,ENT0091,2025-03-31,DAIRY,4,0.8920197830235175,0.05742125674340347,0.3158,0.5751,AMBER,AMBER>=0.38;RED>=0.58,84131.0,False,0.743,31.2,2.4,12800.0,609.0,12200.0,31.2,-85119.0,-34217.0,-988.0,demand_trough,0.3243,working_capital_erosion,0.2647,margin_squeeze,0.2571,"{""model"": 0.45, ""rule"": 0.55}",hgb_stress_v1.2,rules_v1.2_18rules,2025-03-31,91900.0,2025-07-29,2025-07-29,2025-06-14,True,False,
AL00329,AS002989,ENT0091,2025-05-31,DAIRY,4,0.07421587291587657,0.03657125289889838,0.7895,0.4676,AMBER,AMBER>=0.38;RED>=0.58,69779.0,False,0.745,4.2,2.61,30100.0,1431.0,5900.0,4.2,-59151.0,-1374.0,10628.0,working_capital_erosion,1.0,margin_squeeze,0.5714,receivable_stretch,0.3333,"{""model"": 0.45, ""rule"": 0.55}",hgb_stress_v1.2,rules_v1.2_18rules,2025-05-31,55900.0,2025-08-29,2025-08-29,2025-08-14,True,False,
AL00330,AS002991,ENT0091,2025-07-31,DAIRY,4,0.0034030756446443654,0.010052532946828023,0.9053,0.4994,AMBER,AMBER>=0.38;RED>=0.58,46877.0,False,0.75,4.0,2.9,82100.0,3903.0,14900.0,-1.9,-8629.0,36372.0,38248.0,working_capital_erosion,1.0,margin_squeeze,0.5714,receivable_stretch,0.3333,"{""model"": 0.45, ""rule"": 0.55}",hgb_stress_v1.2,rules_v1.2_18rules,2025-07-31,13100.0,2025-11-28,2025-11-28,2025-10-14,True,False,
AL00331,AS002999,ENT0091,2026-03-31,DAIRY,4,0.7948712413785315,0.005637884679866876,0.3158,0.5314,AMBER,AMBER>=0.38;RED>=0.58,63307.0,False,0.8,35.3,4.97,13200.0,628.0,17800.0,35.3,-60940.0,-36199.0,2367.0,demand_trough,0.3243,working_capital_erosion,0.2647,margin_squeeze,0.2571,"{""model"": 0.45, ""rule"": 0.55}",hgb_stress_v1.2,rules_v1.2_18rules,2026-03-31,76000.0,2026-07-29,2026-07-29,2026-06-14,True,False,
AL00332,AS003001,ENT0091,2026-05-31,DAIRY,4,0.21542382442432295,0.02058819417197484,0.8316,0.5543,AMBER,AMBER>=0.38;RED>=0.58,42014.0,False,0.804,7.5,4.91,13300.0,632.0,13500.0,7.5,-30789.0,-16895.0,11225.0,margin_squeeze,1.0,working_capital_erosion,1.0,climate_shock,0.2857,"{""model"": 0.45, ""rule"": 0.55}",hgb_stress_v1.2,rules_v1.2_18rules,2026-05-31,40900.0,2026-07-30,2026-07-30,2026-08-14,True,False,
AL00333,AS003003,ENT0091,2026-07-31,DAIRY,4,0.2097666768818862,0.0035472876477100775,0.8105,0.5402,AMBER,AMBER>=0.38;RED>=0.58,,False,0.817,19.3,5.02,23700.0,1127.0,13700.0,7.2,,,,margin_squeeze,0.7429,working_capital_erosion,0.7353,debt_overhang,0.7222,"{""model"": 0.45, ""rule"": 0.55}",hgb_stress_v1.2,rules_v1.2_18rules,2026-07-31,38000.0,2026-09-29,2026-09-29,2026-10-14,True,False,
AL00334,AS003059,ENT0093,2025-09-30,RETAIL,5,0.000983630552144172,0.0002832956118842328,0.7895,0.4347,AMBER,AMBER>=0.38;RED>=0.58,85632.0,False,0.86,30.5,3.17,168300.0,8001.0,32200.0,30.5,33251.0,73967.0,118883.0,margin_squeeze,1.0,receivable_stretch,0.6364,demand_trough,0.2703,"{""model"": 0.45, ""rule"": 0.55}",hgb_stress_v1.2,rules_v1.2_18rules,2025-09-30,7300.0,2025-10-30,2025-10-30,2025-12-14,True,False,
AL00335,AS003070,ENT0094,2023-11-30,FOODPROC,5,0.009265764013662988,0.00013995305584083758,0.7579,0.421,AMBER,AMBER>=0.38;RED>=0.58,27531.0,False,0.87,-2.2,,0.0,0.0,23900.0,-15.9,20495.0,38425.0,48026.0,working_capital_erosion,0.7353,demand_trough,0.7297,debt_overhang,0.3056,"{""model"": 0.45, ""rule"": 0.55}",hgb_stress_v1.2,rules_v1.2_18rules,2023-11-30,5500.0,2023-12-30,2023-12-30,2024-02-13,True,False,
AL00336,AS003072,ENT0094,2024-01-31,FOODPROC,5,0.7376962040482207,1.898287206889578e-05,0.2211,0.4536,AMBER,AMBER>=0.38;RED>=0.58,89115.0,False,0.878,25.5,,0.0,0.0,34600.0,9.9,-54055.0,-2189.0,35060.0,debt_overhang,0.3056,working_capital_erosion,0.2941,,0.0,"{""model"": 0.45, ""rule"": 0.55}",hgb_stress_v1.2,rules_v1.2_18rules,2024-01-31,51800.0,2024-04-30,2024-04-30,2024-04-15,True,False,
AL00337,AS003074,ENT0094,2024-03-31,FOODPROC,5,0.4087875701504483,1.6301943335691434e-05,0.5053,0.4619,AMBER,AMBER>=0.38;RED>=0.58,61875.0,False,0.877,13.7,,0.0,0.0,37000.0,6.5,5244.0,25430.0,67119.0,working_capital_erosion,0.7353,demand_trough,0.3243,debt_overhang,0.3056,"{""model"": 0.45, ""rule"": 0.55}",hgb_stress_v1.2,rules_v1.2_18rules,2024-03-31,26000.0,2024-04-30,2024-04-30,2024-06-14,True,False,
AL00338,AS003076,ENT0094,2024-05-31,FOODPROC,5,0.040061675166933736,1.4750791253457899e-05,0.6632,0.3828,AMBER,AMBER>=0.38;RED>=0.58,73158.0,False,0.893,10.1,,0.0,0.0,30600.0,1.7,10954.0,58902.0,84112.0,working_capital_erosion,0.7353,demand_trough,0.7297,debt_overhang,0.3056,"{""model"": 0.45, ""rule"": 0.55}",hgb_stress_v1.2,rules_v1.2_18rules,2024-05-31,13100.0,2024-06-30,2024-06-30,2024-08-14,True,False,
AL00339,AS003087,ENT0094,2025-04-30,FOODPROC,5,0.0009227130100682785,1.038088536350325e-05,0.7368,0.4057,AMBER,AMBER>=0.38;RED>=0.58,96357.0,False,0.958,31.3,,93000.0,4421.0,31700.0,31.3,21107.0,79537.0,117464.0,demand_trough,0.7297,climate_shock,0.7143,working_capital_erosion,0.2647,"{""model"": 0.45, ""rule"": 0.55}",hgb_stress_v1.2,rules_v1.2_18rules,2025-04-30,16400.0,2025-05-30,2025-05-30,2025-07-14,True,False,
AL00340,AS003099,ENT0094,2026-04-30,FOODPROC,5,0.0001802267684933902,7.812237937840008e-06,0.8421,0.4632,AMBER,AMBER>=0.38;RED>=0.58,104089.0,False,1.0,31.6,,87500.0,4160.0,19700.0,31.6,20233.0,105012.0,124322.0,demand_trough,1.0,climate_shock,0.7143,working_capital_erosion,0.2647,"{""model"": 0.45, ""rule"": 0.55}",hgb_stress_v1.2,rules_v1.2_18rules,2026-04-30,13500.0,2026-05-30,2026-05-30,2026-07-14,True,False,
AL00341,AS003109,ENT0095,2024-05-31,DAIRY,4,0.1878423854043299,1.6127109770876118e-05,0.5684,0.3971,AMBER,AMBER>=0.38;RED>=0.58,119441.0,False,0.711,27.7,,38500.0,1830.0,33700.0,27.7,-94062.0,-12279.0,25379.0,margin_squeeze,1.0,climate_shock,0.2857,working_capital_erosion,0.2647,"{""model"": 0.45, ""rule"": 0.55}",hgb_stress_v1.2,rules_v1.2_18rules,2024-05-31,91300.0,2024-08-29,2024-08-29,2024-08-14,True,False,
AL00342,AS003120,ENT0095,2025-04-30,DAIRY,4,0.27433059408543653,7.621766546499134e-05,0.5684,0.4361,AMBER,AMBER>=0.38;RED>=0.58,120728.0,False,0.743,27.7,,30600.0,1455.0,18000.0,27.7,-95419.0,-15387.0,25309.0,climate_shock,0.7143,receivable_stretch,0.3333,working_capital_erosion,0.2647,"{""model"": 0.45, ""rule"": 0.55}",hgb_stress_v1.2,rules_v1.2_18rules,2025-04-30,106700.0,2025-08-28,2025-08-28,2025-07-14,True,False,
AL00343,AS003132,ENT0095,2026-04-30,DAIRY,4,0.18474729975943888,2.3913866855350538e-05,0.6842,0.4594,AMBER,AMBER>=0.38;RED>=0.58,131085.0,False,0.774,27.9,,35900.0,1707.0,20000.0,27.9,-105089.0,-21400.0,25996.0,climate_shock,0.7143,margin_squeeze,0.5714,receivable_stretch,0.3333,"{""model"": 0.45, ""rule"": 0.55}",hgb_stress_v1.2,rules_v1.2_18rules,2026-04-30,111300.0,2026-08-28,2026-08-28,2026-07-14,True,False,
AL00344,AS003134,ENT0095,2026-06-30,DAIRY,4,0.03499934665653229,5.8385588308385315e-05,0.6737,0.3863,AMBER,AMBER>=0.38;RED>=0.58,,False,0.782,12.7,,59100.0,2810.0,30200.0,12.7,,,,margin_squeeze,1.0,working_capital_erosion,0.5588,climate_shock,0.2857,"{""model"": 0.45, ""rule"": 0.55}",hgb_stress_v1.2,rules_v1.2_18rules,2026-06-30,58000.0,2026-12-27,2026-12-27,2026-09-13,True,False,
AL00345,AS003155,ENT0096,2025-06-30,RETAIL,1,8.779651144161166e-05,2.9845605215188937e-06,0.6947,0.3821,AMBER,AMBER>=0.38;RED>=0.58,65111.0,False,0.929,62.0,21.21,250800.0,11923.0,24100.0,62.0,14385.0,53676.0,79496.0,margin_squeeze,0.7429,receivable_stretch,0.6364,demand_trough,0.2703,"{""model"": 0.45, ""rule"": 0.55}",hgb_stress_v1.2,rules_v1.2_18rules,2025-06-30,4600.0,2025-08-29,2025-08-29,2025-09-13,True,False,
AL00346,AS003209,ENT0098,2024-06-30,RETAIL,4,4.2328202961880564e-05,9.395800163481102e-06,0.7895,0.4342,AMBER,AMBER>=0.38;RED>=0.58,115632.0,False,0.64,70.3,3.83,261000.0,12408.0,70500.0,70.3,-3787.0,43464.0,111845.0,margin_squeeze,1.0,receivable_stretch,0.6364,climate_shock,0.2857,"{""model"": 0.45, ""rule"": 0.55}",hgb_stress_v1.2,rules_v1.2_18rules,2024-06-30,18300.0,2024-07-30,2024-07-30,2024-09-13,True,False,
AL00347,AS003222,ENT0098,2025-07-31,RETAIL,4,5.193704277731389e-05,8.773514816934055e-06,0.7895,0.4342,AMBER,AMBER>=0.38;RED>=0.58,243804.0,False,0.685,62.8,,325300.0,15465.0,55900.0,62.8,-809.0,161122.0,242995.0,margin_squeeze,1.0,receivable_stretch,0.6364,demand_trough,0.2703,"{""model"": 0.45, ""rule"": 0.55}",hgb_stress_v1.2,rules_v1.2_18rules,2025-07-31,42900.0,2025-09-29,2025-09-29,2025-10-14,True,False,
AL00348,AS003224,ENT0098,2025-09-30,RETAIL,4,3.432391352838771e-05,7.712656470340492e-06,0.7895,0.4342,AMBER,AMBER>=0.38;RED>=0.58,305216.0,False,0.702,50.9,,270800.0,12874.0,49900.0,50.9,-26130.0,212774.0,279086.0,margin_squeeze,1.0,receivable_stretch,0.6364,demand_trough,0.2703,"{""model"": 0.45, ""rule"": 0.55}",hgb_stress_v1.2,rules_v1.2_18rules,2025-09-30,38300.0,2025-10-30,2025-10-30,2025-12-14,True,False,
AL00349,AS003233,ENT0098,2026-06-30,RETAIL,4,0.00030332473139161546,1.0303339965119581e-05,0.6947,0.3822,AMBER,AMBER>=0.38;RED>=0.58,,False,0.732,68.0,,231300.0,10996.0,73000.0,68.0,,,,margin_squeeze,0.7429,receivable_stretch,0.6364,climate_shock,0.2857,"{""model"": 0.45, ""rule"": 0.55}",hgb_stress_v1.2,rules_v1.2_18rules,2026-06-30,52800.0,2026-09-28,2026-09-28,2026-09-13,True,False,
AL00350,AS003242,ENT0099,2024-06-30,RETAIL,4,8.580737149287172e-05,2.845577177812419e-06,0.6947,0.3821,AMBER,AMBER>=0.38;RED>=0.58,110318.0,False,0.708,86.2,11.55,355900.0,16920.0,45200.0,86.2,26425.0,110611.0,136743.0,margin_squeeze,0.7429,receivable_stretch,0.6364,climate_shock,0.2857,"{""model"": 0.45, ""rule"": 0.55}",hgb_stress_v1.2,rules_v1.2_18rules,2024-06-30,0.0,,2024-09-24,2024-09-13,True,False,2024-07-14
AL00351,AS003258,ENT0099,2025-10-31,RETAIL,4,7.011555441272381e-05,2.199542201964747e-05,0.7263,0.3995,AMBER,AMBER>=0.38;RED>=0.58,291136.0,False,0.811,76.5,3.97,464100.0,22064.0,107600.0,76.5,64827.0,269092.0,355963.0,margin_squeeze,0.7429,receivable_stretch,0.6364,demand_trough,0.5946,"{""model"": 0.45, ""rule"": 0.55}",hgb_stress_v1.2,rules_v1.2_18rules,2025-10-31,2600.0,2025-11-30,2025-11-30,2026-01-14,True,False,
AL00352,AS003266,ENT0099,2026-06-30,RETAIL,4,0.0008500392323752096,6.875532491037061e-05,0.6947,0.3825,AMBER,AMBER>=0.38;RED>=0.58,,False,0.852,56.4,4.26,275500.0,13098.0,41300.0,56.4,,,,margin_squeeze,0.7429,receivable_stretch,0.6364,climate_shock,0.2857,"{""model"": 0.45, ""rule"": 0.55}",hgb_stress_v1.2,rules_v1.2_18rules,2026-06-30,22000.0,2026-08-29,2026-08-29,2026-09-13,True,False,
AL00353,AS003268,ENT0100,2023-11-30,FOODPROC,5,0.015383325072124962,0.005571493644022454,0.9895,0.5511,AMBER,AMBER>=0.38;RED>=0.58,99314.0,False,0.687,-2.9,-1.3,0.0,0.0,49600.0,-26.3,20132.0,65082.0,119446.0,working_capital_erosion,0.7353,demand_trough,0.7297,debt_overhang,0.5833,"{""model"": 0.45, ""rule"": 0.55}",hgb_stress_v1.2,rules_v1.2_18rules,2023-11-30,18100.0,2023-12-30,2023-12-30,2024-02-13,True,False,
AL00354,AS003270,ENT0100,2024-01-31,FOODPROC,5,0.7274609627172983,0.003351629189871941,0.5789,0.6458,RED,AMBER>=0.38;RED>=0.58,116917.0,False,0.698,9.5,0.03,200.0,10.0,52200.0,-16.3,-40279.0,-13651.0,76638.0,working_capital_erosion,0.7353,debt_overhang,0.5833,margin_squeeze,0.2571,"{""model"": 0.45, ""rule"": 0.55}",hgb_stress_v1.2,rules_v1.2_18rules,2024-01-31,45500.0,2024-04-30,2024-04-30,2024-04-15,True,False,
AL00355,AS003272,ENT0100,2024-03-31,FOODPROC,5,0.09345751927634403,0.00038820046326553526,0.7053,0.43,AMBER,AMBER>=0.38;RED>=0.58,67653.0,False,0.707,9.3,0.47,16300.0,775.0,70600.0,-11.7,46837.0,72625.0,114490.0,working_capital_erosion,0.7353,debt_overhang,0.5833,demand_trough,0.3243,"{""model"": 0.45, ""rule"": 0.55}",hgb_stress_v1.2,rules_v1.2_18rules,2024-03-31,32500.0,2024-04-30,2024-04-30,2024-06-14,True,False,
AL00356,AS003274,ENT0100,2024-05-31,FOODPROC,5,0.08251631312166938,0.0014332167446007489,0.7684,0.4598,AMBER,AMBER>=0.38;RED>=0.58,141656.0,False,0.719,8.2,0.73,30400.0,1445.0,87000.0,-10.5,21530.0,130652.0,163186.0,working_capital_erosion,0.7353,demand_trough,0.7297,debt_overhang,0.5833,"{""model"": 0.45, ""rule"": 0.55}",hgb_stress_v1.2,rules_v1.2_18rules,2024-05-31,22000.0,2024-06-30,2024-06-30,2024-08-14,True,False,
AL00357,AS003301,ENT0101,2023-11-30,HANDICRAFT,6,0.10400253531373561,0.05208936214279028,0.7368,0.452,AMBER,AMBER>=0.38;RED>=0.58,50828.0,False,0.666,5.9,-1.38,0.0,0.0,4100.0,-9.2,-19978.0,27990.0,30850.0,working_capital_erosion,0.7353,debt_overhang,0.5833,receivable_stretch,0.3636,"{""model"": 0.45, ""rule"": 0.55}",hgb_stress_v1.2,rules_v1.2_18rules,2023-11-30,17600.0,2024-02-28,2024-02-28,2024-02-13,True,False,
AL00358,AS003316,ENT0101,2025-02-28,HANDICRAFT,6,0.002752941436064472,8.324903716719904e-05,0.9368,0.5165,AMBER,AMBER>=0.38;RED>=0.58,11996.0,False,0.745,63.3,2.01,15900.0,756.0,600.0,63.3,15799.0,21411.0,27795.0,receivable_stretch,1.0,demand_trough,1.0,debt_overhang,0.2778,"{""model"": 0.45, ""rule"": 0.55}",hgb_stress_v1.2,rules_v1.2_18rules,2025-02-28,25900.0,2025-08-27,2025-08-27,2025-05-14,True,False,
AL00359,AS003354,ENT0102,2025-07-31,RETAIL,6,0.0001304492554820038,0.00013621162235674886,0.6947,0.3821,AMBER,AMBER>=0.38;RED>=0.58,163824.0,True,0.46,50.5,6.53,255400.0,12142.0,26900.0,50.5,-8528.0,97633.0,155296.0,margin_squeeze,0.7429,receivable_stretch,0.6364,demand_trough,0.2703,"{""model"": 0.45, ""rule"": 0.55}",hgb_stress_v1.2,rules_v1.2_18rules,2025-07-31,19800.0,2025-08-30,2025-08-30,2025-10-14,True,False,
AL00360,AS003401,ENT0104,2023-12-31,POULTRY,3,0.011344360661319369,0.022141487164123896,0.6947,0.3872,AMBER,AMBER>=0.38;RED>=0.58,192645.0,False,0.839,-1.6,0.72,8900.0,423.0,22800.0,-6.2,-72251.0,111525.0,120394.0,working_capital_erosion,0.7353,debt_overhang,0.5833,receivable_stretch,0.3333,"{""model"": 0.45, ""rule"": 0.55}",hgb_stress_v1.2,rules_v1.2_18rules,2023-12-31,68000.0,2024-04-29,2024-04-29,2024-03-15,True,False,
AL00361,AS003405,ENT0104,2024-04-30,POULTRY,3,0.39677187977504524,0.013684890814830443,0.5368,0.4738,AMBER,AMBER>=0.38;RED>=0.58,207069.0,False,0.858,23.2,1.9,33900.0,1612.0,51800.0,23.2,-193503.0,-56212.0,13566.0,margin_squeeze,0.5714,demand_trough,0.3243,debt_overhang,0.2778,"{""model"": 0.45, ""rule"": 0.55}",hgb_stress_v1.2,rules_v1.2_18rules,2024-04-30,206000.0,2024-10-27,2024-10-27,2024-07-14,True,False,
AL00362,AS003407,ENT0104,2024-06-30,POULTRY,3,0.31879950928389517,0.016962215622505588,0.6,0.4735,AMBER,AMBER>=0.38;RED>=0.58,162043.0,False,0.866,26.1,1.6,34800.0,1654.0,39400.0,26.1,-146216.0,-58764.0,15827.0,margin_squeeze,0.7429,demand_trough,0.3243,debt_overhang,0.2778,"{""model"": 0.45, ""rule"": 0.55}",hgb_stress_v1.2,rules_v1.2_18rules,2024-06-30,205000.0,2024-12-27,2024-12-27,2024-09-13,True,False,
AL00363,AS003409,ENT0104,2024-08-31,POULTRY,3,0.6139066189154818,0.9405560714819958,0.8737,0.7568,RED,AMBER>=0.38;RED>=0.58,154992.0,False,0.873,5.2,1.55,123500.0,5871.0,35800.0,-11.0,-78238.0,13808.0,76754.0,margin_squeeze,0.7429,working_capital_erosion,0.7353,debt_overhang,0.5833,"{""model"": 0.45, ""rule"": 0.55}",hgb_stress_v1.2,rules_v1.2_18rules,2024-08-31,116300.0,2024-12-29,2024-12-29,2024-11-14,True,False,
AL00364,AS003411,ENT0104,2024-10-31,POULTRY,3,0.10482925259908166,0.024906557270276394,0.7368,0.4524,AMBER,AMBER>=0.38;RED>=0.58,117353.0,False,0.882,0.4,1.61,108600.0,5163.0,17700.0,-19.3,-9313.0,32543.0,108040.0,debt_overhang,1.0,working_capital_erosion,0.7353,margin_squeeze,0.2571,"{""model"": 0.45, ""rule"": 0.55}",hgb_stress_v1.2,rules_v1.2_18rules,2024-10-31,68200.0,2025-02-28,2025-02-28,2025-01-14,True,False,
AL00365,AS003413,ENT0104,2024-12-31,POULTRY,3,0.06812486878761863,0.0017178833410153324,0.7368,0.4359,AMBER,AMBER>=0.38;RED>=0.58,142345.0,False,0.889,3.5,1.62,106000.0,5039.0,35100.0,-0.3,-76313.0,20850.0,66032.0,debt_overhang,1.0,working_capital_erosion,0.7353,margin_squeeze,0.2571,"{""model"": 0.45, ""rule"": 0.55}",hgb_stress_v1.2,rules_v1.2_18rules,2024-12-31,136800.0,2025-06-29,2025-06-29,2025-03-16,True,False,
AL00366,AS003416,ENT0104,2025-03-31,POULTRY,3,0.6565433988112485,0.04213937871280033,0.5789,0.6138,RED,AMBER>=0.38;RED>=0.58,95126.0,False,0.902,-0.9,0.84,13200.0,628.0,13200.0,-7.1,-17629.0,-1595.0,77497.0,working_capital_erosion,0.7353,debt_overhang,0.5833,margin_squeeze,0.2571,"{""model"": 0.45, ""rule"": 0.55}",hgb_stress_v1.2,rules_v1.2_18rules,2025-03-31,153700.0,2025-09-27,2025-09-27,2025-06-14,True,False,
AL00367,AS003418,ENT0104,2025-05-31,POULTRY,3,0.28625066998673104,0.9466692112817777,0.9789,0.6672,RED,AMBER>=0.38;RED>=0.58,165904.0,False,0.905,7.4,1.31,23700.0,1127.0,41300.0,-2.7,-157088.0,-82381.0,8816.0,margin_squeeze,1.0,working_capital_erosion,0.7353,debt_overhang,0.5833,"{""model"": 0.45, ""rule"": 0.55}",hgb_stress_v1.2,rules_v1.2_18rules,2025-05-31,255700.0,2025-10-28,2025-10-28,2025-08-14,True,False,
AL00368,AS003420,ENT0104,2025-07-31,POULTRY,3,0.05724839756563373,0.8707756832172765,0.9474,0.5468,AMBER,AMBER>=0.38;RED>=0.58,181539.0,False,0.915,1.6,1.26,22400.0,1065.0,40600.0,-17.2,-135127.0,-55573.0,46412.0,margin_squeeze,1.0,working_capital_erosion,1.0,debt_overhang,0.5833,"{""model"": 0.45, ""rule"": 0.55}",hgb_stress_v1.2,rules_v1.2_18rules,2025-07-31,144200.0,2025-12-28,2025-12-28,2025-10-14,True,False,
AL00369,AS003422,ENT0104,2025-09-30,POULTRY,3,0.05166432290213701,0.558937059006962,1.0,0.5732,AMBER,AMBER>=0.38;RED>=0.58,204064.0,False,0.93,-0.9,0.69,15600.0,742.0,0.0,-89.9,-96854.0,33924.0,107210.0,margin_squeeze,1.0,debt_overhang,1.0,working_capital_erosion,0.7353,"{""model"": 0.45, ""rule"": 0.55}",hgb_stress_v1.2,rules_v1.2_18rules,2025-09-30,89800.0,2025-12-29,2025-12-29,2025-12-14,True,False,
AL00370,AS003424,ENT0104,2025-11-30,POULTRY,3,0.016646463706962662,0.02928542866837003,0.7789,0.4359,AMBER,AMBER>=0.38;RED>=0.58,132315.0,False,0.93,-0.2,0.52,11900.0,566.0,0.0,-116.6,-21797.0,47070.0,110518.0,working_capital_erosion,1.0,debt_overhang,0.5833,demand_trough,0.2703,"{""model"": 0.45, ""rule"": 0.55}",hgb_stress_v1.2,rules_v1.2_18rules,2025-11-30,61600.0,2026-05-29,2026-05-29,2026-02-13,True,False,
AL00371,AS003427,ENT0104,2026-02-28,POULTRY,3,0.4155659337726271,8.124790661385694e-05,0.7895,0.6212,RED,AMBER>=0.38;RED>=0.58,132862.0,False,0.947,18.0,1.13,61300.0,2914.0,0.0,-12.6,-24865.0,34779.0,107997.0,working_capital_erosion,0.7353,debt_overhang,0.5833,climate_shock,0.2857,"{""model"": 0.45, ""rule"": 0.55}",hgb_stress_v1.2,rules_v1.2_18rules,2026-02-28,124500.0,2026-07-28,2026-07-28,2026-05-14,True,False,
AL00372,AS003429,ENT0104,2026-04-30,POULTRY,3,0.11988580228184217,0.010879157158841543,1.0,0.6039,RED,AMBER>=0.38;RED>=0.58,125287.0,False,0.948,0.1,1.29,33800.0,1607.0,0.0,-29.9,-49544.0,-3765.0,75743.0,working_capital_erosion,1.0,climate_shock,0.7143,demand_trough,0.5946,"{""model"": 0.45, ""rule"": 0.55}",hgb_stress_v1.2,rules_v1.2_18rules,2026-04-30,98100.0,2026-09-27,2026-09-27,2026-07-14,True,False,
AL00373,AS003431,ENT0104,2026-06-30,POULTRY,3,0.03847071154984415,0.008245602488733864,0.9684,0.5499,AMBER,AMBER>=0.38;RED>=0.58,,False,0.958,0.3,0.89,6800.0,323.0,32900.0,-26.5,,,,margin_squeeze,1.0,working_capital_erosion,1.0,demand_trough,0.3243,"{""model"": 0.45, ""rule"": 0.55}",hgb_stress_v1.2,rules_v1.2_18rules,2026-06-30,222300.0,2026-11-27,2026-11-27,2026-09-13,True,False,
AL00374,AS003433,ENT0105,2023-11-30,HANDICRAFT,5,0.1326707242133058,0.0002485102441303973,0.6316,0.4071,AMBER,AMBER>=0.38;RED>=0.58,70797.0,True,0.407,10.8,-2.31,0.0,0.0,12000.0,1.6,3688.0,56667.0,74485.0,working_capital_erosion,0.7353,receivable_stretch,0.3636,demand_trough,0.3243,"{""model"": 0.45, ""rule"": 0.55}",hgb_stress_v1.2,rules_v1.2_18rules,2023-11-30,25600.0,2023-12-30,2023-12-30,2024-02-13,True,False,
AL00375,AS003487,ENT0106,2025-08-31,RETAIL,5,6.104096792276746e-05,5.630849524899436e-06,0.7895,0.4343,AMBER,AMBER>=0.38;RED>=0.58,225804.0,False,0.728,58.4,,288500.0,13716.0,51400.0,58.4,46916.0,185246.0,272720.0,margin_squeeze,1.0,receivable_stretch,0.6364,demand_trough,0.2703,"{""model"": 0.45, ""rule"": 0.55}",hgb_stress_v1.2,rules_v1.2_18rules,2025-08-31,13600.0,2025-10-30,2025-10-30,2025-11-14,True,False,
AL00376,AS003502,ENT0107,2024-02-29,DAIRY,1,0.7567408986179104,0.000367434591398142,0.3474,0.5316,AMBER,AMBER>=0.38;RED>=0.58,131432.0,False,0.622,44.9,2.96,18200.0,865.0,30100.0,44.9,-107494.0,-18198.0,23938.0,receivable_stretch,0.3333,demand_trough,0.3243,climate_shock,0.2857,"{""model"": 0.45, ""rule"": 0.55}",hgb_stress_v1.2,rules_v1.2_18rules,2024-02-29,173200.0,2024-07-28,2024-07-28,2024-05-14,True,False,
AL00377,AS003504,ENT0107,2024-04-30,DAIRY,1,0.930530854820093,0.02333987923778046,0.7895,0.853,RED,AMBER>=0.38;RED>=0.58,110518.0,False,0.641,17.9,2.37,13400.0,637.0,13500.0,17.9,-103216.0,-37008.0,7302.0,margin_squeeze,1.0,working_capital_erosion,0.5588,receivable_stretch,0.3333,"{""model"": 0.45, ""rule"": 0.55}",hgb_stress_v1.2,rules_v1.2_18rules,2024-04-30,100500.0,2024-07-29,2024-07-29,2024-07-14,True,False,
AL00378,AS003506,ENT0107,2024-06-30,DAIRY,1,0.02805752403158649,0.09341123859938605,0.9579,0.5395,AMBER,AMBER>=0.38;RED>=0.58,54373.0,False,0.652,-1.0,1.13,21900.0,1041.0,12300.0,-15.5,-38454.0,-2997.0,15919.0,margin_squeeze,1.0,working_capital_erosion,1.0,receivable_stretch,0.3333,"{""model"": 0.45, ""rule"": 0.55}",hgb_stress_v1.2,rules_v1.2_18rules,2024-06-30,35200.0,2024-09-28,2024-09-28,2024-09-13,True,False,
AL00379,AS003508,ENT0107,2024-08-31,DAIRY,1,0.017358156991798466,0.06755531034506426,0.8632,0.4826,AMBER,AMBER>=0.38;RED>=0.58,42447.0,False,0.668,4.8,1.66,71100.0,3380.0,24300.0,-26.7,5093.0,37124.0,47540.0,margin_squeeze,1.0,working_capital_erosion,0.7353,climate_shock,0.3143,"{""model"": 0.45, ""rule"": 0.55}",hgb_stress_v1.2,rules_v1.2_18rules,2024-08-31,15100.0,2024-09-30,2024-09-30,2024-11-14,True,False,
AL00380,AS003513,ENT0107,2025-01-31,DAIRY,1,0.5980022307826018,0.0002142032503797225,0.2316,0.3965,AMBER,AMBER>=0.38;RED>=0.58,70685.0,False,0.708,16.1,1.57,63200.0,3005.0,35100.0,16.1,-25001.0,15990.0,45684.0,demand_trough,0.3243,working_capital_erosion,0.2941,,0.0,"{""model"": 0.45, ""rule"": 0.55}",hgb_stress_v1.2,rules_v1.2_18rules,2025-01-31,109700.0,2025-07-30,2025-07-30,2025-04-16,True,False,
AL00381,AS003516,ENT0107,2025-04-30,DAIRY,1,0.33561887208059393,0.0013806224106726575,0.8316,0.6084,RED,AMBER>=0.38;RED>=0.58,76023.0,False,0.724,4.9,1.54,9600.0,456.0,18000.0,4.9,-70693.0,-17537.0,5330.0,working_capital_erosion,1.0,climate_shock,0.7143,receivable_stretch,0.3333,"{""model"": 0.45, ""rule"": 0.55}",hgb_stress_v1.2,rules_v1.2_18rules,2025-04-30,88700.0,2025-09-27,2025-09-27,2025-07-14,True,False,
AL00382,AS003518,ENT0107,2025-06-30,DAIRY,1,0.011051578989183384,0.0006636034556815816,0.8421,0.4681,AMBER,AMBER>=0.38;RED>=0.58,39237.0,False,0.738,-2.5,2.63,45900.0,2182.0,15700.0,-12.5,-21061.0,4725.0,18176.0,margin_squeeze,1.0,working_capital_erosion,1.0,debt_overhang,0.3056,"{""model"": 0.45, ""rule"": 0.55}",hgb_stress_v1.2,rules_v1.2_18rules,2025-06-30,33700.0,2025-08-29,2025-08-29,2025-09-13,True,False,2025-07-16
AL00383,AS003521,ENT0107,2025-09-30,DAIRY,1,0.007271805950043046,5.2244501468261186e-05,0.6947,0.3854,AMBER,AMBER>=0.38;RED>=0.58,71374.0,False,0.765,0.1,3.88,42600.0,2025.0,18400.0,-27.0,-1774.0,57516.0,69600.0,working_capital_erosion,0.7353,receivable_stretch,0.3333,debt_overhang,0.3056,"{""model"": 0.45, ""rule"": 0.55}",hgb_stress_v1.2,rules_v1.2_18rules,2025-09-30,10700.0,2025-11-29,2025-11-29,2025-12-14,True,False,
AL00384,AS003526,ENT0107,2026-02-28,DAIRY,1,0.7296138332883989,1.0933766546638966e-05,0.2316,0.4557,AMBER,AMBER>=0.38;RED>=0.58,127363.0,False,0.79,47.2,,13400.0,637.0,39400.0,47.2,-95267.0,-20123.0,32096.0,demand_trough,0.3243,climate_shock,0.2857,,0.0,"{""model"": 0.45, ""rule"": 0.55}",hgb_stress_v1.2,rules_v1.2_18rules,2026-02-28,160600.0,2026-07-28,2026-07-28,2026-05-14,True,False,
AL00385,AS003528,ENT0107,2026-04-30,DAIRY,1,0.8091391382884756,0.0002534217372147832,0.8947,0.8562,RED,AMBER>=0.38;RED>=0.58,81001.0,False,0.811,11.3,,9800.0,466.0,15700.0,11.3,-66805.0,-14973.0,14196.0,climate_shock,1.0,margin_squeeze,0.5714,working_capital_erosion,0.5588,"{""model"": 0.45, ""rule"": 0.55}",hgb_stress_v1.2,rules_v1.2_18rules,2026-04-30,89100.0,2026-10-27,2026-10-27,2026-07-14,True,False,
AL00386,AS003530,ENT0107,2026-06-30,DAIRY,1,0.014319150472888524,4.645510059546899e-05,0.8421,0.4696,AMBER,AMBER>=0.38;RED>=0.58,,False,0.827,-2.7,,16600.0,789.0,21800.0,-16.3,,,,margin_squeeze,1.0,working_capital_erosion,1.0,debt_overhang,0.3056,"{""model"": 0.45, ""rule"": 0.55}",hgb_stress_v1.2,rules_v1.2_18rules,2026-06-30,36600.0,2026-08-29,2026-08-29,2026-09-13,True,False,2026-07-13
AL00387,AS003549,ENT0108,2025-04-30,DAIRY,3,0.12244198215941682,4.9443301411664576e-05,0.6737,0.4256,AMBER,AMBER>=0.38;RED>=0.58,140508.0,False,0.983,39.7,,22700.0,1079.0,34600.0,39.7,-124327.0,-34829.0,16181.0,climate_shock,1.0,margin_squeeze,0.5714,working_capital_erosion,0.2647,"{""model"": 0.45, ""rule"": 0.55}",hgb_stress_v1.2,rules_v1.2_18rules,2025-04-30,137900.0,2025-08-28,2025-08-28,2025-07-14,True,False,
AL00388,AS003552,ENT0108,2025-07-31,DAIRY,3,0.01642586208192653,0.00013448958686364867,0.7895,0.4416,AMBER,AMBER>=0.38;RED>=0.58,75569.0,False,1.0,10.3,,77600.0,3689.0,22800.0,10.3,-27755.0,43745.0,47814.0,margin_squeeze,1.0,working_capital_erosion,0.5588,receivable_stretch,0.3333,"{""model"": 0.45, ""rule"": 0.55}",hgb_stress_v1.2,rules_v1.2_18rules,2025-07-31,28200.0,2025-09-29,2025-09-29,2025-10-14,True,False,
AL00389,AS003561,ENT0108,2026-04-30,DAIRY,3,0.48540725639228927,9.23098636240339e-05,0.7263,0.6179,RED,AMBER>=0.38;RED>=0.58,133805.0,False,1.0,34.1,,23000.0,1093.0,32700.0,34.1,-121393.0,-35269.0,12412.0,margin_squeeze,1.0,climate_shock,0.7143,working_capital_erosion,0.2647,"{""model"": 0.45, ""rule"": 0.55}",hgb_stress_v1.2,rules_v1.2_18rules,2026-04-30,127900.0,2026-08-28,2026-08-28,2026-07-14,True,False,
AL00390,AS003563,ENT0108,2026-06-30,DAIRY,3,0.019651226078912853,9.317477686451936e-05,1.0,0.5588,AMBER,AMBER>=0.38;RED>=0.58,,False,1.0,0.8,,42400.0,2016.0,15200.0,-3.8,,,,margin_squeeze,1.0,working_capital_erosion,1.0,receivable_stretch,0.3333,"{""model"": 0.45, ""rule"": 0.55}",hgb_stress_v1.2,rules_v1.2_18rules,2026-06-30,43100.0,2026-10-28,2026-10-28,2026-09-13,True,False,
AL00391,AS003565,ENT0109,2023-11-30,FOODPROC,1,0.5031172618083157,0.008628988195011312,0.7579,0.6432,RED,AMBER>=0.38;RED>=0.58,120726.0,False,0.607,3.1,-5.15,0.0,0.0,58900.0,-10.0,18926.0,70363.0,139652.0,working_capital_erosion,0.7353,demand_trough,0.7297,debt_overhang,0.3056,"{""model"": 0.45, ""rule"": 0.55}",hgb_stress_v1.2,rules_v1.2_18rules,2023-11-30,104700.0,2024-04-28,2024-04-28,2024-02-13,True,False,
AL00392,AS003567,ENT0109,2024-01-31,FOODPROC,1,0.7600369317199861,0.006690154324328218,0.3263,0.5215,AMBER,AMBER>=0.38;RED>=0.58,280488.0,False,0.619,22.9,-0.28,0.0,0.0,105400.0,8.9,-177034.0,1765.0,103454.0,debt_overhang,0.3056,working_capital_erosion,0.2941,climate_shock,0.2857,"{""model"": 0.45, ""rule"": 0.55}",hgb_stress_v1.2,rules_v1.2_18rules,2024-01-31,157000.0,2024-04-30,2024-04-30,2024-04-15,True,False,
AL00393,AS003569,ENT0109,2024-03-31,FOODPROC,1,0.09252378063396344,0.012513784353941508,0.7053,0.4296,AMBER,AMBER>=0.38;RED>=0.58,147448.0,False,0.625,6.2,-0.4,0.0,0.0,91800.0,-2.0,8202.0,102411.0,155650.0,working_capital_erosion,0.7353,demand_trough,0.3243,debt_overhang,0.3056,"{""model"": 0.45, ""rule"": 0.55}",hgb_stress_v1.2,rules_v1.2_18rules,2024-03-31,53200.0,2024-04-30,2024-04-30,2024-06-14,True,False,
AL00394,AS003571,ENT0109,2024-05-31,FOODPROC,1,0.01830106952482429,0.005007303165437477,0.7684,0.4309,AMBER,AMBER>=0.38;RED>=0.58,160466.0,False,0.646,5.6,0.04,500.0,24.0,100900.0,-4.7,-718.0,159738.0,159748.0,working_capital_erosion,0.7353,demand_trough,0.7297,debt_overhang,0.3056,"{""model"": 0.45, ""rule"": 0.55}",hgb_stress_v1.2,rules_v1.2_18rules,2024-05-31,33600.0,2024-06-30,2024-06-30,2024-08-14,True,False,
AL00395,AS003594,ENT0109,2026-04-30,FOODPROC,1,5.294135472417622e-05,6.0213594630338064e-06,0.9474,0.5211,AMBER,AMBER>=0.38;RED>=0.58,434035.0,False,0.8,47.9,,279800.0,13302.0,77000.0,47.9,-65535.0,316298.0,368500.0,climate_shock,1.0,demand_trough,1.0,working_capital_erosion,0.2647,"{""model"": 0.45, ""rule"": 0.55}",hgb_stress_v1.2,rules_v1.2_18rules,2026-04-30,55900.0,2026-07-29,2026-07-29,2026-07-14,True,False,
AL00396,AS003631,ENT0111,2023-11-30,HANDICRAFT,5,0.4709949877190971,0.859020921804588,0.8947,0.704,RED,AMBER>=0.38;RED>=0.58,45546.0,True,0.453,20.4,-2.57,0.0,0.0,4500.0,-16.0,-21545.0,9782.0,24001.0,debt_overhang,1.0,working_capital_erosion,0.7353,receivable_stretch,0.3636,"{""model"": 0.45, ""rule"": 0.55}",hgb_stress_v1.2,rules_v1.2_18rules,2023-11-30,19900.0,2024-02-28,2024-02-28,2024-02-13,True,False,
AL00397,AS003633,ENT0111,2024-01-31,HANDICRAFT,5,0.04055917951747737,0.8165574315783184,1.0,0.5683,AMBER,AMBER>=0.38;RED>=0.58,52094.0,True,0.46,-1.2,-1.43,0.0,0.0,900.0,-23.3,-13123.0,24673.0,38971.0,debt_overhang,1.0,working_capital_erosion,0.7353,receivable_stretch,0.6667,"{""model"": 0.45, ""rule"": 0.55}",hgb_stress_v1.2,rules_v1.2_18rules,2024-01-31,20700.0,2024-03-01,2024-03-01,2024-04-15,True,False,
AL00398,AS003635,ENT0111,2024-03-31,HANDICRAFT,5,0.2337921963417787,0.02657952132682406,0.9579,0.6321,RED,AMBER>=0.38;RED>=0.58,47089.0,True,0.465,22.0,0.21,200.0,10.0,9900.0,13.1,-28951.0,-47.0,18138.0,receivable_stretch,1.0,debt_overhang,1.0,demand_trough,0.3243,"{""model"": 0.45, ""rule"": 0.55}",hgb_stress_v1.2,rules_v1.2_18rules,2024-03-31,35600.0,2024-08-28,2024-08-28,2024-06-14,True,False,
AL00399,AS003637,ENT0111,2024-05-31,HANDICRAFT,5,0.8479702493226176,0.9070256675334937,0.5684,0.6942,RED,AMBER>=0.38;RED>=0.58,28389.0,True,0.466,27.8,0.62,300.0,14.0,3100.0,18.9,-26564.0,-13274.0,1825.0,receivable_stretch,1.0,debt_overhang,0.3056,working_capital_erosion,0.2941,"{""model"": 0.45, ""rule"": 0.55}",hgb_stress_v1.2,rules_v1.2_18rules,2024-05-31,35300.0,2024-09-28,2024-09-28,2024-08-14,True,False,
AL00400,AS003639,ENT0111,2024-07-31,HANDICRAFT,5,0.15665321715289765,0.9482670715488479,0.9053,0.5684,AMBER,AMBER>=0.38;RED>=0.58,36430.0,True,0.462,-0.2,0.47,100.0,5.0,800.0,-0.2,-29603.0,-6814.0,6827.0,receivable_stretch,1.0,working_capital_erosion,1.0,debt_overhang,0.2778,"{""model"": 0.45, ""rule"": 0.55}",hgb_stress_v1.2,rules_v1.2_18rules,2024-07-31,29200.0,2024-10-29,2024-10-29,2024-10-14,True,False,
AL00401,AS003641,ENT0111,2024-09-30,HANDICRAFT,5,0.1409468043821692,0.02219916634508418,0.9579,0.5903,RED,AMBER>=0.38;RED>=0.58,42870.0,True,0.467,10.6,1.12,4000.0,190.0,1700.0,-12.9,-4389.0,15508.0,38481.0,working_capital_erosion,1.0,debt_overhang,0.7222,receivable_stretch,0.6667,"{""model"": 0.45, ""rule"": 0.55}",hgb_stress_v1.2,rules_v1.2_18rules,2024-09-30,10500.0,2024-10-30,2024-10-30,2024-12-14,True,False,
AL00402,AS003643,ENT0111,2024-11-30,HANDICRAFT,5,0.0732249771763324,0.022836514891887667,0.8947,0.525,AMBER,AMBER>=0.38;RED>=0.58,42778.0,True,0.472,21.7,1.62,6400.0,304.0,4400.0,-4.0,-806.0,22216.0,41972.0,working_capital_erosion,0.7353,debt_overhang,0.7222,receivable_stretch,0.6667,"{""model"": 0.45, ""rule"": 0.55}",hgb_stress_v1.2,rules_v1.2_18rules,2024-11-30,11300.0,2024-12-30,2024-12-30,2025-02-13,True,False,
AL00403,AS003645,ENT0111,2025-01-31,HANDICRAFT,5,0.15179181306614925,0.05015101641033861,0.6632,0.4331,AMBER,AMBER>=0.38;RED>=0.58,45491.0,True,0.47,14.8,2.17,3200.0,152.0,800.0,14.8,-9983.0,23875.0,35508.0,receivable_stretch,0.6667,demand_trough,0.5946,working_capital_erosion,0.2941,"{""model"": 0.45, ""rule"": 0.55}",hgb_stress_v1.2,rules_v1.2_18rules,2025-01-31,10100.0,2025-03-02,2025-03-02,2025-04-16,True,False,
AL00404,AS003648,ENT0111,2025-04-30,HANDICRAFT,5,0.05850856438779109,5.4965524834772274e-05,0.8105,0.4721,AMBER,AMBER>=0.38;RED>=0.58,20837.0,True,0.477,43.6,2.01,5000.0,238.0,600.0,43.6,19.0,5450.0,20856.0,receivable_stretch,1.0,climate_shock,0.7143,demand_trough,0.2703,"{""model"": 0.45, ""rule"": 0.55}",hgb_stress_v1.2,rules_v1.2_18rules,2025-04-30,39300.0,2025-10-27,2025-10-27,2025-07-14,True,False,
AL00405,AS003651,ENT0111,2025-07-31,HANDICRAFT,5,0.3703946653858609,0.004858904931880605,0.6421,0.5198,AMBER,AMBER>=0.38;RED>=0.58,39892.0,True,0.473,28.2,2.52,3000.0,143.0,700.0,28.2,-25873.0,-1188.0,14019.0,receivable_stretch,1.0,demand_trough,0.2703,working_capital_erosion,0.2647,"{""model"": 0.45, ""rule"": 0.55}",hgb_stress_v1.2,rules_v1.2_18rules,2025-07-31,24800.0,2025-10-29,2025-10-29,2025-10-14,True,False,
AL00406,AS003653,ENT0111,2025-09-30,HANDICRAFT,5,0.10194023614614581,0.0003400764830371705,0.7474,0.4569,AMBER,AMBER>=0.38;RED>=0.58,36450.0,True,0.48,16.5,3.29,7200.0,342.0,700.0,16.5,3790.0,25073.0,40240.0,receivable_stretch,1.0,working_capital_erosion,0.5588,demand_trough,0.2703,"{""model"": 0.45, ""rule"": 0.55}",hgb_stress_v1.2,rules_v1.2_18rules,2025-09-30,5600.0,2025-10-30,2025-10-30,2025-12-14,True,False,
AL00407,AS003655,ENT0111,2025-11-30,HANDICRAFT,5,0.022551659988437694,0.00017841261379750948,0.6737,0.3807,AMBER,AMBER>=0.38;RED>=0.58,44605.0,True,0.481,31.0,4.13,6900.0,328.0,1300.0,31.0,8693.0,33334.0,53298.0,receivable_stretch,1.0,demand_trough,0.5946,margin_squeeze,0.2571,"{""model"": 0.45, ""rule"": 0.55}",hgb_stress_v1.2,rules_v1.2_18rules,2025-11-30,5200.0,2025-12-30,2025-12-30,2026-02-13,True,False,
AL00408,AS003658,ENT0111,2026-02-28,HANDICRAFT,5,0.00023003730925559096,6.819422204322037e-06,0.7158,0.3938,AMBER,AMBER>=0.38;RED>=0.58,27721.0,True,0.483,80.6,7.43,6100.0,290.0,800.0,80.6,8654.0,31674.0,36375.0,demand_trough,1.0,receivable_stretch,0.6667,margin_squeeze,0.2571,"{""model"": 0.45, ""rule"": 0.55}",hgb_stress_v1.2,rules_v1.2_18rules,2026-02-28,19500.0,2026-08-27,2026-08-27,2026-05-14,True,False,
AL00409,AS003671,ENT0112,2024-06-30,RETAIL,4,0.000103690858966438,3.887406226808326e-05,0.8,0.44,AMBER,AMBER>=0.38;RED>=0.58,282880.0,False,0.87,69.3,2.19,584900.0,27807.0,133800.0,69.3,-35479.0,34730.0,247401.0,margin_squeeze,0.7429,receivable_stretch,0.6364,climate_shock,0.2857,"{""model"": 0.45, ""rule"": 0.55}",hgb_stress_v1.2,rules_v1.2_18rules,2024-06-30,41800.0,2024-07-30,2024-07-30,2024-09-13,True,False,2024-07-13
AL00410,AS003673,ENT0112,2024-08-31,RETAIL,4,0.00038197418815057676,2.9104763829362842e-05,0.6947,0.3823,AMBER,AMBER>=0.38;RED>=0.58,357421.0,False,0.881,59.6,2.21,852800.0,40544.0,133200.0,59.6,8078.0,193354.0,365499.0,margin_squeeze,0.7429,receivable_stretch,0.6364,debt_overhang,0.2778,"{""model"": 0.45, ""rule"": 0.55}",hgb_stress_v1.2,rules_v1.2_18rules,2024-08-31,16500.0,2024-09-30,2024-09-30,2024-11-14,True,False,
AL00411,AS003683,ENT0112,2025-06-30,RETAIL,4,3.17459314498186e-05,8.959887039272967e-06,0.6947,0.3821,AMBER,AMBER>=0.38;RED>=0.58,319635.0,False,0.916,84.4,6.23,777100.0,36945.0,96700.0,84.4,-55244.0,210624.0,264391.0,margin_squeeze,0.7429,receivable_stretch,0.6364,demand_trough,0.2703,"{""model"": 0.45, ""rule"": 0.55}",hgb_stress_v1.2,rules_v1.2_18rules,2025-06-30,55100.0,2025-09-28,2025-09-28,2025-09-13,True,False,
AL00412,AS003695,ENT0112,2026-06-30,RETAIL,4,1.9593540552963292e-05,1.8164886312819165e-06,0.6947,0.3821,AMBER,AMBER>=0.38;RED>=0.58,,False,0.976,84.9,,503700.0,23947.0,116000.0,84.9,,,,margin_squeeze,0.7429,receivable_stretch,0.6364,climate_shock,0.2857,"{""model"": 0.45, ""rule"": 0.55}",hgb_stress_v1.2,rules_v1.2_18rules,2026-06-30,7700.0,2026-07-30,2026-07-30,2026-09-13,True,False,
AL00413,AS003700,ENT0113,2024-02-29,POULTRY,1,0.3079371604479632,0.009511944177288659,0.5158,0.4223,AMBER,AMBER>=0.38;RED>=0.58,91899.0,False,0.795,16.6,1.74,11600.0,551.0,2400.0,16.6,-15623.0,26282.0,76276.0,working_capital_erosion,0.5588,receivable_stretch,0.3333,climate_shock,0.2857,"{""model"": 0.45, ""rule"": 0.55}",hgb_stress_v1.2,rules_v1.2_18rules,2024-02-29,95300.0,2024-07-28,2024-07-28,2024-05-14,True,False,
AL00414,AS003702,ENT0113,2024-04-30,POULTRY,1,0.7088047012034221,0.006382155841973938,0.4421,0.5621,AMBER,AMBER>=0.38;RED>=0.58,131468.0,False,0.81,39.0,2.91,15500.0,737.0,29100.0,39.0,-122019.0,-43844.0,9449.0,demand_trough,0.3243,margin_squeeze,0.3143,climate_shock,0.2857,"{""model"": 0.45, ""rule"": 0.55}",hgb_stress_v1.2,rules_v1.2_18rules,2024-04-30,167600.0,2024-10-27,2024-10-27,2024-07-14,True,False,
AL00415,AS003704,ENT0113,2024-06-30,POULTRY,1,0.9056232131387684,0.0048094911899295495,0.5895,0.7318,RED,AMBER>=0.38;RED>=0.58,147991.0,False,0.827,59.6,2.39,14000.0,666.0,0.0,59.6,-104858.0,-42164.0,43133.0,margin_squeeze,1.0,demand_trough,0.3243,working_capital_erosion,0.2647,"{""model"": 0.45, ""rule"": 0.55}",hgb_stress_v1.2,rules_v1.2_18rules,2024-06-30,135400.0,2024-10-28,2024-10-28,2024-09-13,True,False,
AL00416,AS003706,ENT0113,2024-08-31,POULTRY,1,0.11269809000921281,0.9274684594436726,0.9579,0.5776,AMBER,AMBER>=0.38;RED>=0.58,97516.0,False,0.823,7.2,1.97,54000.0,2567.0,0.0,5.9,-17160.0,15014.0,80356.0,margin_squeeze,1.0,working_capital_erosion,1.0,climate_shock,0.3143,"{""model"": 0.45, ""rule"": 0.55}",hgb_stress_v1.2,rules_v1.2_18rules,2024-08-31,88400.0,2024-12-29,2024-12-29,2024-11-14,True,False,
AL00417,AS003709,ENT0113,2024-11-30,POULTRY,1,0.6457559952905086,0.003393648177598343,0.4842,0.5569,AMBER,AMBER>=0.38;RED>=0.58,96051.0,False,0.843,32.6,1.55,35900.0,1707.0,20600.0,9.8,-6995.0,32688.0,89056.0,debt_overhang,0.7222,working_capital_erosion,0.2941,demand_trough,0.2703,"{""model"": 0.45, ""rule"": 0.55}",hgb_stress_v1.2,rules_v1.2_18rules,2024-11-30,51000.0,2025-03-30,2025-03-30,2025-02-13,True,False,
AL00418,AS003714,ENT0113,2025-04-30,POULTRY,1,0.8671675083043808,0.9198114447330851,0.7053,0.7781,RED,AMBER>=0.38;RED>=0.58,61950.0,False,0.858,52.3,1.72,7900.0,376.0,0.0,52.3,-35679.0,-20307.0,26271.0,climate_shock,0.7143,demand_trough,0.5946,margin_squeeze,0.5714,"{""model"": 0.45, ""rule"": 0.55}",hgb_stress_v1.2,rules_v1.2_18rules,2025-04-30,71100.0,2025-09-27,2025-09-27,2025-07-14,True,False,
AL00419,AS003716,ENT0113,2025-06-30,POULTRY,1,0.827576474105385,0.9611131636300051,0.4947,0.6445,RED,AMBER>=0.38;RED>=0.58,156448.0,False,0.868,23.0,1.65,7700.0,366.0,16900.0,23.0,-96927.0,-34168.0,59521.0,margin_squeeze,0.7429,demand_trough,0.3243,working_capital_erosion,0.2647,"{""model"": 0.45, ""rule"": 0.55}",hgb_stress_v1.2,rules_v1.2_18rules,2025-06-30,150400.0,2025-11-27,2025-11-27,2025-09-13,True,False,
AL00420,AS003718,ENT0113,2025-08-31,POULTRY,1,0.027283801891182922,0.2480721909963792,1.0,0.5623,AMBER,AMBER>=0.38;RED>=0.58,92829.0,False,0.88,0.3,1.31,10800.0,513.0,2200.0,-21.1,-32782.0,19846.0,60047.0,margin_squeeze,1.0,working_capital_erosion,0.7353,debt_overhang,0.7222,"{""model"": 0.45, ""rule"": 0.55}",hgb_stress_v1.2,rules_v1.2_18rules,2025-08-31,63900.0,2025-12-29,2025-12-29,2025-11-14,True,False,
AL00421,AS003726,ENT0113,2026-04-30,POULTRY,1,0.057169768000057755,0.010611951439705194,0.7895,0.46,AMBER,AMBER>=0.38;RED>=0.58,178315.0,False,0.914,9.1,4.01,28200.0,1341.0,2800.0,9.1,-92808.0,592.0,85507.0,climate_shock,1.0,working_capital_erosion,0.5588,demand_trough,0.3243,"{""model"": 0.45, ""rule"": 0.55}",hgb_stress_v1.2,rules_v1.2_18rules,2026-04-30,171500.0,2026-10-27,2026-10-27,2026-07-14,True,False,
AL00422,AS003728,ENT0113,2026-06-30,POULTRY,1,0.3803947593133097,0.09009440552057718,0.6947,0.5533,AMBER,AMBER>=0.38;RED>=0.58,,False,0.917,9.6,3.82,78400.0,3727.0,17700.0,9.6,,,,margin_squeeze,1.0,working_capital_erosion,0.5588,demand_trough,0.3243,"{""model"": 0.45, ""rule"": 0.55}",hgb_stress_v1.2,rules_v1.2_18rules,2026-06-30,200200.0,2026-12-27,2026-12-27,2026-09-13,True,False,
AL00423,AS003747,ENT0114,2025-04-30,RETAIL,3,0.00015678822207414587,4.222423817988484e-06,0.7895,0.4343,AMBER,AMBER>=0.38;RED>=0.58,39043.0,False,0.738,69.6,,149300.0,7098.0,21800.0,69.6,18258.0,23121.0,57301.0,climate_shock,1.0,receivable_stretch,0.6364,demand_trough,0.2703,"{""model"": 0.45, ""rule"": 0.55}",hgb_stress_v1.2,rules_v1.2_18rules,2025-04-30,14600.0,2025-08-28,2025-08-28,2025-07-14,True,False,
AL00424,AS003766,ENT0115,2024-02-29,DAIRY,4,0.8504315569134855,0.0001702127457199766,0.2316,0.5101,AMBER,AMBER>=0.38;RED>=0.58,130212.0,False,0.895,54.3,3.57,12700.0,604.0,27200.0,54.3,-118377.0,-38882.0,11835.0,demand_trough,0.3243,climate_shock,0.2857,,0.0,"{""model"": 0.45, ""rule"": 0.55}",hgb_stress_v1.2,rules_v1.2_18rules,2024-02-29,157900.0,2024-06-28,2024-06-28,2024-05-14,True,False,
AL00425,AS003768,ENT0115,2024-04-30,DAIRY,4,0.8993107824408134,0.0856604745291082,0.5789,0.7231,RED,AMBER>=0.38;RED>=0.58,110944.0,False,0.898,26.1,2.67,9800.0,466.0,9200.0,26.1,-102878.0,-36602.0,8066.0,margin_squeeze,1.0,receivable_stretch,0.3333,working_capital_erosion,0.2647,"{""model"": 0.45, ""rule"": 0.55}",hgb_stress_v1.2,rules_v1.2_18rules,2024-04-30,100600.0,2024-07-29,2024-07-29,2024-07-14,True,False,
AL00426,AS003770,ENT0115,2024-06-30,DAIRY,4,0.02853629750736303,0.048047807089037206,0.8316,0.4702,AMBER,AMBER>=0.38;RED>=0.58,64756.0,False,0.908,2.0,1.78,19200.0,913.0,14500.0,2.0,-26468.0,-9107.0,38288.0,margin_squeeze,1.0,working_capital_erosion,1.0,climate_shock,0.2857,"{""model"": 0.45, ""rule"": 0.55}",hgb_stress_v1.2,rules_v1.2_18rules,2024-06-30,33900.0,2024-10-28,2024-10-28,2024-09-13,True,False,
AL00427,AS003779,ENT0115,2025-03-31,DAIRY,4,0.8192450915674199,0.00016767281939023573,0.2211,0.4903,AMBER,AMBER>=0.38;RED>=0.58,144208.0,False,0.928,40.4,1.95,26800.0,1274.0,39200.0,40.4,-120842.0,-41412.0,23366.0,demand_trough,0.3243,working_capital_erosion,0.2647,,0.0,"{""model"": 0.45, ""rule"": 0.55}",hgb_stress_v1.2,rules_v1.2_18rules,2025-03-31,165300.0,2025-08-28,2025-08-28,2025-06-14,True,False,
AL00428,AS003781,ENT0115,2025-05-31,DAIRY,4,0.5401136531187594,0.0036565943090575022,0.4105,0.4688,AMBER,AMBER>=0.38;RED>=0.58,122995.0,False,0.934,16.2,1.98,60600.0,2881.0,29300.0,16.2,-79451.0,-14934.0,43544.0,margin_squeeze,0.5714,working_capital_erosion,0.5588,,0.0,"{""model"": 0.45, ""rule"": 0.55}",hgb_stress_v1.2,rules_v1.2_18rules,2025-05-31,78500.0,2025-09-28,2025-09-28,2025-08-14,True,False,
AL00429,AS003783,ENT0115,2025-07-31,DAIRY,4,0.02261937017645642,0.0001389465794295573,0.8947,0.5023,AMBER,AMBER>=0.38;RED>=0.58,57214.0,False,0.95,7.3,1.31,95800.0,4555.0,27100.0,1.6,-18923.0,35877.0,38291.0,working_capital_erosion,1.0,debt_overhang,0.5833,margin_squeeze,0.5714,"{""model"": 0.45, ""rule"": 0.55}",hgb_stress_v1.2,rules_v1.2_18rules,2025-07-31,41400.0,2025-11-28,2025-11-28,2025-10-14,True,False,
AL00430,AS003785,ENT0115,2025-09-30,DAIRY,4,0.01908169606752291,7.210355062593109e-05,0.6947,0.3907,AMBER,AMBER>=0.38;RED>=0.58,84031.0,False,0.959,13.7,1.47,77100.0,3665.0,18300.0,5.3,-9147.0,70317.0,74884.0,working_capital_erosion,0.7353,receivable_stretch,0.3333,debt_overhang,0.3056,"{""model"": 0.45, ""rule"": 0.55}",hgb_stress_v1.2,rules_v1.2_18rules,2025-09-30,45200.0,2026-02-27,2026-02-27,2025-12-14,True,False,
AL00431,AS003792,ENT0115,2026-04-30,DAIRY,4,0.4973678481179215,7.015418900852814e-05,0.5684,0.5364,AMBER,AMBER>=0.38;RED>=0.58,121015.0,False,0.988,31.6,5.76,20200.0,960.0,24100.0,31.6,-104780.0,-30350.0,16235.0,climate_shock,0.7143,margin_squeeze,0.5714,working_capital_erosion,0.2647,"{""model"": 0.45, ""rule"": 0.55}",hgb_stress_v1.2,rules_v1.2_18rules,2026-04-30,132400.0,2026-08-28,2026-08-28,2026-07-14,True,False,
AL00432,AS003794,ENT0115,2026-06-30,DAIRY,4,0.03380333537069557,2.882716545730759e-05,0.7368,0.4205,AMBER,AMBER>=0.38;RED>=0.58,,False,0.984,7.9,15.5,47800.0,2272.0,30600.0,7.9,,,,working_capital_erosion,1.0,margin_squeeze,0.7429,climate_shock,0.2857,"{""model"": 0.45, ""rule"": 0.55}",hgb_stress_v1.2,rules_v1.2_18rules,2026-06-30,41500.0,2026-11-27,2026-11-27,2026-09-13,True,False,
AL00433,AS003805,ENT0116,2024-08-31,RETAIL,2,4.702667004762054e-05,5.653543840897969e-06,0.7053,0.3879,AMBER,AMBER>=0.38;RED>=0.58,99187.0,False,0.654,70.5,8.26,320200.0,15223.0,41900.0,70.5,69835.0,161830.0,169022.0,margin_squeeze,0.7429,receivable_stretch,0.6364,climate_shock,0.3143,"{""model"": 0.45, ""rule"": 0.55}",hgb_stress_v1.2,rules_v1.2_18rules,2024-08-31,0.0,,2024-11-09,2024-11-14,True,False,
AL00434,AS003829,ENT0117,2023-11-30,FOODPROC,6,0.04485465885239026,0.0007604161599598689,0.9263,0.5296,AMBER,AMBER>=0.38;RED>=0.58,210972.0,False,0.627,3.2,-0.32,0.0,0.0,106900.0,-19.3,-17113.0,129146.0,193859.0,debt_overhang,1.0,working_capital_erosion,0.7353,demand_trough,0.7297,"{""model"": 0.45, ""rule"": 0.55}",hgb_stress_v1.2,rules_v1.2_18rules,2023-11-30,54700.0,2023-12-30,2023-12-30,2024-02-13,True,False,
AL00435,AS003834,ENT0117,2024-04-30,FOODPROC,6,0.003776726936040681,0.0005771081296670717,0.7684,0.4243,AMBER,AMBER>=0.38;RED>=0.58,352473.0,False,0.65,12.6,1.01,185600.0,8824.0,139400.0,0.6,-44070.0,246674.0,308403.0,working_capital_erosion,0.7353,demand_trough,0.7297,debt_overhang,0.5833,"{""model"": 0.45, ""rule"": 0.55}",hgb_stress_v1.2,rules_v1.2_18rules,2024-04-30,78900.0,2024-08-28,2024-08-28,2024-07-14,True,False,
AL00436,AS003858,ENT0117,2026-04-30,FOODPROC,6,4.1222272490626986e-05,3.517306592070775e-06,0.7474,0.4111,AMBER,AMBER>=0.38;RED>=0.58,671355.0,False,0.806,50.5,,748000.0,35561.0,189800.0,50.5,-63303.0,380379.0,608052.0,demand_trough,1.0,climate_shock,0.7143,working_capital_erosion,0.2647,"{""model"": 0.45, ""rule"": 0.55}",hgb_stress_v1.2,rules_v1.2_18rules,2026-04-30,85300.0,2026-08-28,2026-08-28,2026-07-14,True,False,
AL00437,AS003892,ENT0118,2026-05-31,RETAIL,2,6.944610270317096e-05,1.2084067808533982e-05,0.7368,0.4053,AMBER,AMBER>=0.38;RED>=0.58,151843.0,False,0.884,57.9,12.88,474600.0,22563.0,45300.0,57.9,-14934.0,105254.0,136909.0,receivable_stretch,0.6364,margin_squeeze,0.5714,climate_shock,0.2857,"{""model"": 0.45, ""rule"": 0.55}",hgb_stress_v1.2,rules_v1.2_18rules,2026-05-31,26000.0,2026-07-30,2026-07-30,2026-08-14,True,False,
AL00438,AS003902,ENT0119,2024-06-30,POULTRY,4,0.007069760407419436,2.037423307889889e-05,0.6947,0.3853,AMBER,AMBER>=0.38;RED>=0.58,253612.0,False,0.6,161.9,,199700.0,9494.0,0.0,161.9,-141627.0,6005.0,111985.0,margin_squeeze,1.0,demand_trough,0.3243,climate_shock,0.2857,"{""model"": 0.45, ""rule"": 0.55}",hgb_stress_v1.2,rules_v1.2_18rules,2024-06-30,132100.0,2024-11-27,2024-11-27,2024-09-13,True,False,
AL00439,AS003926,ENT0119,2026-06-30,POULTRY,4,0.006677113352603356,2.4077816334382216e-05,0.6947,0.3851,AMBER,AMBER>=0.38;RED>=0.58,,False,0.661,26.7,,169600.0,8063.0,20600.0,26.7,,,,margin_squeeze,1.0,demand_trough,0.3243,climate_shock,0.2857,"{""model"": 0.45, ""rule"": 0.55}",hgb_stress_v1.2,rules_v1.2_18rules,2026-06-30,133600.0,2026-08-29,2026-08-29,2026-09-13,True,False,
AL00440,AS003931,ENT0120,2024-02-29,HANDICRAFT,3,0.0002187454735031416,1.3808080114632668e-05,0.8316,0.4575,AMBER,AMBER>=0.38;RED>=0.58,119285.0,False,0.758,100.6,,11600.0,551.0,2700.0,100.6,3551.0,45276.0,122836.0,receivable_stretch,1.0,demand_trough,0.7297,climate_shock,0.2857,"{""model"": 0.45, ""rule"": 0.55}",hgb_stress_v1.2,rules_v1.2_18rules,2024-02-29,38400.0,2024-08-27,2024-08-27,2024-05-14,True,False,
AL00441,AS003955,ENT0120,2026-02-28,HANDICRAFT,3,2.277329735709117e-05,1.3037234809237686e-06,0.7368,0.4053,AMBER,AMBER>=0.38;RED>=0.58,88310.0,False,0.858,158.7,,186700.0,8876.0,34900.0,158.7,16689.0,36632.0,104999.0,receivable_stretch,1.0,demand_trough,0.7297,climate_shock,0.2857,"{""model"": 0.45, ""rule"": 0.55}",hgb_stress_v1.2,rules_v1.2_18rules,2026-02-28,56500.0,2026-08-27,2026-08-27,2026-05-14,True,False,
AL00442,AS003957,ENT0120,2026-04-30,HANDICRAFT,3,0.0003028861665595775,1.6436965244103053e-05,0.7053,0.3881,AMBER,AMBER>=0.38;RED>=0.58,105829.0,False,0.865,139.0,,48400.0,2301.0,2300.0,139.0,-5135.0,25059.0,100694.0,climate_shock,0.7143,receivable_stretch,0.697,demand_trough,0.2703,"{""model"": 0.45, ""rule"": 0.55}",hgb_stress_v1.2,rules_v1.2_18rules,2026-04-30,75900.0,2026-09-27,2026-09-27,2026-07-14,True,False,
AL00443,AS003965,ENT0121,2024-03-31,DAIRY,1,0.2548207287246968,0.0008029466114431979,0.5579,0.4215,AMBER,AMBER>=0.38;RED>=0.58,76356.0,True,0.433,47.5,6.01,10300.0,490.0,10400.0,47.5,-72118.0,-25697.0,4238.0,receivable_stretch,0.3333,demand_trough,0.3243,margin_squeeze,0.3143,"{""model"": 0.45, ""rule"": 0.55}",hgb_stress_v1.2,rules_v1.2_18rules,2024-03-31,80800.0,2024-07-29,2024-07-29,2024-06-14,True,False,2024-04-08
AL00444,AS003967,ENT0121,2024-05-31,DAIRY,1,0.22774239917996755,0.00619550547725466,0.6842,0.4788,AMBER,AMBER>=0.38;RED>=0.58,43065.0,True,0.431,22.4,4.87,19400.0,922.0,9000.0,22.4,-31158.0,-13833.0,11907.0,margin_squeeze,1.0,receivable_stretch,0.3333,climate_shock,0.2857,"{""model"": 0.45, ""rule"": 0.55}",hgb_stress_v1.2,rules_v1.2_18rules,2024-05-31,38100.0,2024-09-28,2024-09-28,2024-08-14,True,False,
AL00445,AS003989,ENT0121,2026-03-31,DAIRY,1,0.4362521370353805,0.014637706676301121,0.6421,0.5495,AMBER,AMBER>=0.38;RED>=0.58,74012.0,True,0.451,28.6,2.01,13100.0,623.0,9000.0,28.6,-64877.0,-32550.0,9135.0,demand_trough,0.5946,receivable_stretch,0.3333,debt_overhang,0.2778,"{""model"": 0.45, ""rule"": 0.55}",hgb_stress_v1.2,rules_v1.2_18rules,2026-03-31,109300.0,2026-09-27,2026-09-27,2026-06-14,True,False,
AL00446,AS003991,ENT0121,2026-05-31,DAIRY,1,0.16946432887553778,0.020825500395621022,0.6737,0.4468,AMBER,AMBER>=0.38;RED>=0.58,40768.0,True,0.448,10.7,2.09,32000.0,1521.0,9400.0,10.7,-31939.0,-12341.0,8829.0,margin_squeeze,1.0,working_capital_erosion,0.5588,debt_overhang,0.2778,"{""model"": 0.45, ""rule"": 0.55}",hgb_stress_v1.2,rules_v1.2_18rules,2026-05-31,41300.0,2026-10-28,2026-10-28,2026-08-14,True,False,
AL00447,AS003994,ENT0122,2023-11-30,HANDICRAFT,2,0.007975755141759178,0.001191876469470349,0.7053,0.3915,AMBER,AMBER>=0.38;RED>=0.58,166044.0,False,0.695,-6.4,-2.05,0.0,0.0,1700.0,-115.1,-8881.0,110905.0,157163.0,working_capital_erosion,0.7353,debt_overhang,0.5833,demand_trough,0.3243,"{""model"": 0.45, ""rule"": 0.55}",hgb_stress_v1.2,rules_v1.2_18rules,2023-11-30,14500.0,2024-01-29,2024-01-29,2024-02-13,True,False,
AL00448,AS003996,ENT0122,2024-01-31,HANDICRAFT,2,0.016890543612290924,0.00011866906290129214,0.9579,0.5344,AMBER,AMBER>=0.38;RED>=0.58,130144.0,False,0.709,47.0,0.46,3000.0,143.0,26100.0,-8.1,-37773.0,88214.0,92371.0,working_capital_erosion,0.7353,receivable_stretch,0.697,debt_overhang,0.5833,"{""model"": 0.45, ""rule"": 0.55}",hgb_stress_v1.2,rules_v1.2_18rules,2024-01-31,32700.0,2024-04-30,2024-04-30,2024-04-15,True,False,
AL00449,AS004027,ENT0123,2023-11-30,FOODPROC,3,0.013897140977894606,4.510955024022145e-05,0.7579,0.4231,AMBER,AMBER>=0.38;RED>=0.58,110426.0,False,0.674,-3.6,,0.0,0.0,51100.0,-16.4,-660.0,64346.0,109766.0,working_capital_erosion,0.7353,demand_trough,0.7297,debt_overhang,0.3056,"{""model"": 0.45, ""rule"": 0.55}",hgb_stress_v1.2,rules_v1.2_18rules,2023-11-30,36400.0,2024-04-28,2024-04-28,2024-02-13,True,False,
AL00450,AS004032,ENT0123,2024-04-30,FOODPROC,3,0.031545211927147536,5.3516927069181954e-05,0.7579,0.431,AMBER,AMBER>=0.38;RED>=0.58,111067.0,False,0.703,9.8,,0.0,0.0,71000.0,-5.6,15030.0,102089.0,126097.0,working_capital_erosion,1.0,demand_trough,0.7297,debt_overhang,0.3056,"{""model"": 0.45, ""rule"": 0.55}",hgb_stress_v1.2,rules_v1.2_18rules,2024-04-30,20400.0,2024-05-30,2024-05-30,2024-07-14,True,False,
AL00451,AS004044,ENT0123,2025-04-30,FOODPROC,3,0.0006239193743948087,7.799340364597368e-06,0.9474,0.5214,AMBER,AMBER>=0.38;RED>=0.58,91398.0,False,0.754,15.9,,166400.0,7911.0,71700.0,15.9,55509.0,114872.0,146907.0,climate_shock,1.0,demand_trough,0.7297,working_capital_erosion,0.5588,"{""model"": 0.45, ""rule"": 0.55}",hgb_stress_v1.2,rules_v1.2_18rules,2025-04-30,10100.0,2025-05-30,2025-05-30,2025-07-14,True,False,
AL00452,AS004064,ENT0124,2024-03-31,DAIRY,1,0.3128232717242222,7.06932030358365e-06,0.4421,0.3839,AMBER,AMBER>=0.38;RED>=0.58,93654.0,False,0.894,60.6,,17800.0,846.0,18800.0,60.6,-88010.0,-26425.0,5644.0,demand_trough,0.3243,margin_squeeze,0.3143,climate_shock,0.2857,"{""model"": 0.45, ""rule"": 0.55}",hgb_stress_v1.2,rules_v1.2_18rules,2024-03-31,116500.0,2024-07-29,2024-07-29,2024-06-14,True,False,
AL00453,AS004066,ENT0124,2024-05-31,DAIRY,1,0.3052042109112766,2.9382375231295614e-05,0.6842,0.5137,AMBER,AMBER>=0.38;RED>=0.58,44574.0,False,0.911,22.0,,32500.0,1545.0,16600.0,22.0,-34148.0,-9057.0,10426.0,margin_squeeze,1.0,receivable_stretch,0.3333,climate_shock,0.2857,"{""model"": 0.45, ""rule"": 0.55}",hgb_stress_v1.2,rules_v1.2_18rules,2024-05-31,37900.0,2024-07-30,2024-07-30,2024-08-14,True,False,
AL00454,AS004068,ENT0124,2024-07-31,DAIRY,1,0.018430457362375228,3.12515972929213e-05,0.8421,0.4714,AMBER,AMBER>=0.38;RED>=0.58,51562.0,False,0.919,7.8,,55300.0,2629.0,11900.0,7.8,-11245.0,37954.0,40317.0,margin_squeeze,1.0,working_capital_erosion,1.0,receivable_stretch,0.3333,"{""model"": 0.45, ""rule"": 0.55}",hgb_stress_v1.2,rules_v1.2_18rules,2024-07-31,18500.0,2024-09-29,2024-09-29,2024-10-14,True,False,
AL00455,AS004078,ENT0124,2025-05-31,DAIRY,1,0.12549948186166104,0.00013065120914379616,0.6316,0.4039,AMBER,AMBER>=0.38;RED>=0.58,62985.0,False,0.961,18.8,,36600.0,1740.0,4600.0,18.8,-47685.0,109.0,15300.0,margin_squeeze,0.5714,working_capital_erosion,0.5588,receivable_stretch,0.3333,"{""model"": 0.45, ""rule"": 0.55}",hgb_stress_v1.2,rules_v1.2_18rules,2025-05-31,52000.0,2025-07-30,2025-07-30,2025-08-14,True,False,
AL00456,AS004089,ENT0124,2026-04-30,DAIRY,1,0.6713323850151035,4.572832920953297e-05,0.8947,0.7942,RED,AMBER>=0.38;RED>=0.58,100276.0,False,1.0,32.8,,15800.0,751.0,20800.0,32.8,-83102.0,-29177.0,17174.0,climate_shock,1.0,margin_squeeze,0.5714,receivable_stretch,0.3333,"{""model"": 0.45, ""rule"": 0.55}",hgb_stress_v1.2,rules_v1.2_18rules,2026-04-30,108400.0,2026-08-28,2026-08-28,2026-07-14,True,False,
AL00457,AS004091,ENT0124,2026-06-30,DAIRY,1,0.025210490611676822,2.516014964040222e-05,0.6737,0.3819,AMBER,AMBER>=0.38;RED>=0.58,,False,1.0,9.4,,40500.0,1925.0,17900.0,9.4,,,,margin_squeeze,1.0,working_capital_erosion,0.5588,demand_trough,0.2703,"{""model"": 0.45, ""rule"": 0.55}",hgb_stress_v1.2,rules_v1.2_18rules,2026-06-30,44700.0,2026-10-28,2026-10-28,2026-09-13,True,False,
AL00458,AS004110,ENT0125,2025-04-30,POULTRY,3,0.01185860387011485,1.1155438649036511e-05,0.8105,0.4511,AMBER,AMBER>=0.38;RED>=0.58,75185.0,False,0.864,204.5,,15100.0,718.0,0.0,204.5,-28484.0,-9883.0,46701.0,climate_shock,1.0,demand_trough,0.5946,margin_squeeze,0.5714,"{""model"": 0.45, ""rule"": 0.55}",hgb_stress_v1.2,rules_v1.2_18rules,2025-04-30,90800.0,2025-09-27,2025-09-27,2025-07-14,True,False,
AL00459,AS004112,ENT0125,2025-06-30,POULTRY,3,0.27761918609108077,5.08893795593345e-05,0.5895,0.4492,AMBER,AMBER>=0.38;RED>=0.58,147314.0,False,0.88,27.8,,3300.0,157.0,2500.0,27.8,-77045.0,-20060.0,70269.0,margin_squeeze,1.0,demand_trough,0.3243,working_capital_erosion,0.2647,"{""model"": 0.45, ""rule"": 0.55}",hgb_stress_v1.2,rules_v1.2_18rules,2025-06-30,117500.0,2025-10-28,2025-10-28,2025-09-13,True,False,
AL00460,AS004122,ENT0125,2026-04-30,POULTRY,3,0.20277204909401272,0.00013525007911185417,0.5789,0.4096,AMBER,AMBER>=0.38;RED>=0.58,81501.0,False,0.915,33.7,,7200.0,342.0,4200.0,33.7,-36476.0,-7726.0,45025.0,climate_shock,0.7143,demand_trough,0.3243,working_capital_erosion,0.2647,"{""model"": 0.45, ""rule"": 0.55}",hgb_stress_v1.2,rules_v1.2_18rules,2026-04-30,90000.0,2026-10-27,2026-10-27,2026-07-14,True,False,
AL00461,AS004124,ENT0125,2026-06-30,POULTRY,3,0.14441715319898485,4.004189657036183e-05,0.8105,0.5108,AMBER,AMBER>=0.38;RED>=0.58,,False,0.914,17.1,,22300.0,1060.0,5200.0,17.1,,,,margin_squeeze,1.0,working_capital_erosion,0.5588,receivable_stretch,0.3333,"{""model"": 0.45, ""rule"": 0.55}",hgb_stress_v1.2,rules_v1.2_18rules,2026-06-30,101200.0,2026-10-28,2026-10-28,2026-09-13,True,False,
AL00462,AS004126,ENT0126,2023-11-30,HANDICRAFT,5,0.25913544400709076,0.01229306463298719,0.8947,0.6087,RED,AMBER>=0.38;RED>=0.58,51567.0,False,0.804,14.1,-2.42,0.0,0.0,2400.0,-4.6,-10446.0,24853.0,41121.0,debt_overhang,1.0,working_capital_erosion,0.7353,receivable_stretch,0.3636,"{""model"": 0.45, ""rule"": 0.55}",hgb_stress_v1.2,rules_v1.2_18rules,2023-11-30,9500.0,2024-03-29,2024-03-29,2024-02-13,True,False,
AL00463,AS004176,ENT0127,2025-04-30,FOODPROC,3,0.00013851255785300988,0.000180937772986652,0.7474,0.4111,AMBER,AMBER>=0.38;RED>=0.58,571971.0,False,0.849,34.8,6.67,814000.0,38699.0,158100.0,34.8,-121520.0,348541.0,450451.0,climate_shock,1.0,demand_trough,0.7297,working_capital_erosion,0.2647,"{""model"": 0.45, ""rule"": 0.55}",hgb_stress_v1.2,rules_v1.2_18rules,2025-04-30,160000.0,2025-08-28,2025-08-28,2025-07-14,True,False,
AL00464,AS004221,ENT0128,2026-04-30,RETAIL,1,0.00012975338250648274,6.008129845892976e-05,0.7895,0.4343,AMBER,AMBER>=0.38;RED>=0.58,67899.0,False,0.816,68.6,2.41,290700.0,13820.0,47900.0,68.6,2256.0,40216.0,70155.0,climate_shock,1.0,receivable_stretch,0.6364,debt_overhang,0.2778,"{""model"": 0.45, ""rule"": 0.55}",hgb_stress_v1.2,rules_v1.2_18rules,2026-04-30,1200.0,2026-05-30,2026-05-30,2026-07-14,True,False,
AL00465,AS004223,ENT0128,2026-06-30,RETAIL,1,0.0007417597403909369,4.135593887504206e-05,0.6947,0.3824,AMBER,AMBER>=0.38;RED>=0.58,,False,0.817,56.7,2.5,181600.0,8634.0,38700.0,56.7,,,,margin_squeeze,0.7429,receivable_stretch,0.6364,debt_overhang,0.2778,"{""model"": 0.45, ""rule"": 0.55}",hgb_stress_v1.2,rules_v1.2_18rules,2026-06-30,19600.0,2026-08-29,2026-08-29,2026-09-13,True,False,
AL00466,AS004266,ENT0130,2024-07-31,POULTRY,3,0.01773806195558908,0.0019264309973730592,0.6842,0.3843,AMBER,AMBER>=0.38;RED>=0.58,170240.0,True,0.391,27.2,3.05,67000.0,3185.0,51600.0,27.2,-87506.0,-57800.0,82734.0,margin_squeeze,1.0,receivable_stretch,0.6364,working_capital_erosion,0.2647,"{""model"": 0.45, ""rule"": 0.55}",hgb_stress_v1.2,rules_v1.2_18rules,2024-07-31,100300.0,2024-11-28,2024-11-28,2024-10-14,True,False,
AL00467,AS004275,ENT0130,2025-04-30,POULTRY,3,0.0015106872021088008,5.423883535840078e-06,0.8316,0.4581,AMBER,AMBER>=0.38;RED>=0.58,237823.0,True,0.405,173.9,5.33,178800.0,8500.0,50700.0,173.9,-86684.0,44869.0,151139.0,climate_shock,1.0,receivable_stretch,0.6364,demand_trough,0.3243,"{""model"": 0.45, ""rule"": 0.55}",hgb_stress_v1.2,rules_v1.2_18rules,2025-04-30,134000.0,2025-09-27,2025-09-27,2025-07-14,True,False,2025-05-10
AL00468,AS004277,ENT0130,2025-06-30,POULTRY,3,0.0027476208365684253,0.0002139554308523767,0.8211,0.4528,AMBER,AMBER>=0.38;RED>=0.58,264930.0,True,0.414,166.6,7.16,156700.0,7450.0,0.0,166.6,-96105.0,52872.0,168825.0,margin_squeeze,1.0,receivable_stretch,0.6364,demand_trough,0.5946,"{""model"": 0.45, ""rule"": 0.55}",hgb_stress_v1.2,rules_v1.2_18rules,2025-06-30,113600.0,2025-08-29,2025-08-29,2025-09-13,True,False,
AL00469,AS004279,ENT0130,2025-08-31,POULTRY,3,0.0010315189999496913,3.90502694797515e-05,0.7895,0.4347,AMBER,AMBER>=0.38;RED>=0.58,235099.0,True,0.404,20.0,9.06,122100.0,5805.0,14200.0,20.0,-11861.0,52681.0,223238.0,margin_squeeze,1.0,receivable_stretch,0.6364,working_capital_erosion,0.5588,"{""model"": 0.45, ""rule"": 0.55}",hgb_stress_v1.2,rules_v1.2_18rules,2025-08-31,73600.0,2025-09-30,2025-09-30,2025-11-14,True,False,
AL00470,AS004287,ENT0130,2026-04-30,POULTRY,3,0.0007570978908084449,4.1709778257827e-05,0.8105,0.4461,AMBER,AMBER>=0.38;RED>=0.58,224873.0,True,0.413,143.1,,154500.0,7345.0,0.0,143.1,-61149.0,84109.0,163724.0,climate_shock,0.7143,receivable_stretch,0.6364,demand_trough,0.5946,"{""model"": 0.45, ""rule"": 0.55}",hgb_stress_v1.2,rules_v1.2_18rules,2026-04-30,106300.0,2026-08-28,2026-08-28,2026-07-14,True,False,
AL00471,AS004289,ENT0130,2026-06-30,POULTRY,3,0.04727066612788753,2.8066008020938137e-05,0.8211,0.4729,AMBER,AMBER>=0.38;RED>=0.58,,True,0.425,18.8,,80000.0,3803.0,46700.0,18.8,,,,margin_squeeze,0.7429,receivable_stretch,0.6364,working_capital_erosion,0.5588,"{""model"": 0.45, ""rule"": 0.55}",hgb_stress_v1.2,rules_v1.2_18rules,2026-06-30,141600.0,2026-09-28,2026-09-28,2026-09-13,True,False,
AL00472,AS004308,ENT0131,2025-04-30,POULTRY,3,0.9575845177374571,0.00022329210651029447,0.8105,0.8767,RED,AMBER>=0.38;RED>=0.58,152622.0,False,0.845,84.2,2.23,92000.0,4374.0,0.0,84.2,-113907.0,-41945.0,38715.0,climate_shock,1.0,demand_trough,0.5946,margin_squeeze,0.5714,"{""model"": 0.45, ""rule"": 0.55}",hgb_stress_v1.2,rules_v1.2_18rules,2025-04-30,213300.0,2025-10-27,2025-10-27,2025-07-14,True,False,
AL00473,AS004310,ENT0131,2025-06-30,POULTRY,3,0.9633234225528716,0.00897025930305512,0.6,0.7635,RED,AMBER>=0.38;RED>=0.58,201856.0,False,0.845,56.6,2.03,71500.0,3399.0,0.0,56.6,-127195.0,-48107.0,74661.0,margin_squeeze,1.0,demand_trough,0.5946,,0.0,"{""model"": 0.45, ""rule"": 0.55}",hgb_stress_v1.2,rules_v1.2_18rules,2025-06-30,204800.0,2025-10-28,2025-10-28,2025-09-13,True,False,
AL00474,AS004312,ENT0131,2025-08-31,POULTRY,3,0.03048569353806974,0.11340150346968832,0.8421,0.4769,AMBER,AMBER>=0.38;RED>=0.58,98423.0,False,0.871,0.2,1.57,108200.0,5144.0,35300.0,-4.5,-14986.0,-9461.0,83437.0,margin_squeeze,1.0,working_capital_erosion,1.0,debt_overhang,0.3056,"{""model"": 0.45, ""rule"": 0.55}",hgb_stress_v1.2,rules_v1.2_18rules,2025-08-31,113600.0,2025-12-29,2025-12-29,2025-11-14,True,False,
AL00475,AS004315,ENT0131,2025-11-30,POULTRY,3,0.4751495543252757,0.005298835472724659,0.4105,0.4396,AMBER,AMBER>=0.38;RED>=0.58,180293.0,False,0.888,15.7,1.42,137700.0,6547.0,0.0,15.7,-59034.0,40548.0,121259.0,working_capital_erosion,0.2941,debt_overhang,0.2778,demand_trough,0.2703,"{""model"": 0.45, ""rule"": 0.55}",hgb_stress_v1.2,rules_v1.2_18rules,2025-11-30,126700.0,2026-03-30,2026-03-30,2026-02-13,True,False,
AL00476,AS004322,ENT0131,2026-06-30,POULTRY,3,0.02300095612453388,0.042196191806433324,0.9684,0.543,AMBER,AMBER>=0.38;RED>=0.58,,False,0.918,3.0,1.81,117300.0,5577.0,27800.0,3.0,,,,margin_squeeze,1.0,working_capital_erosion,1.0,receivable_stretch,0.3333,"{""model"": 0.45, ""rule"": 0.55}",hgb_stress_v1.2,rules_v1.2_18rules,2026-06-30,121100.0,2026-08-29,2026-08-29,2026-09-13,True,False,
AL00477,AS004333,ENT0132,2024-08-31,RETAIL,2,0.01444219813182254,0.0025785015803222017,0.6842,0.3828,AMBER,AMBER>=0.38;RED>=0.58,45759.0,False,0.631,13.2,2.67,157700.0,7497.0,33500.0,13.2,34208.0,56619.0,79967.0,margin_squeeze,1.0,working_capital_erosion,0.5588,climate_shock,0.3143,"{""model"": 0.45, ""rule"": 0.55}",hgb_stress_v1.2,rules_v1.2_18rules,2024-08-31,13600.0,2024-10-30,2024-10-30,2024-11-14,True,False,
AL00478,AS004344,ENT0132,2025-07-31,RETAIL,2,0.0007617449564188149,1.7923390614326367e-05,0.7895,0.4346,AMBER,AMBER>=0.38;RED>=0.58,133586.0,False,0.657,46.0,3.33,155900.0,7412.0,21800.0,46.0,-9872.0,39451.0,123714.0,margin_squeeze,1.0,receivable_stretch,0.6364,demand_trough,0.2703,"{""model"": 0.45, ""rule"": 0.55}",hgb_stress_v1.2,rules_v1.2_18rules,2025-07-31,22200.0,2025-09-29,2025-09-29,2025-10-14,True,False,
AL00479,AS004346,ENT0132,2025-09-30,RETAIL,2,0.0007384958496932856,0.0001344018351622782,0.6947,0.3824,AMBER,AMBER>=0.38;RED>=0.58,171963.0,False,0.661,54.6,5.89,304700.0,14486.0,34500.0,54.6,12234.0,124746.0,184197.0,margin_squeeze,1.0,receivable_stretch,0.6364,demand_trough,0.2703,"{""model"": 0.45, ""rule"": 0.55}",hgb_stress_v1.2,rules_v1.2_18rules,2025-09-30,16000.0,2025-10-30,2025-10-30,2025-12-14,True,False,
AL00480,AS004354,ENT0132,2026-05-31,RETAIL,2,0.00019473270333770292,8.80620609449286e-05,0.7368,0.4053,AMBER,AMBER>=0.38;RED>=0.58,147019.0,False,0.681,41.8,4.56,247300.0,11757.0,18600.0,41.8,-52643.0,53800.0,94376.0,receivable_stretch,0.6364,margin_squeeze,0.5714,climate_shock,0.2857,"{""model"": 0.45, ""rule"": 0.55}",hgb_stress_v1.2,rules_v1.2_18rules,2026-05-31,63000.0,2026-09-28,2026-09-28,2026-08-14,True,False,
AL00481,AS004360,ENT0133,2024-02-29,HANDICRAFT,2,0.0003340805008963091,7.419032270319671e-06,0.7368,0.4054,AMBER,AMBER>=0.38;RED>=0.58,35398.0,False,0.872,76.8,,11200.0,532.0,10900.0,76.8,943.0,25094.0,36341.0,receivable_stretch,1.0,demand_trough,0.7297,climate_shock,0.2857,"{""model"": 0.45, ""rule"": 0.55}",hgb_stress_v1.2,rules_v1.2_18rules,2024-02-29,26000.0,2024-08-27,2024-08-27,2024-05-14,True,False,
AL00482,AS004381,ENT0133,2025-11-30,HANDICRAFT,2,0.00027113350307798927,1.294149767591994e-05,0.7684,0.4227,AMBER,AMBER>=0.38;RED>=0.58,22965.0,False,0.951,84.2,,38400.0,1826.0,2700.0,84.2,33436.0,45564.0,56401.0,receivable_stretch,1.0,demand_trough,0.5946,working_capital_erosion,0.2647,"{""model"": 0.45, ""rule"": 0.55}",hgb_stress_v1.2,rules_v1.2_18rules,2025-11-30,4600.0,2025-12-30,2025-12-30,2026-02-13,True,False,2025-12-16
AL00483,AS004384,ENT0133,2026-02-28,HANDICRAFT,2,0.00019218680949358252,4.349445919638438e-06,0.8316,0.4575,AMBER,AMBER>=0.38;RED>=0.58,34319.0,False,0.955,123.6,,16100.0,765.0,900.0,123.6,8469.0,31664.0,42788.0,receivable_stretch,1.0,demand_trough,1.0,margin_squeeze,0.2571,"{""model"": 0.45, ""rule"": 0.55}",hgb_stress_v1.2,rules_v1.2_18rules,2026-02-28,18400.0,2026-07-28,2026-07-28,2026-05-14,True,False,
AL00484,AS004386,ENT0133,2026-04-30,HANDICRAFT,2,0.0008576057737971915,1.3810999943119143e-05,0.8105,0.4462,AMBER,AMBER>=0.38;RED>=0.58,46594.0,False,0.969,144.7,,34100.0,1621.0,6300.0,144.7,-11270.0,4035.0,35324.0,receivable_stretch,1.0,climate_shock,0.7143,demand_trough,0.2703,"{""model"": 0.45, ""rule"": 0.55}",hgb_stress_v1.2,rules_v1.2_18rules,2026-04-30,44400.0,2026-09-27,2026-09-27,2026-07-14,True,False,
AL00485,AS004390,ENT0134,2023-11-30,FOODPROC,5,0.6774630755360322,0.0023014748504664286,0.7684,0.7275,RED,AMBER>=0.38;RED>=0.58,53486.0,False,0.871,21.6,-0.03,0.0,0.0,38500.0,-9.4,-11385.0,9157.0,42101.0,working_capital_erosion,0.7353,demand_trough,0.7297,debt_overhang,0.5833,"{""model"": 0.45, ""rule"": 0.55}",hgb_stress_v1.2,rules_v1.2_18rules,2023-11-30,20500.0,2024-04-28,2024-04-28,2024-02-13,True,False,2023-12-13
AL00486,AS004392,ENT0134,2024-01-31,FOODPROC,5,0.8719861787919058,0.004205392834306965,0.4842,0.6587,RED,AMBER>=0.38;RED>=0.58,66602.0,False,0.877,17.0,0.53,3200.0,152.0,31300.0,-6.7,-53887.0,-2638.0,12715.0,working_capital_erosion,0.7353,debt_overhang,0.5833,,0.0,"{""model"": 0.45, ""rule"": 0.55}",hgb_stress_v1.2,rules_v1.2_18rules,2024-01-31,51200.0,2024-04-30,2024-04-30,2024-04-15,True,False,
AL00487,AS004394,ENT0134,2024-03-31,FOODPROC,5,0.023144038097316983,0.0024724280382950534,0.8,0.4504,AMBER,AMBER>=0.38;RED>=0.58,27845.0,False,0.882,-2.0,0.45,8300.0,395.0,23300.0,-18.3,23159.0,33824.0,51004.0,working_capital_erosion,1.0,debt_overhang,0.5833,demand_trough,0.3243,"{""model"": 0.45, ""rule"": 0.55}",hgb_stress_v1.2,rules_v1.2_18rules,2024-03-31,22100.0,2024-04-30,2024-04-30,2024-06-14,True,False,
AL00488,AS004396,ENT0134,2024-05-31,FOODPROC,5,0.08786373371013752,0.0007934457033714277,0.7684,0.4622,AMBER,AMBER>=0.38;RED>=0.58,102066.0,False,0.895,17.5,0.92,18500.0,880.0,25100.0,-0.1,-2624.0,52244.0,99442.0,working_capital_erosion,0.7353,demand_trough,0.7297,debt_overhang,0.5833,"{""model"": 0.45, ""rule"": 0.55}",hgb_stress_v1.2,rules_v1.2_18rules,2024-05-31,3900.0,2024-06-30,2024-06-30,2024-08-14,True,False,
AL00489,AS004407,ENT0134,2025-04-30,FOODPROC,5,0.0007217352623785228,3.398726680604373e-05,0.9579,0.5272,AMBER,AMBER>=0.38;RED>=0.58,116391.0,False,0.944,17.6,2.39,243100.0,11557.0,33600.0,17.6,5499.0,112943.0,121890.0,demand_trough,1.0,climate_shock,0.7143,working_capital_erosion,0.5588,"{""model"": 0.45, ""rule"": 0.55}",hgb_stress_v1.2,rules_v1.2_18rules,2025-04-30,11000.0,2025-05-30,2025-05-30,2025-07-14,True,False,
AL00490,AS004423,ENT0135,2023-11-30,HANDICRAFT,6,0.11684297733160784,5.8618718834101876e-05,0.6316,0.4,AMBER,AMBER>=0.38;RED>=0.58,58288.0,False,0.838,9.5,,0.0,0.0,12000.0,-9.2,-9902.0,33555.0,48386.0,working_capital_erosion,0.7353,receivable_stretch,0.3636,demand_trough,0.3243,"{""model"": 0.45, ""rule"": 0.55}",hgb_stress_v1.2,rules_v1.2_18rules,2023-11-30,17100.0,2023-12-30,2023-12-30,2024-02-13,True,False,
AL00491,AS004463,ENT0136,2024-06-30,DAIRY,6,0.06463329820584503,0.009871338180787507,0.6842,0.4054,AMBER,AMBER>=0.38;RED>=0.58,41850.0,False,0.802,18.1,6.36,98900.0,4702.0,13300.0,18.1,-11370.0,11194.0,30480.0,margin_squeeze,1.0,working_capital_erosion,0.5588,receivable_stretch,0.3333,"{""model"": 0.45, ""rule"": 0.55}",hgb_stress_v1.2,rules_v1.2_18rules,2024-06-30,23900.0,2024-10-28,2024-10-28,2024-09-13,True,False,
AL00492,AS004474,ENT0136,2025-05-31,DAIRY,6,0.05366549920413526,0.0019020066878371784,0.6737,0.3947,AMBER,AMBER>=0.38;RED>=0.58,42988.0,False,0.858,14.3,6.91,77500.0,3684.0,12400.0,14.3,-30026.0,-5089.0,12962.0,margin_squeeze,1.0,working_capital_erosion,0.5588,demand_trough,0.2703,"{""model"": 0.45, ""rule"": 0.55}",hgb_stress_v1.2,rules_v1.2_18rules,2025-05-31,42100.0,2025-10-28,2025-10-28,2025-08-14,True,False,
AL00493,AS004476,ENT0136,2025-07-31,DAIRY,6,0.00215472712128129,4.34855505436676e-05,0.6947,0.3831,AMBER,AMBER>=0.38;RED>=0.58,112195.0,False,0.869,19.9,7.38,116400.0,5534.0,18300.0,19.9,-25051.0,50103.0,87144.0,margin_squeeze,0.7429,working_capital_erosion,0.5588,receivable_stretch,0.3333,"{""model"": 0.45, ""rule"": 0.55}",hgb_stress_v1.2,rules_v1.2_18rules,2025-07-31,26500.0,2025-11-28,2025-11-28,2025-10-14,True,False,
AL00494,AS004485,ENT0136,2026-04-30,DAIRY,6,0.053067541214024475,3.0686291678722344e-05,0.7895,0.4581,AMBER,AMBER>=0.38;RED>=0.58,85859.0,False,0.912,28.7,24.69,67100.0,3190.0,14100.0,28.7,-59403.0,-11150.0,26456.0,climate_shock,0.7143,margin_squeeze,0.5714,receivable_stretch,0.3333,"{""model"": 0.45, ""rule"": 0.55}",hgb_stress_v1.2,rules_v1.2_18rules,2026-04-30,66300.0,2026-08-28,2026-08-28,2026-07-14,True,False,
AL00495,AS004493,ENT0137,2024-03-31,DAIRY,2,0.7596580855437183,1.3652939936116938e-05,0.5368,0.6371,RED,AMBER>=0.38;RED>=0.58,119769.0,False,0.899,45.8,,28900.0,1374.0,19200.0,45.8,-99787.0,-12345.0,19982.0,receivable_stretch,0.3333,demand_trough,0.3243,climate_shock,0.2857,"{""model"": 0.45, ""rule"": 0.55}",hgb_stress_v1.2,rules_v1.2_18rules,2024-03-31,155200.0,2024-07-29,2024-07-29,2024-06-14,True,False,
AL00496,AS004495,ENT0137,2024-05-31,DAIRY,2,0.4250104006798808,0.0001592260225968995,0.5684,0.5039,AMBER,AMBER>=0.38;RED>=0.58,94376.0,False,0.908,19.5,,30900.0,1469.0,19100.0,19.5,-89041.0,-7889.0,5335.0,margin_squeeze,1.0,working_capital_erosion,0.5588,,0.0,"{""model"": 0.45, ""rule"": 0.55}",hgb_stress_v1.2,rules_v1.2_18rules,2024-05-31,84300.0,2024-08-29,2024-08-29,2024-08-14,True,False,
AL00497,AS004497,ENT0137,2024-07-31,DAIRY,2,0.0028684946781019813,0.00025001677502505605,0.8421,0.4644,AMBER,AMBER>=0.38;RED>=0.58,83449.0,False,0.923,-2.0,,38700.0,1840.0,15500.0,-2.0,-19818.0,35155.0,63631.0,margin_squeeze,1.0,working_capital_erosion,1.0,receivable_stretch,0.3333,"{""model"": 0.45, ""rule"": 0.55}",hgb_stress_v1.2,rules_v1.2_18rules,2024-07-31,18400.0,2024-09-29,2024-09-29,2024-10-14,True,False,
AL00498,AS004505,ENT0137,2025-03-31,DAIRY,2,0.8007131128355008,4.149273604823845e-05,0.3368,0.5456,AMBER,AMBER>=0.38;RED>=0.58,125544.0,False,0.966,47.1,,18500.0,880.0,36000.0,47.1,-112763.0,-28385.0,12781.0,receivable_stretch,0.3333,demand_trough,0.3243,working_capital_erosion,0.2647,"{""model"": 0.45, ""rule"": 0.55}",hgb_stress_v1.2,rules_v1.2_18rules,2025-03-31,147200.0,2025-07-29,2025-07-29,2025-06-14,True,False,
AL00499,AS004507,ENT0137,2025-05-31,DAIRY,2,0.7592244826085948,0.00019642972438804927,0.6842,0.718,RED,AMBER>=0.38;RED>=0.58,107744.0,False,0.978,16.7,,37200.0,1769.0,27600.0,16.7,-92979.0,-6763.0,14765.0,margin_squeeze,1.0,working_capital_erosion,0.5588,receivable_stretch,0.3333,"{""model"": 0.45, ""rule"": 0.55}",hgb_stress_v1.2,rules_v1.2_18rules,2025-05-31,87900.0,2025-08-29,2025-08-29,2025-08-14,True,False,
AL00500,AS004510,ENT0137,2025-08-31,DAIRY,2,0.0050509883974315445,9.852999827557659e-05,0.7895,0.4365,AMBER,AMBER>=0.38;RED>=0.58,95298.0,False,0.993,1.2,,69500.0,3304.0,17400.0,1.2,-9586.0,61505.0,85712.0,working_capital_erosion,1.0,margin_squeeze,0.5714,receivable_stretch,0.3333,"{""model"": 0.45, ""rule"": 0.55}",hgb_stress_v1.2,rules_v1.2_18rules,2025-08-31,15800.0,2026-01-28,2026-01-28,2025-11-14,True,False,
AL00501,AS004516,ENT0137,2026-02-28,DAIRY,2,0.446989838258657,1.7533144374664296e-05,0.3474,0.3922,AMBER,AMBER>=0.38;RED>=0.58,142881.0,False,0.993,45.3,,29100.0,1383.0,30900.0,45.3,-97847.0,1692.0,45034.0,demand_trough,0.5946,receivable_stretch,0.3333,,0.0,"{""model"": 0.45, ""rule"": 0.55}",hgb_stress_v1.2,rules_v1.2_18rules,2026-02-28,148600.0,2026-07-28,2026-07-28,2026-05-14,True,False,
AL00502,AS004518,ENT0137,2026-04-30,DAIRY,2,0.7911884493972118,0.00020102524773142724,0.3579,0.5529,AMBER,AMBER>=0.38;RED>=0.58,116283.0,False,0.993,33.2,,12300.0,585.0,42400.0,33.2,-100790.0,-40657.0,15493.0,climate_shock,0.7143,working_capital_erosion,0.2647,,0.0,"{""model"": 0.45, ""rule"": 0.55}",hgb_stress_v1.2,rules_v1.2_18rules,2026-04-30,132600.0,2026-08-28,2026-08-28,2026-07-14,True,False,
AL00503,AS004520,ENT0137,2026-06-30,DAIRY,2,0.016660858462967224,0.00030700938916500926,1.0,0.5575,AMBER,AMBER>=0.38;RED>=0.58,,False,0.993,-1.6,,15700.0,746.0,12200.0,-5.8,,,,margin_squeeze,1.0,working_capital_erosion,1.0,receivable_stretch,0.3333,"{""model"": 0.45, ""rule"": 0.55}",hgb_stress_v1.2,rules_v1.2_18rules,2026-06-30,22800.0,2026-09-28,2026-09-28,2026-09-13,True,False,
AL00504,AS004522,ENT0138,2023-11-30,HANDICRAFT,2,0.05984929224024732,0.08380982776524917,0.8632,0.5017,AMBER,AMBER>=0.38;RED>=0.58,66203.0,True,0.386,-3.8,-2.08,0.0,0.0,1000.0,-49.9,-28018.0,25759.0,38185.0,debt_overhang,1.0,working_capital_erosion,0.7353,demand_trough,0.3243,"{""model"": 0.45, ""rule"": 0.55}",hgb_stress_v1.2,rules_v1.2_18rules,2023-11-30,23400.0,2024-02-28,2024-02-28,2024-02-13,True,False,
AL00505,AS004524,ENT0138,2024-01-31,HANDICRAFT,2,0.6202521394069338,0.04699845090087943,1.0,0.8291,RED,AMBER>=0.38;RED>=0.58,65178.0,True,0.386,23.5,-0.28,0.0,0.0,8600.0,-25.1,-37038.0,10291.0,28140.0,receivable_stretch,1.0,working_capital_erosion,0.7353,debt_overhang,0.5833,"{""model"": 0.45, ""rule"": 0.55}",hgb_stress_v1.2,rules_v1.2_18rules,2024-01-31,49300.0,2024-07-29,2024-07-29,2024-04-15,True,False,2024-02-18
AL00506,AS004526,ENT0138,2024-03-31,HANDICRAFT,2,0.8264837611361798,0.9124465890056598,0.9579,0.8988,RED,AMBER>=0.38;RED>=0.58,53041.0,True,0.394,5.9,0.42,400.0,19.0,5000.0,-9.1,-45080.0,-20683.0,7961.0,working_capital_erosion,0.7353,receivable_stretch,0.697,debt_overhang,0.5833,"{""model"": 0.45, ""rule"": 0.55}",hgb_stress_v1.2,rules_v1.2_18rules,2024-03-31,69900.0,2024-09-27,2024-09-27,2024-06-14,True,False,
AL00507,AS004528,ENT0138,2024-05-31,HANDICRAFT,2,0.15274944828908382,0.14635970681984534,1.0,0.6187,RED,AMBER>=0.38;RED>=0.58,36381.0,True,0.402,2.2,0.22,100.0,5.0,400.0,-42.1,-35896.0,-25236.0,485.0,debt_overhang,1.0,working_capital_erosion,1.0,receivable_stretch,0.6667,"{""model"": 0.45, ""rule"": 0.55}",hgb_stress_v1.2,rules_v1.2_18rules,2024-05-31,73500.0,2024-10-28,2024-10-28,2024-08-14,True,False,
AL00508,AS004530,ENT0138,2024-07-31,HANDICRAFT,2,0.04056454154316489,0.0957190772379351,1.0,0.5683,AMBER,AMBER>=0.38;RED>=0.58,43821.0,True,0.397,-2.8,-0.02,0.0,0.0,3800.0,-60.5,-45558.0,-17279.0,-1737.0,receivable_stretch,1.0,debt_overhang,1.0,working_capital_erosion,0.7353,"{""model"": 0.45, ""rule"": 0.55}",hgb_stress_v1.2,rules_v1.2_18rules,2024-07-31,44000.0,2024-10-29,2024-10-29,2024-10-14,True,False,
AL00509,AS004532,ENT0138,2024-09-30,HANDICRAFT,2,0.05991046693099198,0.007075607829541986,0.8211,0.4786,AMBER,AMBER>=0.38;RED>=0.58,35022.0,True,0.41,11.1,0.58,2700.0,128.0,4300.0,-60.7,-2770.0,2184.0,32252.0,working_capital_erosion,0.7353,receivable_stretch,0.697,debt_overhang,0.5833,"{""model"": 0.45, ""rule"": 0.55}",hgb_stress_v1.2,rules_v1.2_18rules,2024-09-30,12900.0,2024-10-30,2024-10-30,2024-12-14,True,False,
AL00510,AS004534,ENT0138,2024-11-30,HANDICRAFT,2,0.05327060088424663,0.0067056702269098455,0.8526,0.4929,AMBER,AMBER>=0.38;RED>=0.58,44486.0,True,0.41,15.1,0.89,5100.0,242.0,6000.0,-78.6,8171.0,36335.0,52657.0,working_capital_erosion,0.7353,receivable_stretch,0.697,debt_overhang,0.5833,"{""model"": 0.45, ""rule"": 0.55}",hgb_stress_v1.2,rules_v1.2_18rules,2024-11-30,8200.0,2024-12-30,2024-12-30,2025-02-13,True,False,
AL00511,AS004536,ENT0138,2025-01-31,HANDICRAFT,2,0.039645315074410666,0.0002987152112060545,1.0,0.5678,AMBER,AMBER>=0.38;RED>=0.58,49752.0,True,0.413,17.9,0.75,4300.0,204.0,7100.0,-66.9,-2940.0,45853.0,46812.0,working_capital_erosion,0.7353,receivable_stretch,0.697,demand_trough,0.5946,"{""model"": 0.45, ""rule"": 0.55}",hgb_stress_v1.2,rules_v1.2_18rules,2025-01-31,14000.0,2025-03-02,2025-03-02,2025-04-16,True,False,
AL00512,AS004539,ENT0138,2025-04-30,HANDICRAFT,2,0.8076664864567784,0.004457346043210078,1.0,0.9134,RED,AMBER>=0.38;RED>=0.58,26624.0,True,0.415,32.2,1.42,14200.0,675.0,4300.0,-9.8,-9372.0,3432.0,17252.0,receivable_stretch,1.0,working_capital_erosion,0.7353,climate_shock,0.7143,"{""model"": 0.45, ""rule"": 0.55}",hgb_stress_v1.2,rules_v1.2_18rules,2025-04-30,15700.0,2025-05-30,2025-05-30,2025-07-14,True,False,
AL00513,AS004541,ENT0138,2025-06-30,HANDICRAFT,2,0.24238081421941357,0.002303448443731013,0.9053,0.607,RED,AMBER>=0.38;RED>=0.58,38983.0,True,0.418,-0.3,2.25,7300.0,347.0,400.0,-34.1,-36779.0,853.0,2204.0,working_capital_erosion,1.0,receivable_stretch,0.6667,debt_overhang,0.3056,"{""model"": 0.45, ""rule"": 0.55}",hgb_stress_v1.2,rules_v1.2_18rules,2025-06-30,38800.0,2025-11-27,2025-11-27,2025-09-13,True,False,
AL00514,AS004543,ENT0138,2025-08-31,HANDICRAFT,2,0.1556818682575947,0.013414770044754023,0.8,0.5101,AMBER,AMBER>=0.38;RED>=0.58,42711.0,True,0.417,-0.1,2.62,8800.0,418.0,700.0,-42.9,-11832.0,16542.0,30879.0,working_capital_erosion,1.0,receivable_stretch,0.3636,debt_overhang,0.3056,"{""model"": 0.45, ""rule"": 0.55}",hgb_stress_v1.2,rules_v1.2_18rules,2025-08-31,17900.0,2025-12-29,2025-12-29,2025-11-14,True,False,
AL00515,AS004545,ENT0138,2025-10-31,HANDICRAFT,2,0.060428454353734784,0.0028862358454371816,0.9263,0.5367,AMBER,AMBER>=0.38;RED>=0.58,36977.0,True,0.433,-1.1,4.29,8600.0,409.0,900.0,-57.5,8993.0,31744.0,45970.0,working_capital_erosion,1.0,demand_trough,0.5946,receivable_stretch,0.3636,"{""model"": 0.45, ""rule"": 0.55}",hgb_stress_v1.2,rules_v1.2_18rules,2025-10-31,4600.0,2025-11-30,2025-11-30,2026-01-14,True,False,
AL00516,AS004547,ENT0138,2025-12-31,HANDICRAFT,2,0.01184572929473771,0.0001383343991102359,0.9579,0.5322,AMBER,AMBER>=0.38;RED>=0.58,46823.0,True,0.426,28.7,11.55,21000.0,998.0,7100.0,-45.1,-358.0,45429.0,46465.0,receivable_stretch,1.0,working_capital_erosion,0.7353,demand_trough,0.5946,"{""model"": 0.45, ""rule"": 0.55}",hgb_stress_v1.2,rules_v1.2_18rules,2025-12-31,7400.0,2026-01-30,2026-01-30,2026-03-16,True,False,
AL00517,AS004550,ENT0138,2026-03-31,HANDICRAFT,2,0.15007983660711843,1.3425654813900872e-05,0.8,0.5075,AMBER,AMBER>=0.38;RED>=0.58,23267.0,True,0.438,23.0,,15700.0,746.0,9600.0,13.8,7504.0,19759.0,30771.0,receivable_stretch,0.697,demand_trough,0.5946,debt_overhang,0.3056,"{""model"": 0.45, ""rule"": 0.55}",hgb_stress_v1.2,rules_v1.2_18rules,2026-03-31,23800.0,2026-08-28,2026-08-28,2026-06-14,True,False,
AL00518,AS004564,ENT0139,2024-08-31,RETAIL,3,9.779297983020294e-05,1.9181137072495076e-05,0.7053,0.388,AMBER,AMBER>=0.38;RED>=0.58,98805.0,False,0.764,72.5,10.91,248700.0,11824.0,36200.0,72.5,42499.0,120223.0,141304.0,margin_squeeze,0.7429,receivable_stretch,0.6364,climate_shock,0.3143,"{""model"": 0.45, ""rule"": 0.55}",hgb_stress_v1.2,rules_v1.2_18rules,2024-08-31,0.0,,2024-11-11,2024-11-14,True,False,
AL00519,AS004575,ENT0139,2025-07-31,RETAIL,3,7.712537417981149e-05,7.707078441207286e-06,0.6947,0.3821,AMBER,AMBER>=0.38;RED>=0.58,142325.0,False,0.823,75.9,10.29,217600.0,10345.0,32800.0,75.9,20715.0,78407.0,163040.0,margin_squeeze,0.7429,receivable_stretch,0.6364,demand_trough,0.2703,"{""model"": 0.45, ""rule"": 0.55}",hgb_stress_v1.2,rules_v1.2_18rules,2025-07-31,6700.0,2025-08-30,2025-08-30,2025-10-14,True,False,
AL00520,AS004588,ENT0140,2023-11-30,HANDICRAFT,6,0.582819268287845,0.9396279511390391,0.8947,0.7544,RED,AMBER>=0.38;RED>=0.58,40960.0,False,0.811,34.4,-2.41,0.0,0.0,2100.0,-38.9,-21835.0,9312.0,19125.0,debt_overhang,1.0,working_capital_erosion,0.7353,receivable_stretch,0.3636,"{""model"": 0.45, ""rule"": 0.55}",hgb_stress_v1.2,rules_v1.2_18rules,2023-11-30,29600.0,2024-03-29,2024-03-29,2024-02-13,True,False,
AL00521,AS004590,ENT0140,2024-01-31,HANDICRAFT,6,0.20339024861902544,0.906790337532182,0.8947,0.5836,RED,AMBER>=0.38;RED>=0.58,24149.0,False,0.81,34.0,-1.53,0.0,0.0,1800.0,-49.4,-12135.0,6175.0,12014.0,debt_overhang,1.0,working_capital_erosion,0.7353,receivable_stretch,0.3636,"{""model"": 0.45, ""rule"": 0.55}",hgb_stress_v1.2,rules_v1.2_18rules,2024-01-31,30100.0,2024-07-29,2024-07-29,2024-04-15,True,False,
AL00522,AS004592,ENT0140,2024-03-31,HANDICRAFT,6,0.830589410830188,0.9865915610779817,1.0,0.9238,RED,AMBER>=0.38;RED>=0.58,30579.0,False,0.819,35.0,-1.27,0.0,0.0,1300.0,-68.0,-21771.0,-5491.0,8808.0,receivable_stretch,1.0,debt_overhang,1.0,working_capital_erosion,0.7353,"{""model"": 0.45, ""rule"": 0.55}",hgb_stress_v1.2,rules_v1.2_18rules,2024-03-31,26800.0,2024-09-27,2024-09-27,2024-06-14,True,False,
AL00523,AS004594,ENT0140,2024-05-31,HANDICRAFT,6,0.10517712055113015,0.977923674182147,1.0,0.5973,RED,AMBER>=0.38;RED>=0.58,15691.0,False,0.826,1.0,-1.19,0.0,0.0,100.0,-81.5,-13587.0,-10655.0,2104.0,receivable_stretch,1.0,debt_overhang,1.0,working_capital_erosion,0.7353,"{""model"": 0.45, ""rule"": 0.55}",hgb_stress_v1.2,rules_v1.2_18rules,2024-05-31,32700.0,2024-10-28,2024-10-28,2024-08-14,True,False,
AL00524,AS004596,ENT0140,2024-07-31,HANDICRAFT,6,0.10360998066457625,0.9432171788796507,1.0,0.5966,RED,AMBER>=0.38;RED>=0.58,51771.0,False,0.829,2.4,-1.09,0.0,0.0,1400.0,-77.3,-39097.0,-8682.0,12674.0,receivable_stretch,1.0,debt_overhang,1.0,working_capital_erosion,1.0,"{""model"": 0.45, ""rule"": 0.55}",hgb_stress_v1.2,rules_v1.2_18rules,2024-07-31,37200.0,2024-10-29,2024-10-29,2024-10-14,True,False,
AL00525,AS004598,ENT0140,2024-09-30,HANDICRAFT,6,0.02501962479961728,0.05210281463461459,1.0,0.5613,AMBER,AMBER>=0.38;RED>=0.58,31985.0,False,0.839,0.4,-0.39,0.0,0.0,1700.0,-88.4,-5991.0,9879.0,25994.0,receivable_stretch,1.0,debt_overhang,1.0,working_capital_erosion,1.0,"{""model"": 0.45, ""rule"": 0.55}",hgb_stress_v1.2,rules_v1.2_18rules,2024-09-30,8500.0,2024-11-29,2024-11-29,2024-12-14,True,False,
AL00526,AS004600,ENT0140,2024-11-30,HANDICRAFT,6,0.1555626995608443,0.06283093381617244,1.0,0.62,RED,AMBER>=0.38;RED>=0.58,40569.0,False,0.845,0.3,-0.37,0.0,0.0,300.0,-113.6,-5343.0,25651.0,35226.0,receivable_stretch,1.0,working_capital_erosion,0.7353,demand_trough,0.5946,"{""model"": 0.45, ""rule"": 0.55}",hgb_stress_v1.2,rules_v1.2_18rules,2024-11-30,4500.0,2024-12-30,2024-12-30,2025-02-13,True,False,
AL00527,AS004602,ENT0140,2025-01-31,HANDICRAFT,6,0.6546878481490284,0.051440616539946325,1.0,0.8446,RED,AMBER>=0.38;RED>=0.58,21365.0,False,0.854,12.0,0.42,600.0,29.0,3500.0,-85.9,517.0,8526.0,21882.0,receivable_stretch,1.0,working_capital_erosion,1.0,debt_overhang,0.5833,"{""model"": 0.45, ""rule"": 0.55}",hgb_stress_v1.2,rules_v1.2_18rules,2025-01-31,9800.0,2025-03-02,2025-03-02,2025-04-16,True,False,
AL00528,AS004605,ENT0140,2025-04-30,HANDICRAFT,6,0.2908957785166569,0.9283443766829927,1.0,0.6809,RED,AMBER>=0.38;RED>=0.58,23587.0,False,0.862,16.1,1.12,1500.0,71.0,2900.0,-73.3,-13938.0,-5706.0,9649.0,receivable_stretch,1.0,working_capital_erosion,0.7353,climate_shock,0.7143,"{""model"": 0.45, ""rule"": 0.55}",hgb_stress_v1.2,rules_v1.2_18rules,2025-04-30,26500.0,2025-09-27,2025-09-27,2025-07-14,True,False,
AL00529,AS004607,ENT0140,2025-06-30,HANDICRAFT,6,0.6247678561872265,0.1602436876972094,0.9789,0.8195,RED,AMBER>=0.38;RED>=0.58,44978.0,False,0.873,11.7,1.57,1300.0,62.0,1600.0,-83.4,-37472.0,-11064.0,7506.0,receivable_stretch,1.0,working_capital_erosion,0.7353,debt_overhang,0.7222,"{""model"": 0.45, ""rule"": 0.55}",hgb_stress_v1.2,rules_v1.2_18rules,2025-06-30,50100.0,2025-10-28,2025-10-28,2025-09-13,True,False,
AL00530,AS004609,ENT0140,2025-08-31,HANDICRAFT,6,0.04792730489043584,0.1824372169733518,1.0,0.5716,AMBER,AMBER>=0.38;RED>=0.58,22593.0,False,0.874,-4.1,1.64,3800.0,181.0,200.0,-80.3,-1648.0,7292.0,20945.0,receivable_stretch,1.0,working_capital_erosion,0.7353,debt_overhang,0.7222,"{""model"": 0.45, ""rule"": 0.55}",hgb_stress_v1.2,rules_v1.2_18rules,2025-08-31,20700.0,2025-10-30,2025-10-30,2025-11-14,True,False,
AL00531,AS004611,ENT0140,2025-10-31,HANDICRAFT,6,0.0491459361866945,0.02002903797519419,1.0,0.5721,AMBER,AMBER>=0.38;RED>=0.58,21275.0,False,0.889,3.9,1.02,6200.0,295.0,3300.0,-114.5,12318.0,16387.0,33593.0,receivable_stretch,1.0,working_capital_erosion,0.7353,debt_overhang,0.7222,"{""model"": 0.45, ""rule"": 0.55}",hgb_stress_v1.2,rules_v1.2_18rules,2025-10-31,1000.0,2025-11-30,2025-11-30,2026-01-14,True,False,
AL00532,AS004613,ENT0140,2025-12-31,HANDICRAFT,6,0.020079930790913733,0.011173288321848614,1.0,0.559,AMBER,AMBER>=0.38;RED>=0.58,41558.0,False,0.894,-4.5,0.82,400.0,19.0,100.0,-132.2,-5086.0,25780.0,36472.0,receivable_stretch,1.0,working_capital_erosion,0.7353,debt_overhang,0.7222,"{""model"": 0.45, ""rule"": 0.55}",hgb_stress_v1.2,rules_v1.2_18rules,2025-12-31,8400.0,2026-04-30,2026-04-30,2026-03-16,True,False,
AL00533,AS004616,ENT0140,2026-03-31,HANDICRAFT,6,0.5007923555203002,0.0017700728233976484,0.8526,0.6943,RED,AMBER>=0.38;RED>=0.58,51315.0,False,0.904,13.6,1.25,3700.0,176.0,2600.0,-79.0,-9206.0,2594.0,42109.0,receivable_stretch,1.0,working_capital_erosion,0.7353,demand_trough,0.3243,"{""model"": 0.45, ""rule"": 0.55}",hgb_stress_v1.2,rules_v1.2_18rules,2026-03-31,22600.0,2026-09-27,2026-09-27,2026-06-14,True,False,
AL00534,AS004618,ENT0140,2026-05-31,HANDICRAFT,6,0.3804739753245421,0.015577000626605332,0.7263,0.5707,AMBER,AMBER>=0.38;RED>=0.58,24870.0,False,0.908,16.1,1.35,1200.0,57.0,2000.0,-75.2,-16815.0,-8407.0,8055.0,receivable_stretch,1.0,working_capital_erosion,0.7353,debt_overhang,0.3056,"{""model"": 0.45, ""rule"": 0.55}",hgb_stress_v1.2,rules_v1.2_18rules,2026-05-31,36100.0,2026-10-28,2026-10-28,2026-08-14,True,False,
AL00535,AS004620,ENT0140,2026-07-31,HANDICRAFT,6,0.060033021865318024,0.00021764303219949863,0.7263,0.4265,AMBER,AMBER>=0.38;RED>=0.58,,False,0.911,78.0,3.23,10000.0,475.0,8600.0,7.1,,,,receivable_stretch,1.0,working_capital_erosion,0.7353,debt_overhang,0.3056,"{""model"": 0.45, ""rule"": 0.55}",hgb_stress_v1.2,rules_v1.2_18rules,2026-07-31,30200.0,2026-11-28,2026-11-28,2026-10-14,True,False,
AL00536,AS004621,ENT0141,2023-11-30,HANDICRAFT,6,0.10330768520189296,0.037611315887663185,0.8632,0.5212,AMBER,AMBER>=0.38;RED>=0.58,141539.0,False,0.622,-0.0,-3.57,0.0,0.0,1800.0,-47.1,-13401.0,98702.0,128138.0,debt_overhang,1.0,working_capital_erosion,0.7353,demand_trough,0.3243,"{""model"": 0.45, ""rule"": 0.55}",hgb_stress_v1.2,rules_v1.2_18rules,2023-11-30,27000.0,2023-12-30,2023-12-30,2024-02-13,True,False,
AL00537,AS004624,ENT0141,2024-02-29,HANDICRAFT,6,0.022721029129695522,0.9415446140790031,1.0,0.5602,AMBER,AMBER>=0.38;RED>=0.58,96118.0,False,0.652,-0.8,0.4,700.0,33.0,900.0,-8.6,5223.0,72447.0,101341.0,receivable_stretch,1.0,working_capital_erosion,0.7353,demand_trough,0.7297,"{""model"": 0.45, ""rule"": 0.55}",hgb_stress_v1.2,rules_v1.2_18rules,2024-02-29,31300.0,2024-04-29,2024-04-29,2024-05-14,True,False,
AL00538,AS004634,ENT0141,2024-12-31,HANDICRAFT,6,0.003134659362330601,0.0001222305507836809,0.7684,0.424,AMBER,AMBER>=0.38;RED>=0.58,226018.0,False,0.719,23.8,3.7,25400.0,1208.0,1100.0,23.8,-45000.0,161360.0,181018.0,receivable_stretch,1.0,demand_trough,0.5946,working_capital_erosion,0.2647,"{""model"": 0.45, ""rule"": 0.55}",hgb_stress_v1.2,rules_v1.2_18rules,2024-12-31,43900.0,2025-03-31,2025-03-31,2025-03-16,True,False,
AL00539,AS004644,ENT0141,2025-10-31,HANDICRAFT,6,5.667907702164438e-05,6.710144071337855e-06,0.7684,0.4226,AMBER,AMBER>=0.38;RED>=0.58,230531.0,False,0.788,56.7,47.96,45800.0,2177.0,1500.0,56.7,-34518.0,170039.0,196013.0,receivable_stretch,1.0,demand_trough,0.5946,working_capital_erosion,0.2647,"{""model"": 0.45, ""rule"": 0.55}",hgb_stress_v1.2,rules_v1.2_18rules,2025-10-31,53400.0,2025-12-30,2025-12-30,2026-01-14,True,False,
AL00540,AS004650,ENT0141,2026-04-30,HANDICRAFT,6,0.00010389744573956498,8.24859797636394e-06,0.8105,0.4458,AMBER,AMBER>=0.38;RED>=0.58,158498.0,False,0.832,121.0,,56400.0,2681.0,600.0,121.0,-21177.0,67658.0,137321.0,receivable_stretch,1.0,climate_shock,0.7143,demand_trough,0.2703,"{""model"": 0.45, ""rule"": 0.55}",hgb_stress_v1.2,rules_v1.2_18rules,2026-04-30,76300.0,2026-06-29,2026-06-29,2026-07-14,True,False,
AL00541,AS004687,ENT0143,2023-11-30,HANDICRAFT,6,0.020597968666221763,0.01812042317283145,0.8632,0.484,AMBER,AMBER>=0.38;RED>=0.58,51002.0,False,0.609,-4.6,-3.19,0.0,0.0,1000.0,-14.3,16645.0,51505.0,67647.0,debt_overhang,1.0,working_capital_erosion,0.7353,demand_trough,0.3243,"{""model"": 0.45, ""rule"": 0.55}",hgb_stress_v1.2,rules_v1.2_18rules,2023-11-30,8800.0,2024-05-28,2024-05-28,2024-02-13,True,False,
AL00542,AS004723,ENT0144,2024-02-29,DAIRY,1,0.8779757752425356,0.001222479172682885,0.3368,0.5803,RED,AMBER>=0.38;RED>=0.58,35786.0,False,0.741,59.1,2.28,11600.0,551.0,17600.0,59.1,-49646.0,-30136.0,-13860.0,demand_trough,0.3243,climate_shock,0.2857,debt_overhang,0.2778,"{""model"": 0.45, ""rule"": 0.55}",hgb_stress_v1.2,rules_v1.2_18rules,2024-02-29,100100.0,2024-08-27,2024-08-27,2024-05-14,True,False,2024-03-07
AL00543,AS004725,ENT0144,2024-04-30,DAIRY,1,0.9084283569468727,0.895256696297671,0.6737,0.7793,RED,AMBER>=0.38;RED>=0.58,57880.0,False,0.744,29.3,1.9,10000.0,475.0,8500.0,29.3,-70027.0,-39523.0,-12147.0,margin_squeeze,1.0,climate_shock,0.2857,debt_overhang,0.2778,"{""model"": 0.45, ""rule"": 0.55}",hgb_stress_v1.2,rules_v1.2_18rules,2024-04-30,69500.0,2024-07-29,2024-07-29,2024-07-14,True,False,
AL00544,AS004727,ENT0144,2024-06-30,DAIRY,1,0.01875549817250006,0.8868281276196678,0.9474,0.5295,AMBER,AMBER>=0.38;RED>=0.58,15089.0,False,0.756,-0.0,1.27,23100.0,1098.0,10400.0,-5.2,-12477.0,-4253.0,2612.0,margin_squeeze,1.0,working_capital_erosion,1.0,debt_overhang,0.5833,"{""model"": 0.45, ""rule"": 0.55}",hgb_stress_v1.2,rules_v1.2_18rules,2024-06-30,18500.0,2024-11-27,2024-11-27,2024-09-13,True,False,
AL00545,AS004729,ENT0144,2024-08-31,DAIRY,1,0.00866812445382682,0.02544080832039272,1.0,0.5539,AMBER,AMBER>=0.38;RED>=0.58,18313.0,False,0.772,-0.4,1.21,32900.0,1564.0,7200.0,-23.0,17212.0,17706.0,35525.0,margin_squeeze,1.0,debt_overhang,1.0,working_capital_erosion,0.7353,"{""model"": 0.45, ""rule"": 0.55}",hgb_stress_v1.2,rules_v1.2_18rules,2024-08-31,0.0,,2024-09-07,2024-11-14,True,False,
AL00546,AS004732,ENT0144,2024-11-30,DAIRY,1,0.042887409493959396,0.01802552750408524,0.6842,0.3956,AMBER,AMBER>=0.38;RED>=0.58,24196.0,False,0.787,9.7,1.09,27900.0,1326.0,6500.0,-0.2,8254.0,26095.0,32450.0,working_capital_erosion,0.7353,debt_overhang,0.5833,demand_trough,0.2703,"{""model"": 0.45, ""rule"": 0.55}",hgb_stress_v1.2,rules_v1.2_18rules,2024-11-30,11700.0,2025-05-29,2025-05-29,2025-02-13,True,False,
AL00547,AS004736,ENT0144,2025-03-31,DAIRY,1,0.6791753515429036,0.0023079634249252557,0.2316,0.433,AMBER,AMBER>=0.38;RED>=0.58,66260.0,False,0.815,36.8,1.24,4900.0,233.0,6900.0,36.8,-74781.0,-14264.0,-8521.0,demand_trough,0.3243,debt_overhang,0.2778,,0.0,"{""model"": 0.45, ""rule"": 0.55}",hgb_stress_v1.2,rules_v1.2_18rules,2025-03-31,77300.0,2025-07-29,2025-07-29,2025-06-14,True,False,
AL00548,AS004738,ENT0144,2025-05-31,DAIRY,1,0.46726225299070595,0.0010363200989544684,0.6316,0.5576,AMBER,AMBER>=0.38;RED>=0.58,53055.0,False,0.818,11.2,1.66,7300.0,347.0,1700.0,11.2,-50057.0,-1395.0,2998.0,margin_squeeze,0.5714,working_capital_erosion,0.5588,receivable_stretch,0.3333,"{""model"": 0.45, ""rule"": 0.55}",hgb_stress_v1.2,rules_v1.2_18rules,2025-05-31,47600.0,2025-08-29,2025-08-29,2025-08-14,True,False,
AL00549,AS004748,ENT0144,2026-03-31,DAIRY,1,0.6369143867928758,1.254512548307462e-05,0.5368,0.5819,RED,AMBER>=0.38;RED>=0.58,57151.0,False,0.861,42.8,,9000.0,428.0,6900.0,42.8,-53123.0,-11843.0,4028.0,demand_trough,0.5946,receivable_stretch,0.3333,working_capital_erosion,0.2647,"{""model"": 0.45, ""rule"": 0.55}",hgb_stress_v1.2,rules_v1.2_18rules,2026-03-31,84000.0,2026-07-29,2026-07-29,2026-06-14,True,False,
AL00550,AS004751,ENT0144,2026-06-30,DAIRY,1,0.1020502308630785,6.812230215942997e-05,0.7895,0.4801,AMBER,AMBER>=0.38;RED>=0.58,,False,0.882,11.1,,22000.0,1046.0,5000.0,11.1,,,,margin_squeeze,1.0,working_capital_erosion,0.5588,receivable_stretch,0.3333,"{""model"": 0.45, ""rule"": 0.55}",hgb_stress_v1.2,rules_v1.2_18rules,2026-06-30,10500.0,2026-08-29,2026-08-29,2026-09-13,True,False,
AL00551,AS004803,ENT0146,2025-04-30,FOODPROC,6,2.564574713128008e-05,5.25199968619793e-05,0.7579,0.4169,AMBER,AMBER>=0.38;RED>=0.58,185711.0,False,0.73,41.0,6.66,278400.0,13236.0,64500.0,41.0,15154.0,197298.0,200865.0,demand_trough,0.7297,climate_shock,0.7143,receivable_stretch,0.3333,"{""model"": 0.45, ""rule"": 0.55}",hgb_stress_v1.2,rules_v1.2_18rules,2025-04-30,19900.0,2025-05-30,2025-05-30,2025-07-14,True,False,
AL00552,AS004820,ENT0147,2023-12-31,HANDICRAFT,1,0.02532722604529667,0.00011128166087233282,0.7368,0.4166,AMBER,AMBER>=0.38;RED>=0.58,141461.0,False,0.824,18.6,,0.0,0.0,31100.0,-18.2,-22432.0,115361.0,119029.0,working_capital_erosion,0.7353,receivable_stretch,0.3636,demand_trough,0.3243,"{""model"": 0.45, ""rule"": 0.55}",hgb_stress_v1.2,rules_v1.2_18rules,2023-12-31,46400.0,2024-01-30,2024-01-30,2024-03-15,True,False,
AL00553,AS004822,ENT0147,2024-02-29,HANDICRAFT,1,0.0012296184045862692,1.1424615600772052e-05,0.8316,0.4579,AMBER,AMBER>=0.38;RED>=0.58,105540.0,False,0.84,51.5,,5400.0,257.0,2000.0,51.5,16988.0,54830.0,122528.0,receivable_stretch,1.0,demand_trough,0.7297,climate_shock,0.2857,"{""model"": 0.45, ""rule"": 0.55}",hgb_stress_v1.2,rules_v1.2_18rules,2024-02-29,18100.0,2024-04-29,2024-04-29,2024-05-14,True,False,
AL00554,AS004836,ENT0147,2025-04-30,HANDICRAFT,1,0.00028588088157668884,5.329671215427869e-06,0.7158,0.3938,AMBER,AMBER>=0.38;RED>=0.58,102431.0,False,0.958,150.6,,116100.0,5520.0,28800.0,150.6,-20270.0,26318.0,82161.0,receivable_stretch,1.0,climate_shock,0.7143,demand_trough,0.2703,"{""model"": 0.45, ""rule"": 0.55}",hgb_stress_v1.2,rules_v1.2_18rules,2025-04-30,58700.0,2025-09-27,2025-09-27,2025-07-14,True,False,
AL00555,AS004846,ENT0147,2026-02-28,HANDICRAFT,1,5.490111052773198e-05,4.986252149364428e-06,0.7368,0.4053,AMBER,AMBER>=0.38;RED>=0.58,140604.0,False,1.0,154.2,,174200.0,8282.0,52500.0,154.2,6818.0,63068.0,147422.0,receivable_stretch,1.0,demand_trough,0.7297,climate_shock,0.2857,"{""model"": 0.45, ""rule"": 0.55}",hgb_stress_v1.2,rules_v1.2_18rules,2026-02-28,41800.0,2026-03-30,2026-03-30,2026-05-14,True,False,
AL00556,AS004848,ENT0147,2026-04-30,HANDICRAFT,1,0.0003302761923365009,1.0068862758997895e-05,0.8105,0.4459,AMBER,AMBER>=0.38;RED>=0.58,141334.0,False,1.0,144.2,,127500.0,6062.0,25500.0,144.2,-16944.0,31093.0,124390.0,climate_shock,1.0,receivable_stretch,1.0,working_capital_erosion,0.2647,"{""model"": 0.45, ""rule"": 0.55}",hgb_stress_v1.2,rules_v1.2_18rules,2026-04-30,51500.0,2026-06-29,2026-06-29,2026-07-14,True,False,
AL00557,AS004852,ENT0148,2023-11-30,FOODPROC,3,0.1020034174329484,0.005974898283421354,0.8632,0.5207,AMBER,AMBER>=0.38;RED>=0.58,30333.0,False,0.677,-0.8,-0.32,0.0,0.0,30200.0,-15.0,18901.0,30288.0,49234.0,working_capital_erosion,0.7353,demand_trough,0.7297,debt_overhang,0.5833,"{""model"": 0.45, ""rule"": 0.55}",hgb_stress_v1.2,rules_v1.2_18rules,2023-11-30,28700.0,2024-04-28,2024-04-28,2024-02-13,True,False,
AL00558,AS004854,ENT0148,2024-01-31,FOODPROC,3,0.4255811774129328,0.0017337694970030678,0.4842,0.4578,AMBER,AMBER>=0.38;RED>=0.58,66951.0,False,0.696,17.8,0.81,8000.0,380.0,42600.0,7.3,-27098.0,-1431.0,39853.0,working_capital_erosion,0.7353,debt_overhang,0.5833,,0.0,"{""model"": 0.45, ""rule"": 0.55}",hgb_stress_v1.2,rules_v1.2_18rules,2024-01-31,26800.0,2024-04-30,2024-04-30,2024-04-15,True,False,
AL00559,AS004857,ENT0148,2024-04-30,FOODPROC,3,0.014886495374512539,3.885257849778663e-05,0.7474,0.4178,AMBER,AMBER>=0.38;RED>=0.58,129231.0,False,0.713,5.9,1.0,65400.0,3109.0,42100.0,5.9,8776.0,96356.0,138007.0,working_capital_erosion,1.0,demand_trough,0.7297,debt_overhang,0.2778,"{""model"": 0.45, ""rule"": 0.55}",hgb_stress_v1.2,rules_v1.2_18rules,2024-04-30,2300.0,2024-05-30,2024-05-30,2024-07-14,True,False,
AL00560,AS004869,ENT0148,2025-04-30,FOODPROC,3,0.0001467403598954679,9.363497639882737e-07,0.7474,0.4111,AMBER,AMBER>=0.38;RED>=0.58,148839.0,False,0.802,53.6,,233000.0,11077.0,52100.0,53.6,11951.0,128704.0,160790.0,climate_shock,1.0,demand_trough,0.7297,working_capital_erosion,0.2647,"{""model"": 0.45, ""rule"": 0.55}",hgb_stress_v1.2,rules_v1.2_18rules,2025-04-30,0.0,,2025-06-23,2025-07-14,True,False,
AL00561,AS004881,ENT0148,2026-04-30,FOODPROC,3,8.110025871186922e-05,5.011405341071433e-06,0.7474,0.4111,AMBER,AMBER>=0.38;RED>=0.58,83955.0,False,0.888,46.3,,228800.0,10878.0,43800.0,46.3,64110.0,129060.0,148065.0,demand_trough,1.0,climate_shock,0.7143,working_capital_erosion,0.2647,"{""model"": 0.45, ""rule"": 0.55}",hgb_stress_v1.2,rules_v1.2_18rules,2026-04-30,9600.0,2026-05-30,2026-05-30,2026-07-14,True,False,
AL00562,AS004906,ENT0149,2025-08-31,RETAIL,5,0.000698846078599435,9.930637826479344e-06,0.6947,0.3824,AMBER,AMBER>=0.38;RED>=0.58,52029.0,True,0.405,60.3,,57300.0,2724.0,6300.0,60.3,58621.0,67766.0,110650.0,margin_squeeze,0.7429,receivable_stretch,0.6364,demand_trough,0.2703,"{""model"": 0.45, ""rule"": 0.55}",hgb_stress_v1.2,rules_v1.2_18rules,2025-08-31,1700.0,2025-09-30,2025-09-30,2025-11-14,True,False,
AL00563,AS004919,ENT0150,2023-12-31,FOODPROC,1,0.6825906094340828,1.017997066828978e-05,0.3684,0.5098,AMBER,AMBER>=0.38;RED>=0.58,194083.0,False,0.782,6.3,,0.0,0.0,98100.0,6.3,-43842.0,59041.0,150241.0,working_capital_erosion,0.7353,climate_shock,0.2857,,0.0,"{""model"": 0.45, ""rule"": 0.55}",hgb_stress_v1.2,rules_v1.2_18rules,2023-12-31,73000.0,2024-04-29,2024-04-29,2024-03-15,True,False,
AL00564,AS004921,ENT0150,2024-02-29,FOODPROC,1,0.741607431924147,1.1045065961330048e-05,0.2105,0.4495,AMBER,AMBER>=0.38;RED>=0.58,203739.0,False,0.786,15.7,,0.0,0.0,122300.0,15.7,-26299.0,44552.0,177440.0,working_capital_erosion,0.2941,climate_shock,0.2857,,0.0,"{""model"": 0.45, ""rule"": 0.55}",hgb_stress_v1.2,rules_v1.2_18rules,2024-02-29,100800.0,2024-04-29,2024-04-29,2024-05-14,True,False,
AL00565,AS004947,ENT0150,2026-04-30,FOODPROC,1,8.822047756222066e-05,4.015750255298087e-06,0.8421,0.4632,AMBER,AMBER>=0.38;RED>=0.58,380990.0,False,0.977,30.6,,232300.0,11044.0,111800.0,30.6,-37437.0,230294.0,343553.0,climate_shock,1.0,demand_trough,0.7297,working_capital_erosion,0.2647,"{""model"": 0.45, ""rule"": 0.55}",hgb_stress_v1.2,rules_v1.2_18rules,2026-04-30,38100.0,2026-08-28,2026-08-28,2026-07-14,True,False,
AL00566,AS004951,ENT0151,2023-11-30,HANDICRAFT,1,0.5824962644253354,0.6677497537121735,0.8947,0.7542,RED,AMBER>=0.38;RED>=0.58,100835.0,False,0.877,2.6,-3.46,0.0,0.0,4300.0,-13.9,-22366.0,75553.0,78469.0,debt_overhang,1.0,working_capital_erosion,0.7353,receivable_stretch,0.3636,"{""model"": 0.45, ""rule"": 0.55}",hgb_stress_v1.2,rules_v1.2_18rules,2023-11-30,26700.0,2024-04-28,2024-04-28,2024-02-13,True,False,2023-12-13
AL00567,AS004953,ENT0151,2024-01-31,HANDICRAFT,1,0.0005199755529359637,0.00031702401651396175,0.7368,0.4055,AMBER,AMBER>=0.38;RED>=0.58,105041.0,False,0.883,66.6,1.38,9200.0,437.0,31900.0,66.6,-46275.0,45586.0,58766.0,receivable_stretch,1.0,debt_overhang,0.4167,demand_trough,0.3243,"{""model"": 0.45, ""rule"": 0.55}",hgb_stress_v1.2,rules_v1.2_18rules,2024-01-31,42400.0,2024-04-30,2024-04-30,2024-04-15,True,False,
AL00568,AS004980,ENT0151,2026-04-30,HANDICRAFT,1,0.0007512068443981584,0.0003604567442511147,0.7053,0.3883,AMBER,AMBER>=0.38;RED>=0.58,63384.0,False,0.966,93.3,5.11,69600.0,3309.0,11600.0,93.3,-22228.0,11225.0,41156.0,climate_shock,1.0,receivable_stretch,0.6667,demand_trough,0.2703,"{""model"": 0.45, ""rule"": 0.55}",hgb_stress_v1.2,rules_v1.2_18rules,2026-04-30,47200.0,2026-09-27,2026-09-27,2026-07-14,True,False,
AL00569,AS004984,ENT0152,2023-11-30,FOODPROC,4,0.08382497548015672,0.0068752192464979645,0.8632,0.5125,AMBER,AMBER>=0.38;RED>=0.58,32932.0,False,0.762,-2.4,-1.34,0.0,0.0,26500.0,-31.9,20536.0,44319.0,53468.0,working_capital_erosion,0.7353,demand_trough,0.7297,debt_overhang,0.5833,"{""model"": 0.45, ""rule"": 0.55}",hgb_stress_v1.2,rules_v1.2_18rules,2023-11-30,19900.0,2024-03-29,2024-03-29,2024-02-13,True,False,
AL00570,AS004986,ENT0152,2024-01-31,FOODPROC,4,0.7876927652200842,0.001856281073924588,0.5895,0.6787,RED,AMBER>=0.38;RED>=0.58,70527.0,False,0.769,16.2,0.63,6600.0,314.0,33100.0,-10.1,-36516.0,3909.0,34011.0,working_capital_erosion,0.7353,debt_overhang,0.5833,climate_shock,0.2857,"{""model"": 0.45, ""rule"": 0.55}",hgb_stress_v1.2,rules_v1.2_18rules,2024-01-31,35000.0,2024-04-30,2024-04-30,2024-04-15,True,False,
AL00571,AS004988,ENT0152,2024-03-31,FOODPROC,4,0.5134999712590207,0.001018655576619383,0.5053,0.509,AMBER,AMBER>=0.38;RED>=0.58,57520.0,False,0.784,11.7,1.18,50900.0,2420.0,57200.0,-1.4,40961.0,58524.0,98481.0,working_capital_erosion,0.7353,demand_trough,0.3243,debt_overhang,0.3056,"{""model"": 0.45, ""rule"": 0.55}",hgb_stress_v1.2,rules_v1.2_18rules,2024-03-31,29800.0,2024-04-30,2024-04-30,2024-06-14,True,False,
AL00572,AS005013,ENT0152,2026-04-30,FOODPROC,4,6.001186630699626e-05,5.789673130174895e-06,0.7579,0.4169,AMBER,AMBER>=0.38;RED>=0.58,181102.0,False,0.911,37.7,,158000.0,7512.0,41000.0,37.7,18844.0,160930.0,199946.0,demand_trough,0.7297,climate_shock,0.7143,receivable_stretch,0.3333,"{""model"": 0.45, ""rule"": 0.55}",hgb_stress_v1.2,rules_v1.2_18rules,2026-04-30,9000.0,2026-05-30,2026-05-30,2026-07-14,True,False,
AL00573,AS005070,ENT0154,2025-07-31,RETAIL,4,2.070468749206534e-05,2.1577569129258137e-06,0.6947,0.3821,AMBER,AMBER>=0.38;RED>=0.58,209512.0,False,0.847,66.9,,518900.0,24669.0,43500.0,66.9,49441.0,214091.0,258953.0,margin_squeeze,0.7429,receivable_stretch,0.6364,demand_trough,0.2703,"{""model"": 0.45, ""rule"": 0.55}",hgb_stress_v1.2,rules_v1.2_18rules,2025-07-31,0.0,,2025-10-06,2025-10-14,True,False,
AL00574,AS005081,ENT0154,2026-06-30,RETAIL,4,4.473433997831182e-05,1.28288607228144e-06,0.6947,0.3821,AMBER,AMBER>=0.38;RED>=0.58,,False,0.914,81.9,,347000.0,16497.0,69300.0,81.9,,,,margin_squeeze,0.7429,receivable_stretch,0.6364,climate_shock,0.2857,"{""model"": 0.45, ""rule"": 0.55}",hgb_stress_v1.2,rules_v1.2_18rules,2026-06-30,0.0,,2026-09-20,2026-09-13,True,False,
AL00575,AS005089,ENT0155,2024-05-31,DAIRY,2,0.16639249831361738,0.0013815175709428421,0.5789,0.3933,AMBER,AMBER>=0.38;RED>=0.58,35154.0,False,0.644,28.0,8.99,29200.0,1388.0,5800.0,28.0,-32868.0,1062.0,2286.0,margin_squeeze,1.0,receivable_stretch,0.3333,working_capital_erosion,0.2647,"{""model"": 0.45, ""rule"": 0.55}",hgb_stress_v1.2,rules_v1.2_18rules,2024-05-31,33400.0,2024-07-30,2024-07-30,2024-08-14,True,False,
AL00576,AS005110,ENT0155,2026-02-28,DAIRY,2,0.25245874392657414,0.0006952390576194704,0.5368,0.4088,AMBER,AMBER>=0.38;RED>=0.58,31746.0,False,0.756,47.0,4.11,28400.0,1350.0,8800.0,47.0,-26534.0,-2974.0,5212.0,demand_trough,0.5946,receivable_stretch,0.3333,working_capital_erosion,0.2647,"{""model"": 0.45, ""rule"": 0.55}",hgb_stress_v1.2,rules_v1.2_18rules,2026-02-28,71500.0,2026-07-28,2026-07-28,2026-05-14,True,False,
AL00577,AS005114,ENT0155,2026-06-30,DAIRY,2,0.02075601504875075,0.08656936216036226,0.9474,0.5304,AMBER,AMBER>=0.38;RED>=0.58,,False,0.789,5.4,3.56,24500.0,1165.0,4400.0,5.4,,,,margin_squeeze,1.0,working_capital_erosion,1.0,receivable_stretch,0.3333,"{""model"": 0.45, ""rule"": 0.55}",hgb_stress_v1.2,rules_v1.2_18rules,2026-06-30,17100.0,2026-10-28,2026-10-28,2026-09-13,True,False,
AL00578,AS005116,ENT0156,2023-11-30,HANDICRAFT,2,0.2677299328307667,0.00021145469407947957,0.6316,0.4679,AMBER,AMBER>=0.38;RED>=0.58,62781.0,False,0.833,11.3,,0.0,0.0,9900.0,-7.7,-7231.0,46600.0,55550.0,working_capital_erosion,0.7353,receivable_stretch,0.3636,demand_trough,0.3243,"{""model"": 0.45, ""rule"": 0.55}",hgb_stress_v1.2,rules_v1.2_18rules,2023-11-30,16900.0,2023-12-30,2023-12-30,2024-02-13,True,False,
AL00579,AS005149,ENT0157,2023-11-30,FOODPROC,3,0.028449730333068426,0.010319713661491679,0.8632,0.4876,AMBER,AMBER>=0.38;RED>=0.58,324555.0,False,0.681,3.4,-1.56,0.0,0.0,163700.0,-9.5,-23896.0,150941.0,300659.0,working_capital_erosion,0.7353,demand_trough,0.7297,debt_overhang,0.5833,"{""model"": 0.45, ""rule"": 0.55}",hgb_stress_v1.2,rules_v1.2_18rules,2023-11-30,173800.0,2024-04-28,2024-04-28,2024-02-13,True,False,
AL00580,AS005151,ENT0157,2024-01-31,FOODPROC,3,0.7889619792289372,0.0012227848180126533,0.4842,0.6213,RED,AMBER>=0.38;RED>=0.58,439458.0,False,0.677,15.0,-0.03,0.0,0.0,237800.0,1.2,-228672.0,60109.0,210786.0,working_capital_erosion,0.7353,debt_overhang,0.5833,,0.0,"{""model"": 0.45, ""rule"": 0.55}",hgb_stress_v1.2,rules_v1.2_18rules,2024-01-31,202600.0,2024-04-30,2024-04-30,2024-04-15,True,False,
AL00581,AS005153,ENT0157,2024-03-31,FOODPROC,3,0.6749764156044264,0.926606906959133,0.5053,0.5817,RED,AMBER>=0.38;RED>=0.58,376191.0,False,0.694,11.5,0.4,27800.0,1322.0,235200.0,1.0,-62535.0,218337.0,313656.0,working_capital_erosion,0.7353,demand_trough,0.3243,debt_overhang,0.3056,"{""model"": 0.45, ""rule"": 0.55}",hgb_stress_v1.2,rules_v1.2_18rules,2024-03-31,108000.0,2024-05-30,2024-05-30,2024-06-14,True,False,
AL00582,AS005155,ENT0157,2024-05-31,FOODPROC,3,0.01631635468705686,0.026218177099933265,0.8211,0.4589,AMBER,AMBER>=0.38;RED>=0.58,410428.0,False,0.695,14.2,0.46,28100.0,1336.0,160900.0,-1.3,-112782.0,231212.0,297646.0,working_capital_erosion,0.7353,demand_trough,0.7297,debt_overhang,0.7222,"{""model"": 0.45, ""rule"": 0.55}",hgb_stress_v1.2,rules_v1.2_18rules,2024-05-31,115800.0,2024-08-29,2024-08-29,2024-08-14,True,False,
AL00583,AS005199,ENT0158,2025-04-30,FOODPROC,4,0.00011033891343900647,8.728567734158956e-06,0.9474,0.5211,AMBER,AMBER>=0.38;RED>=0.58,98675.0,False,0.703,43.0,,157800.0,7502.0,22300.0,43.0,59094.0,128299.0,157769.0,demand_trough,1.0,climate_shock,0.7143,receivable_stretch,0.303,"{""model"": 0.45, ""rule"": 0.55}",hgb_stress_v1.2,rules_v1.2_18rules,2025-04-30,11300.0,2025-05-30,2025-05-30,2025-07-14,True,False,
AL00584,AS005215,ENT0159,2023-11-30,HANDICRAFT,2,0.3019802560239605,0.017911832222920258,0.8316,0.5933,RED,AMBER>=0.38;RED>=0.58,123626.0,False,0.849,13.0,-0.06,0.0,0.0,7500.0,-1.7,-33487.0,79435.0,90139.0,working_capital_erosion,0.7353,debt_overhang,0.5833,receivable_stretch,0.3636,"{""model"": 0.45, ""rule"": 0.55}",hgb_stress_v1.2,rules_v1.2_18rules,2023-11-30,26700.0,2024-02-28,2024-02-28,2024-02-13,True,False,
AL00585,AS005232,ENT0159,2025-04-30,HANDICRAFT,2,0.005110337736251645,0.00033902555697215645,0.9053,0.5002,AMBER,AMBER>=0.38;RED>=0.58,117982.0,False,0.966,59.0,3.63,33400.0,1588.0,2200.0,59.0,-55769.0,-672.0,62213.0,receivable_stretch,1.0,climate_shock,0.7143,demand_trough,0.2703,"{""model"": 0.45, ""rule"": 0.55}",hgb_stress_v1.2,rules_v1.2_18rules,2025-04-30,84600.0,2025-10-27,2025-10-27,2025-07-14,True,False,
AL00586,AS005248,ENT0160,2023-11-30,FOODPROC,5,0.09489147122392874,0.00439092880350451,0.9158,0.5464,AMBER,AMBER>=0.38;RED>=0.58,70186.0,False,0.625,-1.5,-2.67,0.0,0.0,24300.0,-25.0,12086.0,51283.0,82272.0,working_capital_erosion,0.7353,demand_trough,0.7297,debt_overhang,0.7222,"{""model"": 0.45, ""rule"": 0.55}",hgb_stress_v1.2,rules_v1.2_18rules,2023-11-30,20000.0,2023-12-30,2023-12-30,2024-02-13,True,False,
AL00587,AS005250,ENT0160,2024-01-31,FOODPROC,5,0.834053087397516,0.0024696737448379417,0.3789,0.5837,RED,AMBER>=0.38;RED>=0.58,109424.0,False,0.639,19.4,0.37,500.0,24.0,34500.0,-7.5,-57454.0,-13119.0,51970.0,working_capital_erosion,0.7353,debt_overhang,0.3056,,0.0,"{""model"": 0.45, ""rule"": 0.55}",hgb_stress_v1.2,rules_v1.2_18rules,2024-01-31,59300.0,2024-04-30,2024-04-30,2024-04-15,True,False,
AL00588,AS005252,ENT0160,2024-03-31,FOODPROC,5,0.13868810895388656,0.0019706940970880336,0.6,0.3924,AMBER,AMBER>=0.38;RED>=0.58,59501.0,False,0.646,10.5,1.0,22500.0,1070.0,39200.0,-5.3,19978.0,49780.0,79479.0,working_capital_erosion,0.7353,demand_trough,0.3243,debt_overhang,0.3056,"{""model"": 0.45, ""rule"": 0.55}",hgb_stress_v1.2,rules_v1.2_18rules,2024-03-31,34400.0,2024-04-30,2024-04-30,2024-06-14,True,False,
AL00589,AS005254,ENT0160,2024-05-31,FOODPROC,5,0.047644903858709564,0.001306001821012904,0.6632,0.3862,AMBER,AMBER>=0.38;RED>=0.58,79763.0,False,0.665,13.7,1.71,48500.0,2306.0,55300.0,2.0,22935.0,58127.0,102698.0,working_capital_erosion,0.7353,demand_trough,0.7297,debt_overhang,0.3056,"{""model"": 0.45, ""rule"": 0.55}",hgb_stress_v1.2,rules_v1.2_18rules,2024-05-31,23600.0,2024-11-27,2024-11-27,2024-08-14,True,False,
AL00590,AS005257,ENT0160,2024-08-31,FOODPROC,5,0.684068267796128,0.0017918089555028214,0.2105,0.4236,AMBER,AMBER>=0.38;RED>=0.58,125426.0,False,0.679,22.1,3.16,52800.0,2510.0,22500.0,22.1,-79854.0,-9031.0,45572.0,receivable_stretch,0.3333,margin_squeeze,0.2571,,0.0,"{""model"": 0.45, ""rule"": 0.55}",hgb_stress_v1.2,rules_v1.2_18rules,2024-08-31,73200.0,2024-12-29,2024-12-29,2024-11-14,True,False,
AL00591,AS005260,ENT0160,2024-11-30,FOODPROC,5,0.0008032218640889321,0.010174898629111861,0.7368,0.4056,AMBER,AMBER>=0.38;RED>=0.58,115484.0,False,0.702,3.1,3.82,155100.0,7374.0,27800.0,3.1,-14052.0,74355.0,101432.0,working_capital_erosion,1.0,demand_trough,0.7297,margin_squeeze,0.2571,"{""model"": 0.45, ""rule"": 0.55}",hgb_stress_v1.2,rules_v1.2_18rules,2024-11-30,35900.0,2025-05-29,2025-05-29,2025-02-13,True,False,
AL00592,AS005265,ENT0160,2025-04-30,FOODPROC,5,0.0011772755731589946,0.0007485467994596713,0.7474,0.4116,AMBER,AMBER>=0.38;RED>=0.58,97104.0,False,0.734,14.5,4.1,191300.0,9095.0,74700.0,14.5,61980.0,105046.0,159084.0,demand_trough,0.7297,climate_shock,0.7143,working_capital_erosion,0.5588,"{""model"": 0.45, ""rule"": 0.55}",hgb_stress_v1.2,rules_v1.2_18rules,2025-04-30,19600.0,2025-05-30,2025-05-30,2025-07-14,True,False,2025-05-19
AL00593,AS005281,ENT0161,2023-11-30,FOODPROC,5,0.011815879280679193,0.004423844442780905,1.0,0.5553,AMBER,AMBER>=0.38;RED>=0.58,30755.0,True,0.397,-2.1,-2.43,0.0,0.0,13900.0,-25.6,20727.0,30954.0,51482.0,debt_overhang,1.0,working_capital_erosion,0.7353,demand_trough,0.7297,"{""model"": 0.45, ""rule"": 0.55}",hgb_stress_v1.2,rules_v1.2_18rules,2023-11-30,14600.0,2023-12-30,2023-12-30,2024-02-13,True,False,
AL00594,AS005283,ENT0161,2024-01-31,FOODPROC,5,0.6645763592428398,0.018229540261245267,0.3789,0.5075,AMBER,AMBER>=0.38;RED>=0.58,73977.0,True,0.409,8.3,-0.47,0.0,0.0,13900.0,-20.0,-39230.0,-15280.0,34747.0,working_capital_erosion,0.7353,debt_overhang,0.3056,,0.0,"{""model"": 0.45, ""rule"": 0.55}",hgb_stress_v1.2,rules_v1.2_18rules,2024-01-31,37500.0,2024-04-30,2024-04-30,2024-04-15,True,False,2024-02-03
AL00595,AS005286,ENT0161,2024-04-30,FOODPROC,5,0.0151555735765308,0.027805158489628796,0.8526,0.4758,AMBER,AMBER>=0.38;RED>=0.58,59428.0,True,0.408,-0.5,0.02,100.0,5.0,17700.0,-20.3,13968.0,60699.0,73396.0,working_capital_erosion,1.0,demand_trough,0.7297,debt_overhang,0.3056,"{""model"": 0.45, ""rule"": 0.55}",hgb_stress_v1.2,rules_v1.2_18rules,2024-04-30,23200.0,2024-05-30,2024-05-30,2024-07-14,True,False,
AL00596,AS005289,ENT0161,2024-07-31,FOODPROC,5,0.7305083199760949,0.014012126381760623,0.4737,0.5893,RED,AMBER>=0.38;RED>=0.58,34726.0,True,0.407,11.7,1.07,6800.0,323.0,7900.0,-9.4,-11563.0,-10822.0,23163.0,working_capital_erosion,0.7353,debt_overhang,0.3056,margin_squeeze,0.2571,"{""model"": 0.45, ""rule"": 0.55}",hgb_stress_v1.2,rules_v1.2_18rules,2024-07-31,78600.0,2024-11-28,2024-11-28,2024-10-14,True,False,
AL00597,AS005291,ENT0161,2024-09-30,FOODPROC,5,0.31358114832021594,0.827466434197959,0.5684,0.4537,AMBER,AMBER>=0.38;RED>=0.58,65370.0,True,0.408,12.3,2.2,31700.0,1507.0,15000.0,-7.4,-47652.0,-8302.0,17718.0,working_capital_erosion,1.0,debt_overhang,0.3056,margin_squeeze,0.2571,"{""model"": 0.45, ""rule"": 0.55}",hgb_stress_v1.2,rules_v1.2_18rules,2024-09-30,46000.0,2024-12-29,2024-12-29,2024-12-14,True,False,
AL00598,AS005293,ENT0161,2024-11-30,FOODPROC,5,0.0056440693370901655,0.8783516382624266,0.8526,0.4715,AMBER,AMBER>=0.38;RED>=0.58,35124.0,True,0.403,0.2,2.25,66200.0,3147.0,22500.0,-16.0,16336.0,26720.0,51460.0,working_capital_erosion,1.0,demand_trough,0.7297,debt_overhang,0.3056,"{""model"": 0.45, ""rule"": 0.55}",hgb_stress_v1.2,rules_v1.2_18rules,2024-11-30,21800.0,2025-04-29,2025-04-29,2025-02-13,True,False,
AL00599,AS005295,ENT0161,2025-01-31,FOODPROC,5,0.22802485570443934,0.007244591255614011,0.5368,0.3979,AMBER,AMBER>=0.38;RED>=0.58,88236.0,True,0.411,12.7,2.25,17700.0,841.0,16500.0,-5.6,-53674.0,-17212.0,34562.0,working_capital_erosion,0.7353,debt_overhang,0.7222,,0.0,"{""model"": 0.45, ""rule"": 0.55}",hgb_stress_v1.2,rules_v1.2_18rules,2025-01-31,52100.0,2025-05-01,2025-05-01,2025-04-16,True,False,
AL00600,AS005298,ENT0161,2025-04-30,FOODPROC,5,0.005267424389684296,0.0009075752902468022,0.9263,0.5118,AMBER,AMBER>=0.38;RED>=0.58,50609.0,True,0.421,8.7,2.44,51900.0,2467.0,26100.0,-4.3,50218.0,56373.0,100827.0,working_capital_erosion,0.7353,demand_trough,0.7297,climate_shock,0.7143,"{""model"": 0.45, ""rule"": 0.55}",hgb_stress_v1.2,rules_v1.2_18rules,2025-04-30,14600.0,2025-05-30,2025-05-30,2025-07-14,True,False,2025-05-01
AL00601,AS005300,ENT0161,2025-06-30,FOODPROC,5,0.7019288341628227,0.00020162296565105683,0.3263,0.4953,AMBER,AMBER>=0.38;RED>=0.58,62731.0,True,0.418,22.5,2.16,39600.0,1883.0,21100.0,13.8,5820.0,13444.0,68551.0,debt_overhang,0.3056,working_capital_erosion,0.2941,demand_trough,0.2703,"{""model"": 0.45, ""rule"": 0.55}",hgb_stress_v1.2,rules_v1.2_18rules,2025-06-30,17400.0,2025-12-27,2025-12-27,2025-09-13,True,False,
AL00602,AS005302,ENT0161,2025-08-31,FOODPROC,5,0.5428376017663199,0.010069196453740355,0.4211,0.4759,AMBER,AMBER>=0.38;RED>=0.58,47219.0,True,0.415,18.8,2.42,23600.0,1122.0,11700.0,18.8,-20402.0,-12004.0,26817.0,receivable_stretch,0.3333,working_capital_erosion,0.2941,demand_trough,0.2703,"{""model"": 0.45, ""rule"": 0.55}",hgb_stress_v1.2,rules_v1.2_18rules,2025-08-31,37500.0,2025-12-29,2025-12-29,2025-11-14,True,False,
AL00603,AS005305,ENT0161,2025-11-30,FOODPROC,5,0.012232044318045997,0.011034662592165933,0.7368,0.4107,AMBER,AMBER>=0.38;RED>=0.58,47101.0,True,0.409,6.4,2.74,48000.0,2282.0,19000.0,6.4,13003.0,15757.0,60104.0,working_capital_erosion,1.0,demand_trough,0.7297,margin_squeeze,0.2571,"{""model"": 0.45, ""rule"": 0.55}",hgb_stress_v1.2,rules_v1.2_18rules,2025-11-30,14900.0,2025-12-30,2025-12-30,2026-02-13,True,False,
AL00604,AS005310,ENT0161,2026-04-30,FOODPROC,5,0.001016122503833133,0.0010286591217292115,0.7474,0.4115,AMBER,AMBER>=0.38;RED>=0.58,81798.0,True,0.414,8.5,2.78,71400.0,3394.0,32400.0,8.5,40267.0,86939.0,122065.0,demand_trough,0.7297,climate_shock,0.7143,working_capital_erosion,0.5588,"{""model"": 0.45, ""rule"": 0.55}",hgb_stress_v1.2,rules_v1.2_18rules,2026-04-30,19000.0,2026-05-30,2026-05-30,2026-07-14,True,False,
AL00605,AS005319,ENT0162,2024-04-30,DAIRY,4,0.4269243844302414,0.0002821974234636418,0.4632,0.4469,AMBER,AMBER>=0.38;RED>=0.58,65478.0,False,0.829,41.6,6.35,14500.0,689.0,17000.0,41.6,-70408.0,-45889.0,-4930.0,margin_squeeze,1.0,working_capital_erosion,0.2647,,0.0,"{""model"": 0.45, ""rule"": 0.55}",hgb_stress_v1.2,rules_v1.2_18rules,2024-04-30,70100.0,2024-07-29,2024-07-29,2024-07-14,True,False,
AL00606,AS005321,ENT0162,2024-06-30,DAIRY,4,0.4121076846660056,0.05774189874889709,0.6737,0.556,AMBER,AMBER>=0.38;RED>=0.58,29649.0,False,0.842,15.3,4.15,28200.0,1341.0,15500.0,15.3,-9623.0,-5137.0,20026.0,margin_squeeze,1.0,working_capital_erosion,0.5588,climate_shock,0.2857,"{""model"": 0.45, ""rule"": 0.55}",hgb_stress_v1.2,rules_v1.2_18rules,2024-06-30,29200.0,2024-10-28,2024-10-28,2024-09-13,True,False,
AL00607,AS005331,ENT0162,2025-04-30,DAIRY,4,0.1527488119584568,0.00018303675723779404,0.5684,0.3814,AMBER,AMBER>=0.38;RED>=0.58,102669.0,False,0.887,44.0,5.24,13500.0,642.0,20000.0,44.0,-98890.0,-32676.0,3779.0,climate_shock,0.7143,receivable_stretch,0.3333,working_capital_erosion,0.2647,"{""model"": 0.45, ""rule"": 0.55}",hgb_stress_v1.2,rules_v1.2_18rules,2025-04-30,111200.0,2025-08-28,2025-08-28,2025-07-14,True,False,
AL00608,AS005342,ENT0162,2026-03-31,DAIRY,4,0.6167717115952226,0.00020249048805232717,0.2211,0.3992,AMBER,AMBER>=0.38;RED>=0.58,116098.0,False,0.948,53.1,7.41,18200.0,865.0,32100.0,53.1,-100917.0,-40256.0,15181.0,demand_trough,0.3243,working_capital_erosion,0.2647,,0.0,"{""model"": 0.45, ""rule"": 0.55}",hgb_stress_v1.2,rules_v1.2_18rules,2026-03-31,140000.0,2026-08-28,2026-08-28,2026-06-14,True,False,
AL00609,AS005344,ENT0162,2026-05-31,DAIRY,4,0.32768121680052437,0.011019428162364522,0.7895,0.5817,RED,AMBER>=0.38;RED>=0.58,62665.0,False,0.968,15.3,5.97,32800.0,1559.0,17600.0,15.3,-48516.0,-6341.0,14149.0,margin_squeeze,1.0,working_capital_erosion,0.5588,receivable_stretch,0.3333,"{""model"": 0.45, ""rule"": 0.55}",hgb_stress_v1.2,rules_v1.2_18rules,2026-05-31,45600.0,2026-08-29,2026-08-29,2026-08-14,True,False,
AL00610,AS005347,ENT0163,2023-11-30,HANDICRAFT,2,0.22479897648826944,0.06239075493092156,0.7895,0.5354,AMBER,AMBER>=0.38;RED>=0.58,50664.0,False,0.558,18.5,-6.65,0.0,0.0,900.0,-21.5,-21732.0,24885.0,28932.0,working_capital_erosion,0.7353,debt_overhang,0.7222,receivable_stretch,0.3636,"{""model"": 0.45, ""rule"": 0.55}",hgb_stress_v1.2,rules_v1.2_18rules,2023-11-30,19300.0,2024-02-28,2024-02-28,2024-02-13,True,False,
AL00611,AS005374,ENT0163,2026-02-28,HANDICRAFT,2,0.00017086283090432265,9.313596837686905e-06,0.7263,0.3995,AMBER,AMBER>=0.38;RED>=0.58,8995.0,False,0.663,111.4,11.99,11400.0,542.0,200.0,111.4,11789.0,15110.0,20784.0,demand_trough,1.0,receivable_stretch,0.697,margin_squeeze,0.2571,"{""model"": 0.45, ""rule"": 0.55}",hgb_stress_v1.2,rules_v1.2_18rules,2026-02-28,600.0,2026-08-27,2026-08-27,2026-05-14,True,False,
AL00612,AS005376,ENT0163,2026-04-30,HANDICRAFT,2,0.0007803328160910894,0.0001180013367226278,0.7053,0.3883,AMBER,AMBER>=0.38;RED>=0.58,39361.0,False,0.667,99.0,10.07,20400.0,970.0,3900.0,99.0,-26563.0,11027.0,12798.0,receivable_stretch,1.0,climate_shock,0.7143,working_capital_erosion,0.2647,"{""model"": 0.45, ""rule"": 0.55}",hgb_stress_v1.2,rules_v1.2_18rules,2026-04-30,40400.0,2026-10-27,2026-10-27,2026-07-14,True,False,
AL00613,AS005409,ENT0164,2026-04-30,HANDICRAFT,2,0.00020062113472015656,8.609010691472435e-06,0.6947,0.3822,AMBER,AMBER>=0.38;RED>=0.58,48677.0,False,0.859,134.8,,52000.0,2472.0,8500.0,134.8,878.0,14266.0,49555.0,climate_shock,0.7143,receivable_stretch,0.6667,demand_trough,0.2703,"{""model"": 0.45, ""rule"": 0.55}",hgb_stress_v1.2,rules_v1.2_18rules,2026-04-30,13000.0,2026-06-29,2026-06-29,2026-07-14,True,False,
AL00614,AS005446,ENT0166,2023-11-30,HANDICRAFT,2,0.07594132218858723,0.05827593691368569,0.9895,0.5784,AMBER,AMBER>=0.38;RED>=0.58,151301.0,False,0.8,-3.7,-7.34,0.0,0.0,4400.0,-42.4,-19730.0,108256.0,131571.0,debt_overhang,1.0,working_capital_erosion,0.7353,receivable_stretch,0.3636,"{""model"": 0.45, ""rule"": 0.55}",hgb_stress_v1.2,rules_v1.2_18rules,2023-11-30,26900.0,2023-12-30,2023-12-30,2024-02-13,True,False,
AL00615,AS005448,ENT0166,2024-01-31,HANDICRAFT,2,0.16415287110382482,0.03246928244631164,0.8947,0.566,AMBER,AMBER>=0.38;RED>=0.58,126565.0,False,0.811,17.8,-2.44,0.0,0.0,21700.0,-12.4,-15620.0,59895.0,110945.0,working_capital_erosion,0.7353,debt_overhang,0.7222,receivable_stretch,0.3636,"{""model"": 0.45, ""rule"": 0.55}",hgb_stress_v1.2,rules_v1.2_18rules,2024-01-31,53400.0,2024-03-01,2024-03-01,2024-04-15,True,False,2024-02-17
AL00616,AS005451,ENT0166,2024-04-30,HANDICRAFT,2,0.7431403274272637,0.03819438010476281,0.1263,0.4039,AMBER,AMBER>=0.38;RED>=0.58,121014.0,False,0.834,22.1,0.47,500.0,24.0,13200.0,22.1,-66640.0,-16703.0,54374.0,receivable_stretch,0.3636,,0.0,,0.0,"{""model"": 0.45, ""rule"": 0.55}",hgb_stress_v1.2,rules_v1.2_18rules,2024-04-30,115900.0,2024-10-27,2024-10-27,2024-07-14,True,False,2024-05-04
AL00617,AS005453,ENT0166,2024-06-30,HANDICRAFT,2,0.7267534381044142,0.053483181008327094,0.3263,0.5065,AMBER,AMBER>=0.38;RED>=0.58,110731.0,False,0.847,14.4,0.72,900.0,43.0,11000.0,14.4,-82191.0,-13166.0,28540.0,receivable_stretch,0.3636,working_capital_erosion,0.2941,margin_squeeze,0.2571,"{""model"": 0.45, ""rule"": 0.55}",hgb_stress_v1.2,rules_v1.2_18rules,2024-06-30,99700.0,2024-10-28,2024-10-28,2024-09-13,True,False,
AL00618,AS005455,ENT0166,2024-08-31,HANDICRAFT,2,0.10153785275070305,0.919056804584385,0.8105,0.4915,AMBER,AMBER>=0.38;RED>=0.58,108121.0,False,0.861,2.5,1.03,16300.0,775.0,10600.0,-11.9,-31626.0,20920.0,76495.0,working_capital_erosion,1.0,receivable_stretch,0.3636,climate_shock,0.3143,"{""model"": 0.45, ""rule"": 0.55}",hgb_stress_v1.2,rules_v1.2_18rules,2024-08-31,49800.0,2024-12-29,2024-12-29,2024-11-14,True,False,
AL00619,AS005457,ENT0166,2024-10-31,HANDICRAFT,2,0.01471575630180339,0.015085895965012905,0.8842,0.4929,AMBER,AMBER>=0.38;RED>=0.58,119771.0,False,0.875,1.8,2.45,65000.0,3090.0,24600.0,-20.4,21413.0,104842.0,141184.0,working_capital_erosion,0.7353,debt_overhang,0.7222,receivable_stretch,0.3636,"{""model"": 0.45, ""rule"": 0.55}",hgb_stress_v1.2,rules_v1.2_18rules,2024-10-31,37100.0,2024-12-30,2024-12-30,2025-01-14,True,False,
AL00620,AS005515,ENT0168,2024-02-29,DAIRY,4,0.20295980258811527,0.00013166953972060485,0.5368,0.3866,AMBER,AMBER>=0.38;RED>=0.58,53629.0,False,0.643,44.0,10.84,19600.0,932.0,3500.0,44.0,-42612.0,558.0,11017.0,receivable_stretch,0.3333,demand_trough,0.3243,climate_shock,0.2857,"{""model"": 0.45, ""rule"": 0.55}",hgb_stress_v1.2,rules_v1.2_18rules,2024-02-29,76100.0,2024-07-28,2024-07-28,2024-05-14,True,False,
AL00621,AS005518,ENT0168,2024-05-31,DAIRY,4,0.2041918546672155,0.00475027851715281,0.5684,0.4045,AMBER,AMBER>=0.38;RED>=0.58,34275.0,False,0.666,30.8,10.21,36400.0,1731.0,11200.0,30.8,-29263.0,-3056.0,5012.0,margin_squeeze,1.0,climate_shock,0.2857,working_capital_erosion,0.2647,"{""model"": 0.45, ""rule"": 0.55}",hgb_stress_v1.2,rules_v1.2_18rules,2024-05-31,42500.0,2024-10-28,2024-10-28,2024-08-14,True,False,
AL00622,AS005541,ENT0168,2026-04-30,DAIRY,4,0.2297648278181853,0.0010244343727111025,0.5789,0.4218,AMBER,AMBER>=0.38;RED>=0.58,60861.0,False,0.767,33.2,15.26,19200.0,913.0,12900.0,33.2,-48651.0,-25611.0,12210.0,climate_shock,0.7143,margin_squeeze,0.3143,demand_trough,0.2703,"{""model"": 0.45, ""rule"": 0.55}",hgb_stress_v1.2,rules_v1.2_18rules,2026-04-30,62400.0,2026-10-27,2026-10-27,2026-07-14,True,False,2026-05-04
AL00623,AS005545,ENT0169,2023-11-30,FOODPROC,4,0.07025019190609065,0.0022072895910097024,0.7684,0.4542,AMBER,AMBER>=0.38;RED>=0.58,383653.0,False,0.633,7.0,-1.18,0.0,0.0,107700.0,-22.5,-59914.0,192825.0,323739.0,working_capital_erosion,0.7353,demand_trough,0.7297,debt_overhang,0.5833,"{""model"": 0.45, ""rule"": 0.55}",hgb_stress_v1.2,rules_v1.2_18rules,2023-11-30,163800.0,2024-04-28,2024-04-28,2024-02-13,True,False,
AL00624,AS005587,ENT0170,2024-08-31,RETAIL,3,0.0008761652604490994,0.00014057675381219333,0.6947,0.3825,AMBER,AMBER>=0.38;RED>=0.58,210209.0,False,0.796,46.6,7.06,525800.0,24997.0,48700.0,46.6,7192.0,158262.0,217401.0,margin_squeeze,1.0,receivable_stretch,0.3333,climate_shock,0.3143,"{""model"": 0.45, ""rule"": 0.55}",hgb_stress_v1.2,rules_v1.2_18rules,2024-08-31,18800.0,2024-10-30,2024-10-30,2024-11-14,True,False,
AL00625,AS005630,ENT0171,2025-06-30,RETAIL,5,8.187473936354834e-05,1.029959244266603e-05,0.6947,0.3821,AMBER,AMBER>=0.38;RED>=0.58,88838.0,False,0.849,58.1,7.84,396400.0,18846.0,43700.0,58.1,8653.0,76744.0,97491.0,margin_squeeze,0.7429,receivable_stretch,0.6364,demand_trough,0.2703,"{""model"": 0.45, ""rule"": 0.55}",hgb_stress_v1.2,rules_v1.2_18rules,2025-06-30,13000.0,2025-07-30,2025-07-30,2025-09-13,True,False,
AL00626,AS005644,ENT0172,2023-11-30,HANDICRAFT,6,0.06344555577658514,0.00127796198557028,0.8632,0.5033,AMBER,AMBER>=0.38;RED>=0.58,41956.0,False,0.606,5.3,-2.72,0.0,0.0,1200.0,-53.3,-9448.0,25473.0,32508.0,debt_overhang,1.0,working_capital_erosion,0.7353,demand_trough,0.3243,"{""model"": 0.45, ""rule"": 0.55}",hgb_stress_v1.2,rules_v1.2_18rules,2023-11-30,8500.0,2023-12-30,2023-12-30,2024-02-13,True,False,
AL00627,AS005659,ENT0172,2025-02-28,HANDICRAFT,6,0.00038301883373741835,1.0931639387494294e-05,0.7263,0.3996,AMBER,AMBER>=0.38;RED>=0.58,19735.0,False,0.672,76.9,,8300.0,395.0,600.0,76.9,8047.0,15304.0,27782.0,receivable_stretch,1.0,demand_trough,0.7297,margin_squeeze,0.2571,"{""model"": 0.45, ""rule"": 0.55}",hgb_stress_v1.2,rules_v1.2_18rules,2025-02-28,25500.0,2025-08-27,2025-08-27,2025-05-14,True,False,
AL00628,AS005670,ENT0172,2026-01-31,HANDICRAFT,6,0.015793727165773545,0.00011485892720921394,0.7684,0.4297,AMBER,AMBER>=0.38;RED>=0.58,52942.0,False,0.711,39.0,18.32,6500.0,309.0,700.0,39.0,-5060.0,33969.0,47882.0,receivable_stretch,1.0,demand_trough,0.5946,working_capital_erosion,0.2647,"{""model"": 0.45, ""rule"": 0.55}",hgb_stress_v1.2,rules_v1.2_18rules,2026-01-31,8100.0,2026-05-31,2026-05-31,2026-04-16,True,False,
AL00629,AS005677,ENT0173,2023-11-30,HANDICRAFT,6,0.0801642270586439,3.223764282321549e-05,0.6316,0.3835,AMBER,AMBER>=0.38;RED>=0.58,27664.0,False,0.86,10.7,,0.0,0.0,1900.0,-17.1,-5571.0,21322.0,22093.0,working_capital_erosion,0.7353,receivable_stretch,0.3636,demand_trough,0.3243,"{""model"": 0.45, ""rule"": 0.55}",hgb_stress_v1.2,rules_v1.2_18rules,2023-11-30,14700.0,2024-03-29,2024-03-29,2024-02-13,True,False,
AL00630,AS005692,ENT0173,2025-02-28,HANDICRAFT,6,0.0009946924248171588,1.8001707590752348e-05,0.8316,0.4578,AMBER,AMBER>=0.38;RED>=0.58,14020.0,False,0.947,73.7,,3100.0,147.0,300.0,73.7,1211.0,6442.0,15231.0,receivable_stretch,1.0,demand_trough,1.0,margin_squeeze,0.2571,"{""model"": 0.45, ""rule"": 0.55}",hgb_stress_v1.2,rules_v1.2_18rules,2025-02-28,17700.0,2025-08-27,2025-08-27,2025-05-14,True,False,
AL00631,AS005702,ENT0173,2025-12-31,HANDICRAFT,6,0.011321011651998232,4.5992551436704394e-05,0.7684,0.4277,AMBER,AMBER>=0.38;RED>=0.58,23249.0,False,1.0,48.7,,2100.0,100.0,400.0,48.7,-9661.0,12550.0,13588.0,receivable_stretch,1.0,demand_trough,0.5946,working_capital_erosion,0.2647,"{""model"": 0.45, ""rule"": 0.55}",hgb_stress_v1.2,rules_v1.2_18rules,2025-12-31,8400.0,2026-03-31,2026-03-31,2026-03-16,True,False,
AL00632,AS005706,ENT0173,2026-04-30,HANDICRAFT,6,0.004406916638066322,1.2319507436934018e-05,0.7158,0.3957,AMBER,AMBER>=0.38;RED>=0.58,3258.0,False,1.0,99.6,,2800.0,133.0,3100.0,99.6,-2841.0,-2441.0,417.0,receivable_stretch,1.0,climate_shock,0.7143,demand_trough,0.2703,"{""model"": 0.45, ""rule"": 0.55}",hgb_stress_v1.2,rules_v1.2_18rules,2026-04-30,23400.0,2026-10-27,2026-10-27,2026-07-14,True,False,
AL00633,AS005710,ENT0174,2023-11-30,POULTRY,2,0.5488468018011031,0.0065076415879370235,0.3263,0.4264,AMBER,AMBER>=0.38;RED>=0.58,173656.0,False,0.845,11.2,0.73,6400.0,304.0,58200.0,9.5,-76623.0,42886.0,97033.0,debt_overhang,0.5833,working_capital_erosion,0.2941,,0.0,"{""model"": 0.45, ""rule"": 0.55}",hgb_stress_v1.2,rules_v1.2_18rules,2023-11-30,67700.0,2024-02-28,2024-02-28,2024-02-13,True,False,
AL00634,AS005715,ENT0174,2024-04-30,POULTRY,2,0.6039597779175346,0.0001358388271391155,0.5474,0.5729,AMBER,AMBER>=0.38;RED>=0.58,110386.0,False,0.858,12.6,1.38,18300.0,870.0,42100.0,12.6,-104688.0,-25301.0,5698.0,working_capital_erosion,0.5588,demand_trough,0.3243,margin_squeeze,0.3143,"{""model"": 0.45, ""rule"": 0.55}",hgb_stress_v1.2,rules_v1.2_18rules,2024-04-30,141800.0,2024-09-27,2024-09-27,2024-07-14,True,False,
AL00635,AS005717,ENT0174,2024-06-30,POULTRY,2,0.7050506266138424,0.00013494292866207254,0.5053,0.5952,RED,AMBER>=0.38;RED>=0.58,213747.0,False,0.871,27.4,1.41,19600.0,932.0,20100.0,27.4,-88371.0,-17231.0,125376.0,margin_squeeze,0.7429,demand_trough,0.3243,debt_overhang,0.2778,"{""model"": 0.45, ""rule"": 0.55}",hgb_stress_v1.2,rules_v1.2_18rules,2024-06-30,131600.0,2024-11-27,2024-11-27,2024-09-13,True,False,
AL00636,AS005719,ENT0174,2024-08-31,POULTRY,2,0.15182271054931684,0.007919484562952663,0.8632,0.5431,AMBER,AMBER>=0.38;RED>=0.58,325118.0,False,0.874,12.1,1.45,60300.0,2867.0,0.0,-26.8,-45579.0,28581.0,279539.0,margin_squeeze,1.0,working_capital_erosion,0.7353,climate_shock,0.3143,"{""model"": 0.45, ""rule"": 0.55}",hgb_stress_v1.2,rules_v1.2_18rules,2024-08-31,76800.0,2024-12-29,2024-12-29,2024-11-14,True,False,
AL00637,AS005726,ENT0174,2025-03-31,POULTRY,2,0.8989080389165287,0.0008317627397307139,0.1895,0.5087,AMBER,AMBER>=0.38;RED>=0.58,72951.0,False,0.899,26.2,2.8,121100.0,5757.0,45800.0,26.2,-56737.0,-32374.0,16214.0,working_capital_erosion,0.2647,margin_squeeze,0.2571,,0.0,"{""model"": 0.45, ""rule"": 0.55}",hgb_stress_v1.2,rules_v1.2_18rules,2025-03-31,222100.0,2025-09-27,2025-09-27,2025-06-14,True,False,
AL00638,AS005728,ENT0174,2025-05-31,POULTRY,2,0.07398112014461296,0.017314182707994084,0.9579,0.5601,AMBER,AMBER>=0.38;RED>=0.58,134946.0,False,0.897,-0.2,2.21,50500.0,2401.0,27800.0,-0.2,-108023.0,-81084.0,26923.0,margin_squeeze,1.0,working_capital_erosion,1.0,demand_trough,0.3243,"{""model"": 0.45, ""rule"": 0.55}",hgb_stress_v1.2,rules_v1.2_18rules,2025-05-31,233100.0,2025-11-27,2025-11-27,2025-08-14,True,False,
AL00639,AS005730,ENT0174,2025-07-31,POULTRY,2,0.022162149412345986,0.06274400687717675,1.0,0.56,AMBER,AMBER>=0.38;RED>=0.58,154152.0,False,0.895,-0.0,1.53,85800.0,4079.0,15900.0,-57.8,-59847.0,-15444.0,94305.0,margin_squeeze,1.0,working_capital_erosion,1.0,debt_overhang,0.5833,"{""model"": 0.45, ""rule"": 0.55}",hgb_stress_v1.2,rules_v1.2_18rules,2025-07-31,90600.0,2025-11-28,2025-11-28,2025-10-14,True,False,
AL00640,AS005732,ENT0174,2025-09-30,POULTRY,2,0.2995003352400727,0.011970477036261647,0.9579,0.6616,RED,AMBER>=0.38;RED>=0.58,187643.0,False,0.904,-0.3,0.14,6700.0,319.0,0.0,-148.6,-73105.0,45659.0,114538.0,margin_squeeze,1.0,working_capital_erosion,0.7353,debt_overhang,0.5833,"{""model"": 0.45, ""rule"": 0.55}",hgb_stress_v1.2,rules_v1.2_18rules,2025-09-30,82200.0,2026-03-29,2026-03-29,2025-12-14,True,False,
AL00641,AS005734,ENT0174,2025-11-30,POULTRY,2,0.008187098789557428,0.000289408614622634,0.6947,0.3858,AMBER,AMBER>=0.38;RED>=0.58,101012.0,False,0.911,2.3,0.22,9300.0,442.0,19700.0,-87.0,-5536.0,62842.0,95476.0,working_capital_erosion,0.7353,debt_overhang,0.5833,receivable_stretch,0.3333,"{""model"": 0.45, ""rule"": 0.55}",hgb_stress_v1.2,rules_v1.2_18rules,2025-11-30,54000.0,2026-04-29,2026-04-29,2026-02-13,True,False,
AL00642,AS005737,ENT0174,2026-02-28,POULTRY,2,0.384809857247768,0.0006689552779032142,0.6842,0.5495,AMBER,AMBER>=0.38;RED>=0.58,106281.0,False,0.92,20.7,0.21,5900.0,280.0,0.0,-155.7,-13932.0,23810.0,92349.0,working_capital_erosion,0.7353,debt_overhang,0.5833,demand_trough,0.2703,"{""model"": 0.45, ""rule"": 0.55}",hgb_stress_v1.2,rules_v1.2_18rules,2026-02-28,62000.0,2026-08-27,2026-08-27,2026-05-14,True,False,
AL00643,AS005739,ENT0174,2026-04-30,POULTRY,2,0.03688760225200022,0.012931228307962023,1.0,0.5666,AMBER,AMBER>=0.38;RED>=0.58,113613.0,False,0.928,-3.4,0.15,2800.0,133.0,12700.0,-49.5,-45660.0,23289.0,67953.0,working_capital_erosion,1.0,climate_shock,0.7143,debt_overhang,0.5833,"{""model"": 0.45, ""rule"": 0.55}",hgb_stress_v1.2,rules_v1.2_18rules,2026-04-30,95500.0,2026-10-27,2026-10-27,2026-07-14,True,False,
AL00644,AS005741,ENT0174,2026-06-30,POULTRY,2,0.04046082923394544,0.01054316768545759,1.0,0.5682,AMBER,AMBER>=0.38;RED>=0.58,,False,0.931,0.4,0.77,6100.0,290.0,10200.0,-54.0,,,,margin_squeeze,1.0,working_capital_erosion,1.0,receivable_stretch,0.3333,"{""model"": 0.45, ""rule"": 0.55}",hgb_stress_v1.2,rules_v1.2_18rules,2026-06-30,109300.0,2026-11-27,2026-11-27,2026-09-13,True,False,
AL00645,AS005743,ENT0175,2023-11-30,FOODPROC,2,0.04788824804213094,0.0016423075398502923,0.7684,0.4442,AMBER,AMBER>=0.38;RED>=0.58,245419.0,False,0.765,3.8,0.33,15500.0,737.0,132800.0,-13.8,-44976.0,156886.0,200443.0,working_capital_erosion,0.7353,demand_trough,0.7297,debt_overhang,0.5833,"{""model"": 0.45, ""rule"": 0.55}",hgb_stress_v1.2,rules_v1.2_18rules,2023-11-30,61900.0,2024-03-29,2024-03-29,2024-02-13,True,False,
AL00646,AS005783,ENT0176,2024-06-30,RETAIL,2,0.0029949252629699508,5.9033641140653184e-05,0.6947,0.3834,AMBER,AMBER>=0.38;RED>=0.58,89293.0,False,0.667,63.8,2.58,79200.0,3765.0,16800.0,63.8,-25045.0,12753.0,64248.0,margin_squeeze,0.7429,receivable_stretch,0.6364,debt_overhang,0.2778,"{""model"": 0.45, ""rule"": 0.55}",hgb_stress_v1.2,rules_v1.2_18rules,2024-06-30,22500.0,2024-09-28,2024-09-28,2024-09-13,True,False,
AL00647,AS005785,ENT0176,2024-08-31,RETAIL,2,0.0013109330254345104,0.00010810383787607277,0.8105,0.4464,AMBER,AMBER>=0.38;RED>=0.58,70107.0,False,0.672,57.7,2.57,105100.0,4997.0,15700.0,57.7,43068.0,76874.0,113175.0,margin_squeeze,1.0,receivable_stretch,0.6364,climate_shock,0.3143,"{""model"": 0.45, ""rule"": 0.55}",hgb_stress_v1.2,rules_v1.2_18rules,2024-08-31,0.0,,2024-10-28,2024-11-14,True,False,
AL00648,AS005815,ENT0177,2024-05-31,POULTRY,1,0.17981903008859018,5.633507183023395e-05,0.6,0.4109,AMBER,AMBER>=0.38;RED>=0.58,113667.0,False,0.873,44.1,4.57,41800.0,1987.0,32300.0,44.1,-113693.0,-59392.0,-26.0,margin_squeeze,0.7429,demand_trough,0.3243,climate_shock,0.2857,"{""model"": 0.45, ""rule"": 0.55}",hgb_stress_v1.2,rules_v1.2_18rules,2024-05-31,157000.0,2024-10-28,2024-10-28,2024-08-14,True,False,2024-06-01
AL00649,AS005817,ENT0177,2024-07-31,POULTRY,1,0.7460250737507566,0.014440967197014426,0.4632,0.5905,RED,AMBER>=0.38;RED>=0.58,163060.0,False,0.879,22.6,3.66,72500.0,3447.0,30500.0,22.6,-88045.0,-24905.0,75015.0,margin_squeeze,1.0,working_capital_erosion,0.2647,,0.0,"{""model"": 0.45, ""rule"": 0.55}",hgb_stress_v1.2,rules_v1.2_18rules,2024-07-31,104200.0,2024-11-28,2024-11-28,2024-10-14,True,False,
AL00650,AS005819,ENT0177,2024-09-30,POULTRY,1,0.1813404701223521,0.017136149933079138,0.8421,0.5448,AMBER,AMBER>=0.38;RED>=0.58,196603.0,False,0.888,8.0,3.19,118600.0,5638.0,21400.0,5.5,-71931.0,44347.0,124672.0,margin_squeeze,1.0,working_capital_erosion,1.0,debt_overhang,0.3056,"{""model"": 0.45, ""rule"": 0.55}",hgb_stress_v1.2,rules_v1.2_18rules,2024-09-30,64500.0,2024-12-29,2024-12-29,2024-12-14,True,False,
AL00651,AS005826,ENT0177,2025-04-30,POULTRY,1,0.020329685594363166,0.0001495627562841215,0.8,0.4491,AMBER,AMBER>=0.38;RED>=0.58,107075.0,False,0.922,93.7,2.67,76900.0,3656.0,0.0,93.7,-47407.0,3811.0,59668.0,climate_shock,0.7143,demand_trough,0.5946,margin_squeeze,0.5714,"{""model"": 0.45, ""rule"": 0.55}",hgb_stress_v1.2,rules_v1.2_18rules,2025-04-30,105800.0,2025-08-28,2025-08-28,2025-07-14,True,False,
AL00652,AS005840,ENT0177,2026-06-30,POULTRY,1,0.46776239960192467,8.101922617277154e-05,0.7053,0.5984,RED,AMBER>=0.38;RED>=0.58,,False,0.986,23.9,,82100.0,3903.0,16400.0,23.9,,,,margin_squeeze,1.0,receivable_stretch,0.3333,demand_trough,0.3243,"{""model"": 0.45, ""rule"": 0.55}",hgb_stress_v1.2,rules_v1.2_18rules,2026-06-30,107800.0,2026-08-29,2026-08-29,2026-09-13,True,False,
AL00653,AS005850,ENT0178,2024-07-31,POULTRY,3,0.01829242010243322,0.002145984818479219,0.9579,0.5351,AMBER,AMBER>=0.38;RED>=0.58,205174.0,False,0.701,0.1,1.8,27300.0,1298.0,4800.0,-4.1,-78062.0,28678.0,127112.0,margin_squeeze,1.0,working_capital_erosion,1.0,receivable_stretch,0.3333,"{""model"": 0.45, ""rule"": 0.55}",hgb_stress_v1.2,rules_v1.2_18rules,2024-07-31,112400.0,2024-09-29,2024-09-29,2024-10-14,True,False,
AL00654,AS005852,ENT0178,2024-09-30,POULTRY,3,0.3364477382645681,0.00021581859087514894,0.4737,0.4119,AMBER,AMBER>=0.38;RED>=0.58,267140.0,False,0.713,8.6,3.96,171900.0,8172.0,95200.0,8.6,-115758.0,43881.0,151382.0,margin_squeeze,0.7429,working_capital_erosion,0.5588,,0.0,"{""model"": 0.45, ""rule"": 0.55}",hgb_stress_v1.2,rules_v1.2_18rules,2024-09-30,150900.0,2025-01-28,2025-01-28,2024-12-14,True,False,
AL00655,AS005854,ENT0178,2024-11-30,POULTRY,3,0.7542041249494186,0.00010202900601858141,0.5158,0.6231,RED,AMBER>=0.38;RED>=0.58,183571.0,False,0.714,21.1,4.84,105100.0,4997.0,0.0,14.0,-46467.0,58228.0,137104.0,working_capital_erosion,0.5588,debt_overhang,0.3056,demand_trough,0.2703,"{""model"": 0.45, ""rule"": 0.55}",hgb_stress_v1.2,rules_v1.2_18rules,2024-11-30,159600.0,2025-05-29,2025-05-29,2025-02-13,True,False,
AL00656,AS005856,ENT0178,2025-01-31,POULTRY,3,0.13728080493770248,0.0001923806530527762,0.6737,0.4323,AMBER,AMBER>=0.38;RED>=0.58,133797.0,False,0.741,14.9,2.73,19700.0,937.0,0.0,-17.5,-38167.0,46098.0,95630.0,working_capital_erosion,1.0,debt_overhang,0.3056,demand_trough,0.2703,"{""model"": 0.45, ""rule"": 0.55}",hgb_stress_v1.2,rules_v1.2_18rules,2025-01-31,151300.0,2025-07-30,2025-07-30,2025-04-16,True,False,
AL00657,AS005859,ENT0178,2025-04-30,POULTRY,3,0.8997021760647489,0.0006936015618357154,1.0,0.9549,RED,AMBER>=0.38;RED>=0.58,116693.0,False,0.762,19.4,,4200.0,200.0,0.0,13.3,-68281.0,-18344.0,48412.0,climate_shock,1.0,demand_trough,0.5946,margin_squeeze,0.5714,"{""model"": 0.45, ""rule"": 0.55}",hgb_stress_v1.2,rules_v1.2_18rules,2025-04-30,143100.0,2025-10-27,2025-10-27,2025-07-14,True,False,
AL00658,AS005861,ENT0178,2025-06-30,POULTRY,3,0.058655354346091405,0.005611688190554377,1.0,0.5764,AMBER,AMBER>=0.38;RED>=0.58,170289.0,False,0.767,-0.1,,0.0,0.0,0.0,-51.9,-98374.0,-15442.0,71915.0,margin_squeeze,1.0,working_capital_erosion,1.0,demand_trough,0.5946,"{""model"": 0.45, ""rule"": 0.55}",hgb_stress_v1.2,rules_v1.2_18rules,2025-06-30,141400.0,2025-10-28,2025-10-28,2025-09-13,True,False,
AL00659,AS005863,ENT0178,2025-08-31,POULTRY,3,0.05327436945762381,0.0022363610903004417,0.8526,0.4929,AMBER,AMBER>=0.38;RED>=0.58,119944.0,False,0.778,5.9,,0.0,0.0,47900.0,-41.7,-52455.0,-7958.0,67489.0,margin_squeeze,1.0,working_capital_erosion,0.7353,debt_overhang,0.3056,"{""model"": 0.45, ""rule"": 0.55}",hgb_stress_v1.2,rules_v1.2_18rules,2025-08-31,84900.0,2025-10-30,2025-10-30,2025-11-14,True,False,
AL00660,AS005865,ENT0178,2025-10-31,POULTRY,3,0.3675014142597136,0.0011354293687028266,0.4947,0.4375,AMBER,AMBER>=0.38;RED>=0.58,310633.0,False,0.802,24.6,,0.0,0.0,138200.0,-41.1,-141042.0,12470.0,169591.0,working_capital_erosion,0.7353,margin_squeeze,0.3143,debt_overhang,0.3056,"{""model"": 0.45, ""rule"": 0.55}",hgb_stress_v1.2,rules_v1.2_18rules,2025-10-31,136100.0,2026-01-29,2026-01-29,2026-01-14,True,False,
AL00661,AS005869,ENT0178,2026-02-28,POULTRY,3,0.7833486031424377,0.001083715020449159,0.6842,0.7288,RED,AMBER>=0.38;RED>=0.58,133089.0,False,0.822,34.7,,20200.0,960.0,0.0,-65.0,-24005.0,13984.0,109084.0,working_capital_erosion,0.7353,debt_overhang,0.3056,climate_shock,0.2857,"{""model"": 0.45, ""rule"": 0.55}",hgb_stress_v1.2,rules_v1.2_18rules,2026-02-28,141200.0,2026-08-27,2026-08-27,2026-05-14,True,False,
AL00662,AS005871,ENT0178,2026-04-30,POULTRY,3,0.49031070145418715,0.006836921823562081,0.9579,0.7475,RED,AMBER>=0.38;RED>=0.58,106899.0,False,0.838,6.8,,11600.0,551.0,0.0,-59.6,-54773.0,-1888.0,52126.0,working_capital_erosion,1.0,climate_shock,0.7143,demand_trough,0.3243,"{""model"": 0.45, ""rule"": 0.55}",hgb_stress_v1.2,rules_v1.2_18rules,2026-04-30,130500.0,2026-10-27,2026-10-27,2026-07-14,True,False,
AL00663,AS005873,ENT0178,2026-06-30,POULTRY,3,0.1393614972988143,0.0008339765004245178,0.8737,0.5432,AMBER,AMBER>=0.38;RED>=0.58,,False,0.844,6.4,,11400.0,542.0,78400.0,-28.7,,,,margin_squeeze,1.0,working_capital_erosion,0.7353,demand_trough,0.3243,"{""model"": 0.45, ""rule"": 0.55}",hgb_stress_v1.2,rules_v1.2_18rules,2026-06-30,273500.0,2026-11-27,2026-11-27,2026-09-13,True,False,
AL00664,AS005875,ENT0179,2023-11-30,FOODPROC,1,0.11503988389216659,0.02980420130488613,0.9158,0.5555,AMBER,AMBER>=0.38;RED>=0.58,39683.0,False,0.618,4.8,-2.11,0.0,0.0,8900.0,-21.2,-1533.0,17555.0,38150.0,working_capital_erosion,0.7353,demand_trough,0.7297,debt_overhang,0.7222,"{""model"": 0.45, ""rule"": 0.55}",hgb_stress_v1.2,rules_v1.2_18rules,2023-11-30,13100.0,2024-04-28,2024-04-28,2024-02-13,True,False,
AL00665,AS005877,ENT0179,2024-01-31,FOODPROC,1,0.2653594848650144,0.019679139856577103,0.4842,0.3857,AMBER,AMBER>=0.38;RED>=0.58,75860.0,False,0.631,15.9,0.33,200.0,10.0,17400.0,-7.8,-56180.0,-2802.0,19680.0,working_capital_erosion,0.7353,debt_overhang,0.3056,climate_shock,0.2857,"{""model"": 0.45, ""rule"": 0.55}",hgb_stress_v1.2,rules_v1.2_18rules,2024-01-31,53100.0,2024-04-30,2024-04-30,2024-04-15,True,False,
AL00666,AS005879,ENT0179,2024-03-31,FOODPROC,1,0.15561145521976416,0.004169581663193365,0.6105,0.4058,AMBER,AMBER>=0.38;RED>=0.58,35481.0,False,0.646,7.2,1.09,9400.0,447.0,17900.0,-3.0,1975.0,30527.0,37456.0,working_capital_erosion,0.7353,demand_trough,0.3243,debt_overhang,0.3056,"{""model"": 0.45, ""rule"": 0.55}",hgb_stress_v1.2,rules_v1.2_18rules,2024-03-31,19100.0,2024-04-30,2024-04-30,2024-06-14,True,False,
AL00667,AS005904,ENT0179,2026-04-30,FOODPROC,1,0.0008489511067052106,9.362021091485508e-06,0.7474,0.4115,AMBER,AMBER>=0.38;RED>=0.58,85812.0,False,0.76,41.7,32.0,89500.0,4255.0,28800.0,41.7,2188.0,61068.0,88000.0,climate_shock,1.0,demand_trough,0.7297,working_capital_erosion,0.2647,"{""model"": 0.45, ""rule"": 0.55}",hgb_stress_v1.2,rules_v1.2_18rules,2026-04-30,0.0,,2026-06-11,2026-07-14,True,False,2026-05-11
AL00668,AS005927,ENT0180,2025-06-30,RETAIL,1,0.000613477733156059,3.6828267363512473e-06,0.7895,0.4345,AMBER,AMBER>=0.38;RED>=0.58,111165.0,False,0.859,58.6,,217500.0,10340.0,33200.0,58.6,-38625.0,48395.0,72540.0,margin_squeeze,1.0,receivable_stretch,0.6364,demand_trough,0.2703,"{""model"": 0.45, ""rule"": 0.55}",hgb_stress_v1.2,rules_v1.2_18rules,2025-06-30,34600.0,2025-09-28,2025-09-28,2025-09-13,True,False,
AL00669,AS005929,ENT0180,2025-08-31,RETAIL,1,0.0003779993439915488,3.0800046746105693e-06,0.6947,0.3823,AMBER,AMBER>=0.38;RED>=0.58,70282.0,False,0.876,59.4,,229800.0,10925.0,42800.0,59.4,73793.0,97858.0,144075.0,margin_squeeze,0.7429,receivable_stretch,0.6364,demand_trough,0.2703,"{""model"": 0.45, ""rule"": 0.55}",hgb_stress_v1.2,rules_v1.2_18rules,2025-08-31,0.0,,2025-10-29,2025-11-14,True,False,
AL00670,AS005941,ENT0181,2023-11-30,HANDICRAFT,6,0.03132113753429242,0.03446341099265346,0.8947,0.5062,AMBER,AMBER>=0.38;RED>=0.58,37625.0,False,0.709,-5.1,-6.44,0.0,0.0,800.0,-43.0,-7642.0,23851.0,29983.0,debt_overhang,1.0,working_capital_erosion,0.7353,receivable_stretch,0.3636,"{""model"": 0.45, ""rule"": 0.55}",hgb_stress_v1.2,rules_v1.2_18rules,2023-11-30,8800.0,2023-12-30,2023-12-30,2024-02-13,True,False,
AL00671,AS005977,ENT0182,2024-02-29,DAIRY,2,0.3184267851023783,0.0003057241865245683,0.5368,0.4385,AMBER,AMBER>=0.38;RED>=0.58,34782.0,False,0.782,44.7,4.28,6700.0,319.0,9400.0,44.7,-32277.0,-13530.0,2505.0,receivable_stretch,0.3333,demand_trough,0.3243,climate_shock,0.2857,"{""model"": 0.45, ""rule"": 0.55}",hgb_stress_v1.2,rules_v1.2_18rules,2024-02-29,80100.0,2024-06-28,2024-06-28,2024-05-14,True,False,
AL00672,AS005979,ENT0182,2024-04-30,DAIRY,2,0.7126947445232121,0.08449292594088803,0.4211,0.5523,AMBER,AMBER>=0.38;RED>=0.58,58905.0,False,0.789,23.4,3.51,6400.0,304.0,9800.0,23.4,-59531.0,-22209.0,-626.0,margin_squeeze,0.5714,receivable_stretch,0.3333,working_capital_erosion,0.2647,"{""model"": 0.45, ""rule"": 0.55}",hgb_stress_v1.2,rules_v1.2_18rules,2024-04-30,67100.0,2024-08-28,2024-08-28,2024-07-14,True,False,
AL00673,AS005981,ENT0182,2024-06-30,DAIRY,2,0.015444599883840157,0.9182249825149926,0.9579,0.5338,AMBER,AMBER>=0.38;RED>=0.58,26353.0,False,0.803,0.9,1.96,13900.0,661.0,5500.0,-4.5,-9633.0,548.0,16720.0,margin_squeeze,1.0,working_capital_erosion,1.0,receivable_stretch,0.3333,"{""model"": 0.45, ""rule"": 0.55}",hgb_stress_v1.2,rules_v1.2_18rules,2024-06-30,12600.0,2024-10-28,2024-10-28,2024-09-13,True,False,
AL00674,AS005983,ENT0182,2024-08-31,DAIRY,2,0.03117749795329723,0.05473806994093618,0.9263,0.5235,AMBER,AMBER>=0.38;RED>=0.58,31024.0,False,0.821,9.4,2.96,25600.0,1217.0,8100.0,-5.9,936.0,15977.0,31960.0,margin_squeeze,0.7429,working_capital_erosion,0.7353,debt_overhang,0.7222,"{""model"": 0.45, ""rule"": 0.55}",hgb_stress_v1.2,rules_v1.2_18rules,2024-08-31,6800.0,2024-09-30,2024-09-30,2024-11-14,True,False,
AL00675,AS005989,ENT0182,2025-02-28,DAIRY,2,0.8617121185380968,6.86059665745213e-05,0.1263,0.4572,AMBER,AMBER>=0.38;RED>=0.58,61553.0,False,0.852,27.7,2.32,4000.0,190.0,9600.0,27.7,-52695.0,-15353.0,8858.0,demand_trough,0.3243,,0.0,,0.0,"{""model"": 0.45, ""rule"": 0.55}",hgb_stress_v1.2,rules_v1.2_18rules,2025-02-28,85900.0,2025-07-28,2025-07-28,2025-05-14,True,False,
AL00676,AS005991,ENT0182,2025-04-30,DAIRY,2,0.7855915487532916,0.00045451233551970546,0.9474,0.8746,RED,AMBER>=0.38;RED>=0.58,91140.0,False,0.869,7.6,2.03,2600.0,124.0,7300.0,7.6,-88797.0,-16597.0,2343.0,working_capital_erosion,1.0,climate_shock,0.7143,margin_squeeze,0.5714,"{""model"": 0.45, ""rule"": 0.55}",hgb_stress_v1.2,rules_v1.2_18rules,2025-04-30,85200.0,2025-07-29,2025-07-29,2025-07-14,True,False,
AL00677,AS005993,ENT0182,2025-06-30,DAIRY,2,0.02148044787906621,1.6420059439772557e-05,0.8421,0.4728,AMBER,AMBER>=0.38;RED>=0.58,24161.0,False,0.877,3.2,2.71,3700.0,176.0,6700.0,-12.2,-14732.0,-7045.0,9429.0,margin_squeeze,1.0,working_capital_erosion,1.0,debt_overhang,0.3056,"{""model"": 0.45, ""rule"": 0.55}",hgb_stress_v1.2,rules_v1.2_18rules,2025-06-30,16900.0,2025-08-29,2025-08-29,2025-09-13,True,False,
AL00678,AS005995,ENT0182,2025-08-31,DAIRY,2,0.014573214155411407,6.03509279367675e-05,0.7053,0.3945,AMBER,AMBER>=0.38;RED>=0.58,40421.0,False,0.893,2.0,2.28,13100.0,623.0,10600.0,-30.3,4706.0,31509.0,45127.0,working_capital_erosion,0.7353,margin_squeeze,0.5714,receivable_stretch,0.3333,"{""model"": 0.45, ""rule"": 0.55}",hgb_stress_v1.2,rules_v1.2_18rules,2025-08-31,0.0,2026-01-28,2026-01-28,2025-11-14,True,False,
AL00679,AS006002,ENT0182,2026-03-31,DAIRY,2,0.9412762724991922,3.2939341132597435e-05,0.2316,0.551,AMBER,AMBER>=0.38;RED>=0.58,65011.0,False,0.937,30.1,,5900.0,280.0,17200.0,30.1,-62560.0,-26007.0,2451.0,demand_trough,0.3243,climate_shock,0.2857,,0.0,"{""model"": 0.45, ""rule"": 0.55}",hgb_stress_v1.2,rules_v1.2_18rules,2026-03-31,84700.0,2026-08-28,2026-08-28,2026-06-14,True,False,
AL00680,AS006004,ENT0182,2026-05-31,DAIRY,2,0.0652828026924583,0.0001321981583097841,1.0,0.5794,AMBER,AMBER>=0.38;RED>=0.58,31778.0,False,0.952,-0.1,,3400.0,162.0,6200.0,-4.3,-29698.0,-10430.0,2080.0,working_capital_erosion,1.0,margin_squeeze,0.5714,receivable_stretch,0.3333,"{""model"": 0.45, ""rule"": 0.55}",hgb_stress_v1.2,rules_v1.2_18rules,2026-05-31,38400.0,2026-10-28,2026-10-28,2026-08-14,True,False,
AL00681,AS006026,ENT0183,2025-06-30,RETAIL,1,0.0002064373362284536,1.5114946623679005e-05,0.7895,0.4343,AMBER,AMBER>=0.38;RED>=0.58,51951.0,False,0.861,49.6,9.69,256900.0,12213.0,30000.0,49.6,8505.0,35185.0,60456.0,margin_squeeze,1.0,receivable_stretch,0.6364,demand_trough,0.2703,"{""model"": 0.45, ""rule"": 0.55}",hgb_stress_v1.2,rules_v1.2_18rules,2025-06-30,9600.0,2025-07-30,2025-07-30,2025-09-13,True,False,
AL00682,AS006041,ENT0184,2023-12-31,DAIRY,1,0.2935192498045054,0.015737957715710314,0.9263,0.6415,RED,AMBER>=0.38;RED>=0.58,61406.0,False,0.856,9.2,0.93,17700.0,841.0,21600.0,0.4,-28366.0,15267.0,33040.0,working_capital_erosion,0.7353,debt_overhang,0.5833,receivable_stretch,0.3333,"{""model"": 0.45, ""rule"": 0.55}",hgb_stress_v1.2,rules_v1.2_18rules,2023-12-31,154200.0,2024-06-28,2024-06-28,2024-03-15,True,False,
AL00683,AS006043,ENT0184,2024-02-29,DAIRY,1,0.7371033374607511,0.022987047365034943,0.9053,0.8296,RED,AMBER>=0.38;RED>=0.58,69564.0,False,0.867,7.1,1.1,18700.0,889.0,18300.0,7.1,-70360.0,-44605.0,-796.0,working_capital_erosion,1.0,receivable_stretch,0.3333,demand_trough,0.3243,"{""model"": 0.45, ""rule"": 0.55}",hgb_stress_v1.2,rules_v1.2_18rules,2024-02-29,159700.0,2024-07-28,2024-07-28,2024-05-14,True,False,
AL00684,AS006045,ENT0184,2024-04-30,DAIRY,1,0.32232139724333203,0.02484592145851335,1.0,0.695,RED,AMBER>=0.38;RED>=0.58,105122.0,False,0.877,-1.2,0.93,5200.0,247.0,9000.0,-10.1,-102436.0,-47663.0,2686.0,margin_squeeze,1.0,working_capital_erosion,1.0,debt_overhang,0.5833,"{""model"": 0.45, ""rule"": 0.55}",hgb_stress_v1.2,rules_v1.2_18rules,2024-04-30,101600.0,2024-07-29,2024-07-29,2024-07-14,True,False,
AL00685,AS006047,ENT0184,2024-06-30,DAIRY,1,0.0045591456540813,0.0006891382938830281,1.0,0.5521,AMBER,AMBER>=0.38;RED>=0.58,62709.0,False,0.896,-2.0,0.62,23400.0,1112.0,14100.0,-44.3,-35165.0,14734.0,27544.0,margin_squeeze,1.0,working_capital_erosion,1.0,debt_overhang,0.5833,"{""model"": 0.45, ""rule"": 0.55}",hgb_stress_v1.2,rules_v1.2_18rules,2024-06-30,37400.0,2024-08-29,2024-08-29,2024-09-13,True,False,
AL00686,AS006049,ENT0184,2024-08-31,DAIRY,1,0.006221763324179293,0.00021489655915289606,0.8737,0.4833,AMBER,AMBER>=0.38;RED>=0.58,60084.0,False,0.913,16.6,0.9,34200.0,1626.0,20400.0,-72.9,-0.0,47458.0,60084.0,margin_squeeze,0.7429,working_capital_erosion,0.7353,debt_overhang,0.5833,"{""model"": 0.45, ""rule"": 0.55}",hgb_stress_v1.2,rules_v1.2_18rules,2024-08-31,15300.0,2024-12-29,2024-12-29,2024-11-14,True,False,
AL00687,AS006053,ENT0184,2024-12-31,DAIRY,1,0.024264058704650978,5.697918798277557e-05,0.7263,0.4104,AMBER,AMBER>=0.38;RED>=0.58,81553.0,False,0.95,25.7,1.28,82500.0,3922.0,25900.0,-13.5,-18426.0,51518.0,63127.0,working_capital_erosion,0.7353,debt_overhang,0.5833,receivable_stretch,0.3333,"{""model"": 0.45, ""rule"": 0.55}",hgb_stress_v1.2,rules_v1.2_18rules,2024-12-31,56400.0,2025-06-29,2025-06-29,2025-03-16,True,False,
AL00688,AS006056,ENT0184,2025-03-31,DAIRY,1,0.7741152752637442,0.0032371200050147595,0.3263,0.5278,AMBER,AMBER>=0.38;RED>=0.58,66135.0,False,0.969,28.0,2.16,21500.0,1022.0,14700.0,28.0,-48994.0,-15984.0,17141.0,demand_trough,0.5946,margin_squeeze,0.2571,,0.0,"{""model"": 0.45, ""rule"": 0.55}",hgb_stress_v1.2,rules_v1.2_18rules,2025-03-31,80100.0,2025-07-29,2025-07-29,2025-06-14,True,False,
AL00689,AS006058,ENT0184,2025-05-31,DAIRY,1,0.6447838335517652,3.399818727563981e-05,0.5263,0.5796,AMBER,AMBER>=0.38;RED>=0.58,86583.0,False,0.989,11.9,7.73,37600.0,1788.0,19500.0,11.9,-67021.0,-10471.0,19562.0,margin_squeeze,0.5714,working_capital_erosion,0.5588,receivable_stretch,0.3333,"{""model"": 0.45, ""rule"": 0.55}",hgb_stress_v1.2,rules_v1.2_18rules,2025-05-31,62900.0,2025-08-29,2025-08-29,2025-08-14,True,False,
AL00690,AS006060,ENT0184,2025-07-31,DAIRY,1,0.008226398581236014,2.767018682102694e-05,0.6947,0.3858,AMBER,AMBER>=0.38;RED>=0.58,64998.0,False,1.0,5.4,,78600.0,3737.0,19700.0,5.4,-19881.0,40674.0,45117.0,working_capital_erosion,1.0,receivable_stretch,0.3333,margin_squeeze,0.3143,"{""model"": 0.45, ""rule"": 0.55}",hgb_stress_v1.2,rules_v1.2_18rules,2025-07-31,16400.0,2025-10-29,2025-10-29,2025-10-14,True,False,
AL00691,AS006067,ENT0184,2026-02-28,DAIRY,1,0.07333587015664549,4.43773965176294e-06,0.6421,0.3862,AMBER,AMBER>=0.38;RED>=0.58,70650.0,False,1.0,53.5,,52800.0,2510.0,18300.0,53.5,-38682.0,-1973.0,31968.0,demand_trough,0.5946,receivable_stretch,0.3333,climate_shock,0.2857,"{""model"": 0.45, ""rule"": 0.55}",hgb_stress_v1.2,rules_v1.2_18rules,2026-02-28,101600.0,2026-07-28,2026-07-28,2026-05-14,True,False,
AL00692,AS006069,ENT0184,2026-04-30,DAIRY,1,0.46790519093520805,2.0492753994932435e-05,0.6737,0.5811,RED,AMBER>=0.38;RED>=0.58,110195.0,False,1.0,33.3,,17300.0,822.0,23700.0,33.3,-100239.0,-33410.0,9956.0,climate_shock,1.0,margin_squeeze,0.5714,working_capital_erosion,0.2647,"{""model"": 0.45, ""rule"": 0.55}",hgb_stress_v1.2,rules_v1.2_18rules,2026-04-30,111500.0,2026-08-28,2026-08-28,2026-07-14,True,False,
AL00693,AS006071,ENT0184,2026-06-30,DAIRY,1,0.003439416639652633,8.428287890847237e-05,0.8421,0.4647,AMBER,AMBER>=0.38;RED>=0.58,,False,1.0,-0.1,,38100.0,1811.0,12600.0,-0.1,,,,margin_squeeze,1.0,working_capital_erosion,1.0,receivable_stretch,0.3333,"{""model"": 0.45, ""rule"": 0.55}",hgb_stress_v1.2,rules_v1.2_18rules,2026-06-30,21400.0,2026-08-29,2026-08-29,2026-09-13,True,False,
AL00694,AS006095,ENT0185,2025-09-30,RETAIL,2,0.0004584360985925674,0.00033897835544468153,0.7895,0.4344,AMBER,AMBER>=0.38;RED>=0.58,331055.0,False,0.878,31.8,9.29,370900.0,17633.0,80300.0,31.8,-17590.0,201728.0,313465.0,margin_squeeze,1.0,receivable_stretch,0.6364,demand_trough,0.2703,"{""model"": 0.45, ""rule"": 0.55}",hgb_stress_v1.2,rules_v1.2_18rules,2025-09-30,40300.0,2025-11-29,2025-11-29,2025-12-14,True,False,
AL00695,AS006102,ENT0185,2026-04-30,RETAIL,2,0.0001641930932033769,0.00037253590932298536,0.7789,0.4285,AMBER,AMBER>=0.38;RED>=0.58,315415.0,False,0.926,66.0,9.68,362300.0,17224.0,56600.0,66.0,-135555.0,148703.0,179860.0,climate_shock,0.7143,receivable_stretch,0.6364,demand_trough,0.2703,"{""model"": 0.45, ""rule"": 0.55}",hgb_stress_v1.2,rules_v1.2_18rules,2026-04-30,125100.0,2026-07-29,2026-07-29,2026-07-14,True,False,
AL00696,AS006109,ENT0186,2024-02-29,DAIRY,1,0.42607276795886634,0.00011613366952900513,0.5474,0.4928,AMBER,AMBER>=0.38;RED>=0.58,32826.0,False,0.908,32.7,1.7,12900.0,613.0,8100.0,32.7,-32252.0,-7387.0,574.0,receivable_stretch,0.3333,demand_trough,0.3243,climate_shock,0.2857,"{""model"": 0.45, ""rule"": 0.55}",hgb_stress_v1.2,rules_v1.2_18rules,2024-02-29,72300.0,2024-07-28,2024-07-28,2024-05-14,True,False,
AL00697,AS006111,ENT0186,2024-04-30,DAIRY,1,0.7617828490800629,0.0002789957387446388,0.4842,0.6091,RED,AMBER>=0.38;RED>=0.58,57092.0,False,0.917,40.1,2.03,9300.0,442.0,11100.0,40.1,-65116.0,-21333.0,-8024.0,margin_squeeze,0.7429,climate_shock,0.2857,debt_overhang,0.2778,"{""model"": 0.45, ""rule"": 0.55}",hgb_stress_v1.2,rules_v1.2_18rules,2024-04-30,68600.0,2024-08-28,2024-08-28,2024-07-14,True,False,2024-05-06
AL00698,AS006113,ENT0186,2024-06-30,DAIRY,1,0.06661249629778863,0.000961499440435042,0.6737,0.4005,AMBER,AMBER>=0.38;RED>=0.58,15712.0,False,0.942,13.6,1.7,31800.0,1512.0,8100.0,13.6,-11038.0,3779.0,4674.0,margin_squeeze,1.0,working_capital_erosion,0.5588,debt_overhang,0.2778,"{""model"": 0.45, ""rule"": 0.55}",hgb_stress_v1.2,rules_v1.2_18rules,2024-06-30,17800.0,2024-08-29,2024-08-29,2024-09-13,True,False,
AL00699,AS006123,ENT0186,2025-04-30,DAIRY,1,0.39994553463957905,0.00015318905525569436,0.5579,0.4868,AMBER,AMBER>=0.38;RED>=0.58,43208.0,False,0.999,27.3,,7700.0,366.0,8300.0,27.3,-48915.0,-22696.0,-5707.0,climate_shock,0.7143,demand_trough,0.2703,working_capital_erosion,0.2647,"{""model"": 0.45, ""rule"": 0.55}",hgb_stress_v1.2,rules_v1.2_18rules,2025-04-30,75700.0,2025-08-28,2025-08-28,2025-07-14,True,False,
AL00700,AS006125,ENT0186,2025-06-30,DAIRY,1,0.03959730554944826,0.00015907788056334764,0.9474,0.5389,AMBER,AMBER>=0.38;RED>=0.58,19355.0,False,1.0,7.9,,30600.0,1455.0,2600.0,7.9,-7714.0,9027.0,11641.0,margin_squeeze,1.0,working_capital_erosion,1.0,receivable_stretch,0.3333,"{""model"": 0.45, ""rule"": 0.55}",hgb_stress_v1.2,rules_v1.2_18rules,2025-06-30,8000.0,2025-10-28,2025-10-28,2025-09-13,True,False,
AL00701,AS006135,ENT0186,2026-04-30,DAIRY,1,0.7017791144834621,2.842813511145679e-05,1.0,0.8658,RED,AMBER>=0.38;RED>=0.58,62565.0,False,1.0,19.4,,6400.0,304.0,4200.0,19.4,-54783.0,-14735.0,7782.0,climate_shock,1.0,margin_squeeze,0.5714,working_capital_erosion,0.5588,"{""model"": 0.45, ""rule"": 0.55}",hgb_stress_v1.2,rules_v1.2_18rules,2026-04-30,63800.0,2026-08-28,2026-08-28,2026-07-14,True,False,
AL00702,AS006137,ENT0186,2026-06-30,DAIRY,1,0.008801180281955092,4.118232961566885e-05,0.9579,0.5308,AMBER,AMBER>=0.38;RED>=0.58,,False,1.0,-0.2,,22900.0,1089.0,4300.0,-4.3,,,,margin_squeeze,1.0,working_capital_erosion,1.0,receivable_stretch,0.3333,"{""model"": 0.45, ""rule"": 0.55}",hgb_stress_v1.2,rules_v1.2_18rules,2026-06-30,14100.0,2026-08-29,2026-08-29,2026-09-13,True,False,
AL00703,AS006159,ENT0187,2025-07-31,RETAIL,1,0.00024282882978179698,2.937258973494989e-06,0.7895,0.4343,AMBER,AMBER>=0.38;RED>=0.58,152433.0,False,0.761,48.6,,170300.0,8096.0,17600.0,48.6,-4674.0,85010.0,147759.0,margin_squeeze,1.0,receivable_stretch,0.6364,demand_trough,0.2703,"{""model"": 0.45, ""rule"": 0.55}",hgb_stress_v1.2,rules_v1.2_18rules,2025-07-31,13700.0,2025-09-29,2025-09-29,2025-10-14,True,False,
AL00704,AS006172,ENT0188,2023-11-30,HANDICRAFT,5,0.2936373007865283,0.045801525843852754,0.9895,0.6764,RED,AMBER>=0.38;RED>=0.58,29499.0,False,0.573,7.7,-9.12,0.0,0.0,1300.0,-79.1,6931.0,28901.0,36430.0,debt_overhang,1.0,working_capital_erosion,0.7353,receivable_stretch,0.3636,"{""model"": 0.45, ""rule"": 0.55}",hgb_stress_v1.2,rules_v1.2_18rules,2023-11-30,11100.0,2023-12-30,2023-12-30,2024-02-13,True,False,
AL00705,AS006174,ENT0188,2024-01-31,HANDICRAFT,5,0.12430229793455191,0.038366778509065405,1.0,0.6059,RED,AMBER>=0.38;RED>=0.58,47069.0,False,0.593,28.5,-3.03,0.0,0.0,8400.0,-42.7,-19098.0,25911.0,27971.0,receivable_stretch,1.0,working_capital_erosion,0.7353,debt_overhang,0.7222,"{""model"": 0.45, ""rule"": 0.55}",hgb_stress_v1.2,rules_v1.2_18rules,2024-01-31,22400.0,2024-03-01,2024-03-01,2024-04-15,True,False,
AL00706,AS006176,ENT0188,2024-03-31,HANDICRAFT,5,0.504322295680068,0.8893642697223874,0.9263,0.7364,RED,AMBER>=0.38;RED>=0.58,38996.0,False,0.594,-7.2,-1.9,0.0,0.0,500.0,-55.8,-16071.0,12270.0,22925.0,working_capital_erosion,1.0,receivable_stretch,0.6667,demand_trough,0.3243,"{""model"": 0.45, ""rule"": 0.55}",hgb_stress_v1.2,rules_v1.2_18rules,2024-03-31,25500.0,2024-05-30,2024-05-30,2024-06-14,True,False,
AL00707,AS006178,ENT0188,2024-05-31,HANDICRAFT,5,0.3054698420072346,0.9797361349847276,0.6947,0.5195,AMBER,AMBER>=0.38;RED>=0.58,11819.0,False,0.602,4.1,-0.0,0.0,0.0,500.0,-27.9,-15501.0,-15334.0,-3682.0,working_capital_erosion,1.0,receivable_stretch,0.3636,debt_overhang,0.3056,"{""model"": 0.45, ""rule"": 0.55}",hgb_stress_v1.2,rules_v1.2_18rules,2024-05-31,33100.0,2024-11-27,2024-11-27,2024-08-14,True,False,
AL00708,AS006180,ENT0188,2024-07-31,HANDICRAFT,5,0.6828243368995348,0.9368656901802901,0.8526,0.7762,RED,AMBER>=0.38;RED>=0.58,52520.0,False,0.617,12.5,-0.12,0.0,0.0,1800.0,-36.9,-41855.0,-15413.0,10665.0,working_capital_erosion,1.0,debt_overhang,0.7222,receivable_stretch,0.3636,"{""model"": 0.45, ""rule"": 0.55}",hgb_stress_v1.2,rules_v1.2_18rules,2024-07-31,41500.0,2024-10-29,2024-10-29,2024-10-14,True,False,
AL00709,AS006182,ENT0188,2024-09-30,HANDICRAFT,5,0.37851374637077534,0.17565321741889192,0.8526,0.6393,RED,AMBER>=0.38;RED>=0.58,30808.0,False,0.629,-1.5,1.38,2800.0,133.0,500.0,-48.8,-614.0,14586.0,30194.0,working_capital_erosion,1.0,debt_overhang,0.7222,receivable_stretch,0.3636,"{""model"": 0.45, ""rule"": 0.55}",hgb_stress_v1.2,rules_v1.2_18rules,2024-09-30,14100.0,2024-11-29,2024-11-29,2024-12-14,True,False,
AL00710,AS006184,ENT0188,2024-11-30,HANDICRAFT,5,0.15639283690345102,0.8861676928345693,0.7895,0.5046,AMBER,AMBER>=0.38;RED>=0.58,22951.0,False,0.639,27.1,4.19,21100.0,1003.0,12600.0,-20.5,3699.0,8685.0,26650.0,working_capital_erosion,0.7353,debt_overhang,0.7222,receivable_stretch,0.3636,"{""model"": 0.45, ""rule"": 0.55}",hgb_stress_v1.2,rules_v1.2_18rules,2024-11-30,25100.0,2024-12-30,2024-12-30,2025-02-13,True,False,
AL00711,AS006186,ENT0188,2025-01-31,HANDICRAFT,5,0.03429434676449395,0.009401419676085408,0.7895,0.4497,AMBER,AMBER>=0.38;RED>=0.58,47178.0,False,0.649,28.3,2.85,13600.0,647.0,8300.0,-26.8,-9612.0,26486.0,37566.0,working_capital_erosion,0.7353,debt_overhang,0.7222,receivable_stretch,0.3636,"{""model"": 0.45, ""rule"": 0.55}",hgb_stress_v1.2,rules_v1.2_18rules,2025-01-31,22000.0,2025-03-02,2025-03-02,2025-04-16,True,False,2025-02-07
AL00712,AS006189,ENT0188,2025-04-30,HANDICRAFT,5,0.7761395121931042,0.023824783276979324,0.6105,0.685,RED,AMBER>=0.38;RED>=0.58,23088.0,False,0.663,34.9,3.4,4100.0,195.0,10300.0,32.4,-22104.0,-13989.0,984.0,climate_shock,0.7143,receivable_stretch,0.3636,debt_overhang,0.3056,"{""model"": 0.45, ""rule"": 0.55}",hgb_stress_v1.2,rules_v1.2_18rules,2025-04-30,52600.0,2025-10-27,2025-10-27,2025-07-14,True,False,
AL00713,AS006191,ENT0188,2025-06-30,HANDICRAFT,5,0.2612082265218538,0.9429261338955467,0.5789,0.4359,AMBER,AMBER>=0.38;RED>=0.58,28059.0,False,0.669,3.4,3.55,3900.0,185.0,4100.0,3.4,-24621.0,-17098.0,3438.0,working_capital_erosion,1.0,receivable_stretch,0.3636,margin_squeeze,0.2571,"{""model"": 0.45, ""rule"": 0.55}",hgb_stress_v1.2,rules_v1.2_18rules,2025-06-30,40400.0,2025-10-28,2025-10-28,2025-09-13,True,False,
AL00714,AS006193,ENT0188,2025-08-31,HANDICRAFT,5,0.03877455239875573,0.04043428442437127,0.8632,0.4922,AMBER,AMBER>=0.38;RED>=0.58,28574.0,False,0.681,13.7,2.99,12200.0,580.0,4300.0,-11.1,1647.0,4294.0,30221.0,working_capital_erosion,0.7353,debt_overhang,0.7222,receivable_stretch,0.3636,"{""model"": 0.45, ""rule"": 0.55}",hgb_stress_v1.2,rules_v1.2_18rules,2025-08-31,22900.0,2025-10-30,2025-10-30,2025-11-14,True,False,
AL00715,AS006195,ENT0188,2025-10-31,HANDICRAFT,5,0.007154541447669938,0.0011666426893923644,0.7895,0.4374,AMBER,AMBER>=0.38;RED>=0.58,65728.0,False,0.689,19.2,4.7,32600.0,1550.0,14400.0,-1.1,-7081.0,8902.0,58647.0,working_capital_erosion,0.7353,debt_overhang,0.7222,receivable_stretch,0.3636,"{""model"": 0.45, ""rule"": 0.55}",hgb_stress_v1.2,rules_v1.2_18rules,2025-10-31,15300.0,2025-11-30,2025-11-30,2026-01-14,True,False,
AL00716,AS006197,ENT0188,2025-12-31,HANDICRAFT,5,0.1718114436988435,0.0010611123699725926,0.6316,0.4247,AMBER,AMBER>=0.38;RED>=0.58,51579.0,False,0.704,11.0,3.42,24000.0,1141.0,8400.0,-21.5,-2210.0,23460.0,49369.0,working_capital_erosion,0.7353,receivable_stretch,0.3636,demand_trough,0.3243,"{""model"": 0.45, ""rule"": 0.55}",hgb_stress_v1.2,rules_v1.2_18rules,2025-12-31,16700.0,2026-01-30,2026-01-30,2026-03-16,True,False,
AL00717,AS006200,ENT0188,2026-03-31,HANDICRAFT,5,0.0972066841249787,6.85352308276963e-05,1.0,0.5937,RED,AMBER>=0.38;RED>=0.58,34836.0,False,0.717,20.1,2.3,15300.0,727.0,13800.0,-12.5,-6649.0,8200.0,28187.0,receivable_stretch,1.0,working_capital_erosion,0.7353,debt_overhang,0.7222,"{""model"": 0.45, ""rule"": 0.55}",hgb_stress_v1.2,rules_v1.2_18rules,2026-03-31,37000.0,2026-08-28,2026-08-28,2026-06-14,True,False,
AL00718,AS006202,ENT0188,2026-05-31,HANDICRAFT,5,0.2923436849097876,5.167485095482997e-05,0.5474,0.4326,AMBER,AMBER>=0.38;RED>=0.58,46425.0,False,0.722,8.4,3.17,5600.0,266.0,500.0,8.4,-29028.0,8110.0,17397.0,receivable_stretch,1.0,working_capital_erosion,0.2941,margin_squeeze,0.2571,"{""model"": 0.45, ""rule"": 0.55}",hgb_stress_v1.2,rules_v1.2_18rules,2026-05-31,40800.0,2026-10-28,2026-10-28,2026-08-14,True,False,
AL00719,AS006206,ENT0189,2023-12-31,DAIRY,4,0.1973556572536011,0.006525371638600451,0.5579,0.3957,AMBER,AMBER>=0.38;RED>=0.58,25658.0,False,0.739,20.6,1.48,22500.0,1070.0,15900.0,18.3,-10037.0,5695.0,15621.0,debt_overhang,0.5833,demand_trough,0.3243,working_capital_erosion,0.2941,"{""model"": 0.45, ""rule"": 0.55}",hgb_stress_v1.2,rules_v1.2_18rules,2023-12-31,72200.0,2024-06-28,2024-06-28,2024-03-15,True,False,
AL00720,AS006208,ENT0189,2024-02-29,DAIRY,4,0.8098381025586695,0.01809773268468866,0.3368,0.5497,AMBER,AMBER>=0.38;RED>=0.58,33116.0,False,0.745,27.4,1.69,8300.0,395.0,17400.0,27.4,-50784.0,-33104.0,-17668.0,demand_trough,0.3243,climate_shock,0.2857,debt_overhang,0.2778,"{""model"": 0.45, ""rule"": 0.55}",hgb_stress_v1.2,rules_v1.2_18rules,2024-02-29,77700.0,2024-08-27,2024-08-27,2024-05-14,True,False,
AL00721,AS006210,ENT0189,2024-04-30,DAIRY,4,0.5516768655365277,0.09300002767466244,0.9474,0.7693,RED,AMBER>=0.38;RED>=0.58,70899.0,False,0.76,3.6,1.3,5900.0,280.0,7500.0,3.6,-77297.0,-29783.0,-6398.0,margin_squeeze,1.0,working_capital_erosion,1.0,receivable_stretch,0.3333,"{""model"": 0.45, ""rule"": 0.55}",hgb_stress_v1.2,rules_v1.2_18rules,2024-04-30,76000.0,2024-07-29,2024-07-29,2024-07-14,True,False,2024-05-04
AL00722,AS006212,ENT0189,2024-06-30,DAIRY,4,0.06225464567084177,0.8599318794872686,1.0,0.578,AMBER,AMBER>=0.38;RED>=0.58,22297.0,False,0.773,0.4,0.89,2500.0,119.0,7200.0,-20.8,-8126.0,-7678.0,14171.0,margin_squeeze,1.0,working_capital_erosion,1.0,debt_overhang,0.5833,"{""model"": 0.45, ""rule"": 0.55}",hgb_stress_v1.2,rules_v1.2_18rules,2024-06-30,15100.0,2024-10-28,2024-10-28,2024-09-13,True,False,
AL00723,AS006214,ENT0189,2024-08-31,DAIRY,4,0.02607407123376915,0.879075543385767,0.6947,0.3938,AMBER,AMBER>=0.38;RED>=0.58,29005.0,False,0.784,4.3,1.07,36000.0,1712.0,8900.0,-43.9,-1074.0,16061.0,27931.0,working_capital_erosion,0.7353,debt_overhang,0.5833,margin_squeeze,0.5714,"{""model"": 0.45, ""rule"": 0.55}",hgb_stress_v1.2,rules_v1.2_18rules,2024-08-31,6000.0,2024-09-30,2024-09-30,2024-11-14,True,False,
AL00724,AS006216,ENT0189,2024-10-31,DAIRY,4,0.0768861794763973,0.0025026820110270946,0.6421,0.3878,AMBER,AMBER>=0.38;RED>=0.58,30587.0,False,0.795,12.3,0.93,8100.0,385.0,8000.0,-40.4,1879.0,18985.0,32466.0,debt_overhang,1.0,working_capital_erosion,0.7353,,0.0,"{""model"": 0.45, ""rule"": 0.55}",hgb_stress_v1.2,rules_v1.2_18rules,2024-10-31,7900.0,2025-03-30,2025-03-30,2025-01-14,True,False,2024-11-10
AL00725,AS006219,ENT0189,2025-01-31,DAIRY,4,0.21712344174495843,8.800812216999358e-05,0.7158,0.4914,AMBER,AMBER>=0.38;RED>=0.58,28637.0,False,0.815,12.3,1.03,16200.0,770.0,8800.0,-12.9,-17670.0,-401.0,10967.0,working_capital_erosion,0.7353,debt_overhang,0.5833,demand_trough,0.3243,"{""model"": 0.45, ""rule"": 0.55}",hgb_stress_v1.2,rules_v1.2_18rules,2025-01-31,62200.0,2025-07-30,2025-07-30,2025-04-16,True,False,
AL00726,AS006222,ENT0189,2025-04-30,DAIRY,4,0.5978479754781616,0.0009841043625853766,0.9368,0.7843,RED,AMBER>=0.38;RED>=0.58,69833.0,False,0.835,4.0,1.15,3600.0,171.0,5500.0,-9.9,-77537.0,-13005.0,-7704.0,working_capital_erosion,1.0,climate_shock,0.7143,debt_overhang,0.5833,"{""model"": 0.45, ""rule"": 0.55}",hgb_stress_v1.2,rules_v1.2_18rules,2025-04-30,74100.0,2025-07-29,2025-07-29,2025-07-14,True,False,
AL00727,AS006224,ENT0189,2025-06-30,DAIRY,4,0.06325147074899778,0.0015437813839655166,0.9053,0.5264,AMBER,AMBER>=0.38;RED>=0.58,30644.0,False,0.837,2.1,1.43,12600.0,599.0,3700.0,-29.1,-15518.0,1858.0,15126.0,working_capital_erosion,1.0,margin_squeeze,0.5714,receivable_stretch,0.3333,"{""model"": 0.45, ""rule"": 0.55}",hgb_stress_v1.2,rules_v1.2_18rules,2025-06-30,14900.0,2025-09-28,2025-09-28,2025-09-13,True,False,
AL00728,AS006227,ENT0189,2025-09-30,DAIRY,4,0.056747515626450154,0.001559115210121061,0.6947,0.4076,AMBER,AMBER>=0.38;RED>=0.58,35227.0,False,0.852,2.0,2.36,14900.0,708.0,2500.0,-51.9,14042.0,38933.0,49269.0,working_capital_erosion,0.7353,receivable_stretch,0.3333,debt_overhang,0.3056,"{""model"": 0.45, ""rule"": 0.55}",hgb_stress_v1.2,rules_v1.2_18rules,2025-09-30,10000.0,2026-02-27,2026-02-27,2025-12-14,True,False,
AL00729,AS006232,ENT0189,2026-02-28,DAIRY,4,0.8568781327147276,3.561461785489414e-06,0.1263,0.4551,AMBER,AMBER>=0.38;RED>=0.58,35202.0,False,0.882,43.0,,8600.0,409.0,17300.0,43.0,-40245.0,-14304.0,-5043.0,demand_trough,0.3243,,0.0,,0.0,"{""model"": 0.45, ""rule"": 0.55}",hgb_stress_v1.2,rules_v1.2_18rules,2026-02-28,79800.0,2026-07-28,2026-07-28,2026-05-14,True,False,
AL00730,AS006234,ENT0189,2026-04-30,DAIRY,4,0.6390708444045833,3.0411753912900483e-05,0.7895,0.7218,RED,AMBER>=0.38;RED>=0.58,61839.0,False,0.91,9.3,,4500.0,214.0,7800.0,9.3,-59792.0,-21989.0,2047.0,climate_shock,0.7143,margin_squeeze,0.5714,working_capital_erosion,0.5588,"{""model"": 0.45, ""rule"": 0.55}",hgb_stress_v1.2,rules_v1.2_18rules,2026-04-30,77300.0,2026-10-27,2026-10-27,2026-07-14,True,False,
AL00731,AS006236,ENT0189,2026-06-30,DAIRY,4,0.003302990282347479,3.851646440080481e-05,1.0,0.5515,AMBER,AMBER>=0.38;RED>=0.58,,False,0.906,-2.7,,11900.0,566.0,5300.0,-12.8,,,,margin_squeeze,1.0,working_capital_erosion,1.0,receivable_stretch,0.3333,"{""model"": 0.45, ""rule"": 0.55}",hgb_stress_v1.2,rules_v1.2_18rules,2026-06-30,11500.0,2026-08-29,2026-08-29,2026-09-13,True,False,
AL00732,AS006244,ENT0190,2024-05-31,DAIRY,4,0.07990702851367247,0.000711972185602517,0.7895,0.4702,AMBER,AMBER>=0.38;RED>=0.58,163144.0,False,0.707,19.9,4.17,90200.0,4288.0,25200.0,19.9,-118682.0,1890.0,44462.0,margin_squeeze,1.0,working_capital_erosion,0.5588,receivable_stretch,0.3333,"{""model"": 0.45, ""rule"": 0.55}",hgb_stress_v1.2,rules_v1.2_18rules,2024-05-31,105800.0,2024-08-29,2024-08-29,2024-08-14,True,False,
AL00733,AS006246,ENT0190,2024-07-31,DAIRY,4,0.014953286163809417,0.0009249953630900575,0.8421,0.4699,AMBER,AMBER>=0.38;RED>=0.58,176797.0,False,0.717,6.2,3.15,132000.0,6276.0,42900.0,6.2,-41237.0,50840.0,135560.0,margin_squeeze,1.0,working_capital_erosion,1.0,receivable_stretch,0.3333,"{""model"": 0.45, ""rule"": 0.55}",hgb_stress_v1.2,rules_v1.2_18rules,2024-07-31,58000.0,2024-11-28,2024-11-28,2024-10-14,True,False,
AL00734,AS006268,ENT0190,2026-05-31,DAIRY,4,0.004967889852397927,4.9068390305479585e-05,0.7895,0.4365,AMBER,AMBER>=0.38;RED>=0.58,197900.0,False,0.854,19.9,,190300.0,9047.0,28200.0,19.9,-130101.0,36406.0,67799.0,margin_squeeze,1.0,working_capital_erosion,0.5588,receivable_stretch,0.3333,"{""model"": 0.45, ""rule"": 0.55}",hgb_stress_v1.2,rules_v1.2_18rules,2026-05-31,118800.0,2026-08-29,2026-08-29,2026-08-14,True,False,
AL00735,AS006304,ENT0192,2023-11-30,DAIRY,4,0.4179187122874823,0.0057829776992381465,0.6947,0.5701,AMBER,AMBER>=0.38;RED>=0.58,52739.0,False,0.756,16.0,0.64,6300.0,300.0,25500.0,-2.0,-6378.0,37490.0,46361.0,working_capital_erosion,0.7353,debt_overhang,0.5833,receivable_stretch,0.3333,"{""model"": 0.45, ""rule"": 0.55}",hgb_stress_v1.2,rules_v1.2_18rules,2023-11-30,19400.0,2024-05-28,2024-05-28,2024-02-13,True,False,
AL00736,AS006306,ENT0192,2024-01-31,DAIRY,4,0.595217023863998,0.0005683871585871797,0.4421,0.511,AMBER,AMBER>=0.38;RED>=0.58,92895.0,False,0.76,19.0,1.56,35600.0,1692.0,47700.0,19.0,-54689.0,-5727.0,38206.0,demand_trough,0.3243,working_capital_erosion,0.2941,climate_shock,0.2857,"{""model"": 0.45, ""rule"": 0.55}",hgb_stress_v1.2,rules_v1.2_18rules,2024-01-31,139300.0,2024-06-29,2024-06-29,2024-04-15,True,False,
AL00737,AS006308,ENT0192,2024-03-31,DAIRY,4,0.49837549632872397,4.5476457805418625e-05,0.5684,0.5369,AMBER,AMBER>=0.38;RED>=0.58,145019.0,False,0.773,10.7,1.45,28200.0,1341.0,33000.0,10.7,-114157.0,-15233.0,30862.0,receivable_stretch,0.3333,demand_trough,0.3243,margin_squeeze,0.3143,"{""model"": 0.45, ""rule"": 0.55}",hgb_stress_v1.2,rules_v1.2_18rules,2024-03-31,156200.0,2024-07-29,2024-07-29,2024-06-14,True,False,2024-04-05
AL00738,AS006310,ENT0192,2024-05-31,DAIRY,4,0.34107978448536613,0.00035823286578932646,1.0,0.7035,RED,AMBER>=0.38;RED>=0.58,64765.0,False,0.793,-1.0,1.18,37100.0,1764.0,24200.0,-6.5,-51989.0,-4184.0,12776.0,margin_squeeze,1.0,working_capital_erosion,1.0,debt_overhang,0.5833,"{""model"": 0.45, ""rule"": 0.55}",hgb_stress_v1.2,rules_v1.2_18rules,2024-05-31,74100.0,2024-09-28,2024-09-28,2024-08-14,True,False,
AL00739,AS006312,ENT0192,2024-07-31,DAIRY,4,0.016797532519068566,0.0006032964531048109,0.8632,0.4823,AMBER,AMBER>=0.38;RED>=0.58,58823.0,False,0.798,-1.7,0.88,17000.0,808.0,22100.0,-30.1,-23129.0,32292.0,35694.0,margin_squeeze,1.0,working_capital_erosion,0.7353,receivable_stretch,0.3333,"{""model"": 0.45, ""rule"": 0.55}",hgb_stress_v1.2,rules_v1.2_18rules,2024-07-31,19900.0,2024-10-29,2024-10-29,2024-10-14,True,False,
AL00740,AS006319,ENT0192,2025-02-28,DAIRY,4,0.6948457618637447,0.0001489364729592836,0.1263,0.3821,AMBER,AMBER>=0.38;RED>=0.58,97353.0,False,0.86,33.8,10.96,22500.0,1070.0,37100.0,33.8,-76101.0,-18512.0,21252.0,demand_trough,0.3243,,0.0,,0.0,"{""model"": 0.45, ""rule"": 0.55}",hgb_stress_v1.2,rules_v1.2_18rules,2025-02-28,133600.0,2025-07-28,2025-07-28,2025-05-14,True,False,
AL00741,AS006321,ENT0192,2025-04-30,DAIRY,4,0.8208227957452721,0.00019209757584830138,0.5789,0.6878,RED,AMBER>=0.38;RED>=0.58,106629.0,False,0.871,18.9,,16400.0,780.0,29000.0,18.9,-90348.0,-29607.0,16281.0,climate_shock,0.7143,receivable_stretch,0.3333,working_capital_erosion,0.2941,"{""model"": 0.45, ""rule"": 0.55}",hgb_stress_v1.2,rules_v1.2_18rules,2025-04-30,111000.0,2025-08-28,2025-08-28,2025-07-14,True,False,
AL00742,AS006332,ENT0192,2026-03-31,DAIRY,4,0.6532484211776964,2.990020271580007e-05,0.3158,0.4677,AMBER,AMBER>=0.38;RED>=0.58,125596.0,False,0.956,42.6,,17700.0,841.0,31500.0,42.6,-104805.0,-35126.0,20791.0,demand_trough,0.3243,working_capital_erosion,0.2647,margin_squeeze,0.2571,"{""model"": 0.45, ""rule"": 0.55}",hgb_stress_v1.2,rules_v1.2_18rules,2026-03-31,149500.0,2026-08-28,2026-08-28,2026-06-14,True,False,
AL00743,AS006334,ENT0192,2026-05-31,DAIRY,4,0.05261449544243506,0.00024346843933540873,0.9474,0.5447,AMBER,AMBER>=0.38;RED>=0.58,100307.0,False,0.967,3.5,,20000.0,951.0,22600.0,3.5,-80808.0,-11084.0,19499.0,margin_squeeze,1.0,working_capital_erosion,1.0,receivable_stretch,0.3333,"{""model"": 0.45, ""rule"": 0.55}",hgb_stress_v1.2,rules_v1.2_18rules,2026-05-31,77000.0,2026-08-29,2026-08-29,2026-08-14,True,False,
AL00744,AS006337,ENT0193,2023-11-30,FOODPROC,4,0.035846593955634415,0.011843835631974654,0.6632,0.3809,AMBER,AMBER>=0.38;RED>=0.58,125284.0,False,0.628,17.6,-1.74,0.0,0.0,46800.0,5.8,-2923.0,68744.0,122361.0,working_capital_erosion,0.7353,demand_trough,0.7297,debt_overhang,0.3056,"{""model"": 0.45, ""rule"": 0.55}",hgb_stress_v1.2,rules_v1.2_18rules,2023-11-30,30400.0,2024-04-28,2024-04-28,2024-02-13,True,False,
AL00745,AS006370,ENT0194,2023-11-30,HANDICRAFT,2,0.02991476054627778,0.014927815707037422,0.8632,0.4882,AMBER,AMBER>=0.38;RED>=0.58,46659.0,False,0.793,1.1,-4.02,0.0,0.0,600.0,-84.5,15157.0,57052.0,61816.0,debt_overhang,1.0,working_capital_erosion,0.7353,demand_trough,0.3243,"{""model"": 0.45, ""rule"": 0.55}",hgb_stress_v1.2,rules_v1.2_18rules,2023-11-30,11800.0,2024-05-28,2024-05-28,2024-02-13,True,False,
AL00746,AS006372,ENT0194,2024-01-31,HANDICRAFT,2,0.031160682979546564,0.003269154031552393,1.0,0.564,AMBER,AMBER>=0.38;RED>=0.58,56846.0,False,0.803,40.7,0.38,800.0,38.0,9800.0,0.7,-20649.0,24566.0,36197.0,debt_overhang,1.0,working_capital_erosion,0.7353,receivable_stretch,0.3636,"{""model"": 0.45, ""rule"": 0.55}",hgb_stress_v1.2,rules_v1.2_18rules,2024-01-31,21800.0,2024-03-01,2024-03-01,2024-04-15,True,False,
AL00747,AS006420,ENT0195,2025-04-30,POULTRY,3,0.00817805408851595,6.922276530724447e-06,0.8105,0.4495,AMBER,AMBER>=0.38;RED>=0.58,163023.0,False,0.875,153.9,,104400.0,4963.0,59600.0,153.9,-107894.0,-18564.0,55129.0,climate_shock,1.0,demand_trough,0.5946,margin_squeeze,0.3143,"{""model"": 0.45, ""rule"": 0.55}",hgb_stress_v1.2,rules_v1.2_18rules,2025-04-30,187100.0,2025-09-27,2025-09-27,2025-07-14,True,False,
AL00748,AS006436,ENT0196,2023-11-30,HANDICRAFT,5,0.08111130773334468,0.013551245287511256,0.8737,0.517,AMBER,AMBER>=0.38;RED>=0.58,40785.0,False,0.883,24.4,0.23,200.0,10.0,7200.0,-3.2,-11274.0,12548.0,29511.0,debt_overhang,1.0,working_capital_erosion,0.7353,demand_trough,0.3243,"{""model"": 0.45, ""rule"": 0.55}",hgb_stress_v1.2,rules_v1.2_18rules,2023-11-30,10100.0,2024-02-28,2024-02-28,2024-02-13,True,False,
AL00749,AS006439,ENT0196,2024-02-29,HANDICRAFT,5,0.09425663448458818,0.0004974051719037603,1.0,0.5924,RED,AMBER>=0.38;RED>=0.58,66490.0,False,0.898,5.6,1.08,2000.0,95.0,800.0,5.6,-24961.0,20621.0,41529.0,receivable_stretch,1.0,working_capital_erosion,1.0,demand_trough,0.7297,"{""model"": 0.45, ""rule"": 0.55}",hgb_stress_v1.2,rules_v1.2_18rules,2024-02-29,28600.0,2024-08-27,2024-08-27,2024-05-14,True,False,
AL00750,AS006451,ENT0196,2025-02-28,HANDICRAFT,5,0.0004926018494675083,6.430104353406741e-06,0.7263,0.3997,AMBER,AMBER>=0.38;RED>=0.58,36807.0,False,0.996,117.4,33.85,12700.0,604.0,900.0,117.4,-4739.0,16940.0,32068.0,receivable_stretch,1.0,demand_trough,0.7297,margin_squeeze,0.2571,"{""model"": 0.45, ""rule"": 0.55}",hgb_stress_v1.2,rules_v1.2_18rules,2025-02-28,18400.0,2025-06-28,2025-06-28,2025-05-14,True,False,
AL00751,AS006465,ENT0196,2026-04-30,HANDICRAFT,5,0.0010233000610569436,1.2228063363888733e-05,0.9053,0.4984,AMBER,AMBER>=0.38;RED>=0.58,30906.0,False,1.0,122.9,,14200.0,675.0,800.0,122.9,-7448.0,11219.0,23458.0,receivable_stretch,1.0,climate_shock,0.7143,demand_trough,0.2703,"{""model"": 0.45, ""rule"": 0.55}",hgb_stress_v1.2,rules_v1.2_18rules,2026-04-30,49600.0,2026-08-28,2026-08-28,2026-07-14,True,False,
AL00752,AS006478,ENT0197,2024-08-31,RETAIL,1,0.00017212999039152287,4.489253215716579e-06,0.7053,0.388,AMBER,AMBER>=0.38;RED>=0.58,114195.0,False,0.919,60.2,,342900.0,16302.0,45600.0,60.2,77814.0,172267.0,192009.0,margin_squeeze,0.7429,receivable_stretch,0.6364,climate_shock,0.3143,"{""model"": 0.45, ""rule"": 0.55}",hgb_stress_v1.2,rules_v1.2_18rules,2024-08-31,6400.0,2024-10-30,2024-10-30,2024-11-14,True,False,
AL00753,AS006488,ENT0197,2025-06-30,RETAIL,1,8.124269897024292e-05,3.876101855264099e-06,0.6947,0.3821,AMBER,AMBER>=0.38;RED>=0.58,110583.0,False,0.99,61.2,,373300.0,17747.0,52800.0,61.2,-11274.0,88428.0,99309.0,margin_squeeze,0.7429,receivable_stretch,0.6364,demand_trough,0.2703,"{""model"": 0.45, ""rule"": 0.55}",hgb_stress_v1.2,rules_v1.2_18rules,2025-06-30,13200.0,2025-08-29,2025-08-29,2025-09-13,True,False,
AL00754,AS006505,ENT0198,2024-02-29,DAIRY,1,0.8333000626647817,0.0016205918980767176,0.4421,0.6181,RED,AMBER>=0.38;RED>=0.58,108891.0,False,0.83,37.1,4.09,12500.0,594.0,18000.0,37.1,-96793.0,-25399.0,12098.0,receivable_stretch,0.3333,demand_trough,0.3243,climate_shock,0.2857,"{""model"": 0.45, ""rule"": 0.55}",hgb_stress_v1.2,rules_v1.2_18rules,2024-02-29,166400.0,2024-06-28,2024-06-28,2024-05-14,True,False,
AL00755,AS006507,ENT0198,2024-04-30,DAIRY,1,0.9185276033966784,0.06096808227552469,0.7895,0.8476,RED,AMBER>=0.38;RED>=0.58,105211.0,False,0.828,17.2,3.02,12500.0,594.0,22100.0,17.2,-101265.0,-47447.0,3946.0,margin_squeeze,1.0,working_capital_erosion,0.5588,receivable_stretch,0.3333,"{""model"": 0.45, ""rule"": 0.55}",hgb_stress_v1.2,rules_v1.2_18rules,2024-04-30,134000.0,2024-08-28,2024-08-28,2024-07-14,True,False,2024-05-06
AL00756,AS006509,ENT0198,2024-06-30,DAIRY,1,0.01449897839540495,0.05021934504616927,0.8421,0.4697,AMBER,AMBER>=0.38;RED>=0.58,51423.0,False,0.828,0.1,1.42,8500.0,404.0,18100.0,-10.6,-38609.0,-9357.0,12814.0,margin_squeeze,1.0,working_capital_erosion,1.0,debt_overhang,0.3056,"{""model"": 0.45, ""rule"": 0.55}",hgb_stress_v1.2,rules_v1.2_18rules,2024-06-30,46100.0,2024-10-28,2024-10-28,2024-09-13,True,False,
AL00757,AS006511,ENT0198,2024-08-31,DAIRY,1,0.004900061830360004,0.8309909619380647,0.8632,0.477,AMBER,AMBER>=0.38;RED>=0.58,31596.0,False,0.837,-2.5,1.72,47900.0,2277.0,23700.0,-29.8,5073.0,28457.0,36669.0,margin_squeeze,1.0,working_capital_erosion,0.7353,climate_shock,0.3143,"{""model"": 0.45, ""rule"": 0.55}",hgb_stress_v1.2,rules_v1.2_18rules,2024-08-31,12000.0,2024-09-30,2024-09-30,2024-11-14,True,False,
AL00758,AS006513,ENT0198,2024-10-31,DAIRY,1,0.03721478277417073,0.10240002830435166,0.7474,0.4278,AMBER,AMBER>=0.38;RED>=0.58,72678.0,False,0.849,-0.9,0.98,6000.0,285.0,12800.0,-38.5,-6961.0,44588.0,65717.0,working_capital_erosion,0.7353,debt_overhang,0.7222,receivable_stretch,0.3333,"{""model"": 0.45, ""rule"": 0.55}",hgb_stress_v1.2,rules_v1.2_18rules,2024-10-31,10600.0,2025-03-30,2025-03-30,2025-01-14,True,False,
AL00759,AS006515,ENT0198,2024-12-31,DAIRY,1,0.16753960513214436,0.02330927633887869,0.6632,0.4402,AMBER,AMBER>=0.38;RED>=0.58,51974.0,False,0.841,15.4,1.06,20500.0,975.0,27000.0,-1.8,-2840.0,15546.0,49134.0,working_capital_erosion,0.7353,debt_overhang,0.7222,demand_trough,0.3243,"{""model"": 0.45, ""rule"": 0.55}",hgb_stress_v1.2,rules_v1.2_18rules,2024-12-31,76100.0,2025-06-29,2025-06-29,2025-03-16,True,False,
AL00760,AS006518,ENT0198,2025-03-31,DAIRY,1,0.8778301523701939,0.9712011794702046,0.4316,0.6324,RED,AMBER>=0.38;RED>=0.58,68259.0,False,0.859,9.9,1.48,5700.0,271.0,13600.0,9.9,-70026.0,-32521.0,-1767.0,demand_trough,0.5946,working_capital_erosion,0.2941,margin_squeeze,0.2571,"{""model"": 0.45, ""rule"": 0.55}",hgb_stress_v1.2,rules_v1.2_18rules,2025-03-31,111700.0,2025-08-28,2025-08-28,2025-06-14,True,False,
AL00761,AS006520,ENT0198,2025-05-31,DAIRY,1,0.10537097288268225,0.025918127005884598,0.8421,0.5106,AMBER,AMBER>=0.38;RED>=0.58,101975.0,False,0.86,-0.1,1.53,5700.0,271.0,20100.0,-9.0,-91736.0,-35494.0,10239.0,working_capital_erosion,1.0,debt_overhang,0.7222,margin_squeeze,0.5714,"{""model"": 0.45, ""rule"": 0.55}",hgb_stress_v1.2,rules_v1.2_18rules,2025-05-31,88600.0,2025-08-29,2025-08-29,2025-08-14,True,False,2025-06-04
AL00762,AS006522,ENT0198,2025-07-31,DAIRY,1,0.00920519664659006,0.09805867647351058,0.8105,0.4499,AMBER,AMBER>=0.38;RED>=0.58,43682.0,False,0.856,-2.0,1.33,21000.0,998.0,10700.0,-41.4,-13453.0,22177.0,30229.0,working_capital_erosion,0.7353,margin_squeeze,0.5714,receivable_stretch,0.3333,"{""model"": 0.45, ""rule"": 0.55}",hgb_stress_v1.2,rules_v1.2_18rules,2025-07-31,8800.0,2025-10-29,2025-10-29,2025-10-14,True,False,
AL00763,AS006524,ENT0198,2025-09-30,DAIRY,1,0.006283262424803964,0.009892342965503344,0.6947,0.3849,AMBER,AMBER>=0.38;RED>=0.58,60890.0,False,0.874,0.7,1.07,14800.0,704.0,9100.0,-60.4,2764.0,37327.0,63654.0,working_capital_erosion,0.7353,receivable_stretch,0.3333,debt_overhang,0.3056,"{""model"": 0.45, ""rule"": 0.55}",hgb_stress_v1.2,rules_v1.2_18rules,2025-09-30,1000.0,2025-10-30,2025-10-30,2025-12-14,True,False,
AL00764,AS006527,ENT0198,2025-12-31,DAIRY,1,0.04286338112190524,9.92374996789472e-05,0.9263,0.5288,AMBER,AMBER>=0.38;RED>=0.58,67425.0,False,0.875,7.4,0.79,3700.0,176.0,15100.0,-39.9,-16481.0,45049.0,50944.0,working_capital_erosion,0.7353,demand_trough,0.5946,receivable_stretch,0.3333,"{""model"": 0.45, ""rule"": 0.55}",hgb_stress_v1.2,rules_v1.2_18rules,2025-12-31,77800.0,2026-06-29,2026-06-29,2026-03-16,True,False,
AL00765,AS006530,ENT0198,2026-03-31,DAIRY,1,0.7757352404597088,0.00022110942123886054,0.6211,0.6907,RED,AMBER>=0.38;RED>=0.58,148665.0,False,0.884,3.7,0.81,600.0,29.0,22200.0,-19.3,-123585.0,-15309.0,25080.0,working_capital_erosion,0.7353,receivable_stretch,0.3333,demand_trough,0.3243,"{""model"": 0.45, ""rule"": 0.55}",hgb_stress_v1.2,rules_v1.2_18rules,2026-03-31,163000.0,2026-08-28,2026-08-28,2026-06-14,True,False,
AL00766,AS006532,ENT0198,2026-05-31,DAIRY,1,0.09048331567778937,0.0008072216856211699,1.0,0.5907,RED,AMBER>=0.38;RED>=0.58,91840.0,False,0.895,0.7,-0.27,0.0,0.0,21900.0,-37.3,-89651.0,-15638.0,2189.0,margin_squeeze,1.0,working_capital_erosion,1.0,receivable_stretch,0.3333,"{""model"": 0.45, ""rule"": 0.55}",hgb_stress_v1.2,rules_v1.2_18rules,2026-05-31,85100.0,2026-08-29,2026-08-29,2026-08-14,True,False,
AL00767,AS006534,ENT0198,2026-07-31,DAIRY,1,0.11422710956078666,0.00018987892126734107,0.6526,0.4103,AMBER,AMBER>=0.38;RED>=0.58,,False,0.891,13.3,2.08,8000.0,380.0,35300.0,-62.7,,,,margin_squeeze,0.7429,working_capital_erosion,0.7353,debt_overhang,0.3056,"{""model"": 0.45, ""rule"": 0.55}",hgb_stress_v1.2,rules_v1.2_18rules,2026-07-31,49300.0,2026-08-30,2026-08-30,2026-10-14,True,False,
AL00768,AS006538,ENT0199,2024-02-29,DAIRY,1,0.7203757166001991,9.935174507889154e-06,0.3474,0.5152,AMBER,AMBER>=0.38;RED>=0.58,32537.0,False,0.697,53.2,,7200.0,342.0,14800.0,53.2,-33577.0,-13761.0,-1040.0,receivable_stretch,0.3333,demand_trough,0.3243,climate_shock,0.2857,"{""model"": 0.45, ""rule"": 0.55}",hgb_stress_v1.2,rules_v1.2_18rules,2024-02-29,77600.0,2024-08-27,2024-08-27,2024-05-14,True,False,
AL00769,AS006540,ENT0199,2024-04-30,DAIRY,1,0.8404863247700693,5.2376290121906304e-05,0.6842,0.7545,RED,AMBER>=0.38;RED>=0.58,58811.0,False,0.71,29.0,,6200.0,295.0,7600.0,29.0,-57797.0,-22840.0,1014.0,margin_squeeze,1.0,receivable_stretch,0.3333,climate_shock,0.2857,"{""model"": 0.45, ""rule"": 0.55}",hgb_stress_v1.2,rules_v1.2_18rules,2024-04-30,71800.0,2024-08-28,2024-08-28,2024-07-14,True,False,
AL00770,AS006542,ENT0199,2024-06-30,DAIRY,1,0.026338472638704934,9.071082883861974e-05,0.9579,0.5387,AMBER,AMBER>=0.38;RED>=0.58,19581.0,False,0.732,0.1,,14300.0,680.0,8600.0,-5.1,-10713.0,2512.0,8868.0,margin_squeeze,1.0,working_capital_erosion,1.0,receivable_stretch,0.3333,"{""model"": 0.45, ""rule"": 0.55}",hgb_stress_v1.2,rules_v1.2_18rules,2024-06-30,17100.0,2024-08-29,2024-08-29,2024-09-13,True,False,
AL00771,AS006544,ENT0199,2024-08-31,DAIRY,1,0.03327987721998642,4.43476397078714e-05,0.7684,0.4376,AMBER,AMBER>=0.38;RED>=0.58,38655.0,False,0.751,6.5,,22900.0,1089.0,12100.0,-8.4,-1831.0,20694.0,36824.0,margin_squeeze,0.7429,working_capital_erosion,0.7353,climate_shock,0.3143,"{""model"": 0.45, ""rule"": 0.55}",hgb_stress_v1.2,rules_v1.2_18rules,2024-08-31,7000.0,2024-09-30,2024-09-30,2024-11-14,True,False,2024-09-12
AL00772,AS006550,ENT0199,2025-02-28,DAIRY,1,0.7362143502615983,1.7873666646236718e-05,0.1263,0.4008,AMBER,AMBER>=0.38;RED>=0.58,43250.0,False,0.798,51.0,,6100.0,290.0,16300.0,51.0,-41328.0,-17358.0,1922.0,demand_trough,0.3243,,0.0,,0.0,"{""model"": 0.45, ""rule"": 0.55}",hgb_stress_v1.2,rules_v1.2_18rules,2025-02-28,82500.0,2025-07-28,2025-07-28,2025-05-14,True,False,
AL00773,AS006552,ENT0199,2025-04-30,DAIRY,1,0.8392986799522687,0.00029505495099812714,0.7789,0.8061,RED,AMBER>=0.38;RED>=0.58,62036.0,False,0.819,18.5,,2200.0,105.0,2600.0,18.5,-60564.0,-16155.0,1472.0,climate_shock,0.7143,working_capital_erosion,0.5588,receivable_stretch,0.3333,"{""model"": 0.45, ""rule"": 0.55}",hgb_stress_v1.2,rules_v1.2_18rules,2025-04-30,83600.0,2025-10-27,2025-10-27,2025-07-14,True,False,
AL00774,AS006554,ENT0199,2025-06-30,DAIRY,1,0.026827415821613576,0.00014939757652326785,0.9579,0.5389,AMBER,AMBER>=0.38;RED>=0.58,19359.0,False,0.846,6.5,,18600.0,884.0,9800.0,1.6,-7882.0,-252.0,11477.0,margin_squeeze,1.0,working_capital_erosion,1.0,receivable_stretch,0.3333,"{""model"": 0.45, ""rule"": 0.55}",hgb_stress_v1.2,rules_v1.2_18rules,2025-06-30,13000.0,2025-07-30,2025-07-30,2025-09-13,True,False,
AL00775,AS006556,ENT0199,2025-08-31,DAIRY,1,0.030948428785644612,4.047382827284589e-05,0.7053,0.4018,AMBER,AMBER>=0.38;RED>=0.58,32176.0,False,0.862,5.5,,26900.0,1279.0,13600.0,-1.9,8273.0,30216.0,40449.0,working_capital_erosion,1.0,receivable_stretch,0.3333,margin_squeeze,0.3143,"{""model"": 0.45, ""rule"": 0.55}",hgb_stress_v1.2,rules_v1.2_18rules,2025-08-31,2000.0,2025-09-30,2025-09-30,2025-11-14,True,False,
AL00776,AS006563,ENT0199,2026-03-31,DAIRY,1,0.8757995916101203,0.0001987003422375647,0.2211,0.5157,AMBER,AMBER>=0.38;RED>=0.58,88236.0,False,0.914,38.2,,4000.0,190.0,20400.0,38.2,-88736.0,-29273.0,-500.0,demand_trough,0.3243,working_capital_erosion,0.2647,,0.0,"{""model"": 0.45, ""rule"": 0.55}",hgb_stress_v1.2,rules_v1.2_18rules,2026-03-31,125300.0,2026-08-28,2026-08-28,2026-06-14,True,False,2026-04-04
AL00777,AS006565,ENT0199,2026-05-31,DAIRY,1,0.046222821203061044,0.00014370159542696282,0.8316,0.4782,AMBER,AMBER>=0.38;RED>=0.58,29986.0,False,0.943,0.9,,2600.0,124.0,9100.0,0.9,-33877.0,-15525.0,-3891.0,margin_squeeze,1.0,working_capital_erosion,1.0,demand_trough,0.2703,"{""model"": 0.45, ""rule"": 0.55}",hgb_stress_v1.2,rules_v1.2_18rules,2026-05-31,46400.0,2026-10-28,2026-10-28,2026-08-14,True,False,
AL00778,AS006568,ENT0200,2023-11-30,HANDICRAFT,6,0.6471614460577358,0.011507005211550974,0.8947,0.7833,RED,AMBER>=0.38;RED>=0.58,32687.0,False,0.89,13.7,-2.05,0.0,0.0,5500.0,-27.5,1111.0,15272.0,33798.0,debt_overhang,1.0,working_capital_erosion,0.7353,receivable_stretch,0.3636,"{""model"": 0.45, ""rule"": 0.55}",hgb_stress_v1.2,rules_v1.2_18rules,2023-11-30,17300.0,2024-04-28,2024-04-28,2024-02-13,True,False,
AL00779,AS006570,ENT0200,2024-01-31,HANDICRAFT,6,0.09831638487701783,0.029662228533745987,0.8316,0.5016,AMBER,AMBER>=0.38;RED>=0.58,47367.0,False,0.895,6.6,0.11,200.0,10.0,1500.0,0.7,409.0,31175.0,47776.0,working_capital_erosion,0.7353,debt_overhang,0.5833,receivable_stretch,0.3636,"{""model"": 0.45, ""rule"": 0.55}",hgb_stress_v1.2,rules_v1.2_18rules,2024-01-31,25000.0,2024-03-31,2024-03-31,2024-04-15,True,False,
AL00780,AS006575,ENT0200,2024-06-30,HANDICRAFT,6,0.13013986737222905,0.0002273650990592349,0.6316,0.4059,AMBER,AMBER>=0.38;RED>=0.58,48386.0,False,0.914,11.2,1.06,6400.0,304.0,1200.0,11.2,-37392.0,3801.0,10994.0,receivable_stretch,0.6667,working_capital_erosion,0.5588,debt_overhang,0.2778,"{""model"": 0.45, ""rule"": 0.55}",hgb_stress_v1.2,rules_v1.2_18rules,2024-06-30,36500.0,2024-09-28,2024-09-28,2024-09-13,True,False,
AL00781,AS006597,ENT0200,2026-04-30,HANDICRAFT,6,0.0015077838162774727,3.417454242942793e-05,0.8,0.4407,AMBER,AMBER>=0.38;RED>=0.58,56540.0,False,0.988,130.9,,19900.0,946.0,1100.0,130.9,-23785.0,11360.0,32755.0,climate_shock,0.7143,receivable_stretch,0.697,demand_trough,0.2703,"{""model"": 0.45, ""rule"": 0.55}",hgb_stress_v1.2,rules_v1.2_18rules,2026-04-30,49100.0,2026-08-28,2026-08-28,2026-07-14,True,False,
AL00782,AS006621,ENT0201,2025-07-31,RETAIL,6,1.9979455867671333e-05,3.651971847812592e-06,0.6947,0.3821,AMBER,AMBER>=0.38;RED>=0.58,156007.0,False,0.851,68.2,,534800.0,25425.0,57400.0,68.2,50079.0,183251.0,206086.0,margin_squeeze,0.7429,receivable_stretch,0.6364,demand_trough,0.2703,"{""model"": 0.45, ""rule"": 0.55}",hgb_stress_v1.2,rules_v1.2_18rules,2025-07-31,1000.0,2025-09-29,2025-09-29,2025-10-14,True,False,2025-08-03
AL00783,AS006640,ENT0202,2024-05-31,POULTRY,3,0.04772792086230066,0.012678697369022825,0.9158,0.5252,AMBER,AMBER>=0.38;RED>=0.58,134959.0,False,0.699,13.1,2.44,35400.0,1683.0,3100.0,13.1,-59889.0,4625.0,75070.0,margin_squeeze,1.0,working_capital_erosion,0.5588,receivable_stretch,0.3333,"{""model"": 0.45, ""rule"": 0.55}",hgb_stress_v1.2,rules_v1.2_18rules,2024-05-31,114800.0,2024-09-28,2024-09-28,2024-08-14,True,False,
AL00784,AS006642,ENT0202,2024-07-31,POULTRY,3,0.42906451198758155,0.0012443413767370933,0.3684,0.3957,AMBER,AMBER>=0.38;RED>=0.58,127357.0,False,0.708,33.5,2.75,86200.0,4098.0,41600.0,33.5,-105019.0,-27652.0,22338.0,margin_squeeze,0.7429,working_capital_erosion,0.2647,,0.0,"{""model"": 0.45, ""rule"": 0.55}",hgb_stress_v1.2,rules_v1.2_18rules,2024-07-31,161800.0,2024-12-28,2024-12-28,2024-10-14,True,False,
AL00785,AS006651,ENT0202,2025-04-30,POULTRY,3,0.01695213172579877,4.425939692772468e-05,0.8105,0.4534,AMBER,AMBER>=0.38;RED>=0.58,103987.0,False,0.748,170.1,1.93,44600.0,2120.0,0.0,170.1,-36194.0,-9407.0,67793.0,climate_shock,1.0,demand_trough,0.5946,margin_squeeze,0.5714,"{""model"": 0.45, ""rule"": 0.55}",hgb_stress_v1.2,rules_v1.2_18rules,2025-04-30,106800.0,2025-08-28,2025-08-28,2025-07-14,True,False,
AL00786,AS006653,ENT0202,2025-06-30,POULTRY,3,0.7949912357614614,0.0015720804476415243,0.6,0.6877,RED,AMBER>=0.38;RED>=0.58,175443.0,False,0.767,90.1,2.0,36100.0,1716.0,0.0,90.1,-82467.0,-7581.0,92976.0,margin_squeeze,1.0,demand_trough,0.5946,,0.0,"{""model"": 0.45, ""rule"": 0.55}",hgb_stress_v1.2,rules_v1.2_18rules,2025-06-30,126300.0,2025-10-28,2025-10-28,2025-09-13,True,False,
AL00787,AS006655,ENT0202,2025-08-31,POULTRY,3,0.00880848206217936,0.0025659568911810715,0.8421,0.4671,AMBER,AMBER>=0.38;RED>=0.58,128833.0,False,0.779,-1.4,2.47,25100.0,1193.0,1400.0,-1.4,-36972.0,31983.0,91861.0,margin_squeeze,1.0,working_capital_erosion,1.0,receivable_stretch,0.3333,"{""model"": 0.45, ""rule"": 0.55}",hgb_stress_v1.2,rules_v1.2_18rules,2025-08-31,64600.0,2025-12-29,2025-12-29,2025-11-14,True,False,2025-09-04
AL00788,AS006664,ENT0202,2026-05-31,POULTRY,3,0.08795790228944927,0.0004968520478438307,0.6947,0.4217,AMBER,AMBER>=0.38;RED>=0.58,150736.0,False,0.826,92.8,,36700.0,1745.0,0.0,92.8,-82096.0,-13882.0,68640.0,margin_squeeze,1.0,demand_trough,0.5946,working_capital_erosion,0.2647,"{""model"": 0.45, ""rule"": 0.55}",hgb_stress_v1.2,rules_v1.2_18rules,2026-05-31,122000.0,2026-09-28,2026-09-28,2026-08-14,True,False,
AL00789,AS006667,ENT0203,2023-11-30,POULTRY,6,0.22017286056384508,0.0014779733438389485,0.6421,0.4522,AMBER,AMBER>=0.38;RED>=0.58,241326.0,True,0.4,10.6,0.32,1000.0,48.0,28800.0,-2.9,-94126.0,39240.0,147200.0,debt_overhang,1.0,working_capital_erosion,0.7353,,0.0,"{""model"": 0.45, ""rule"": 0.55}",hgb_stress_v1.2,rules_v1.2_18rules,2023-11-30,83200.0,2024-02-28,2024-02-28,2024-02-13,True,False,
AL00790,AS006674,ENT0203,2024-06-30,POULTRY,6,0.8035407299576235,0.00048200119805948295,0.5895,0.6858,RED,AMBER>=0.38;RED>=0.58,198051.0,True,0.418,62.3,2.1,10600.0,504.0,0.0,62.3,-155904.0,-48709.0,42147.0,margin_squeeze,1.0,demand_trough,0.3243,working_capital_erosion,0.2647,"{""model"": 0.45, ""rule"": 0.55}",hgb_stress_v1.2,rules_v1.2_18rules,2024-06-30,155500.0,2024-12-27,2024-12-27,2024-09-13,True,False,
AL00791,AS006676,ENT0203,2024-08-31,POULTRY,6,0.09848712659719465,0.11408959906364655,0.8421,0.5075,AMBER,AMBER>=0.38;RED>=0.58,110304.0,True,0.427,0.3,1.56,14700.0,699.0,3200.0,-6.0,-25721.0,13048.0,84583.0,margin_squeeze,1.0,working_capital_erosion,1.0,debt_overhang,0.3056,"{""model"": 0.45, ""rule"": 0.55}",hgb_stress_v1.2,rules_v1.2_18rules,2024-08-31,81500.0,2025-01-28,2025-01-28,2024-11-14,True,False,
AL00792,AS006678,ENT0203,2024-10-31,POULTRY,6,0.41696585591355934,0.0033732955709256177,0.3789,0.396,AMBER,AMBER>=0.38;RED>=0.58,256660.0,True,0.426,12.9,2.36,54700.0,2601.0,23200.0,0.7,-135545.0,23230.0,121115.0,working_capital_erosion,0.7353,debt_overhang,0.3056,,0.0,"{""model"": 0.45, ""rule"": 0.55}",hgb_stress_v1.2,rules_v1.2_18rules,2024-10-31,130500.0,2025-03-30,2025-03-30,2025-01-14,True,False,
AL00793,AS006680,ENT0203,2024-12-31,POULTRY,6,0.5370103755397877,0.0026310018180083316,0.6842,0.618,RED,AMBER>=0.38;RED>=0.58,108230.0,True,0.429,7.7,0.84,11700.0,556.0,24900.0,-9.9,-37615.0,20367.0,70615.0,working_capital_erosion,1.0,debt_overhang,0.5833,demand_trough,0.2703,"{""model"": 0.45, ""rule"": 0.55}",hgb_stress_v1.2,rules_v1.2_18rules,2024-12-31,142600.0,2025-06-29,2025-06-29,2025-03-16,True,False,
AL00794,AS006683,ENT0203,2025-03-31,POULTRY,6,0.7700236301121319,0.07692625270176327,0.4842,0.6128,RED,AMBER>=0.38;RED>=0.58,142130.0,True,0.432,17.8,0.74,2400.0,114.0,33100.0,-1.6,-119630.0,-39827.0,22500.0,working_capital_erosion,0.7353,debt_overhang,0.5833,,0.0,"{""model"": 0.45, ""rule"": 0.55}",hgb_stress_v1.2,rules_v1.2_18rules,2025-03-31,224200.0,2025-08-28,2025-08-28,2025-06-14,True,False,
AL00795,AS006685,ENT0203,2025-05-31,POULTRY,6,0.7486731443913522,0.9882078531840808,1.0,0.8869,RED,AMBER>=0.38;RED>=0.58,120959.0,True,0.431,6.4,0.25,800.0,38.0,23000.0,-17.0,-120570.0,-57401.0,389.0,margin_squeeze,1.0,working_capital_erosion,1.0,demand_trough,0.5946,"{""model"": 0.45, ""rule"": 0.55}",hgb_stress_v1.2,rules_v1.2_18rules,2025-05-31,198900.0,2025-10-28,2025-10-28,2025-08-14,True,False,
AL00796,AS006687,ENT0203,2025-07-31,POULTRY,6,0.2262235287102775,0.9614397344698826,1.0,0.6518,RED,AMBER>=0.38;RED>=0.58,99433.0,True,0.434,8.2,0.09,200.0,10.0,6800.0,-152.0,-44331.0,-37485.0,55102.0,debt_overhang,1.0,margin_squeeze,0.7429,working_capital_erosion,0.7353,"{""model"": 0.45, ""rule"": 0.55}",hgb_stress_v1.2,rules_v1.2_18rules,2025-07-31,85800.0,2025-12-28,2025-12-28,2025-10-14,True,False,
AL00797,AS006689,ENT0203,2025-09-30,POULTRY,6,0.16679221791130616,0.5241401239026435,1.0,0.6251,RED,AMBER>=0.38;RED>=0.58,154942.0,True,0.442,-1.5,-0.0,0.0,0.0,0.0,-231.4,-51967.0,25578.0,102975.0,margin_squeeze,1.0,debt_overhang,1.0,working_capital_erosion,0.7353,"{""model"": 0.45, ""rule"": 0.55}",hgb_stress_v1.2,rules_v1.2_18rules,2025-09-30,75400.0,2026-03-29,2026-03-29,2025-12-14,True,False,2025-10-07
AL00798,AS006691,ENT0203,2025-11-30,POULTRY,6,0.029256373173991716,0.0009662103643165344,0.7368,0.4184,AMBER,AMBER>=0.38;RED>=0.58,90397.0,True,0.444,-3.1,-0.53,0.0,0.0,7400.0,-89.5,-3553.0,43426.0,86844.0,debt_overhang,1.0,working_capital_erosion,0.7353,margin_squeeze,0.2571,"{""model"": 0.45, ""rule"": 0.55}",hgb_stress_v1.2,rules_v1.2_18rules,2025-11-30,39400.0,2026-04-29,2026-04-29,2026-02-13,True,False,
AL00799,AS006693,ENT0203,2026-01-31,POULTRY,6,0.32533426518792075,0.002012130713939236,0.4842,0.4127,AMBER,AMBER>=0.38;RED>=0.58,177179.0,True,0.445,12.6,0.39,2900.0,138.0,28300.0,-63.2,-100625.0,1402.0,76554.0,working_capital_erosion,0.7353,debt_overhang,0.5833,,0.0,"{""model"": 0.45, ""rule"": 0.55}",hgb_stress_v1.2,rules_v1.2_18rules,2026-01-31,124700.0,2026-06-30,2026-06-30,2026-04-16,True,False,
AL00800,AS006696,ENT0203,2026-04-30,POULTRY,6,0.183735502616476,0.019807575685718178,1.0,0.6327,RED,AMBER>=0.38;RED>=0.58,99524.0,True,0.448,14.1,-0.29,0.0,0.0,0.0,-260.4,-55237.0,167.0,44287.0,working_capital_erosion,0.7353,climate_shock,0.7143,debt_overhang,0.5833,"{""model"": 0.45, ""rule"": 0.55}",hgb_stress_v1.2,rules_v1.2_18rules,2026-04-30,85800.0,2026-09-27,2026-09-27,2026-07-14,True,False,
AL00801,AS006698,ENT0203,2026-06-30,POULTRY,6,0.3524050360039074,0.03044023559551179,0.8737,0.6391,RED,AMBER>=0.38;RED>=0.58,,True,0.449,13.9,0.02,100.0,5.0,16400.0,-84.2,,,,margin_squeeze,1.0,working_capital_erosion,0.7353,demand_trough,0.3243,"{""model"": 0.45, ""rule"": 0.55}",hgb_stress_v1.2,rules_v1.2_18rules,2026-06-30,185900.0,2026-11-27,2026-11-27,2026-09-13,True,False,
AL00802,AS006719,ENT0204,2025-06-30,RETAIL,6,0.0003619876408808838,5.904576920008621e-05,0.7895,0.4344,AMBER,AMBER>=0.38;RED>=0.58,148858.0,False,0.83,54.9,5.82,254100.0,12080.0,39800.0,54.9,-68708.0,42927.0,80150.0,margin_squeeze,1.0,receivable_stretch,0.6364,demand_trough,0.2703,"{""model"": 0.45, ""rule"": 0.55}",hgb_stress_v1.2,rules_v1.2_18rules,2025-06-30,60800.0,2025-09-28,2025-09-28,2025-09-13,True,False,
AL00803,AS006737,ENT0205,2024-03-31,DAIRY,1,0.48103957889104226,4.881734403527288e-05,0.3474,0.4075,AMBER,AMBER>=0.38;RED>=0.58,276828.0,False,0.809,62.7,6.22,62000.0,2948.0,44700.0,62.7,-229830.0,-43556.0,46998.0,demand_trough,0.3243,margin_squeeze,0.3143,climate_shock,0.2857,"{""model"": 0.45, ""rule"": 0.55}",hgb_stress_v1.2,rules_v1.2_18rules,2024-03-31,260400.0,2024-07-29,2024-07-29,2024-06-14,True,False,2024-04-13
AL00804,AS006739,ENT0205,2024-05-31,DAIRY,1,0.7157068263194386,0.0009546913515922287,0.7895,0.7563,RED,AMBER>=0.38;RED>=0.58,204636.0,False,0.826,20.7,4.15,65900.0,3133.0,30600.0,20.7,-177736.0,-24314.0,26900.0,margin_squeeze,1.0,working_capital_erosion,0.5588,receivable_stretch,0.3333,"{""model"": 0.45, ""rule"": 0.55}",hgb_stress_v1.2,rules_v1.2_18rules,2024-05-31,168000.0,2024-09-28,2024-09-28,2024-08-14,True,False,
AL00805,AS006741,ENT0205,2024-07-31,DAIRY,1,0.19324087407740473,0.0027529696450550923,0.5684,0.3996,AMBER,AMBER>=0.38;RED>=0.58,98580.0,False,0.821,12.7,3.41,166100.0,7897.0,46100.0,12.7,-48265.0,31765.0,50315.0,margin_squeeze,1.0,working_capital_erosion,0.5588,,0.0,"{""model"": 0.45, ""rule"": 0.55}",hgb_stress_v1.2,rules_v1.2_18rules,2024-07-31,60700.0,2024-11-28,2024-11-28,2024-10-14,True,False,
AL00806,AS006752,ENT0205,2025-06-30,DAIRY,1,0.014741411342271034,0.0016000769051591282,0.6842,0.3829,AMBER,AMBER>=0.38;RED>=0.58,96854.0,False,0.866,15.0,4.64,162400.0,7721.0,45600.0,15.0,-45052.0,15726.0,51802.0,margin_squeeze,1.0,working_capital_erosion,0.5588,receivable_stretch,0.3333,"{""model"": 0.45, ""rule"": 0.55}",hgb_stress_v1.2,rules_v1.2_18rules,2025-06-30,61500.0,2025-10-28,2025-10-28,2025-09-13,True,False,2025-07-16
AL00807,AS006762,ENT0205,2026-04-30,DAIRY,1,0.3999536871236905,0.001835250372038572,0.5789,0.4984,AMBER,AMBER>=0.38;RED>=0.58,227504.0,False,0.91,36.6,4.39,42500.0,2021.0,60700.0,36.6,-187675.0,-48133.0,39829.0,climate_shock,1.0,margin_squeeze,0.3143,working_capital_erosion,0.2647,"{""model"": 0.45, ""rule"": 0.55}",hgb_stress_v1.2,rules_v1.2_18rules,2026-04-30,190900.0,2026-09-27,2026-09-27,2026-07-14,True,False,
AL00808,AS006764,ENT0205,2026-06-30,DAIRY,1,0.003142674315291445,0.011627123493509474,0.9474,0.5225,AMBER,AMBER>=0.38;RED>=0.58,,False,0.908,-0.6,3.37,74500.0,3542.0,27600.0,-0.6,,,,margin_squeeze,1.0,working_capital_erosion,1.0,receivable_stretch,0.3333,"{""model"": 0.45, ""rule"": 0.55}",hgb_stress_v1.2,rules_v1.2_18rules,2026-06-30,49800.0,2026-10-28,2026-10-28,2026-09-13,True,False,
AL00809,AS006769,ENT0206,2024-02-29,DAIRY,1,0.7856586823580036,0.00013912782116606409,0.2316,0.4809,AMBER,AMBER>=0.38;RED>=0.58,80414.0,False,0.605,57.6,4.71,10900.0,518.0,28200.0,57.6,-77931.0,-25986.0,2483.0,demand_trough,0.3243,climate_shock,0.2857,,0.0,"{""model"": 0.45, ""rule"": 0.55}",hgb_stress_v1.2,rules_v1.2_18rules,2024-02-29,130200.0,2024-08-27,2024-08-27,2024-05-14,True,False,
AL00810,AS006771,ENT0206,2024-04-30,DAIRY,1,0.875466052418853,0.002177332033727161,0.5684,0.7066,RED,AMBER>=0.38;RED>=0.58,64404.0,False,0.613,27.5,3.45,9300.0,442.0,13100.0,27.5,-67248.0,-29386.0,-2844.0,margin_squeeze,1.0,climate_shock,0.2857,working_capital_erosion,0.2647,"{""model"": 0.45, ""rule"": 0.55}",hgb_stress_v1.2,rules_v1.2_18rules,2024-04-30,71900.0,2024-08-28,2024-08-28,2024-07-14,True,False,
AL00811,AS006773,ENT0206,2024-06-30,DAIRY,1,0.019522865245285115,0.00038528310196956874,0.8421,0.4719,AMBER,AMBER>=0.38;RED>=0.58,28405.0,False,0.624,-0.2,1.68,12800.0,609.0,12000.0,-5.3,-20121.0,-1252.0,8284.0,margin_squeeze,1.0,working_capital_erosion,1.0,debt_overhang,0.3056,"{""model"": 0.45, ""rule"": 0.55}",hgb_stress_v1.2,rules_v1.2_18rules,2024-06-30,29800.0,2024-11-27,2024-11-27,2024-09-13,True,False,
AL00812,AS006775,ENT0206,2024-08-31,DAIRY,1,0.015249129864487709,3.670454536615519e-05,0.7684,0.4295,AMBER,AMBER>=0.38;RED>=0.58,49045.0,False,0.645,5.6,2.66,30100.0,1431.0,16500.0,-16.1,-8018.0,25931.0,41027.0,margin_squeeze,0.7429,working_capital_erosion,0.7353,climate_shock,0.3143,"{""model"": 0.45, ""rule"": 0.55}",hgb_stress_v1.2,rules_v1.2_18rules,2024-08-31,8500.0,2024-09-30,2024-09-30,2024-11-14,True,False,
AL00813,AS006781,ENT0206,2025-02-28,DAIRY,1,0.716636636835953,0.00015306710119063481,0.2316,0.4499,AMBER,AMBER>=0.38;RED>=0.58,41738.0,False,0.674,40.1,7.88,5400.0,257.0,20700.0,40.1,-39528.0,-14484.0,2210.0,demand_trough,0.5946,,0.0,,0.0,"{""model"": 0.45, ""rule"": 0.55}",hgb_stress_v1.2,rules_v1.2_18rules,2025-02-28,110200.0,2025-07-28,2025-07-28,2025-05-14,True,False,
AL00814,AS006783,ENT0206,2025-04-30,DAIRY,1,0.8631853256156843,0.0004975163601698842,0.5579,0.6953,RED,AMBER>=0.38;RED>=0.58,58114.0,False,0.689,14.9,,4600.0,219.0,14800.0,14.9,-59398.0,-25603.0,-1284.0,climate_shock,0.7143,working_capital_erosion,0.5588,margin_squeeze,0.2571,"{""model"": 0.45, ""rule"": 0.55}",hgb_stress_v1.2,rules_v1.2_18rules,2025-04-30,79600.0,2025-10-27,2025-10-27,2025-07-14,True,False,
AL00815,AS006785,ENT0206,2025-06-30,DAIRY,1,0.01753305370040858,9.954164833735672e-05,0.9579,0.5347,AMBER,AMBER>=0.38;RED>=0.58,16353.0,False,0.697,-3.0,,12000.0,571.0,14700.0,-14.0,-4938.0,-2709.0,11415.0,margin_squeeze,1.0,working_capital_erosion,1.0,receivable_stretch,0.3333,"{""model"": 0.45, ""rule"": 0.55}",hgb_stress_v1.2,rules_v1.2_18rules,2025-06-30,13500.0,2025-08-29,2025-08-29,2025-09-13,True,False,2025-07-13
AL00816,AS006792,ENT0206,2026-01-31,DAIRY,1,0.38165713349789904,1.0411727345334978e-05,0.7474,0.5828,RED,AMBER>=0.38;RED>=0.58,30453.0,False,0.741,16.2,,22200.0,1055.0,14700.0,16.2,-6264.0,8207.0,24189.0,demand_trough,0.5946,working_capital_erosion,0.5588,receivable_stretch,0.3333,"{""model"": 0.45, ""rule"": 0.55}",hgb_stress_v1.2,rules_v1.2_18rules,2026-01-31,83800.0,2026-07-30,2026-07-30,2026-04-16,True,False,
AL00817,AS006795,ENT0206,2026-04-30,DAIRY,1,0.5404547430876536,0.0003188207853561648,1.0,0.7932,RED,AMBER>=0.38;RED>=0.58,72542.0,False,0.754,2.2,,4200.0,200.0,17700.0,2.2,-63789.0,-27582.0,8753.0,climate_shock,1.0,working_capital_erosion,1.0,margin_squeeze,0.5714,"{""model"": 0.45, ""rule"": 0.55}",hgb_stress_v1.2,rules_v1.2_18rules,2026-04-30,94700.0,2026-09-27,2026-09-27,2026-07-14,True,False,
AL00818,AS006797,ENT0206,2026-06-30,DAIRY,1,0.011151475408920053,0.0001302311453272145,1.0,0.555,AMBER,AMBER>=0.38;RED>=0.58,,False,0.772,-2.0,,6900.0,328.0,7100.0,-31.5,,,,margin_squeeze,1.0,working_capital_erosion,1.0,receivable_stretch,0.3333,"{""model"": 0.45, ""rule"": 0.55}",hgb_stress_v1.2,rules_v1.2_18rules,2026-06-30,20500.0,2026-08-29,2026-08-29,2026-09-13,True,False,
AL00819,AS006828,ENT0207,2026-04-30,FOODPROC,6,5.075068710212564e-05,4.158956158871465e-06,0.7368,0.4053,AMBER,AMBER>=0.38;RED>=0.58,162882.0,True,0.431,43.4,31.96,158400.0,7531.0,34900.0,43.4,40025.0,138223.0,202907.0,demand_trough,0.7297,climate_shock,0.7143,working_capital_erosion,0.2647,"{""model"": 0.45, ""rule"": 0.55}",hgb_stress_v1.2,rules_v1.2_18rules,2026-04-30,8900.0,2026-05-30,2026-05-30,2026-07-14,True,False,
AL00820,AS006854,ENT0208,2025-09-30,RETAIL,2,0.00023085883582850397,3.895582588463128e-06,0.7053,0.388,AMBER,AMBER>=0.38;RED>=0.58,213278.0,False,0.797,59.4,2.91,389500.0,18518.0,63900.0,59.4,61654.0,213593.0,274932.0,margin_squeeze,0.7429,receivable_stretch,0.6364,debt_overhang,0.2778,"{""model"": 0.45, ""rule"": 0.55}",hgb_stress_v1.2,rules_v1.2_18rules,2025-09-30,0.0,,2025-11-28,2025-12-14,True,False,
AL00821,AS006872,ENT0209,2024-06-30,POULTRY,4,0.03355388518875837,8.338689871563577e-05,0.6947,0.3972,AMBER,AMBER>=0.38;RED>=0.58,166608.0,False,0.643,114.7,3.34,76900.0,3656.0,0.0,114.7,-112595.0,-21537.0,54013.0,margin_squeeze,1.0,demand_trough,0.3243,climate_shock,0.2857,"{""model"": 0.45, ""rule"": 0.55}",hgb_stress_v1.2,rules_v1.2_18rules,2024-06-30,117200.0,2024-10-28,2024-10-28,2024-09-13,True,False,
AL00822,AS006882,ENT0209,2025-04-30,POULTRY,4,0.01991405105686059,0.00019304641542340536,0.6842,0.3853,AMBER,AMBER>=0.38;RED>=0.58,129415.0,False,0.703,161.2,6.57,131200.0,6237.0,0.0,161.2,-37722.0,962.0,91693.0,climate_shock,0.7143,demand_trough,0.5946,working_capital_erosion,0.2647,"{""model"": 0.45, ""rule"": 0.55}",hgb_stress_v1.2,rules_v1.2_18rules,2025-04-30,108500.0,2025-08-28,2025-08-28,2025-07-14,True,False,
AL00823,AS006931,ENT0211,2023-11-30,HANDICRAFT,6,0.0922151908957629,4.928234139748717e-05,0.6316,0.3889,AMBER,AMBER>=0.38;RED>=0.58,52344.0,False,0.882,3.2,,0.0,0.0,3200.0,-15.2,-16822.0,32939.0,35522.0,working_capital_erosion,0.7353,receivable_stretch,0.3636,demand_trough,0.3243,"{""model"": 0.45, ""rule"": 0.55}",hgb_stress_v1.2,rules_v1.2_18rules,2023-11-30,14200.0,2024-02-28,2024-02-28,2024-02-13,True,False,
AL00824,AS006993,ENT0212,2026-04-30,FOODPROC,2,3.082106656754124e-05,2.595397527192456e-05,0.7474,0.4111,AMBER,AMBER>=0.38;RED>=0.58,689890.0,False,0.918,62.0,20.0,970600.0,46144.0,186500.0,62.0,-153716.0,423698.0,536174.0,demand_trough,1.0,climate_shock,0.7143,working_capital_erosion,0.2647,"{""model"": 0.45, ""rule"": 0.55}",hgb_stress_v1.2,rules_v1.2_18rules,2026-04-30,266500.0,2026-09-27,2026-09-27,2026-07-14,True,False,
AL00825,AS007000,ENT0213,2024-02-29,HANDICRAFT,2,0.03636255659026643,0.026504730647037678,1.0,0.5664,AMBER,AMBER>=0.38;RED>=0.58,53299.0,False,0.855,18.7,0.42,600.0,29.0,1600.0,18.7,-3404.0,28042.0,49895.0,receivable_stretch,1.0,demand_trough,0.7297,working_capital_erosion,0.5588,"{""model"": 0.45, ""rule"": 0.55}",hgb_stress_v1.2,rules_v1.2_18rules,2024-02-29,43600.0,2024-06-28,2024-06-28,2024-05-14,True,False,
AL00826,AS007014,ENT0213,2025-04-30,HANDICRAFT,2,0.0006860489687819432,0.00036452740145109694,0.7158,0.394,AMBER,AMBER>=0.38;RED>=0.58,48329.0,False,0.955,126.4,4.37,44000.0,2092.0,12200.0,126.4,-23710.0,-2408.0,24619.0,receivable_stretch,1.0,climate_shock,0.7143,demand_trough,0.2703,"{""model"": 0.45, ""rule"": 0.55}",hgb_stress_v1.2,rules_v1.2_18rules,2025-04-30,33700.0,2025-10-27,2025-10-27,2025-07-14,True,False,
AL00827,AS007024,ENT0213,2026-02-28,HANDICRAFT,2,0.0006135654582531761,2.0573320715576486e-05,0.7368,0.4055,AMBER,AMBER>=0.38;RED>=0.58,57613.0,False,1.0,133.4,5.35,75900.0,3608.0,15100.0,133.4,-13391.0,12290.0,44222.0,receivable_stretch,1.0,demand_trough,1.0,,0.0,"{""model"": 0.45, ""rule"": 0.55}",hgb_stress_v1.2,rules_v1.2_18rules,2026-02-28,29200.0,2026-08-27,2026-08-27,2026-05-14,True,False,
AL00828,AS007026,ENT0213,2026-04-30,HANDICRAFT,2,0.0008967099676025949,0.0010928437984780545,0.7895,0.4346,AMBER,AMBER>=0.38;RED>=0.58,67287.0,False,1.0,107.4,4.78,20900.0,994.0,1500.0,107.4,-31816.0,3668.0,35471.0,climate_shock,0.7143,receivable_stretch,0.6667,demand_trough,0.2703,"{""model"": 0.45, ""rule"": 0.55}",hgb_stress_v1.2,rules_v1.2_18rules,2026-04-30,42300.0,2026-10-27,2026-10-27,2026-07-14,True,False,
AL00829,AS007030,ENT0214,2023-11-30,HANDICRAFT,2,0.15908109250211494,0.02526266608992999,0.8947,0.5637,AMBER,AMBER>=0.38;RED>=0.58,50371.0,False,0.821,10.1,-5.28,0.0,0.0,1500.0,-7.0,-20076.0,27045.0,30295.0,debt_overhang,1.0,working_capital_erosion,0.7353,receivable_stretch,0.3636,"{""model"": 0.45, ""rule"": 0.55}",hgb_stress_v1.2,rules_v1.2_18rules,2023-11-30,17900.0,2024-02-28,2024-02-28,2024-02-13,True,False,
AL00830,AS007072,ENT0215,2024-08-31,RETAIL,1,8.05141578630403e-05,2.6789819640797735e-05,0.7053,0.388,AMBER,AMBER>=0.38;RED>=0.58,81113.0,False,0.754,66.6,11.18,247500.0,11767.0,36100.0,66.6,62360.0,120982.0,143473.0,margin_squeeze,0.7429,receivable_stretch,0.6364,climate_shock,0.3143,"{""model"": 0.45, ""rule"": 0.55}",hgb_stress_v1.2,rules_v1.2_18rules,2024-08-31,600.0,2024-09-30,2024-09-30,2024-11-14,True,False,
AL00831,AS007092,ENT0215,2026-04-30,RETAIL,1,3.349764853193393e-05,1.470881413891807e-05,0.7895,0.4342,AMBER,AMBER>=0.38;RED>=0.58,137946.0,False,0.918,75.5,11.96,251200.0,11943.0,41500.0,75.5,-3527.0,60173.0,134419.0,climate_shock,1.0,receivable_stretch,0.6364,demand_trough,0.2703,"{""model"": 0.45, ""rule"": 0.55}",hgb_stress_v1.2,rules_v1.2_18rules,2026-04-30,2600.0,2026-05-30,2026-05-30,2026-07-14,True,False,
AL00832,AS007096,ENT0216,2023-11-30,FOODPROC,3,0.06897094742204765,0.0008588416638419334,0.9263,0.5405,AMBER,AMBER>=0.38;RED>=0.58,93635.0,False,0.748,3.6,-1.03,0.0,0.0,60200.0,-13.3,27233.0,75577.0,120868.0,debt_overhang,1.0,working_capital_erosion,0.7353,demand_trough,0.7297,"{""model"": 0.45, ""rule"": 0.55}",hgb_stress_v1.2,rules_v1.2_18rules,2023-11-30,55200.0,2024-04-28,2024-04-28,2024-02-13,True,False,
AL00833,AS007101,ENT0216,2024-04-30,FOODPROC,3,0.001238023418775577,0.0041051614721971,0.8526,0.4695,AMBER,AMBER>=0.38;RED>=0.58,205807.0,False,0.791,7.8,1.3,69700.0,3314.0,54800.0,6.5,10597.0,183073.0,216404.0,working_capital_erosion,1.0,demand_trough,0.7297,debt_overhang,0.3056,"{""model"": 0.45, ""rule"": 0.55}",hgb_stress_v1.2,rules_v1.2_18rules,2024-04-30,23900.0,2024-05-30,2024-05-30,2024-07-14,True,False,
AL00834,AS007113,ENT0216,2025-04-30,FOODPROC,3,0.00023672353210810602,2.5811938001345105e-05,0.7474,0.4112,AMBER,AMBER>=0.38;RED>=0.58,325356.0,False,0.881,54.5,4.27,424000.0,20158.0,123900.0,54.5,-23569.0,239504.0,301787.0,climate_shock,1.0,demand_trough,0.7297,working_capital_erosion,0.2647,"{""model"": 0.45, ""rule"": 0.55}",hgb_stress_v1.2,rules_v1.2_18rules,2025-04-30,31800.0,2025-07-29,2025-07-29,2025-07-14,True,False,
AL00835,AS007129,ENT0217,2023-11-30,FOODPROC,4,0.03645549916996628,0.005427430041241373,1.0,0.5664,AMBER,AMBER>=0.38;RED>=0.58,345589.0,False,0.739,3.1,-7.38,0.0,0.0,83700.0,-22.3,-62116.0,178245.0,283473.0,working_capital_erosion,0.7353,demand_trough,0.7297,debt_overhang,0.7222,"{""model"": 0.45, ""rule"": 0.55}",hgb_stress_v1.2,rules_v1.2_18rules,2023-11-30,154000.0,2024-04-28,2024-04-28,2024-02-13,True,False,
AL00836,AS007191,ENT0218,2026-04-30,FOODPROC,1,4.7786566167061577e-05,1.9962045315569984e-06,0.7474,0.4111,AMBER,AMBER>=0.38;RED>=0.58,137769.0,False,1.0,46.5,63.1,369100.0,17548.0,81900.0,46.5,51367.0,183439.0,189136.0,climate_shock,1.0,demand_trough,0.7297,working_capital_erosion,0.2647,"{""model"": 0.45, ""rule"": 0.55}",hgb_stress_v1.2,rules_v1.2_18rules,2026-04-30,6900.0,2026-05-30,2026-05-30,2026-07-14,True,False,
AL00837,AS007224,ENT0219,2026-04-30,FOODPROC,1,1.987306261993371e-05,6.002673373478321e-06,0.7474,0.4111,AMBER,AMBER>=0.38;RED>=0.58,626513.0,False,0.861,43.5,17.24,616000.0,29286.0,184100.0,43.5,-79893.0,363189.0,546620.0,climate_shock,1.0,demand_trough,0.7297,working_capital_erosion,0.2647,"{""model"": 0.45, ""rule"": 0.55}",hgb_stress_v1.2,rules_v1.2_18rules,2026-04-30,100900.0,2026-08-28,2026-08-28,2026-07-14,True,False,
AL00838,AS007261,ENT0221,2023-11-30,FOODPROC,5,0.0715311020966825,0.02048595481939777,0.8632,0.5069,AMBER,AMBER>=0.38;RED>=0.58,251913.0,False,0.717,1.9,-0.77,0.0,0.0,111500.0,-19.9,-22298.0,155615.0,229615.0,working_capital_erosion,0.7353,demand_trough,0.7297,debt_overhang,0.5833,"{""model"": 0.45, ""rule"": 0.55}",hgb_stress_v1.2,rules_v1.2_18rules,2023-11-30,87600.0,2024-04-28,2024-04-28,2024-02-13,True,False,
AL00839,AS007266,ENT0221,2024-04-30,FOODPROC,5,0.009846539426268532,0.0019178171801400208,0.7684,0.4271,AMBER,AMBER>=0.38;RED>=0.58,454679.0,False,0.737,11.9,1.0,204900.0,9741.0,140900.0,5.8,-94101.0,278813.0,360578.0,working_capital_erosion,0.7353,demand_trough,0.7297,debt_overhang,0.5833,"{""model"": 0.45, ""rule"": 0.55}",hgb_stress_v1.2,rules_v1.2_18rules,2024-04-30,173700.0,2024-08-28,2024-08-28,2024-07-14,True,False,
AL00840,AS007294,ENT0222,2023-11-30,HANDICRAFT,3,0.5696571110220934,0.03174936086985739,0.7368,0.6616,RED,AMBER>=0.38;RED>=0.58,133682.0,False,0.776,3.5,-1.42,0.0,0.0,13000.0,-25.8,-21137.0,85505.0,112545.0,working_capital_erosion,0.7353,debt_overhang,0.5833,receivable_stretch,0.3636,"{""model"": 0.45, ""rule"": 0.55}",hgb_stress_v1.2,rules_v1.2_18rules,2023-11-30,30400.0,2024-04-28,2024-04-28,2024-02-13,True,False,
AL00841,AS007309,ENT0222,2025-02-28,HANDICRAFT,3,4.844060363283265e-05,4.412355802755979e-05,0.7053,0.3879,AMBER,AMBER>=0.38;RED>=0.58,78031.0,False,0.834,91.6,3.63,56100.0,2667.0,1900.0,91.6,2518.0,35212.0,80549.0,demand_trough,1.0,receivable_stretch,0.3636,working_capital_erosion,0.2647,"{""model"": 0.45, ""rule"": 0.55}",hgb_stress_v1.2,rules_v1.2_18rules,2025-02-28,61400.0,2025-08-27,2025-08-27,2025-05-14,True,False,
AL00842,AS007321,ENT0222,2026-02-28,HANDICRAFT,3,9.867177382509406e-06,1.175425131716782e-05,0.9263,0.5095,AMBER,AMBER>=0.38;RED>=0.58,80299.0,False,0.905,105.4,7.29,47400.0,2253.0,1900.0,105.4,30281.0,62547.0,110580.0,receivable_stretch,1.0,demand_trough,0.7297,climate_shock,0.2857,"{""model"": 0.45, ""rule"": 0.55}",hgb_stress_v1.2,rules_v1.2_18rules,2026-02-28,23900.0,2026-08-27,2026-08-27,2026-05-14,True,False,
AL00843,AS007323,ENT0222,2026-04-30,HANDICRAFT,3,0.0001448520149006616,1.9643816968078516e-05,0.9053,0.498,AMBER,AMBER>=0.38;RED>=0.58,80822.0,False,0.925,106.4,10.68,32700.0,1555.0,1400.0,106.4,5236.0,9329.0,86058.0,receivable_stretch,1.0,climate_shock,0.7143,demand_trough,0.2703,"{""model"": 0.45, ""rule"": 0.55}",hgb_stress_v1.2,rules_v1.2_18rules,2026-04-30,51600.0,2026-09-27,2026-09-27,2026-07-14,True,False,
AL00844,AS007331,ENT0223,2024-03-31,DAIRY,6,0.9371738387291876,0.8077228838758361,0.5474,0.7228,RED,AMBER>=0.38;RED>=0.58,101024.0,False,0.78,28.6,3.73,7300.0,347.0,10400.0,28.6,-97603.0,-27197.0,3421.0,margin_squeeze,0.5714,receivable_stretch,0.3333,demand_trough,0.3243,"{""model"": 0.45, ""rule"": 0.55}",hgb_stress_v1.2,rules_v1.2_18rules,2024-03-31,117500.0,2024-07-29,2024-07-29,2024-06-14,True,False,
AL00845,AS007333,ENT0223,2024-05-31,DAIRY,6,0.036796462289370245,0.9293155669632166,0.8421,0.4797,AMBER,AMBER>=0.38;RED>=0.58,76568.0,False,0.79,0.6,2.0,4700.0,223.0,6800.0,0.6,-61823.0,-13778.0,14745.0,margin_squeeze,1.0,working_capital_erosion,1.0,receivable_stretch,0.3333,"{""model"": 0.45, ""rule"": 0.55}",hgb_stress_v1.2,rules_v1.2_18rules,2024-05-31,58400.0,2024-08-29,2024-08-29,2024-08-14,True,False,
AL00846,AS007335,ENT0223,2024-07-31,DAIRY,6,0.025798402060637327,0.0023687804613531102,1.0,0.5616,AMBER,AMBER>=0.38;RED>=0.58,37721.0,False,0.805,-0.5,0.8,4100.0,195.0,8400.0,-25.6,-7096.0,28301.0,30625.0,margin_squeeze,1.0,working_capital_erosion,1.0,debt_overhang,0.7222,"{""model"": 0.45, ""rule"": 0.55}",hgb_stress_v1.2,rules_v1.2_18rules,2024-07-31,12500.0,2024-09-29,2024-09-29,2024-10-14,True,False,
AL00847,AS007339,ENT0223,2024-11-30,DAIRY,6,0.0100045453184018,1.6606242792488012e-05,0.6947,0.3866,AMBER,AMBER>=0.38;RED>=0.58,47115.0,False,0.826,20.7,1.94,19400.0,922.0,11500.0,-12.0,15930.0,44238.0,63045.0,working_capital_erosion,0.7353,receivable_stretch,0.3333,debt_overhang,0.3056,"{""model"": 0.45, ""rule"": 0.55}",hgb_stress_v1.2,rules_v1.2_18rules,2024-11-30,13000.0,2025-05-29,2025-05-29,2025-02-13,True,False,
AL00848,AS007342,ENT0223,2025-02-28,DAIRY,6,0.8414223152729208,0.0002790504992871922,0.6421,0.7318,RED,AMBER>=0.38;RED>=0.58,53144.0,False,0.824,11.8,0.93,400.0,19.0,5500.0,11.8,-40955.0,-3188.0,12189.0,demand_trough,0.5946,working_capital_erosion,0.5588,receivable_stretch,0.3333,"{""model"": 0.45, ""rule"": 0.55}",hgb_stress_v1.2,rules_v1.2_18rules,2025-02-28,97100.0,2025-07-28,2025-07-28,2025-05-14,True,False,
AL00849,AS007344,ENT0223,2025-04-30,DAIRY,6,0.29293464254645585,0.00032702366646193427,1.0,0.6818,RED,AMBER>=0.38;RED>=0.58,96425.0,False,0.838,2.5,1.89,1300.0,62.0,8400.0,2.5,-88169.0,-15033.0,8256.0,working_capital_erosion,1.0,climate_shock,0.7143,margin_squeeze,0.5714,"{""model"": 0.45, ""rule"": 0.55}",hgb_stress_v1.2,rules_v1.2_18rules,2025-04-30,87100.0,2025-10-27,2025-10-27,2025-07-14,True,False,
AL00850,AS007346,ENT0223,2025-06-30,DAIRY,6,0.04119665923590401,9.737980722576699e-05,0.9474,0.5396,AMBER,AMBER>=0.38;RED>=0.58,36053.0,False,0.842,-1.2,11.0,9500.0,452.0,11500.0,-17.1,-20235.0,-2118.0,15818.0,margin_squeeze,1.0,working_capital_erosion,1.0,debt_overhang,0.3056,"{""model"": 0.45, ""rule"": 0.55}",hgb_stress_v1.2,rules_v1.2_18rules,2025-06-30,27500.0,2025-08-29,2025-08-29,2025-09-13,True,False,
AL00851,AS007348,ENT0223,2025-08-31,DAIRY,6,0.007902200549937784,0.000391855644494249,0.7053,0.3915,AMBER,AMBER>=0.38;RED>=0.58,64452.0,False,0.854,0.4,,15600.0,742.0,12700.0,-43.3,-2252.0,42891.0,62200.0,working_capital_erosion,0.7353,margin_squeeze,0.5714,receivable_stretch,0.3333,"{""model"": 0.45, ""rule"": 0.55}",hgb_stress_v1.2,rules_v1.2_18rules,2025-08-31,4700.0,2025-09-30,2025-09-30,2025-11-14,True,False,
AL00852,AS007350,ENT0223,2025-10-31,DAIRY,6,0.01930485885999969,1.957981840998034e-05,0.6947,0.3908,AMBER,AMBER>=0.38;RED>=0.58,54583.0,False,0.867,12.0,,14300.0,680.0,15300.0,-25.5,5524.0,51424.0,60107.0,working_capital_erosion,0.7353,receivable_stretch,0.3333,debt_overhang,0.3056,"{""model"": 0.45, ""rule"": 0.55}",hgb_stress_v1.2,rules_v1.2_18rules,2025-10-31,19100.0,2026-03-30,2026-03-30,2026-01-14,True,False,
AL00853,AS007353,ENT0223,2026-01-31,DAIRY,6,0.6623270420675931,2.3104458014326787e-05,0.4526,0.547,AMBER,AMBER>=0.38;RED>=0.58,22801.0,False,0.883,26.5,,3900.0,185.0,27100.0,15.1,-13688.0,-9049.0,9113.0,demand_trough,0.5946,debt_overhang,0.3056,working_capital_erosion,0.2941,"{""model"": 0.45, ""rule"": 0.55}",hgb_stress_v1.2,rules_v1.2_18rules,2026-01-31,125500.0,2026-07-30,2026-07-30,2026-04-16,True,False,2026-02-11
AL00854,AS007356,ENT0223,2026-04-30,DAIRY,6,0.2904069092800942,0.0005785157803952369,0.9474,0.6518,RED,AMBER>=0.38;RED>=0.58,69714.0,False,0.891,0.8,,5100.0,242.0,13300.0,0.8,-66999.0,-18341.0,2715.0,working_capital_erosion,1.0,climate_shock,0.7143,margin_squeeze,0.5714,"{""model"": 0.45, ""rule"": 0.55}",hgb_stress_v1.2,rules_v1.2_18rules,2026-04-30,77800.0,2026-10-27,2026-10-27,2026-07-14,True,False,2026-05-05
AL00855,AS007358,ENT0223,2026-06-30,DAIRY,6,0.02657664765917972,0.00014006876911158987,0.8421,0.4751,AMBER,AMBER>=0.38;RED>=0.58,,False,0.911,1.4,,10200.0,485.0,15100.0,-23.3,,,,margin_squeeze,1.0,working_capital_erosion,1.0,debt_overhang,0.3056,"{""model"": 0.45, ""rule"": 0.55}",hgb_stress_v1.2,rules_v1.2_18rules,2026-06-30,24300.0,2026-08-29,2026-08-29,2026-09-13,True,False,
AL00856,AS007380,ENT0224,2025-07-31,RETAIL,6,0.0001409443230593298,9.595228256291722e-06,0.7895,0.4343,AMBER,AMBER>=0.38;RED>=0.58,165448.0,True,0.467,46.2,,112600.0,5353.0,15500.0,46.2,13045.0,72722.0,178493.0,margin_squeeze,1.0,receivable_stretch,0.6364,demand_trough,0.2703,"{""model"": 0.45, ""rule"": 0.55}",hgb_stress_v1.2,rules_v1.2_18rules,2025-07-31,28400.0,2025-08-30,2025-08-30,2025-10-14,True,False,
AL00857,AS007391,ENT0224,2026-06-30,RETAIL,6,0.0006281453112681747,9.505582124812951e-06,0.7895,0.4345,AMBER,AMBER>=0.38;RED>=0.58,,True,0.486,39.9,,51400.0,2444.0,23400.0,39.9,,,,margin_squeeze,1.0,receivable_stretch,0.6364,demand_trough,0.2703,"{""model"": 0.45, ""rule"": 0.55}",hgb_stress_v1.2,rules_v1.2_18rules,2026-06-30,29200.0,2026-07-30,2026-07-30,2026-09-13,True,False,
AL00858,AS007414,ENT0225,2025-08-31,RETAIL,5,1.566844519265452e-05,6.481186065810098e-06,0.6947,0.3821,AMBER,AMBER>=0.38;RED>=0.58,313120.0,False,0.694,71.3,7.43,508100.0,24156.0,73000.0,71.3,35330.0,234601.0,348450.0,margin_squeeze,0.7429,receivable_stretch,0.6364,demand_trough,0.2703,"{""model"": 0.45, ""rule"": 0.55}",hgb_stress_v1.2,rules_v1.2_18rules,2025-08-31,8300.0,2025-10-30,2025-10-30,2025-11-14,True,False,
AL00859,AS007424,ENT0225,2026-06-30,RETAIL,5,1.5030573162682589e-05,3.268632460832051e-06,0.7895,0.4342,AMBER,AMBER>=0.38;RED>=0.58,,False,0.719,64.9,,302100.0,14362.0,55200.0,64.9,,,,margin_squeeze,1.0,receivable_stretch,0.6364,demand_trough,0.2703,"{""model"": 0.45, ""rule"": 0.55}",hgb_stress_v1.2,rules_v1.2_18rules,2026-06-30,21400.0,2026-07-30,2026-07-30,2026-09-13,True,False,
AL00860,AS007426,ENT0226,2023-11-30,HANDICRAFT,2,0.44265060943554474,0.00029252750536588315,0.6316,0.5466,AMBER,AMBER>=0.38;RED>=0.58,44624.0,False,0.559,8.3,,0.0,0.0,8300.0,-41.1,-9305.0,35274.0,35319.0,working_capital_erosion,0.7353,receivable_stretch,0.3636,demand_trough,0.3243,"{""model"": 0.45, ""rule"": 0.55}",hgb_stress_v1.2,rules_v1.2_18rules,2023-11-30,12800.0,2023-12-30,2023-12-30,2024-02-13,True,False,
AL00861,AS007428,ENT0226,2024-01-31,HANDICRAFT,2,0.03574361386196473,0.0001072626110290589,0.7368,0.4213,AMBER,AMBER>=0.38;RED>=0.58,37399.0,False,0.573,27.0,,0.0,0.0,23200.0,-3.9,-7609.0,18124.0,29790.0,working_capital_erosion,0.7353,receivable_stretch,0.3636,demand_trough,0.3243,"{""model"": 0.45, ""rule"": 0.55}",hgb_stress_v1.2,rules_v1.2_18rules,2024-01-31,24700.0,2024-03-01,2024-03-01,2024-04-15,True,False,
AL00862,AS007434,ENT0226,2024-07-31,HANDICRAFT,2,0.5803060005771091,0.0004132400635300124,0.3158,0.4348,AMBER,AMBER>=0.38;RED>=0.58,41571.0,False,0.588,22.9,,1600.0,76.0,1300.0,22.9,-32367.0,-8689.0,9204.0,receivable_stretch,0.3636,working_capital_erosion,0.2647,margin_squeeze,0.2571,"{""model"": 0.45, ""rule"": 0.55}",hgb_stress_v1.2,rules_v1.2_18rules,2024-07-31,30700.0,2024-10-29,2024-10-29,2024-10-14,True,False,
AL00863,AS007453,ENT0226,2026-02-28,HANDICRAFT,2,0.0003775918007810483,5.811684976075209e-06,0.7263,0.3996,AMBER,AMBER>=0.38;RED>=0.58,20928.0,False,0.635,106.0,,20600.0,979.0,2200.0,106.0,11633.0,22316.0,32561.0,demand_trough,1.0,receivable_stretch,0.697,margin_squeeze,0.2571,"{""model"": 0.45, ""rule"": 0.55}",hgb_stress_v1.2,rules_v1.2_18rules,2026-02-28,20500.0,2026-08-27,2026-08-27,2026-05-14,True,False,2026-03-06
AL00864,AS007488,ENT0227,2026-04-30,POULTRY,5,0.0014440083741391928,1.780762925412467e-05,0.7053,0.3886,AMBER,AMBER>=0.38;RED>=0.58,86958.0,False,0.763,138.2,,178400.0,8481.0,0.0,138.2,-4296.0,9031.0,82662.0,climate_shock,0.7143,demand_trough,0.5946,margin_squeeze,0.5714,"{""model"": 0.45, ""rule"": 0.55}",hgb_stress_v1.2,rules_v1.2_18rules,2026-04-30,88500.0,2026-10-27,2026-10-27,2026-07-14,True,False,
AL00865,AS007490,ENT0227,2026-06-30,POULTRY,5,0.1444229582520082,7.808528368418313e-05,0.5895,0.3892,AMBER,AMBER>=0.38;RED>=0.58,,False,0.772,31.4,,170100.0,8087.0,64500.0,31.4,,,,margin_squeeze,1.0,demand_trough,0.3243,working_capital_erosion,0.2647,"{""model"": 0.45, ""rule"": 0.55}",hgb_stress_v1.2,rules_v1.2_18rules,2026-06-30,205700.0,2026-10-28,2026-10-28,2026-09-13,True,False,
AL00866,AS007525,ENT0229,2023-11-30,FOODPROC,2,0.11928568607467044,0.00731164980787984,0.6632,0.4184,AMBER,AMBER>=0.38;RED>=0.58,127110.0,False,0.737,3.4,-2.46,0.0,0.0,42200.0,-3.0,-10425.0,80877.0,116685.0,working_capital_erosion,0.7353,demand_trough,0.7297,debt_overhang,0.3056,"{""model"": 0.45, ""rule"": 0.55}",hgb_stress_v1.2,rules_v1.2_18rules,2023-11-30,29800.0,2024-04-28,2024-04-28,2024-02-13,True,False,
AL00867,AS007554,ENT0229,2026-04-30,FOODPROC,2,4.3870810816075934e-05,1.3044350758583134e-05,0.7474,0.4111,AMBER,AMBER>=0.38;RED>=0.58,231735.0,False,0.911,60.1,13.73,319300.0,15180.0,67800.0,60.1,6763.0,204482.0,238498.0,demand_trough,1.0,climate_shock,0.7143,working_capital_erosion,0.2647,"{""model"": 0.45, ""rule"": 0.55}",hgb_stress_v1.2,rules_v1.2_18rules,2026-04-30,12400.0,2026-05-30,2026-05-30,2026-07-14,True,False,
AL00868,AS007565,ENT0230,2024-06-30,RETAIL,5,0.00010344443628215901,4.8935085833308275e-06,0.6947,0.3821,AMBER,AMBER>=0.38;RED>=0.58,40877.0,False,0.765,68.2,2.99,316300.0,15037.0,46500.0,68.2,36172.0,65164.0,77049.0,margin_squeeze,0.7429,receivable_stretch,0.6364,debt_overhang,0.2778,"{""model"": 0.45, ""rule"": 0.55}",hgb_stress_v1.2,rules_v1.2_18rules,2024-06-30,100.0,2024-08-29,2024-08-29,2024-09-13,True,False,
AL00869,AS007597,ENT0231,2024-05-31,POULTRY,3,0.13138752994083128,0.0001025683942875395,0.6,0.3891,AMBER,AMBER>=0.38;RED>=0.58,129858.0,False,0.819,35.7,2.37,31200.0,1483.0,30700.0,35.7,-89306.0,-37237.0,40552.0,margin_squeeze,0.7429,demand_trough,0.3243,debt_overhang,0.2778,"{""model"": 0.45, ""rule"": 0.55}",hgb_stress_v1.2,rules_v1.2_18rules,2024-05-31,129600.0,2024-10-28,2024-10-28,2024-08-14,True,False,
AL00870,AS007599,ENT0231,2024-07-31,POULTRY,3,0.18197057567540545,0.0003742447157073876,0.5684,0.3945,AMBER,AMBER>=0.38;RED>=0.58,126498.0,False,0.834,27.2,2.26,59300.0,2819.0,26000.0,27.2,-85549.0,-13232.0,40949.0,margin_squeeze,1.0,debt_overhang,0.2778,working_capital_erosion,0.2647,"{""model"": 0.45, ""rule"": 0.55}",hgb_stress_v1.2,rules_v1.2_18rules,2024-07-31,118800.0,2024-12-28,2024-12-28,2024-10-14,True,False,
AL00871,AS007608,ENT0231,2025-04-30,POULTRY,3,0.048194869833989,5.192062738461353e-05,0.9053,0.5196,AMBER,AMBER>=0.38;RED>=0.58,108416.0,False,0.904,124.8,14.88,27900.0,1326.0,0.0,124.8,-45983.0,-14965.0,62433.0,climate_shock,1.0,demand_trough,0.5946,margin_squeeze,0.5714,"{""model"": 0.45, ""rule"": 0.55}",hgb_stress_v1.2,rules_v1.2_18rules,2025-04-30,140000.0,2025-08-28,2025-08-28,2025-07-14,True,False,
AL00872,AS007620,ENT0231,2026-04-30,POULTRY,3,0.0035582052966508194,0.00016075571494010923,0.7053,0.3895,AMBER,AMBER>=0.38;RED>=0.58,128831.0,False,0.98,95.6,,28500.0,1355.0,0.0,95.6,-35857.0,31985.0,92974.0,climate_shock,0.7143,receivable_stretch,0.6364,demand_trough,0.3243,"{""model"": 0.45, ""rule"": 0.55}",hgb_stress_v1.2,rules_v1.2_18rules,2026-04-30,134800.0,2026-08-28,2026-08-28,2026-07-14,True,False,
AL00873,AS007622,ENT0231,2026-06-30,POULTRY,3,0.31366624780206986,0.00010234495895769501,0.8105,0.5869,RED,AMBER>=0.38;RED>=0.58,,False,0.999,22.4,,18600.0,884.0,27300.0,22.4,,,,margin_squeeze,1.0,receivable_stretch,0.6364,demand_trough,0.3243,"{""model"": 0.45, ""rule"": 0.55}",hgb_stress_v1.2,rules_v1.2_18rules,2026-06-30,127800.0,2026-11-27,2026-11-27,2026-09-13,True,False,
AL00874,AS007631,ENT0232,2024-06-30,POULTRY,3,0.814695291220508,6.207956045582377e-05,0.5895,0.6908,RED,AMBER>=0.38;RED>=0.58,311436.0,False,0.735,98.8,,73700.0,3504.0,0.0,98.8,-240919.0,-39527.0,70517.0,margin_squeeze,1.0,demand_trough,0.3243,working_capital_erosion,0.2647,"{""model"": 0.45, ""rule"": 0.55}",hgb_stress_v1.2,rules_v1.2_18rules,2024-06-30,291100.0,2024-10-28,2024-10-28,2024-09-13,True,False,
AL00875,AS007633,ENT0232,2024-08-31,POULTRY,3,0.5527299700143149,0.0009210995410843264,0.4842,0.515,AMBER,AMBER>=0.38;RED>=0.58,329963.0,False,0.745,47.8,,169400.0,8054.0,0.0,47.8,-124227.0,65817.0,205736.0,margin_squeeze,1.0,climate_shock,0.3143,,0.0,"{""model"": 0.45, ""rule"": 0.55}",hgb_stress_v1.2,rules_v1.2_18rules,2024-08-31,137800.0,2024-12-29,2024-12-29,2024-11-14,True,False,
AL00876,AS007641,ENT0232,2025-04-30,POULTRY,3,0.9597593763971998,0.002143655665550283,0.9053,0.9298,RED,AMBER>=0.38;RED>=0.58,191147.0,False,0.806,88.3,5.48,52500.0,2496.0,0.0,88.3,-138687.0,-45146.0,52460.0,climate_shock,1.0,demand_trough,0.5946,margin_squeeze,0.5714,"{""model"": 0.45, ""rule"": 0.55}",hgb_stress_v1.2,rules_v1.2_18rules,2025-04-30,242900.0,2025-10-27,2025-10-27,2025-07-14,True,False,
AL00877,AS007643,ENT0232,2025-06-30,POULTRY,3,0.9358318981337784,0.9411066451081123,0.5895,0.7453,RED,AMBER>=0.38;RED>=0.58,235648.0,False,0.831,39.4,3.62,38900.0,1849.0,0.0,39.4,-148729.0,-49560.0,86919.0,margin_squeeze,1.0,demand_trough,0.3243,working_capital_erosion,0.2647,"{""model"": 0.45, ""rule"": 0.55}",hgb_stress_v1.2,rules_v1.2_18rules,2025-06-30,213300.0,2025-10-28,2025-10-28,2025-09-13,True,False,2025-07-13
AL00878,AS007645,ENT0232,2025-08-31,POULTRY,3,0.024185651001940294,0.29632391405824243,1.0,0.5609,AMBER,AMBER>=0.38;RED>=0.58,111455.0,False,0.834,-0.4,2.13,57400.0,2729.0,28900.0,-15.5,-56742.0,-7795.0,54713.0,margin_squeeze,1.0,working_capital_erosion,1.0,debt_overhang,0.7222,"{""model"": 0.45, ""rule"": 0.55}",hgb_stress_v1.2,rules_v1.2_18rules,2025-08-31,135800.0,2026-01-28,2026-01-28,2025-11-14,True,False,
AL00879,AS007647,ENT0232,2025-10-31,POULTRY,3,0.10676649168485054,0.05585548265154299,0.8526,0.517,AMBER,AMBER>=0.38;RED>=0.58,192330.0,False,0.855,6.6,1.52,84400.0,4013.0,65200.0,-24.9,-83430.0,22545.0,108900.0,working_capital_erosion,0.7353,debt_overhang,0.7222,margin_squeeze,0.5714,"{""model"": 0.45, ""rule"": 0.55}",hgb_stress_v1.2,rules_v1.2_18rules,2025-10-31,131900.0,2026-04-29,2026-04-29,2026-01-14,True,False,
AL00880,AS007651,ENT0232,2026-02-28,POULTRY,3,0.6936865180992953,0.31203797203519745,0.6842,0.6885,RED,AMBER>=0.38;RED>=0.58,172596.0,False,0.882,12.2,-0.19,0.0,0.0,0.0,-52.2,-107259.0,-9297.0,65337.0,working_capital_erosion,0.7353,debt_overhang,0.3056,climate_shock,0.2857,"{""model"": 0.45, ""rule"": 0.55}",hgb_stress_v1.2,rules_v1.2_18rules,2026-02-28,173100.0,2026-08-27,2026-08-27,2026-05-14,True,False,
AL00881,AS007653,ENT0232,2026-04-30,POULTRY,3,0.17985783501143493,0.9908599404287814,0.9579,0.6078,RED,AMBER>=0.38;RED>=0.58,131560.0,False,0.899,-1.8,-0.38,0.0,0.0,0.0,-76.6,-79904.0,-33376.0,51656.0,working_capital_erosion,1.0,climate_shock,0.7143,demand_trough,0.3243,"{""model"": 0.45, ""rule"": 0.55}",hgb_stress_v1.2,rules_v1.2_18rules,2026-04-30,182900.0,2026-10-27,2026-10-27,2026-07-14,True,False,
AL00882,AS007655,ENT0232,2026-06-30,POULTRY,3,0.13882674377989437,0.9053172686957579,1.0,0.6125,RED,AMBER>=0.38;RED>=0.58,,False,0.919,10.2,-0.52,0.0,0.0,42500.0,-40.7,,,,margin_squeeze,1.0,working_capital_erosion,0.7353,debt_overhang,0.7222,"{""model"": 0.45, ""rule"": 0.55}",hgb_stress_v1.2,rules_v1.2_18rules,2026-06-30,278100.0,2026-11-27,2026-11-27,2026-09-13,True,False,
AL00883,AS007657,ENT0233,2023-11-30,POULTRY,5,0.6585660319670912,0.015100075898282944,0.4842,0.5627,AMBER,AMBER>=0.38;RED>=0.58,194454.0,False,0.664,9.2,0.49,9100.0,433.0,66000.0,5.9,-75130.0,13761.0,119324.0,working_capital_erosion,0.7353,debt_overhang,0.5833,,0.0,"{""model"": 0.45, ""rule"": 0.55}",hgb_stress_v1.2,rules_v1.2_18rules,2023-11-30,144700.0,2024-04-28,2024-04-28,2024-02-13,True,False,
AL00884,AS007659,ENT0233,2024-01-31,POULTRY,5,0.7338681811147688,0.8877876910966079,0.2,0.4402,AMBER,AMBER>=0.38;RED>=0.58,228449.0,False,0.678,33.2,1.03,68100.0,3238.0,0.0,33.2,-134198.0,26081.0,94251.0,debt_overhang,0.2778,margin_squeeze,0.2571,,0.0,"{""model"": 0.45, ""rule"": 0.55}",hgb_stress_v1.2,rules_v1.2_18rules,2024-01-31,204000.0,2024-07-29,2024-07-29,2024-04-15,True,False,
AL00885,AS007661,ENT0233,2024-03-31,POULTRY,5,0.04085874155205729,0.9639946094226487,0.7895,0.4526,AMBER,AMBER>=0.38;RED>=0.58,123245.0,False,0.691,-3.9,0.64,16600.0,789.0,0.0,-24.8,-40582.0,8035.0,82663.0,working_capital_erosion,1.0,debt_overhang,0.5833,receivable_stretch,0.3333,"{""model"": 0.45, ""rule"": 0.55}",hgb_stress_v1.2,rules_v1.2_18rules,2024-03-31,148300.0,2024-09-27,2024-09-27,2024-06-14,True,False,
AL00886,AS007663,ENT0233,2024-05-31,POULTRY,5,0.8064204757483808,0.03239478259360991,1.0,0.9129,RED,AMBER>=0.38;RED>=0.58,188205.0,False,0.7,21.7,0.86,6400.0,304.0,38100.0,4.4,-134875.0,-72037.0,53330.0,debt_overhang,1.0,margin_squeeze,0.7429,working_capital_erosion,0.7353,"{""model"": 0.45, ""rule"": 0.55}",hgb_stress_v1.2,rules_v1.2_18rules,2024-05-31,218800.0,2024-09-28,2024-09-28,2024-08-14,True,False,
AL00887,AS007665,ENT0233,2024-07-31,POULTRY,5,0.8304281116394879,0.8835648885974706,1.0,0.9237,RED,AMBER>=0.38;RED>=0.58,139709.0,False,0.711,9.2,0.76,7000.0,333.0,33700.0,-12.4,-109028.0,-51829.0,30681.0,margin_squeeze,1.0,working_capital_erosion,0.7353,receivable_stretch,0.6364,"{""model"": 0.45, ""rule"": 0.55}",hgb_stress_v1.2,rules_v1.2_18rules,2024-07-31,171000.0,2024-11-28,2024-11-28,2024-10-14,True,False,
AL00888,AS007667,ENT0233,2024-09-30,POULTRY,5,0.12373936665950085,0.008831772349788658,1.0,0.6057,RED,AMBER>=0.38;RED>=0.58,177973.0,False,0.735,26.8,0.65,12900.0,613.0,6100.0,-161.9,-85500.0,28029.0,92473.0,debt_overhang,1.0,margin_squeeze,0.7429,working_capital_erosion,0.7353,"{""model"": 0.45, ""rule"": 0.55}",hgb_stress_v1.2,rules_v1.2_18rules,2024-09-30,92600.0,2025-01-28,2025-01-28,2024-12-14,True,False,
AL00889,AS007669,ENT0233,2024-11-30,POULTRY,5,0.027266203683904415,0.00012759833292723784,1.0,0.5623,AMBER,AMBER>=0.38;RED>=0.58,175245.0,False,0.742,-4.0,0.59,19800.0,941.0,0.0,-102.2,-23333.0,93454.0,151912.0,debt_overhang,1.0,working_capital_erosion,0.7353,receivable_stretch,0.6364,"{""model"": 0.45, ""rule"": 0.55}",hgb_stress_v1.2,rules_v1.2_18rules,2024-11-30,61200.0,2025-04-29,2025-04-29,2025-02-13,True,False,
AL00890,AS007671,ENT0233,2025-01-31,POULTRY,5,0.036745929065796414,5.518118946208739e-05,0.8947,0.5086,AMBER,AMBER>=0.38;RED>=0.58,202338.0,False,0.754,4.7,0.71,13700.0,651.0,8100.0,-22.7,-27626.0,127101.0,174712.0,working_capital_erosion,1.0,receivable_stretch,0.6364,debt_overhang,0.5833,"{""model"": 0.45, ""rule"": 0.55}",hgb_stress_v1.2,rules_v1.2_18rules,2025-01-31,99700.0,2025-06-30,2025-06-30,2025-04-16,True,False,2025-02-08
AL00891,AS007674,ENT0233,2025-04-30,POULTRY,5,0.0006725179943890628,8.768088327997381e-05,0.9158,0.504,AMBER,AMBER>=0.38;RED>=0.58,201964.0,False,0.774,105.6,1.86,103600.0,4925.0,0.0,105.6,-71500.0,64160.0,130464.0,climate_shock,0.7143,receivable_stretch,0.6364,demand_trough,0.5946,"{""model"": 0.45, ""rule"": 0.55}",hgb_stress_v1.2,rules_v1.2_18rules,2025-04-30,120600.0,2025-08-28,2025-08-28,2025-07-14,True,False,
AL00892,AS007677,ENT0233,2025-07-31,POULTRY,5,0.0036379264070074678,0.00012239437918903237,0.6947,0.3837,AMBER,AMBER>=0.38;RED>=0.58,180067.0,False,0.795,136.9,3.17,99500.0,4730.0,0.0,136.9,-68280.0,36070.0,111787.0,margin_squeeze,1.0,receivable_stretch,0.6364,demand_trough,0.2703,"{""model"": 0.45, ""rule"": 0.55}",hgb_stress_v1.2,rules_v1.2_18rules,2025-07-31,92800.0,2025-11-28,2025-11-28,2025-10-14,True,False,
AL00893,AS007679,ENT0233,2025-09-30,POULTRY,5,0.008670684370200256,7.050837986907322e-05,0.6947,0.386,AMBER,AMBER>=0.38;RED>=0.58,220346.0,False,0.807,53.8,6.51,143500.0,6822.0,0.0,53.8,-81123.0,77789.0,139223.0,margin_squeeze,1.0,receivable_stretch,0.6364,demand_trough,0.2703,"{""model"": 0.45, ""rule"": 0.55}",hgb_stress_v1.2,rules_v1.2_18rules,2025-09-30,72100.0,2025-12-29,2025-12-29,2025-12-14,True,False,
AL00894,AS007686,ENT0233,2026-04-30,POULTRY,5,0.0017545750695576214,6.293073211356475e-06,0.7263,0.4003,AMBER,AMBER>=0.38;RED>=0.58,235471.0,False,0.86,59.0,,187600.0,8919.0,52700.0,59.0,-128735.0,43307.0,106736.0,climate_shock,0.7143,receivable_stretch,0.6364,demand_trough,0.3243,"{""model"": 0.45, ""rule"": 0.55}",hgb_stress_v1.2,rules_v1.2_18rules,2026-04-30,153600.0,2026-08-28,2026-08-28,2026-07-14,True,False,
AL00895,AS007688,ENT0233,2026-06-30,POULTRY,5,0.006335593716247036,8.856770768070198e-05,0.7158,0.3965,AMBER,AMBER>=0.38;RED>=0.58,,False,0.864,41.1,,93000.0,4421.0,42100.0,41.1,,,,margin_squeeze,0.7429,receivable_stretch,0.6364,demand_trough,0.3243,"{""model"": 0.45, ""rule"": 0.55}",hgb_stress_v1.2,rules_v1.2_18rules,2026-06-30,114800.0,2026-10-28,2026-10-28,2026-09-13,True,False,
AL00896,AS007697,ENT0234,2024-06-30,RETAIL,4,0.00031946228193806443,3.412644187080598e-06,0.7053,0.3881,AMBER,AMBER>=0.38;RED>=0.58,79809.0,False,0.66,89.3,2.37,201900.0,9599.0,40500.0,89.3,-4584.0,38714.0,75225.0,margin_squeeze,0.7429,receivable_stretch,0.6364,climate_shock,0.2857,"{""model"": 0.45, ""rule"": 0.55}",hgb_stress_v1.2,rules_v1.2_18rules,2024-06-30,6900.0,2024-07-30,2024-07-30,2024-09-13,True,False,
AL00897,AS007721,ENT0234,2026-06-30,RETAIL,4,9.479622756853423e-05,2.5473371383258455e-06,0.6947,0.3821,AMBER,AMBER>=0.38;RED>=0.58,,False,0.828,73.8,,155400.0,7388.0,47000.0,73.8,,,,margin_squeeze,0.7429,receivable_stretch,0.6364,climate_shock,0.2857,"{""model"": 0.45, ""rule"": 0.55}",hgb_stress_v1.2,rules_v1.2_18rules,2026-06-30,14600.0,2026-07-30,2026-07-30,2026-09-13,True,False,
AL00898,AS007752,ENT0235,2026-04-30,DAIRY,3,0.43294674195870214,1.0021842413301515e-05,0.9474,0.7159,RED,AMBER>=0.38;RED>=0.58,77381.0,False,0.974,30.2,,32400.0,1540.0,13000.0,30.2,-58521.0,-21732.0,18860.0,margin_squeeze,1.0,climate_shock,0.7143,receivable_stretch,0.3333,"{""model"": 0.45, ""rule"": 0.55}",hgb_stress_v1.2,rules_v1.2_18rules,2026-04-30,71300.0,2026-08-28,2026-08-28,2026-07-14,True,False,
AL00899,AS007754,ENT0235,2026-06-30,DAIRY,3,0.011074724210067237,1.7007781992942668e-05,0.6842,0.3813,AMBER,AMBER>=0.38;RED>=0.58,,False,0.975,10.0,,60100.0,2857.0,7600.0,10.0,,,,margin_squeeze,1.0,working_capital_erosion,0.5588,receivable_stretch,0.3333,"{""model"": 0.45, ""rule"": 0.55}",hgb_stress_v1.2,rules_v1.2_18rules,2026-06-30,36500.0,2026-10-28,2026-10-28,2026-09-13,True,False,2026-07-13
AL00900,AS007756,ENT0236,2023-11-30,FOODPROC,4,0.7127353510861664,0.002593323696942071,0.9263,0.8302,RED,AMBER>=0.38;RED>=0.58,34155.0,True,0.425,4.0,-2.5,0.0,0.0,7500.0,-27.1,12418.0,24413.0,46573.0,debt_overhang,1.0,working_capital_erosion,0.7353,demand_trough,0.7297,"{""model"": 0.45, ""rule"": 0.55}",hgb_stress_v1.2,rules_v1.2_18rules,2023-11-30,20800.0,2024-04-28,2024-04-28,2024-02-13,True,False,
AL00901,AS007758,ENT0236,2024-01-31,FOODPROC,4,0.8002790102040409,0.00440119560567216,0.4842,0.6264,RED,AMBER>=0.38;RED>=0.58,62662.0,True,0.429,20.6,-0.05,0.0,0.0,19300.0,-12.4,-37893.0,-17725.0,24769.0,working_capital_erosion,0.7353,debt_overhang,0.3056,climate_shock,0.2857,"{""model"": 0.45, ""rule"": 0.55}",hgb_stress_v1.2,rules_v1.2_18rules,2024-01-31,38800.0,2024-04-30,2024-04-30,2024-04-15,True,False,
AL00902,AS007761,ENT0236,2024-04-30,FOODPROC,4,0.01176680974886684,0.0028254983653727534,0.8526,0.4742,AMBER,AMBER>=0.38;RED>=0.58,41696.0,True,0.431,4.5,0.08,300.0,14.0,16000.0,-19.3,28722.0,42378.0,70418.0,working_capital_erosion,1.0,demand_trough,0.7297,debt_overhang,0.3056,"{""model"": 0.45, ""rule"": 0.55}",hgb_stress_v1.2,rules_v1.2_18rules,2024-04-30,0.0,,2024-05-07,2024-07-14,True,False,
AL00903,AS007768,ENT0236,2024-11-30,FOODPROC,4,0.003620380154340871,8.925749593372605e-05,0.7789,0.43,AMBER,AMBER>=0.38;RED>=0.58,46668.0,True,0.442,20.7,4.65,55200.0,2624.0,20000.0,0.6,-5362.0,13845.0,41306.0,working_capital_erosion,0.7353,demand_trough,0.7297,climate_shock,0.3143,"{""model"": 0.45, ""rule"": 0.55}",hgb_stress_v1.2,rules_v1.2_18rules,2024-11-30,21000.0,2025-04-29,2025-04-29,2025-02-13,True,False,
AL00904,AS007770,ENT0236,2025-01-31,FOODPROC,4,0.5781474002030959,0.00011885674612902287,0.6842,0.6365,RED,AMBER>=0.38;RED>=0.58,55320.0,True,0.448,13.8,5.14,37800.0,1797.0,10400.0,0.2,-22106.0,8819.0,33214.0,working_capital_erosion,0.7353,debt_overhang,0.3056,climate_shock,0.2857,"{""model"": 0.45, ""rule"": 0.55}",hgb_stress_v1.2,rules_v1.2_18rules,2025-01-31,23800.0,2025-05-31,2025-05-31,2025-04-16,True,False,
AL00905,AS007773,ENT0236,2025-04-30,FOODPROC,4,0.002764409450325742,0.00010246134496282006,0.9263,0.5107,AMBER,AMBER>=0.38;RED>=0.58,75863.0,True,0.444,13.0,15.19,57400.0,2729.0,28600.0,4.1,23438.0,73892.0,99301.0,working_capital_erosion,0.7353,demand_trough,0.7297,climate_shock,0.7143,"{""model"": 0.45, ""rule"": 0.55}",hgb_stress_v1.2,rules_v1.2_18rules,2025-04-30,3200.0,2025-05-30,2025-05-30,2025-07-14,True,False,2025-05-15
AL00906,AS007795,ENT0237,2024-05-31,POULTRY,6,0.004284581651606719,1.0576037103095292e-05,0.7053,0.3898,AMBER,AMBER>=0.38;RED>=0.58,137262.0,False,0.776,39.4,7.47,110000.0,5230.0,8200.0,39.4,-20018.0,24255.0,117244.0,margin_squeeze,1.0,receivable_stretch,0.3333,demand_trough,0.3243,"{""model"": 0.45, ""rule"": 0.55}",hgb_stress_v1.2,rules_v1.2_18rules,2024-05-31,99300.0,2024-07-30,2024-07-30,2024-08-14,True,False,
AL00907,AS007853,ENT0238,2026-06-30,RETAIL,4,0.0008009151493363576,6.264194606039957e-06,0.7895,0.4346,AMBER,AMBER>=0.38;RED>=0.58,,False,0.646,40.7,8.86,174300.0,8287.0,30500.0,40.7,,,,margin_squeeze,1.0,receivable_stretch,0.6364,climate_shock,0.2857,"{""model"": 0.45, ""rule"": 0.55}",hgb_stress_v1.2,rules_v1.2_18rules,2026-06-30,33100.0,2026-09-28,2026-09-28,2026-09-13,True,False,
AL00908,AS007858,ENT0239,2024-02-29,DAIRY,4,0.8179345239457816,0.0003810071414690376,0.3368,0.5533,AMBER,AMBER>=0.38;RED>=0.58,56232.0,False,0.654,54.2,2.65,12500.0,594.0,22000.0,54.2,-71096.0,-33015.0,-14864.0,demand_trough,0.3243,climate_shock,0.2857,debt_overhang,0.2778,"{""model"": 0.45, ""rule"": 0.55}",hgb_stress_v1.2,rules_v1.2_18rules,2024-02-29,107800.0,2024-07-28,2024-07-28,2024-05-14,True,False,
AL00909,AS007860,ENT0239,2024-04-30,DAIRY,4,0.8307993907677974,0.013857713209991445,0.6842,0.7502,RED,AMBER>=0.38;RED>=0.58,72830.0,False,0.667,25.9,2.17,11300.0,537.0,11900.0,25.9,-76902.0,-33651.0,-4072.0,margin_squeeze,1.0,receivable_stretch,0.3333,debt_overhang,0.2778,"{""model"": 0.45, ""rule"": 0.55}",hgb_stress_v1.2,rules_v1.2_18rules,2024-04-30,75700.0,2024-07-29,2024-07-29,2024-07-14,True,False,
AL00910,AS007862,ENT0239,2024-06-30,DAIRY,4,0.0829848434983064,0.04473925910117243,1.0,0.5873,RED,AMBER>=0.38;RED>=0.58,30385.0,False,0.668,2.1,1.64,38700.0,1840.0,10500.0,2.1,-11907.0,2992.0,18478.0,margin_squeeze,1.0,working_capital_erosion,1.0,receivable_stretch,0.3333,"{""model"": 0.45, ""rule"": 0.55}",hgb_stress_v1.2,rules_v1.2_18rules,2024-06-30,15500.0,2024-10-28,2024-10-28,2024-09-13,True,False,
AL00911,AS007864,ENT0239,2024-08-31,DAIRY,4,0.03010607132117298,0.07657883827743547,0.8105,0.4593,AMBER,AMBER>=0.38;RED>=0.58,46625.0,False,0.681,2.0,1.92,63600.0,3024.0,12900.0,-3.4,1244.0,38221.0,47869.0,working_capital_erosion,1.0,debt_overhang,0.5833,receivable_stretch,0.3333,"{""model"": 0.45, ""rule"": 0.55}",hgb_stress_v1.2,rules_v1.2_18rules,2024-08-31,4900.0,2024-10-30,2024-10-30,2024-11-14,True,False,
AL00912,AS007871,ENT0239,2025-03-31,DAIRY,4,0.32272987719453505,0.00035220938862350694,0.5368,0.4405,AMBER,AMBER>=0.38;RED>=0.58,50087.0,False,0.713,35.0,2.13,14400.0,685.0,9500.0,35.0,-48108.0,-19168.0,1979.0,receivable_stretch,0.3333,demand_trough,0.3243,debt_overhang,0.2778,"{""model"": 0.45, ""rule"": 0.55}",hgb_stress_v1.2,rules_v1.2_18rules,2025-03-31,75200.0,2025-07-29,2025-07-29,2025-06-14,True,False,
AL00913,AS007884,ENT0239,2026-04-30,DAIRY,4,0.42380142190951975,4.243251555266963e-05,0.7895,0.6249,RED,AMBER>=0.38;RED>=0.58,63047.0,False,0.78,25.9,,19000.0,903.0,9000.0,25.9,-53263.0,-21372.0,9784.0,climate_shock,0.7143,margin_squeeze,0.5714,receivable_stretch,0.3333,"{""model"": 0.45, ""rule"": 0.55}",hgb_stress_v1.2,rules_v1.2_18rules,2026-04-30,71100.0,2026-08-28,2026-08-28,2026-07-14,True,False,
AL00914,AS007886,ENT0239,2026-06-30,DAIRY,4,0.0072802353388217245,3.47322666118878e-05,0.7895,0.4375,AMBER,AMBER>=0.38;RED>=0.58,,False,0.79,13.5,,44500.0,2116.0,7000.0,13.5,,,,margin_squeeze,1.0,working_capital_erosion,0.5588,receivable_stretch,0.3333,"{""model"": 0.45, ""rule"": 0.55}",hgb_stress_v1.2,rules_v1.2_18rules,2026-06-30,16700.0,2026-10-28,2026-10-28,2026-09-13,True,False,
AL00915,AS007907,ENT0240,2025-06-30,RETAIL,5,0.0001554480039290589,1.9077847167080655e-05,0.6947,0.3822,AMBER,AMBER>=0.38;RED>=0.58,180627.0,False,0.937,76.2,,354300.0,16844.0,64000.0,76.2,-13730.0,56394.0,166897.0,margin_squeeze,0.7429,receivable_stretch,0.6364,demand_trough,0.2703,"{""model"": 0.45, ""rule"": 0.55}",hgb_stress_v1.2,rules_v1.2_18rules,2025-06-30,25800.0,2025-11-27,2025-11-27,2025-09-13,True,False,
AL00916,AS007938,ENT0241,2025-04-30,POULTRY,6,0.11784794668134908,0.0001867448756160412,0.7053,0.4409,AMBER,AMBER>=0.38;RED>=0.58,121204.0,False,1.0,109.1,,18500.0,880.0,0.0,109.1,-58761.0,-20367.0,62443.0,climate_shock,0.7143,demand_trough,0.5946,margin_squeeze,0.5714,"{""model"": 0.45, ""rule"": 0.55}",hgb_stress_v1.2,rules_v1.2_18rules,2025-04-30,133300.0,2025-10-27,2025-10-27,2025-07-14,True,False,2025-05-06
AL00917,AS007940,ENT0241,2025-06-30,POULTRY,6,0.9190378518219965,0.000719832303702488,0.4947,0.6857,RED,AMBER>=0.38;RED>=0.58,199402.0,False,1.0,60.1,,20700.0,984.0,0.0,60.1,-119822.0,-23166.0,79580.0,margin_squeeze,1.0,demand_trough,0.3243,,0.0,"{""model"": 0.45, ""rule"": 0.55}",hgb_stress_v1.2,rules_v1.2_18rules,2025-06-30,125900.0,2025-10-28,2025-10-28,2025-09-13,True,False,
AL00918,AS007942,ENT0241,2025-08-31,POULTRY,6,0.015917162786440755,0.00036341696593146207,0.8421,0.4703,AMBER,AMBER>=0.38;RED>=0.58,111595.0,False,1.0,6.6,,92700.0,4407.0,49500.0,3.1,-68711.0,11412.0,42884.0,margin_squeeze,1.0,working_capital_erosion,1.0,debt_overhang,0.3056,"{""model"": 0.45, ""rule"": 0.55}",hgb_stress_v1.2,rules_v1.2_18rules,2025-08-31,95900.0,2026-02-27,2026-02-27,2025-11-14,True,False,
AL00919,AS007951,ENT0241,2026-05-31,POULTRY,6,0.07745899923272612,0.0003066954174660723,0.9158,0.5385,AMBER,AMBER>=0.38;RED>=0.58,243586.0,False,1.0,11.8,,64100.0,3047.0,25700.0,11.8,-89294.0,11488.0,154292.0,margin_squeeze,1.0,demand_trough,0.5946,working_capital_erosion,0.5588,"{""model"": 0.45, ""rule"": 0.55}",hgb_stress_v1.2,rules_v1.2_18rules,2026-05-31,182500.0,2026-10-28,2026-10-28,2026-08-14,True,False,
AL00920,AS007953,ENT0241,2026-07-31,POULTRY,6,0.12198106736477521,0.0005246401329057308,0.7053,0.4428,AMBER,AMBER>=0.38;RED>=0.58,,False,1.0,24.8,,50700.0,2410.0,58700.0,10.3,,,,margin_squeeze,0.7429,working_capital_erosion,0.5588,receivable_stretch,0.3333,"{""model"": 0.45, ""rule"": 0.55}",hgb_stress_v1.2,rules_v1.2_18rules,2026-07-31,149500.0,2026-11-28,2026-11-28,2026-10-14,True,False,2026-08-14
AL00921,AS007971,ENT0242,2025-04-30,FOODPROC,3,6.878310719636678e-05,1.520895293479374e-05,0.7474,0.4111,AMBER,AMBER>=0.38;RED>=0.58,307557.0,False,0.771,48.2,5.52,428100.0,20353.0,111900.0,48.2,-28480.0,251287.0,279077.0,climate_shock,1.0,demand_trough,0.7297,working_capital_erosion,0.2647,"{""model"": 0.45, ""rule"": 0.55}",hgb_stress_v1.2,rules_v1.2_18rules,2025-04-30,30400.0,2025-07-29,2025-07-29,2025-07-14,True,False,
AL00922,AS007983,ENT0242,2026-04-30,FOODPROC,3,2.868167870014816e-05,1.5551443306056652e-05,0.7474,0.4111,AMBER,AMBER>=0.38;RED>=0.58,320360.0,False,0.796,45.5,6.53,433300.0,20600.0,84400.0,45.5,-9273.0,260159.0,311087.0,demand_trough,1.0,climate_shock,0.7143,working_capital_erosion,0.2647,"{""model"": 0.45, ""rule"": 0.55}",hgb_stress_v1.2,rules_v1.2_18rules,2026-04-30,17500.0,2026-05-30,2026-05-30,2026-07-14,True,False,
AL00923,AS007993,ENT0243,2024-05-31,DAIRY,1,0.06705887158837748,2.2514727177733808e-05,0.6842,0.4065,AMBER,AMBER>=0.38;RED>=0.58,112819.0,False,0.728,27.0,,92900.0,4417.0,20900.0,27.0,-91724.0,-7052.0,21095.0,margin_squeeze,1.0,receivable_stretch,0.3333,climate_shock,0.2857,"{""model"": 0.45, ""rule"": 0.55}",hgb_stress_v1.2,rules_v1.2_18rules,2024-05-31,86800.0,2024-08-29,2024-08-29,2024-08-14,True,False,
AL00924,AS008016,ENT0243,2026-04-30,DAIRY,1,0.13356406110711394,2.4285089242534575e-05,0.8947,0.5522,AMBER,AMBER>=0.38;RED>=0.58,160717.0,False,0.814,30.6,,87800.0,4174.0,22600.0,30.6,-111873.0,-11202.0,48844.0,climate_shock,1.0,margin_squeeze,0.5714,receivable_stretch,0.3333,"{""model"": 0.45, ""rule"": 0.55}",hgb_stress_v1.2,rules_v1.2_18rules,2026-04-30,139500.0,2026-09-27,2026-09-27,2026-07-14,True,False,
AL00925,AS008018,ENT0243,2026-06-30,DAIRY,1,0.0025981924480700212,8.67522192961465e-05,0.9474,0.5222,AMBER,AMBER>=0.38;RED>=0.58,,False,0.819,2.4,,86200.0,4098.0,16000.0,2.4,,,,margin_squeeze,1.0,working_capital_erosion,1.0,receivable_stretch,0.3333,"{""model"": 0.45, ""rule"": 0.55}",hgb_stress_v1.2,rules_v1.2_18rules,2026-06-30,37200.0,2026-10-28,2026-10-28,2026-09-13,True,False,
AL00926,AS008026,ENT0244,2024-05-31,POULTRY,3,0.7115633621127407,0.007259333111541071,0.6947,0.7023,RED,AMBER>=0.38;RED>=0.58,189247.0,False,0.892,24.6,1.37,48800.0,2320.0,57600.0,24.6,-153541.0,-107958.0,35706.0,margin_squeeze,1.0,demand_trough,0.3243,debt_overhang,0.2778,"{""model"": 0.45, ""rule"": 0.55}",hgb_stress_v1.2,rules_v1.2_18rules,2024-05-31,271800.0,2024-10-28,2024-10-28,2024-08-14,True,False,
AL00927,AS008028,ENT0244,2024-07-31,POULTRY,3,0.45963379163692053,9.860565473918219e-05,0.9474,0.7279,RED,AMBER>=0.38;RED>=0.58,206394.0,False,0.902,4.8,1.07,88400.0,4203.0,59800.0,3.4,-161249.0,-28779.0,45145.0,margin_squeeze,1.0,working_capital_erosion,1.0,debt_overhang,0.5833,"{""model"": 0.45, ""rule"": 0.55}",hgb_stress_v1.2,rules_v1.2_18rules,2024-07-31,152600.0,2024-10-29,2024-10-29,2024-10-14,True,False,
AL00928,AS008030,ENT0244,2024-09-30,POULTRY,3,0.09449581479276019,0.0004800129264910302,0.8526,0.5115,AMBER,AMBER>=0.38;RED>=0.58,230900.0,False,0.93,11.6,1.29,196700.0,9351.0,68600.0,3.1,-112676.0,54967.0,118224.0,working_capital_erosion,1.0,margin_squeeze,0.7429,debt_overhang,0.5833,"{""model"": 0.45, ""rule"": 0.55}",hgb_stress_v1.2,rules_v1.2_18rules,2024-09-30,104200.0,2024-12-29,2024-12-29,2024-12-14,True,False,
AL00929,AS008037,ENT0244,2025-04-30,POULTRY,3,0.8608770410464032,0.00145444952139414,0.8105,0.8332,RED,AMBER>=0.38;RED>=0.58,106326.0,False,0.984,89.7,2.08,36100.0,1716.0,0.0,89.7,-45294.0,-14438.0,61032.0,climate_shock,1.0,demand_trough,0.5946,margin_squeeze,0.5714,"{""model"": 0.45, ""rule"": 0.55}",hgb_stress_v1.2,rules_v1.2_18rules,2025-04-30,120400.0,2025-10-27,2025-10-27,2025-07-14,True,False,
AL00930,AS008039,ENT0244,2025-06-30,POULTRY,3,0.897489281488276,0.00027253088698097206,0.4947,0.676,RED,AMBER>=0.38;RED>=0.58,186722.0,False,1.0,51.8,5.61,21200.0,1008.0,0.0,51.8,-81703.0,-22046.0,105019.0,margin_squeeze,1.0,demand_trough,0.3243,,0.0,"{""model"": 0.45, ""rule"": 0.55}",hgb_stress_v1.2,rules_v1.2_18rules,2025-06-30,130300.0,2025-10-28,2025-10-28,2025-09-13,True,False,
AL00931,AS008041,ENT0244,2025-08-31,POULTRY,3,0.005939233081265412,0.00023278060116306112,0.9579,0.5295,AMBER,AMBER>=0.38;RED>=0.58,138233.0,False,1.0,0.6,,12700.0,604.0,4900.0,-17.4,-42447.0,13820.0,95786.0,margin_squeeze,1.0,working_capital_erosion,1.0,receivable_stretch,0.3333,"{""model"": 0.45, ""rule"": 0.55}",hgb_stress_v1.2,rules_v1.2_18rules,2025-08-31,40300.0,2025-10-30,2025-10-30,2025-11-14,True,False,2025-09-03
AL00932,AS008050,ENT0244,2026-05-31,POULTRY,3,0.6300635990247715,0.00019088455990953456,0.5895,0.6078,RED,AMBER>=0.38;RED>=0.58,213534.0,False,1.0,25.7,,19400.0,922.0,69700.0,25.7,-139835.0,-42762.0,73699.0,margin_squeeze,1.0,demand_trough,0.3243,working_capital_erosion,0.2647,"{""model"": 0.45, ""rule"": 0.55}",hgb_stress_v1.2,rules_v1.2_18rules,2026-05-31,209500.0,2026-10-28,2026-10-28,2026-08-14,True,False,
AL00933,AS008052,ENT0244,2026-07-31,POULTRY,3,0.6329586966157222,0.0013420805546053448,0.6737,0.6554,RED,AMBER>=0.38;RED>=0.58,,False,1.0,19.4,,35700.0,1697.0,0.0,19.4,,,,margin_squeeze,1.0,working_capital_erosion,0.5588,demand_trough,0.2703,"{""model"": 0.45, ""rule"": 0.55}",hgb_stress_v1.2,rules_v1.2_18rules,2026-07-31,99600.0,2026-11-28,2026-11-28,2026-10-14,True,False,
AL00934,AS008053,ENT0245,2023-11-30,HANDICRAFT,6,0.08012945220567873,0.00028640889545320284,0.7263,0.4355,AMBER,AMBER>=0.38;RED>=0.58,57525.0,False,0.837,1.2,,0.0,0.0,4700.0,-59.1,-10187.0,36967.0,47338.0,working_capital_erosion,0.7353,receivable_stretch,0.3636,demand_trough,0.3243,"{""model"": 0.45, ""rule"": 0.55}",hgb_stress_v1.2,rules_v1.2_18rules,2023-11-30,12600.0,2024-04-28,2024-04-28,2024-02-13,True,False,
AL00935,AS008056,ENT0245,2024-02-29,HANDICRAFT,6,0.03745393771967579,0.00010587183256748314,1.0,0.5669,AMBER,AMBER>=0.38;RED>=0.58,20604.0,False,0.841,5.0,,0.0,0.0,1400.0,-31.7,13418.0,27088.0,34022.0,receivable_stretch,1.0,working_capital_erosion,0.7353,demand_trough,0.7297,"{""model"": 0.45, ""rule"": 0.55}",hgb_stress_v1.2,rules_v1.2_18rules,2024-02-29,18300.0,2024-07-28,2024-07-28,2024-05-14,True,False,
AL00936,AS008086,ENT0246,2023-11-30,FOODPROC,5,0.014365118403488785,0.00011818260831491015,0.7579,0.4233,AMBER,AMBER>=0.38;RED>=0.58,194146.0,True,0.43,-1.8,,0.0,0.0,39600.0,-27.1,-10191.0,152563.0,183955.0,working_capital_erosion,0.7353,demand_trough,0.7297,debt_overhang,0.3056,"{""model"": 0.45, ""rule"": 0.55}",hgb_stress_v1.2,rules_v1.2_18rules,2023-11-30,17600.0,2023-12-30,2023-12-30,2024-02-13,True,False,
AL00937,AS008103,ENT0246,2025-04-30,FOODPROC,5,5.1448494521213e-05,1.5519406824020077e-05,0.8421,0.4632,AMBER,AMBER>=0.38;RED>=0.58,495423.0,True,0.436,39.8,,218200.0,10374.0,53000.0,39.8,-99475.0,318666.0,395948.0,demand_trough,1.0,climate_shock,0.7143,working_capital_erosion,0.2647,"{""model"": 0.45, ""rule"": 0.55}",hgb_stress_v1.2,rules_v1.2_18rules,2025-04-30,107100.0,2025-08-28,2025-08-28,2025-07-14,True,False,
AL00938,AS008119,ENT0247,2023-11-30,HANDICRAFT,6,0.09499726863465988,0.00042020829055471065,0.7579,0.4596,AMBER,AMBER>=0.38;RED>=0.58,80464.0,False,0.878,9.2,-3.59,0.0,0.0,1300.0,-22.8,-6069.0,57994.0,74395.0,working_capital_erosion,0.7353,debt_overhang,0.7222,demand_trough,0.3243,"{""model"": 0.45, ""rule"": 0.55}",hgb_stress_v1.2,rules_v1.2_18rules,2023-11-30,12700.0,2023-12-30,2023-12-30,2024-02-13,True,False,
AL00939,AS008121,ENT0247,2024-01-31,HANDICRAFT,6,0.023118504067682025,0.0004181760015040823,0.7053,0.3983,AMBER,AMBER>=0.38;RED>=0.58,75357.0,False,0.888,10.8,-1.82,0.0,0.0,800.0,-9.4,1167.0,59835.0,76524.0,working_capital_erosion,0.7353,demand_trough,0.3243,debt_overhang,0.3056,"{""model"": 0.45, ""rule"": 0.55}",hgb_stress_v1.2,rules_v1.2_18rules,2024-01-31,25000.0,2024-03-31,2024-03-31,2024-04-15,True,False,
AL00940,AS008146,ENT0247,2026-02-28,HANDICRAFT,6,0.00023123946089518115,1.47469338128359e-06,0.7368,0.4053,AMBER,AMBER>=0.38;RED>=0.58,52471.0,False,1.0,121.0,,56800.0,2700.0,12000.0,121.0,10284.0,41360.0,62755.0,receivable_stretch,1.0,demand_trough,1.0,,0.0,"{""model"": 0.45, ""rule"": 0.55}",hgb_stress_v1.2,rules_v1.2_18rules,2026-02-28,6700.0,2026-03-30,2026-03-30,2026-05-14,True,False,
AL00941,AS008185,ENT0249,2023-11-30,HANDICRAFT,1,0.8459358607222061,0.045378534256859254,0.8947,0.8728,RED,AMBER>=0.38;RED>=0.58,39866.0,False,0.884,6.9,-1.17,0.0,0.0,6600.0,-21.2,-1099.0,12005.0,38767.0,debt_overhang,1.0,working_capital_erosion,0.7353,receivable_stretch,0.3636,"{""model"": 0.45, ""rule"": 0.55}",hgb_stress_v1.2,rules_v1.2_18rules,2023-11-30,42200.0,2024-03-29,2024-03-29,2024-02-13,True,False,
AL00942,AS008187,ENT0249,2024-01-31,HANDICRAFT,1,0.5839862559175083,0.787074986011177,0.8421,0.7259,RED,AMBER>=0.38;RED>=0.58,64501.0,False,0.904,17.1,0.28,1800.0,86.0,16200.0,7.8,-21897.0,30136.0,42604.0,working_capital_erosion,0.7353,debt_overhang,0.5833,receivable_stretch,0.3636,"{""model"": 0.45, ""rule"": 0.55}",hgb_stress_v1.2,rules_v1.2_18rules,2024-01-31,41100.0,2024-06-29,2024-06-29,2024-04-15,True,False,
AL00943,AS008191,ENT0249,2024-05-31,HANDICRAFT,1,0.755025963994846,0.0017793689391550958,0.4316,0.5771,AMBER,AMBER>=0.38;RED>=0.58,67059.0,False,0.935,35.7,1.1,4400.0,209.0,6200.0,35.7,-51773.0,-20701.0,15286.0,receivable_stretch,0.3636,climate_shock,0.2857,debt_overhang,0.2778,"{""model"": 0.45, ""rule"": 0.55}",hgb_stress_v1.2,rules_v1.2_18rules,2024-05-31,83900.0,2024-09-28,2024-09-28,2024-08-14,True,False,
AL00944,AS008193,ENT0249,2024-07-31,HANDICRAFT,1,0.7498881854316571,0.06729675860814362,0.5263,0.6269,RED,AMBER>=0.38;RED>=0.58,73220.0,False,0.94,14.7,1.0,4900.0,233.0,1900.0,14.7,-53718.0,-1160.0,19502.0,working_capital_erosion,0.5588,receivable_stretch,0.3636,debt_overhang,0.2778,"{""model"": 0.45, ""rule"": 0.55}",hgb_stress_v1.2,rules_v1.2_18rules,2024-07-31,52600.0,2024-10-29,2024-10-29,2024-10-14,True,False,
AL00945,AS008200,ENT0249,2025-02-28,HANDICRAFT,1,0.0011211293297338836,3.455896392551575e-05,0.7158,0.3942,AMBER,AMBER>=0.38;RED>=0.58,79241.0,False,0.993,42.3,2.28,23800.0,1131.0,1600.0,42.3,-8233.0,51366.0,71008.0,demand_trough,0.7297,receivable_stretch,0.6667,debt_overhang,0.2778,"{""model"": 0.45, ""rule"": 0.55}",hgb_stress_v1.2,rules_v1.2_18rules,2025-02-28,26900.0,2025-07-28,2025-07-28,2025-05-14,True,False,
AL00946,AS008235,ENT0250,2025-04-30,FOODPROC,3,0.0004398241785551467,1.122844903638795e-06,0.7474,0.4113,AMBER,AMBER>=0.38;RED>=0.58,309479.0,False,0.92,49.5,,404900.0,19250.0,93300.0,49.5,22466.0,240135.0,331945.0,climate_shock,1.0,demand_trough,0.7297,working_capital_erosion,0.2647,"{""model"": 0.45, ""rule"": 0.55}",hgb_stress_v1.2,rules_v1.2_18rules,2025-04-30,11400.0,2025-05-30,2025-05-30,2025-07-14,True,False,
AL00947,AS008251,ENT0251,2023-11-30,FOODPROC,1,0.053466911974830916,0.00589622633279191,0.8211,0.4757,AMBER,AMBER>=0.38;RED>=0.58,332162.0,False,0.787,10.0,-5.65,0.0,0.0,81400.0,-17.9,-56349.0,170447.0,275813.0,working_capital_erosion,0.7353,demand_trough,0.7297,debt_overhang,0.7222,"{""model"": 0.45, ""rule"": 0.55}",hgb_stress_v1.2,rules_v1.2_18rules,2023-11-30,174200.0,2024-04-28,2024-04-28,2024-02-13,True,False,
AL00948,AS008253,ENT0251,2024-01-31,FOODPROC,1,0.8593875746644568,0.042782795890709414,0.5789,0.7051,RED,AMBER>=0.38;RED>=0.58,352648.0,False,0.802,8.6,-1.38,0.0,0.0,68600.0,-9.9,-160521.0,68094.0,192127.0,working_capital_erosion,0.7353,debt_overhang,0.3056,climate_shock,0.2857,"{""model"": 0.45, ""rule"": 0.55}",hgb_stress_v1.2,rules_v1.2_18rules,2024-01-31,153100.0,2024-05-30,2024-05-30,2024-04-15,True,False,
AL00949,AS008255,ENT0251,2024-03-31,FOODPROC,1,0.05488944333417424,0.018583907985880745,0.8,0.4647,AMBER,AMBER>=0.38;RED>=0.58,410990.0,False,0.808,7.3,0.04,600.0,29.0,124800.0,-6.3,-120259.0,274597.0,290731.0,working_capital_erosion,1.0,demand_trough,0.3243,debt_overhang,0.3056,"{""model"": 0.45, ""rule"": 0.55}",hgb_stress_v1.2,rules_v1.2_18rules,2024-03-31,101500.0,2024-06-29,2024-06-29,2024-06-14,True,False,
AL00950,AS008268,ENT0251,2025-04-30,FOODPROC,1,0.0003372712709315561,0.0010291823034158521,0.9474,0.5212,AMBER,AMBER>=0.38;RED>=0.58,427360.0,False,0.86,12.1,5.99,537500.0,25554.0,160300.0,12.1,-94005.0,304500.0,333355.0,demand_trough,1.0,climate_shock,0.7143,working_capital_erosion,0.5588,"{""model"": 0.45, ""rule"": 0.55}",hgb_stress_v1.2,rules_v1.2_18rules,2025-04-30,166400.0,2025-08-28,2025-08-28,2025-07-14,True,False,
AL00951,AS008280,ENT0251,2026-04-30,FOODPROC,1,0.00014675053701857521,4.485224609904626e-05,0.7474,0.4111,AMBER,AMBER>=0.38;RED>=0.58,575589.0,False,0.923,41.9,8.19,670800.0,31891.0,239800.0,41.9,-108398.0,315490.0,467191.0,climate_shock,1.0,demand_trough,0.7297,working_capital_erosion,0.2647,"{""model"": 0.45, ""rule"": 0.55}",hgb_stress_v1.2,rules_v1.2_18rules,2026-04-30,129800.0,2026-08-28,2026-08-28,2026-07-14,True,False,2026-05-04
AL00952,AS008293,ENT0252,2024-08-31,POULTRY,3,0.02440274395454188,6.093207073727138e-05,0.8,0.451,AMBER,AMBER>=0.38;RED>=0.58,173322.0,True,0.421,13.5,,29600.0,1407.0,2700.0,13.5,-50351.0,55255.0,122971.0,margin_squeeze,1.0,working_capital_erosion,0.5588,receivable_stretch,0.3333,"{""model"": 0.45, ""rule"": 0.55}",hgb_stress_v1.2,rules_v1.2_18rules,2024-08-31,94400.0,2024-12-29,2024-12-29,2024-11-14,True,False,
AL00953,AS008301,ENT0252,2025-04-30,POULTRY,3,0.03285193142330205,5.434105318587231e-05,0.8105,0.4606,AMBER,AMBER>=0.38;RED>=0.58,115292.0,True,0.423,187.9,,16800.0,799.0,0.0,187.9,-33355.0,-19389.0,81937.0,climate_shock,1.0,demand_trough,0.5946,margin_squeeze,0.5714,"{""model"": 0.45, ""rule"": 0.55}",hgb_stress_v1.2,rules_v1.2_18rules,2025-04-30,162900.0,2025-10-27,2025-10-27,2025-07-14,True,False,
AL00954,AS008313,ENT0252,2026-04-30,POULTRY,3,0.24023099354047073,0.0010847553902547326,0.6947,0.4902,AMBER,AMBER>=0.38;RED>=0.58,157346.0,True,0.435,23.2,,7200.0,342.0,4200.0,23.2,-32148.0,41873.0,125198.0,climate_shock,0.7143,receivable_stretch,0.3333,demand_trough,0.3243,"{""model"": 0.45, ""rule"": 0.55}",hgb_stress_v1.2,rules_v1.2_18rules,2026-04-30,90100.0,2026-08-28,2026-08-28,2026-07-14,True,False,
AL00955,AS008315,ENT0252,2026-06-30,POULTRY,3,0.6090064202492966,0.0010049159838029197,0.5895,0.5983,RED,AMBER>=0.38;RED>=0.58,,True,0.434,27.6,,21200.0,1008.0,37700.0,27.6,,,,margin_squeeze,1.0,demand_trough,0.3243,working_capital_erosion,0.2647,"{""model"": 0.45, ""rule"": 0.55}",hgb_stress_v1.2,rules_v1.2_18rules,2026-06-30,273000.0,2026-11-27,2026-11-27,2026-09-13,True,False,
