recommendation_id,alert_id,enterprise_id,rank,mechanism,action_key,params,audience,rendered_lang
RC000001,AL00001,ENT0001,1,receivable_stretch,collect_udhaar,"{""amount"": 66200.0, ""days"": 30, ""months"": 3}",merchant,gu
RC000002,AL00001,ENT0001,2,demand_trough,stagger_batch,"{""amount"": 66200.0, ""days"": 30, ""months"": 3}",merchant,gu
RC000003,AL00001,ENT0001,3,climate_shock,prebook_input,"{""amount"": 66200.0, ""days"": 30, ""months"": 3}",merchant,gu
RC000004,AL00002,ENT0001,1,margin_squeeze,prebook_input,"{""amount"": 60900.0, ""days"": 30, ""months"": 3}",merchant,gu
RC000005,AL00002,ENT0001,2,receivable_stretch,collect_udhaar,"{""amount"": 60900.0, ""days"": 30, ""months"": 3}",merchant,gu
RC000006,AL00002,ENT0001,3,climate_shock,prebook_input,"{""amount"": 60900.0, ""days"": 30, ""months"": 3}",merchant,gu
RC000007,AL00003,ENT0001,1,margin_squeeze,prebook_input,"{""amount"": 25000.0, ""days"": 30, ""months"": 3}",merchant,gu
RC000008,AL00003,ENT0001,2,working_capital_erosion,request_bridge_loan,"{""amount"": 25000.0, ""days"": 30, ""months"": 3}",both,gu
RC000009,AL00004,ENT0001,1,margin_squeeze,prebook_input,"{""amount"": 2000.0, ""days"": 30, ""months"": 3}",merchant,gu
RC000010,AL00004,ENT0001,2,working_capital_erosion,request_bridge_loan,"{""amount"": 2000.0, ""days"": 30, ""months"": 3}",both,gu
RC000011,AL00004,ENT0001,3,receivable_stretch,collect_udhaar,"{""amount"": 2000.0, ""days"": 30, ""months"": 3}",merchant,gu
RC000012,AL00005,ENT0001,1,working_capital_erosion,request_bridge_loan,"{""amount"": 17700.0, ""days"": 30, ""months"": 3}",both,gu
RC000013,AL00005,ENT0001,2,receivable_stretch,collect_udhaar,"{""amount"": 17700.0, ""days"": 30, ""months"": 3}",merchant,gu
RC000014,AL00005,ENT0001,3,debt_overhang,restructure_emi,"{""amount"": 17700.0, ""days"": 30, ""months"": 3}",both,gu
RC000015,AL00006,ENT0001,1,demand_trough,stagger_batch,"{""amount"": 79200.0, ""days"": 30, ""months"": 3}",merchant,gu
RC000016,AL00007,ENT0001,1,climate_shock,prebook_input,"{""amount"": 73500.0, ""days"": 30, ""months"": 3}",merchant,gu
RC000017,AL00007,ENT0001,2,working_capital_erosion,request_bridge_loan,"{""amount"": 73500.0, ""days"": 30, ""months"": 3}",both,gu
RC000018,AL00007,ENT0001,3,margin_squeeze,prebook_input,"{""amount"": 73500.0, ""days"": 30, ""months"": 3}",merchant,gu
RC000019,AL00008,ENT0001,1,margin_squeeze,prebook_input,"{""amount"": 17000.0, ""days"": 30, ""months"": 3}",merchant,gu
RC000020,AL00008,ENT0001,2,working_capital_erosion,request_bridge_loan,"{""amount"": 17000.0, ""days"": 30, ""months"": 3}",both,gu
RC000021,AL00008,ENT0001,3,debt_overhang,restructure_emi,"{""amount"": 17000.0, ""days"": 30, ""months"": 3}",both,gu
RC000022,AL00009,ENT0001,1,working_capital_erosion,request_bridge_loan,"{""amount"": 8900.0, ""days"": 30, ""months"": 3}",both,gu
RC000023,AL00009,ENT0001,2,debt_overhang,restructure_emi,"{""amount"": 8900.0, ""days"": 30, ""months"": 3}",both,gu
RC000024,AL00009,ENT0001,3,margin_squeeze,prebook_input,"{""amount"": 8900.0, ""days"": 30, ""months"": 3}",merchant,gu
RC000025,AL00010,ENT0001,1,demand_trough,stagger_batch,"{""amount"": 59000.0, ""days"": 30, ""months"": 3}",merchant,gu
RC000026,AL00010,ENT0001,2,receivable_stretch,collect_udhaar,"{""amount"": 59000.0, ""days"": 30, ""months"": 3}",merchant,gu
RC000027,AL00010,ENT0001,3,debt_overhang,restructure_emi,"{""amount"": 59000.0, ""days"": 30, ""months"": 3}",both,gu
RC000028,AL00011,ENT0001,1,demand_trough,stagger_batch,"{""amount"": 86200.0, ""days"": 30, ""months"": 3}",merchant,gu
RC000029,AL00011,ENT0001,2,margin_squeeze,prebook_input,"{""amount"": 86200.0, ""days"": 30, ""months"": 3}",merchant,gu
RC000030,AL00012,ENT0001,1,margin_squeeze,prebook_input,"{""amount"": 49900.0, ""days"": 30, ""months"": 3}",merchant,gu
RC000031,AL00012,ENT0001,2,working_capital_erosion,request_bridge_loan,"{""amount"": 49900.0, ""days"": 30, ""months"": 3}",both,gu
RC000032,AL00012,ENT0001,3,receivable_stretch,collect_udhaar,"{""amount"": 49900.0, ""days"": 30, ""months"": 3}",merchant,gu
RC000033,AL00013,ENT0001,1,margin_squeeze,prebook_input,"{""amount"": 36700.0, ""days"": 30, ""months"": 3}",merchant,gu
RC000034,AL00013,ENT0001,2,working_capital_erosion,request_bridge_loan,"{""amount"": 36700.0, ""days"": 30, ""months"": 3}",both,gu
RC000035,AL00013,ENT0001,3,debt_overhang,restructure_emi,"{""amount"": 36700.0, ""days"": 30, ""months"": 3}",both,gu
RC000036,AL00014,ENT0002,1,working_capital_erosion,request_bridge_loan,"{""amount"": 24000.0, ""days"": 30, ""months"": 3}",both,as
RC000037,AL00014,ENT0002,2,demand_trough,stagger_batch,"{""amount"": 24000.0, ""days"": 30, ""months"": 3}",merchant,as
RC000038,AL00014,ENT0002,3,debt_overhang,restructure_emi,"{""amount"": 24000.0, ""days"": 30, ""months"": 3}",both,as
RC000039,AL00015,ENT0002,1,demand_trough,stagger_batch,"{""amount"": 7200.0, ""days"": 30, ""months"": 3}",merchant,as
RC000040,AL00015,ENT0002,2,climate_shock,prebook_input,"{""amount"": 7200.0, ""days"": 30, ""months"": 3}",merchant,as
RC000041,AL00015,ENT0002,3,receivable_stretch,collect_udhaar,"{""amount"": 7200.0, ""days"": 30, ""months"": 3}",merchant,as
RC000042,AL00016,ENT0002,1,demand_trough,stagger_batch,"{""amount"": 2000.0, ""days"": 30, ""months"": 3}",merchant,as
RC000043,AL00016,ENT0002,2,climate_shock,prebook_input,"{""amount"": 2000.0, ""days"": 30, ""months"": 3}",merchant,as
RC000044,AL00016,ENT0002,3,receivable_stretch,collect_udhaar,"{""amount"": 2000.0, ""days"": 30, ""months"": 3}",merchant,as
RC000045,AL00017,ENT0003,1,debt_overhang,restructure_emi,"{""amount"": 50500.0, ""days"": 30, ""months"": 3}",both,mr
RC000046,AL00017,ENT0003,2,working_capital_erosion,request_bridge_loan,"{""amount"": 50500.0, ""days"": 30, ""months"": 3}",both,mr
RC000047,AL00017,ENT0003,3,demand_trough,stagger_batch,"{""amount"": 50500.0, ""days"": 30, ""months"": 3}",merchant,mr
RC000048,AL00018,ENT0003,1,working_capital_erosion,request_bridge_loan,"{""amount"": 71300.0, ""days"": 30, ""months"": 3}",both,mr
RC000049,AL00018,ENT0003,2,debt_overhang,restructure_emi,"{""amount"": 71300.0, ""days"": 30, ""months"": 3}",both,mr
RC000050,AL00018,ENT0003,3,climate_shock,prebook_input,"{""amount"": 71300.0, ""days"": 30, ""months"": 3}",merchant,mr
RC000051,AL00019,ENT0003,1,working_capital_erosion,request_bridge_loan,"{""amount"": 25300.0, ""days"": 30, ""months"": 3}",both,mr
RC000052,AL00019,ENT0003,2,demand_trough,stagger_batch,"{""amount"": 25300.0, ""days"": 30, ""months"": 3}",merchant,mr
RC000053,AL00019,ENT0003,3,debt_overhang,restructure_emi,"{""amount"": 25300.0, ""days"": 30, ""months"": 3}",both,mr
RC000054,AL00020,ENT0003,1,working_capital_erosion,request_bridge_loan,"{""amount"": 14300.0, ""days"": 30, ""months"": 3}",both,mr
RC000055,AL00020,ENT0003,2,demand_trough,stagger_batch,"{""amount"": 14300.0, ""days"": 30, ""months"": 3}",merchant,mr
RC000056,AL00020,ENT0003,3,debt_overhang,restructure_emi,"{""amount"": 14300.0, ""days"": 30, ""months"": 3}",both,mr
RC000057,AL00021,ENT0003,1,demand_trough,stagger_batch,"{""amount"": 85400.0, ""days"": 30, ""months"": 3}",merchant,mr
RC000058,AL00021,ENT0003,2,climate_shock,prebook_input,"{""amount"": 85400.0, ""days"": 30, ""months"": 3}",merchant,mr
RC000059,AL00021,ENT0003,3,working_capital_erosion,request_bridge_loan,"{""amount"": 85400.0, ""days"": 30, ""months"": 3}",both,mr
RC000060,AL00022,ENT0003,1,demand_trough,stagger_batch,"{""amount"": 21400.0, ""days"": 30, ""months"": 3}",merchant,mr
RC000061,AL00022,ENT0003,2,climate_shock,prebook_input,"{""amount"": 21400.0, ""days"": 30, ""months"": 3}",merchant,mr
RC000062,AL00022,ENT0003,3,working_capital_erosion,request_bridge_loan,"{""amount"": 21400.0, ""days"": 30, ""months"": 3}",both,mr
RC000063,AL00023,ENT0004,1,climate_shock,prebook_input,"{""amount"": 18100.0, ""days"": 30, ""months"": 3}",merchant,te
RC000064,AL00023,ENT0004,2,demand_trough,stagger_batch,"{""amount"": 18100.0, ""days"": 30, ""months"": 3}",merchant,te
RC000065,AL00023,ENT0004,3,working_capital_erosion,request_bridge_loan,"{""amount"": 18100.0, ""days"": 30, ""months"": 3}",both,te
RC000066,AL00024,ENT0004,1,demand_trough,stagger_batch,"{""amount"": 102100.0, ""days"": 30, ""months"": 3}",merchant,te
RC000067,AL00024,ENT0004,2,climate_shock,prebook_input,"{""amount"": 102100.0, ""days"": 30, ""months"": 3}",merchant,te
RC000068,AL00024,ENT0004,3,receivable_stretch,collect_udhaar,"{""amount"": 102100.0, ""days"": 30, ""months"": 3}",merchant,te
RC000069,AL00025,ENT0005,1,working_capital_erosion,request_bridge_loan,"{""amount"": 31000.0, ""days"": 30, ""months"": 3}",both,hi
RC000070,AL00025,ENT0005,2,debt_overhang,restructure_emi,"{""amount"": 31000.0, ""days"": 30, ""months"": 3}",both,hi
RC000071,AL00025,ENT0005,3,receivable_stretch,collect_udhaar,"{""amount"": 31000.0, ""days"": 30, ""months"": 3}",merchant,hi
RC000072,AL00026,ENT0005,1,working_capital_erosion,request_bridge_loan,"{""amount"": 25200.0, ""days"": 30, ""months"": 3}",both,hi
RC000073,AL00026,ENT0005,2,receivable_stretch,collect_udhaar,"{""amount"": 25200.0, ""days"": 30, ""months"": 3}",merchant,hi
RC000074,AL00026,ENT0005,3,demand_trough,stagger_batch,"{""amount"": 25200.0, ""days"": 30, ""months"": 3}",merchant,hi
RC000075,AL00027,ENT0005,1,receivable_stretch,collect_udhaar,"{""amount"": 19000.0, ""days"": 30, ""months"": 3}",merchant,hi
RC000076,AL00027,ENT0005,2,demand_trough,stagger_batch,"{""amount"": 19000.0, ""days"": 30, ""months"": 3}",merchant,hi
RC000077,AL00028,ENT0005,1,receivable_stretch,collect_udhaar,"{""amount"": 79300.0, ""days"": 30, ""months"": 3}",merchant,hi
RC000078,AL00028,ENT0005,2,climate_shock,prebook_input,"{""amount"": 79300.0, ""days"": 30, ""months"": 3}",merchant,hi
RC000079,AL00028,ENT0005,3,working_capital_erosion,request_bridge_loan,"{""amount"": 79300.0, ""days"": 30, ""months"": 3}",both,hi
RC000080,AL00029,ENT0005,1,receivable_stretch,collect_udhaar,"{""amount"": 18700.0, ""days"": 30, ""months"": 3}",merchant,hi
RC000081,AL00029,ENT0005,2,demand_trough,stagger_batch,"{""amount"": 18700.0, ""days"": 30, ""months"": 3}",merchant,hi
RC000082,AL00029,ENT0005,3,working_capital_erosion,request_bridge_loan,"{""amount"": 18700.0, ""days"": 30, ""months"": 3}",both,hi
RC000083,AL00030,ENT0005,1,receivable_stretch,collect_udhaar,"{""amount"": 49500.0, ""days"": 30, ""months"": 3}",merchant,hi
RC000084,AL00030,ENT0005,2,climate_shock,prebook_input,"{""amount"": 49500.0, ""days"": 30, ""months"": 3}",merchant,hi
RC000085,AL00030,ENT0005,3,working_capital_erosion,request_bridge_loan,"{""amount"": 49500.0, ""days"": 30, ""months"": 3}",both,hi
RC000086,AL00031,ENT0006,1,demand_trough,stagger_batch,"{""amount"": 198000.0, ""days"": 30, ""months"": 3}",merchant,te
RC000087,AL00031,ENT0006,2,climate_shock,prebook_input,"{""amount"": 198000.0, ""days"": 30, ""months"": 3}",merchant,te
RC000088,AL00031,ENT0006,3,debt_overhang,restructure_emi,"{""amount"": 198000.0, ""days"": 30, ""months"": 3}",both,te
RC000089,AL00032,ENT0006,1,margin_squeeze,prebook_input,"{""amount"": 132400.0, ""days"": 30, ""months"": 3}",merchant,te
RC000090,AL00032,ENT0006,2,debt_overhang,restructure_emi,"{""amount"": 132400.0, ""days"": 30, ""months"": 3}",both,te
RC000091,AL00032,ENT0006,3,working_capital_erosion,request_bridge_loan,"{""amount"": 132400.0, ""days"": 30, ""months"": 3}",both,te
RC000092,AL00033,ENT0006,1,margin_squeeze,prebook_input,"{""amount"": 32200.0, ""days"": 30, ""months"": 3}",merchant,te
RC000093,AL00033,ENT0006,2,working_capital_erosion,request_bridge_loan,"{""amount"": 32200.0, ""days"": 30, ""months"": 3}",both,te
RC000094,AL00033,ENT0006,3,debt_overhang,restructure_emi,"{""amount"": 32200.0, ""days"": 30, ""months"": 3}",both,te
RC000095,AL00034,ENT0006,1,debt_overhang,restructure_emi,"{""amount"": 24900.0, ""days"": 30, ""months"": 3}",both,te
RC000096,AL00034,ENT0006,2,working_capital_erosion,request_bridge_loan,"{""amount"": 24900.0, ""days"": 30, ""months"": 3}",both,te
RC000097,AL00034,ENT0006,3,climate_shock,prebook_input,"{""amount"": 24900.0, ""days"": 30, ""months"": 3}",merchant,te
RC000098,AL00035,ENT0006,1,working_capital_erosion,request_bridge_loan,"{""amount"": 34100.0, ""days"": 30, ""months"": 3}",both,te
RC000099,AL00035,ENT0006,2,debt_overhang,restructure_emi,"{""amount"": 34100.0, ""days"": 30, ""months"": 3}",both,te
RC000100,AL00036,ENT0006,1,debt_overhang,restructure_emi,"{""amount"": 72900.0, ""days"": 30, ""months"": 3}",both,te
RC000101,AL00036,ENT0006,2,demand_trough,stagger_batch,"{""amount"": 72900.0, ""days"": 30, ""months"": 3}",merchant,te
RC000102,AL00036,ENT0006,3,working_capital_erosion,request_bridge_loan,"{""amount"": 72900.0, ""days"": 30, ""months"": 3}",both,te
RC000103,AL00037,ENT0006,1,demand_trough,stagger_batch,"{""amount"": 159100.0, ""days"": 30, ""months"": 3}",merchant,te
RC000104,AL00037,ENT0006,2,working_capital_erosion,request_bridge_loan,"{""amount"": 159100.0, ""days"": 30, ""months"": 3}",both,te
RC000105,AL00037,ENT0006,3,debt_overhang,restructure_emi,"{""amount"": 159100.0, ""days"": 30, ""months"": 3}",both,te
RC000106,AL00038,ENT0006,1,margin_squeeze,prebook_input,"{""amount"": 95400.0, ""days"": 30, ""months"": 3}",merchant,te
RC000107,AL00038,ENT0006,2,working_capital_erosion,request_bridge_loan,"{""amount"": 95400.0, ""days"": 30, ""months"": 3}",both,te
RC000108,AL00038,ENT0006,3,debt_overhang,restructure_emi,"{""amount"": 95400.0, ""days"": 30, ""months"": 3}",both,te
RC000109,AL00039,ENT0006,1,margin_squeeze,prebook_input,"{""amount"": 25800.0, ""days"": 30, ""months"": 3}",merchant,te
RC000110,AL00039,ENT0006,2,working_capital_erosion,request_bridge_loan,"{""amount"": 25800.0, ""days"": 30, ""months"": 3}",both,te
RC000111,AL00039,ENT0006,3,debt_overhang,restructure_emi,"{""amount"": 25800.0, ""days"": 30, ""months"": 3}",both,te
RC000112,AL00040,ENT0006,1,working_capital_erosion,request_bridge_loan,"{""amount"": 17600.0, ""days"": 30, ""months"": 3}",both,te
RC000113,AL00040,ENT0006,2,receivable_stretch,collect_udhaar,"{""amount"": 17600.0, ""days"": 30, ""months"": 3}",merchant,te
RC000114,AL00040,ENT0006,3,debt_overhang,restructure_emi,"{""amount"": 17600.0, ""days"": 30, ""months"": 3}",both,te
RC000115,AL00041,ENT0006,1,demand_trough,stagger_batch,"{""amount"": 139300.0, ""days"": 30, ""months"": 3}",merchant,te
RC000116,AL00041,ENT0006,2,climate_shock,prebook_input,"{""amount"": 139300.0, ""days"": 30, ""months"": 3}",merchant,te
RC000117,AL00042,ENT0006,1,margin_squeeze,prebook_input,"{""amount"": 61500.0, ""days"": 30, ""months"": 3}",merchant,te
RC000118,AL00042,ENT0006,2,working_capital_erosion,request_bridge_loan,"{""amount"": 61500.0, ""days"": 30, ""months"": 3}",both,te
RC000119,AL00042,ENT0006,3,receivable_stretch,collect_udhaar,"{""amount"": 61500.0, ""days"": 30, ""months"": 3}",merchant,te
RC000120,AL00043,ENT0006,1,margin_squeeze,prebook_input,"{""amount"": 45100.0, ""days"": 30, ""months"": 3}",merchant,te
RC000121,AL00043,ENT0006,2,working_capital_erosion,request_bridge_loan,"{""amount"": 45100.0, ""days"": 30, ""months"": 3}",both,te
RC000122,AL00043,ENT0006,3,debt_overhang,restructure_emi,"{""amount"": 45100.0, ""days"": 30, ""months"": 3}",both,te
RC000123,AL00044,ENT0007,1,debt_overhang,restructure_emi,"{""amount"": 15800.0, ""days"": 30, ""months"": 3}",both,te
RC000124,AL00044,ENT0007,2,working_capital_erosion,request_bridge_loan,"{""amount"": 15800.0, ""days"": 30, ""months"": 3}",both,te
RC000125,AL00044,ENT0007,3,demand_trough,stagger_batch,"{""amount"": 15800.0, ""days"": 30, ""months"": 3}",merchant,te
RC000126,AL00045,ENT0007,1,debt_overhang,restructure_emi,"{""amount"": 70800.0, ""days"": 30, ""months"": 3}",both,te
RC000127,AL00045,ENT0007,2,receivable_stretch,collect_udhaar,"{""amount"": 70800.0, ""days"": 30, ""months"": 3}",merchant,te
RC000128,AL00045,ENT0007,3,working_capital_erosion,request_bridge_loan,"{""amount"": 70800.0, ""days"": 30, ""months"": 3}",both,te
RC000129,AL00046,ENT0007,1,receivable_stretch,collect_udhaar,"{""amount"": 81500.0, ""days"": 30, ""months"": 3}",merchant,te
RC000130,AL00046,ENT0007,2,debt_overhang,restructure_emi,"{""amount"": 81500.0, ""days"": 30, ""months"": 3}",both,te
RC000131,AL00046,ENT0007,3,working_capital_erosion,request_bridge_loan,"{""amount"": 81500.0, ""days"": 30, ""months"": 3}",both,te
RC000132,AL00047,ENT0007,1,margin_squeeze,prebook_input,"{""amount"": 34000.0, ""days"": 30, ""months"": 3}",merchant,te
RC000133,AL00047,ENT0007,2,working_capital_erosion,request_bridge_loan,"{""amount"": 34000.0, ""days"": 30, ""months"": 3}",both,te
RC000134,AL00047,ENT0007,3,receivable_stretch,collect_udhaar,"{""amount"": 34000.0, ""days"": 30, ""months"": 3}",merchant,te
RC000135,AL00048,ENT0007,1,working_capital_erosion,request_bridge_loan,"{""amount"": 11100.0, ""days"": 30, ""months"": 3}",both,te
RC000136,AL00048,ENT0007,2,margin_squeeze,prebook_input,"{""amount"": 11100.0, ""days"": 30, ""months"": 3}",merchant,te
RC000137,AL00048,ENT0007,3,receivable_stretch,collect_udhaar,"{""amount"": 11100.0, ""days"": 30, ""months"": 3}",merchant,te
RC000138,AL00049,ENT0007,1,working_capital_erosion,request_bridge_loan,"{""amount"": 3000.0, ""days"": 30, ""months"": 3}",both,te
RC000139,AL00049,ENT0007,2,receivable_stretch,collect_udhaar,"{""amount"": 3000.0, ""days"": 30, ""months"": 3}",merchant,te
RC000140,AL00049,ENT0007,3,debt_overhang,restructure_emi,"{""amount"": 3000.0, ""days"": 30, ""months"": 3}",both,te
RC000141,AL00050,ENT0007,1,climate_shock,prebook_input,"{""amount"": 48700.0, ""days"": 30, ""months"": 3}",merchant,te
RC000142,AL00050,ENT0007,2,receivable_stretch,collect_udhaar,"{""amount"": 48700.0, ""days"": 30, ""months"": 3}",merchant,te
RC000143,AL00050,ENT0007,3,debt_overhang,restructure_emi,"{""amount"": 48700.0, ""days"": 30, ""months"": 3}",both,te
RC000144,AL00051,ENT0007,1,margin_squeeze,prebook_input,"{""amount"": 37200.0, ""days"": 30, ""months"": 3}",merchant,te
RC000145,AL00051,ENT0007,2,receivable_stretch,collect_udhaar,"{""amount"": 37200.0, ""days"": 30, ""months"": 3}",merchant,te
RC000146,AL00051,ENT0007,3,working_capital_erosion,request_bridge_loan,"{""amount"": 37200.0, ""days"": 30, ""months"": 3}",both,te
RC000147,AL00052,ENT0007,1,margin_squeeze,prebook_input,"{""amount"": 9500.0, ""days"": 30, ""months"": 3}",merchant,te
RC000148,AL00052,ENT0007,2,receivable_stretch,collect_udhaar,"{""amount"": 9500.0, ""days"": 30, ""months"": 3}",merchant,te
RC000149,AL00052,ENT0007,3,working_capital_erosion,request_bridge_loan,"{""amount"": 9500.0, ""days"": 30, ""months"": 3}",both,te
RC000150,AL00053,ENT0008,1,margin_squeeze,prebook_input,"{""amount"": 23800.0, ""days"": 30, ""months"": 3}",merchant,or
RC000151,AL00053,ENT0008,2,receivable_stretch,collect_udhaar,"{""amount"": 23800.0, ""days"": 30, ""months"": 3}",merchant,or
RC000152,AL00053,ENT0008,3,demand_trough,stagger_batch,"{""amount"": 23800.0, ""days"": 30, ""months"": 3}",merchant,or
RC000153,AL00054,ENT0009,1,debt_overhang,restructure_emi,"{""amount"": 167600.0, ""days"": 30, ""months"": 3}",both,mr
RC000154,AL00054,ENT0009,2,working_capital_erosion,request_bridge_loan,"{""amount"": 167600.0, ""days"": 30, ""months"": 3}",both,mr
RC000155,AL00054,ENT0009,3,demand_trough,stagger_batch,"{""amount"": 167600.0, ""days"": 30, ""months"": 3}",merchant,mr
RC000156,AL00055,ENT0010,1,margin_squeeze,prebook_input,"{""amount"": 9700.0, ""days"": 30, ""months"": 3}",merchant,hi
RC000157,AL00055,ENT0010,2,receivable_stretch,collect_udhaar,"{""amount"": 9700.0, ""days"": 30, ""months"": 3}",merchant,hi
RC000158,AL00055,ENT0010,3,climate_shock,prebook_input,"{""amount"": 9700.0, ""days"": 30, ""months"": 3}",merchant,hi
RC000159,AL00056,ENT0011,1,working_capital_erosion,request_bridge_loan,"{""amount"": 16900.0, ""days"": 30, ""months"": 3}",both,hi
RC000160,AL00056,ENT0011,2,debt_overhang,restructure_emi,"{""amount"": 16900.0, ""days"": 30, ""months"": 3}",both,hi
RC000161,AL00056,ENT0011,3,receivable_stretch,collect_udhaar,"{""amount"": 16900.0, ""days"": 30, ""months"": 3}",merchant,hi
RC000162,AL00057,ENT0011,1,receivable_stretch,collect_udhaar,"{""amount"": 29500.0, ""days"": 30, ""months"": 3}",merchant,hi
RC000163,AL00057,ENT0011,2,debt_overhang,restructure_emi,"{""amount"": 29500.0, ""days"": 30, ""months"": 3}",both,hi
RC000164,AL00057,ENT0011,3,demand_trough,stagger_batch,"{""amount"": 29500.0, ""days"": 30, ""months"": 3}",merchant,hi
RC000165,AL00058,ENT0011,1,receivable_stretch,collect_udhaar,"{""amount"": 22000.0, ""days"": 30, ""months"": 3}",merchant,hi
RC000166,AL00058,ENT0011,2,demand_trough,stagger_batch,"{""amount"": 22000.0, ""days"": 30, ""months"": 3}",merchant,hi
RC000167,AL00059,ENT0012,1,demand_trough,stagger_batch,"{""amount"": 9800.0, ""days"": 30, ""months"": 3}",merchant,mr
RC000168,AL00059,ENT0012,2,climate_shock,prebook_input,"{""amount"": 9800.0, ""days"": 30, ""months"": 3}",merchant,mr
RC000169,AL00059,ENT0012,3,working_capital_erosion,request_bridge_loan,"{""amount"": 9800.0, ""days"": 30, ""months"": 3}",both,mr
RC000170,AL00060,ENT0013,1,working_capital_erosion,request_bridge_loan,"{""amount"": 13800.0, ""days"": 30, ""months"": 3}",both,as
RC000171,AL00060,ENT0013,2,debt_overhang,restructure_emi,"{""amount"": 13800.0, ""days"": 30, ""months"": 3}",both,as
RC000172,AL00060,ENT0013,3,receivable_stretch,collect_udhaar,"{""amount"": 13800.0, ""days"": 30, ""months"": 3}",merchant,as
RC000173,AL00061,ENT0014,1,receivable_stretch,collect_udhaar,"{""amount"": 15200.0, ""days"": 30, ""months"": 3}",merchant,gu
RC000174,AL00061,ENT0014,2,demand_trough,stagger_batch,"{""amount"": 15200.0, ""days"": 30, ""months"": 3}",merchant,gu
RC000175,AL00061,ENT0014,3,debt_overhang,restructure_emi,"{""amount"": 15200.0, ""days"": 30, ""months"": 3}",both,gu
RC000176,AL00062,ENT0015,1,working_capital_erosion,request_bridge_loan,"{""amount"": 51000.0, ""days"": 30, ""months"": 3}",both,as
RC000177,AL00062,ENT0015,2,margin_squeeze,prebook_input,"{""amount"": 51000.0, ""days"": 30, ""months"": 3}",merchant,as
RC000178,AL00063,ENT0015,1,working_capital_erosion,request_bridge_loan,"{""amount"": 5700.0, ""days"": 30, ""months"": 3}",both,as
RC000179,AL00063,ENT0015,2,demand_trough,stagger_batch,"{""amount"": 5700.0, ""days"": 30, ""months"": 3}",merchant,as
RC000180,AL00063,ENT0015,3,margin_squeeze,prebook_input,"{""amount"": 5700.0, ""days"": 30, ""months"": 3}",merchant,as
RC000181,AL00064,ENT0016,1,debt_overhang,restructure_emi,"{""amount"": 9600.0, ""days"": 30, ""months"": 3}",both,or
RC000182,AL00064,ENT0016,2,working_capital_erosion,request_bridge_loan,"{""amount"": 9600.0, ""days"": 30, ""months"": 3}",both,or
RC000183,AL00064,ENT0016,3,receivable_stretch,collect_udhaar,"{""amount"": 9600.0, ""days"": 30, ""months"": 3}",merchant,or
RC000184,AL00065,ENT0016,1,working_capital_erosion,request_bridge_loan,"{""amount"": 18500.0, ""days"": 30, ""months"": 3}",both,or
RC000185,AL00065,ENT0016,2,receivable_stretch,collect_udhaar,"{""amount"": 18500.0, ""days"": 30, ""months"": 3}",merchant,or
RC000186,AL00065,ENT0016,3,debt_overhang,restructure_emi,"{""amount"": 18500.0, ""days"": 30, ""months"": 3}",both,or
RC000187,AL00066,ENT0016,1,working_capital_erosion,request_bridge_loan,"{""amount"": 43500.0, ""days"": 30, ""months"": 3}",both,or
RC000188,AL00066,ENT0016,2,debt_overhang,restructure_emi,"{""amount"": 43500.0, ""days"": 30, ""months"": 3}",both,or
RC000189,AL00066,ENT0016,3,receivable_stretch,collect_udhaar,"{""amount"": 43500.0, ""days"": 30, ""months"": 3}",merchant,or
RC000190,AL00067,ENT0016,1,receivable_stretch,collect_udhaar,"{""amount"": 55300.0, ""days"": 30, ""months"": 3}",merchant,or
RC000191,AL00067,ENT0016,2,debt_overhang,restructure_emi,"{""amount"": 55300.0, ""days"": 30, ""months"": 3}",both,or
RC000192,AL00067,ENT0016,3,margin_squeeze,prebook_input,"{""amount"": 55300.0, ""days"": 30, ""months"": 3}",merchant,or
RC000193,AL00068,ENT0016,1,working_capital_erosion,request_bridge_loan,"{""amount"": 19800.0, ""days"": 30, ""months"": 3}",both,or
RC000194,AL00068,ENT0016,2,debt_overhang,restructure_emi,"{""amount"": 19800.0, ""days"": 30, ""months"": 3}",both,or
RC000195,AL00068,ENT0016,3,receivable_stretch,collect_udhaar,"{""amount"": 19800.0, ""days"": 30, ""months"": 3}",merchant,or
RC000196,AL00069,ENT0016,1,working_capital_erosion,request_bridge_loan,"{""amount"": 5600.0, ""days"": 30, ""months"": 3}",both,or
RC000197,AL00069,ENT0016,2,demand_trough,stagger_batch,"{""amount"": 5600.0, ""days"": 30, ""months"": 3}",merchant,or
RC000198,AL00069,ENT0016,3,receivable_stretch,collect_udhaar,"{""amount"": 5600.0, ""days"": 30, ""months"": 3}",merchant,or
RC000199,AL00070,ENT0016,1,demand_trough,stagger_batch,"{""amount"": 8200.0, ""days"": 30, ""months"": 3}",merchant,or
RC000200,AL00070,ENT0016,2,receivable_stretch,collect_udhaar,"{""amount"": 8200.0, ""days"": 30, ""months"": 3}",merchant,or
RC000201,AL00070,ENT0016,3,working_capital_erosion,request_bridge_loan,"{""amount"": 8200.0, ""days"": 30, ""months"": 3}",both,or
RC000202,AL00071,ENT0017,1,margin_squeeze,prebook_input,"{""amount"": 161600.0, ""days"": 30, ""months"": 3}",merchant,as
RC000203,AL00071,ENT0017,2,receivable_stretch,collect_udhaar,"{""amount"": 161600.0, ""days"": 30, ""months"": 3}",merchant,as
RC000204,AL00071,ENT0017,3,demand_trough,stagger_batch,"{""amount"": 161600.0, ""days"": 30, ""months"": 3}",merchant,as
RC000205,AL00072,ENT0017,1,margin_squeeze,prebook_input,"{""amount"": 176500.0, ""days"": 30, ""months"": 3}",merchant,as
RC000206,AL00072,ENT0017,2,demand_trough,stagger_batch,"{""amount"": 176500.0, ""days"": 30, ""months"": 3}",merchant,as
RC000207,AL00072,ENT0017,3,working_capital_erosion,request_bridge_loan,"{""amount"": 176500.0, ""days"": 30, ""months"": 3}",both,as
RC000208,AL00073,ENT0018,1,margin_squeeze,prebook_input,"{""amount"": 5600.0, ""days"": 30, ""months"": 3}",merchant,as
RC000209,AL00073,ENT0018,2,receivable_stretch,collect_udhaar,"{""amount"": 5600.0, ""days"": 30, ""months"": 3}",merchant,as
RC000210,AL00073,ENT0018,3,demand_trough,stagger_batch,"{""amount"": 5600.0, ""days"": 30, ""months"": 3}",merchant,as
RC000211,AL00074,ENT0019,1,climate_shock,prebook_input,"{""amount"": 125900.0, ""days"": 30, ""months"": 3}",merchant,te
RC000212,AL00074,ENT0019,2,demand_trough,stagger_batch,"{""amount"": 125900.0, ""days"": 30, ""months"": 3}",merchant,te
RC000213,AL00074,ENT0019,3,margin_squeeze,prebook_input,"{""amount"": 125900.0, ""days"": 30, ""months"": 3}",merchant,te
RC000214,AL00075,ENT0019,1,margin_squeeze,prebook_input,"{""amount"": 98200.0, ""days"": 30, ""months"": 3}",merchant,te
RC000215,AL00075,ENT0019,2,working_capital_erosion,request_bridge_loan,"{""amount"": 98200.0, ""days"": 30, ""months"": 3}",both,te
RC000216,AL00075,ENT0019,3,demand_trough,stagger_batch,"{""amount"": 98200.0, ""days"": 30, ""months"": 3}",merchant,te
RC000217,AL00076,ENT0019,1,margin_squeeze,prebook_input,"{""amount"": 141400.0, ""days"": 30, ""months"": 3}",merchant,te
RC000218,AL00076,ENT0019,2,demand_trough,stagger_batch,"{""amount"": 141400.0, ""days"": 30, ""months"": 3}",merchant,te
RC000219,AL00076,ENT0019,3,working_capital_erosion,request_bridge_loan,"{""amount"": 141400.0, ""days"": 30, ""months"": 3}",both,te
RC000220,AL00077,ENT0020,1,working_capital_erosion,request_bridge_loan,"{""amount"": 49800.0, ""days"": 30, ""months"": 3}",both,as
RC000221,AL00077,ENT0020,2,demand_trough,stagger_batch,"{""amount"": 49800.0, ""days"": 30, ""months"": 3}",merchant,as
RC000222,AL00077,ENT0020,3,debt_overhang,restructure_emi,"{""amount"": 49800.0, ""days"": 30, ""months"": 3}",both,as
RC000223,AL00078,ENT0020,1,working_capital_erosion,request_bridge_loan,"{""amount"": 83600.0, ""days"": 30, ""months"": 3}",both,as
RC000224,AL00078,ENT0020,2,debt_overhang,restructure_emi,"{""amount"": 83600.0, ""days"": 30, ""months"": 3}",both,as
RC000225,AL00079,ENT0020,1,demand_trough,stagger_batch,"{""amount"": 125400.0, ""days"": 30, ""months"": 3}",merchant,as
RC000226,AL00079,ENT0020,2,climate_shock,prebook_input,"{""amount"": 125400.0, ""days"": 30, ""months"": 3}",merchant,as
RC000227,AL00079,ENT0020,3,working_capital_erosion,request_bridge_loan,"{""amount"": 125400.0, ""days"": 30, ""months"": 3}",both,as
RC000228,AL00080,ENT0022,1,demand_trough,stagger_batch,"{""amount"": 59700.0, ""days"": 30, ""months"": 3}",merchant,gu
RC000229,AL00080,ENT0022,2,margin_squeeze,prebook_input,"{""amount"": 59700.0, ""days"": 30, ""months"": 3}",merchant,gu
RC000230,AL00080,ENT0022,3,climate_shock,prebook_input,"{""amount"": 59700.0, ""days"": 30, ""months"": 3}",merchant,gu
RC000231,AL00081,ENT0022,1,margin_squeeze,prebook_input,"{""amount"": 38700.0, ""days"": 30, ""months"": 3}",merchant,gu
RC000232,AL00081,ENT0022,2,working_capital_erosion,request_bridge_loan,"{""amount"": 38700.0, ""days"": 30, ""months"": 3}",both,gu
RC000233,AL00081,ENT0022,3,climate_shock,prebook_input,"{""amount"": 38700.0, ""days"": 30, ""months"": 3}",merchant,gu
RC000234,AL00082,ENT0022,1,climate_shock,prebook_input,"{""amount"": 66700.0, ""days"": 30, ""months"": 3}",merchant,gu
RC000235,AL00082,ENT0022,2,working_capital_erosion,request_bridge_loan,"{""amount"": 66700.0, ""days"": 30, ""months"": 3}",both,gu
RC000236,AL00082,ENT0022,3,margin_squeeze,prebook_input,"{""amount"": 66700.0, ""days"": 30, ""months"": 3}",merchant,gu
RC000237,AL00083,ENT0022,1,margin_squeeze,prebook_input,"{""amount"": 12300.0, ""days"": 30, ""months"": 3}",merchant,gu
RC000238,AL00083,ENT0022,2,working_capital_erosion,request_bridge_loan,"{""amount"": 12300.0, ""days"": 30, ""months"": 3}",both,gu
RC000239,AL00083,ENT0022,3,receivable_stretch,collect_udhaar,"{""amount"": 12300.0, ""days"": 30, ""months"": 3}",merchant,gu
RC000240,AL00084,ENT0022,1,demand_trough,stagger_batch,"{""amount"": 83900.0, ""days"": 30, ""months"": 3}",merchant,gu
RC000241,AL00084,ENT0022,2,receivable_stretch,collect_udhaar,"{""amount"": 83900.0, ""days"": 30, ""months"": 3}",merchant,gu
RC000242,AL00084,ENT0022,3,working_capital_erosion,request_bridge_loan,"{""amount"": 83900.0, ""days"": 30, ""months"": 3}",both,gu
RC000243,AL00085,ENT0022,1,margin_squeeze,prebook_input,"{""amount"": 42900.0, ""days"": 30, ""months"": 3}",merchant,gu
RC000244,AL00085,ENT0022,2,working_capital_erosion,request_bridge_loan,"{""amount"": 42900.0, ""days"": 30, ""months"": 3}",both,gu
RC000245,AL00085,ENT0022,3,receivable_stretch,collect_udhaar,"{""amount"": 42900.0, ""days"": 30, ""months"": 3}",merchant,gu
RC000246,AL00086,ENT0023,1,margin_squeeze,prebook_input,"{""amount"": 19400.0, ""days"": 30, ""months"": 3}",merchant,mr
RC000247,AL00086,ENT0023,2,receivable_stretch,collect_udhaar,"{""amount"": 19400.0, ""days"": 30, ""months"": 3}",merchant,mr
RC000248,AL00086,ENT0023,3,climate_shock,prebook_input,"{""amount"": 19400.0, ""days"": 30, ""months"": 3}",merchant,mr
RC000249,AL00087,ENT0023,1,margin_squeeze,prebook_input,"{""amount"": 2000.0, ""days"": 30, ""months"": 3}",merchant,mr
RC000250,AL00087,ENT0023,2,receivable_stretch,collect_udhaar,"{""amount"": 2000.0, ""days"": 30, ""months"": 3}",merchant,mr
RC000251,AL00087,ENT0023,3,demand_trough,stagger_batch,"{""amount"": 2000.0, ""days"": 30, ""months"": 3}",merchant,mr
RC000252,AL00088,ENT0024,1,climate_shock,prebook_input,"{""amount"": 117200.0, ""days"": 30, ""months"": 3}",merchant,te
RC000253,AL00088,ENT0024,2,demand_trough,stagger_batch,"{""amount"": 117200.0, ""days"": 30, ""months"": 3}",merchant,te
RC000254,AL00088,ENT0024,3,margin_squeeze,prebook_input,"{""amount"": 117200.0, ""days"": 30, ""months"": 3}",merchant,te
RC000255,AL00089,ENT0025,1,climate_shock,prebook_input,"{""amount"": 2000.0, ""days"": 30, ""months"": 3}",merchant,te
RC000256,AL00089,ENT0025,2,receivable_stretch,collect_udhaar,"{""amount"": 2000.0, ""days"": 30, ""months"": 3}",merchant,te
RC000257,AL00089,ENT0025,3,demand_trough,stagger_batch,"{""amount"": 2000.0, ""days"": 30, ""months"": 3}",merchant,te
RC000258,AL00090,ENT0026,1,working_capital_erosion,request_bridge_loan,"{""amount"": 31100.0, ""days"": 30, ""months"": 3}",both,or
RC000259,AL00090,ENT0026,2,demand_trough,stagger_batch,"{""amount"": 31100.0, ""days"": 30, ""months"": 3}",merchant,or
RC000260,AL00090,ENT0026,3,debt_overhang,restructure_emi,"{""amount"": 31100.0, ""days"": 30, ""months"": 3}",both,or
RC000261,AL00091,ENT0026,1,demand_trough,stagger_batch,"{""amount"": 12000.0, ""days"": 30, ""months"": 3}",merchant,or
RC000262,AL00091,ENT0026,2,climate_shock,prebook_input,"{""amount"": 12000.0, ""days"": 30, ""months"": 3}",merchant,or
RC000263,AL00091,ENT0026,3,receivable_stretch,collect_udhaar,"{""amount"": 12000.0, ""days"": 30, ""months"": 3}",merchant,or
RC000264,AL00092,ENT0027,1,margin_squeeze,prebook_input,"{""amount"": 30100.0, ""days"": 30, ""months"": 3}",merchant,or
RC000265,AL00092,ENT0027,2,receivable_stretch,collect_udhaar,"{""amount"": 30100.0, ""days"": 30, ""months"": 3}",merchant,or
RC000266,AL00092,ENT0027,3,demand_trough,stagger_batch,"{""amount"": 30100.0, ""days"": 30, ""months"": 3}",merchant,or
RC000267,AL00093,ENT0028,1,demand_trough,stagger_batch,"{""amount"": 73600.0, ""days"": 30, ""months"": 3}",merchant,hi
RC000268,AL00093,ENT0028,2,climate_shock,prebook_input,"{""amount"": 73600.0, ""days"": 30, ""months"": 3}",merchant,hi
RC000269,AL00093,ENT0028,3,debt_overhang,restructure_emi,"{""amount"": 73600.0, ""days"": 30, ""months"": 3}",both,hi
RC000270,AL00094,ENT0028,1,margin_squeeze,prebook_input,"{""amount"": 70800.0, ""days"": 30, ""months"": 3}",merchant,hi
RC000271,AL00094,ENT0028,2,working_capital_erosion,request_bridge_loan,"{""amount"": 70800.0, ""days"": 30, ""months"": 3}",both,hi
RC000272,AL00094,ENT0028,3,receivable_stretch,collect_udhaar,"{""amount"": 70800.0, ""days"": 30, ""months"": 3}",merchant,hi
RC000273,AL00095,ENT0028,1,margin_squeeze,prebook_input,"{""amount"": 15000.0, ""days"": 30, ""months"": 3}",merchant,hi
RC000274,AL00095,ENT0028,2,working_capital_erosion,request_bridge_loan,"{""amount"": 15000.0, ""days"": 30, ""months"": 3}",both,hi
RC000275,AL00095,ENT0028,3,debt_overhang,restructure_emi,"{""amount"": 15000.0, ""days"": 30, ""months"": 3}",both,hi
RC000276,AL00096,ENT0028,1,receivable_stretch,collect_udhaar,"{""amount"": 85800.0, ""days"": 30, ""months"": 3}",merchant,hi
RC000277,AL00096,ENT0028,2,demand_trough,stagger_batch,"{""amount"": 85800.0, ""days"": 30, ""months"": 3}",merchant,hi
RC000278,AL00096,ENT0028,3,working_capital_erosion,request_bridge_loan,"{""amount"": 85800.0, ""days"": 30, ""months"": 3}",both,hi
RC000279,AL00097,ENT0028,1,margin_squeeze,prebook_input,"{""amount"": 37000.0, ""days"": 30, ""months"": 3}",merchant,hi
RC000280,AL00097,ENT0028,2,working_capital_erosion,request_bridge_loan,"{""amount"": 37000.0, ""days"": 30, ""months"": 3}",both,hi
RC000281,AL00098,ENT0028,1,margin_squeeze,prebook_input,"{""amount"": 3200.0, ""days"": 30, ""months"": 3}",merchant,hi
RC000282,AL00098,ENT0028,2,working_capital_erosion,request_bridge_loan,"{""amount"": 3200.0, ""days"": 30, ""months"": 3}",both,hi
RC000283,AL00098,ENT0028,3,receivable_stretch,collect_udhaar,"{""amount"": 3200.0, ""days"": 30, ""months"": 3}",merchant,hi
RC000284,AL00099,ENT0028,1,demand_trough,stagger_batch,"{""amount"": 83800.0, ""days"": 30, ""months"": 3}",merchant,hi
RC000285,AL00099,ENT0028,2,receivable_stretch,collect_udhaar,"{""amount"": 83800.0, ""days"": 30, ""months"": 3}",merchant,hi
RC000286,AL00099,ENT0028,3,climate_shock,prebook_input,"{""amount"": 83800.0, ""days"": 30, ""months"": 3}",merchant,hi
RC000287,AL00100,ENT0028,1,margin_squeeze,prebook_input,"{""amount"": 34300.0, ""days"": 30, ""months"": 3}",merchant,hi
RC000288,AL00100,ENT0028,2,working_capital_erosion,request_bridge_loan,"{""amount"": 34300.0, ""days"": 30, ""months"": 3}",both,hi
RC000289,AL00100,ENT0028,3,climate_shock,prebook_input,"{""amount"": 34300.0, ""days"": 30, ""months"": 3}",merchant,hi
RC000290,AL00101,ENT0028,1,margin_squeeze,prebook_input,"{""amount"": 41400.0, ""days"": 30, ""months"": 3}",merchant,hi
RC000291,AL00101,ENT0028,2,working_capital_erosion,request_bridge_loan,"{""amount"": 41400.0, ""days"": 30, ""months"": 3}",both,hi
RC000292,AL00101,ENT0028,3,debt_overhang,restructure_emi,"{""amount"": 41400.0, ""days"": 30, ""months"": 3}",both,hi
RC000293,AL00102,ENT0029,1,margin_squeeze,prebook_input,"{""amount"": 4400.0, ""days"": 30, ""months"": 3}",merchant,mr
RC000294,AL00102,ENT0029,2,receivable_stretch,collect_udhaar,"{""amount"": 4400.0, ""days"": 30, ""months"": 3}",merchant,mr
RC000295,AL00102,ENT0029,3,climate_shock,prebook_input,"{""amount"": 4400.0, ""days"": 30, ""months"": 3}",merchant,mr
RC000296,AL00103,ENT0030,1,margin_squeeze,prebook_input,"{""amount"": 81600.0, ""days"": 30, ""months"": 3}",merchant,gu
RC000297,AL00103,ENT0030,2,receivable_stretch,collect_udhaar,"{""amount"": 81600.0, ""days"": 30, ""months"": 3}",merchant,gu
RC000298,AL00103,ENT0030,3,demand_trough,stagger_batch,"{""amount"": 81600.0, ""days"": 30, ""months"": 3}",merchant,gu
RC000299,AL00104,ENT0030,1,margin_squeeze,prebook_input,"{""amount"": 40900.0, ""days"": 30, ""months"": 3}",merchant,gu
RC000300,AL00104,ENT0030,2,working_capital_erosion,request_bridge_loan,"{""amount"": 40900.0, ""days"": 30, ""months"": 3}",both,gu
RC000301,AL00104,ENT0030,3,receivable_stretch,collect_udhaar,"{""amount"": 40900.0, ""days"": 30, ""months"": 3}",merchant,gu
RC000302,AL00105,ENT0030,1,margin_squeeze,prebook_input,"{""amount"": 29200.0, ""days"": 30, ""months"": 3}",merchant,gu
RC000303,AL00105,ENT0030,2,working_capital_erosion,request_bridge_loan,"{""amount"": 29200.0, ""days"": 30, ""months"": 3}",both,gu
RC000304,AL00105,ENT0030,3,debt_overhang,restructure_emi,"{""amount"": 29200.0, ""days"": 30, ""months"": 3}",both,gu
RC000305,AL00106,ENT0030,1,climate_shock,prebook_input,"{""amount"": 74400.0, ""days"": 30, ""months"": 3}",merchant,gu
RC000306,AL00106,ENT0030,2,margin_squeeze,prebook_input,"{""amount"": 74400.0, ""days"": 30, ""months"": 3}",merchant,gu
RC000307,AL00106,ENT0030,3,receivable_stretch,collect_udhaar,"{""amount"": 74400.0, ""days"": 30, ""months"": 3}",merchant,gu
RC000308,AL00107,ENT0031,1,margin_squeeze,prebook_input,"{""amount"": 89400.0, ""days"": 30, ""months"": 3}",merchant,gu
RC000309,AL00107,ENT0031,2,receivable_stretch,collect_udhaar,"{""amount"": 89400.0, ""days"": 30, ""months"": 3}",merchant,gu
RC000310,AL00107,ENT0031,3,demand_trough,stagger_batch,"{""amount"": 89400.0, ""days"": 30, ""months"": 3}",merchant,gu
RC000311,AL00108,ENT0031,1,margin_squeeze,prebook_input,"{""amount"": 33900.0, ""days"": 30, ""months"": 3}",merchant,gu
RC000312,AL00108,ENT0031,2,working_capital_erosion,request_bridge_loan,"{""amount"": 33900.0, ""days"": 30, ""months"": 3}",both,gu
RC000313,AL00108,ENT0031,3,receivable_stretch,collect_udhaar,"{""amount"": 33900.0, ""days"": 30, ""months"": 3}",merchant,gu
RC000314,AL00109,ENT0031,1,demand_trough,stagger_batch,"{""amount"": 130900.0, ""days"": 30, ""months"": 3}",merchant,gu
RC000315,AL00110,ENT0031,1,margin_squeeze,prebook_input,"{""amount"": 34400.0, ""days"": 30, ""months"": 3}",merchant,gu
RC000316,AL00110,ENT0031,2,working_capital_erosion,request_bridge_loan,"{""amount"": 34400.0, ""days"": 30, ""months"": 3}",both,gu
RC000317,AL00110,ENT0031,3,receivable_stretch,collect_udhaar,"{""amount"": 34400.0, ""days"": 30, ""months"": 3}",merchant,gu
RC000318,AL00111,ENT0031,1,working_capital_erosion,request_bridge_loan,"{""amount"": 11500.0, ""days"": 30, ""months"": 3}",both,gu
RC000319,AL00111,ENT0031,2,margin_squeeze,prebook_input,"{""amount"": 11500.0, ""days"": 30, ""months"": 3}",merchant,gu
RC000320,AL00111,ENT0031,3,receivable_stretch,collect_udhaar,"{""amount"": 11500.0, ""days"": 30, ""months"": 3}",merchant,gu
RC000321,AL00112,ENT0031,1,working_capital_erosion,request_bridge_loan,"{""amount"": 2000.0, ""days"": 30, ""months"": 3}",both,gu
RC000322,AL00112,ENT0031,2,margin_squeeze,prebook_input,"{""amount"": 2000.0, ""days"": 30, ""months"": 3}",merchant,gu
RC000323,AL00112,ENT0031,3,receivable_stretch,collect_udhaar,"{""amount"": 2000.0, ""days"": 30, ""months"": 3}",merchant,gu
RC000324,AL00113,ENT0031,1,working_capital_erosion,request_bridge_loan,"{""amount"": 15100.0, ""days"": 30, ""months"": 3}",both,gu
RC000325,AL00113,ENT0031,2,receivable_stretch,collect_udhaar,"{""amount"": 15100.0, ""days"": 30, ""months"": 3}",merchant,gu
RC000326,AL00113,ENT0031,3,debt_overhang,restructure_emi,"{""amount"": 15100.0, ""days"": 30, ""months"": 3}",both,gu
RC000327,AL00114,ENT0031,1,demand_trough,stagger_batch,"{""amount"": 71300.0, ""days"": 30, ""months"": 3}",merchant,gu
RC000328,AL00114,ENT0031,2,margin_squeeze,prebook_input,"{""amount"": 71300.0, ""days"": 30, ""months"": 3}",merchant,gu
RC000329,AL00114,ENT0031,3,receivable_stretch,collect_udhaar,"{""amount"": 71300.0, ""days"": 30, ""months"": 3}",merchant,gu
RC000330,AL00115,ENT0031,1,margin_squeeze,prebook_input,"{""amount"": 51700.0, ""days"": 30, ""months"": 3}",merchant,gu
RC000331,AL00115,ENT0031,2,climate_shock,prebook_input,"{""amount"": 51700.0, ""days"": 30, ""months"": 3}",merchant,gu
RC000332,AL00115,ENT0031,3,working_capital_erosion,request_bridge_loan,"{""amount"": 51700.0, ""days"": 30, ""months"": 3}",both,gu
RC000333,AL00116,ENT0031,1,margin_squeeze,prebook_input,"{""amount"": 31000.0, ""days"": 30, ""months"": 3}",merchant,gu
RC000334,AL00116,ENT0031,2,working_capital_erosion,request_bridge_loan,"{""amount"": 31000.0, ""days"": 30, ""months"": 3}",both,gu
RC000335,AL00116,ENT0031,3,receivable_stretch,collect_udhaar,"{""amount"": 31000.0, ""days"": 30, ""months"": 3}",merchant,gu
RC000336,AL00117,ENT0032,1,margin_squeeze,prebook_input,"{""amount"": 2000.0, ""days"": 30, ""months"": 3}",merchant,or
RC000337,AL00117,ENT0032,2,receivable_stretch,collect_udhaar,"{""amount"": 2000.0, ""days"": 30, ""months"": 3}",merchant,or
RC000338,AL00117,ENT0032,3,demand_trough,stagger_batch,"{""amount"": 2000.0, ""days"": 30, ""months"": 3}",merchant,or
RC000339,AL00118,ENT0033,1,margin_squeeze,prebook_input,"{""amount"": 195700.0, ""days"": 30, ""months"": 3}",merchant,or
RC000340,AL00118,ENT0033,2,demand_trough,stagger_batch,"{""amount"": 195700.0, ""days"": 30, ""months"": 3}",merchant,or
RC000341,AL00118,ENT0033,3,working_capital_erosion,request_bridge_loan,"{""amount"": 195700.0, ""days"": 30, ""months"": 3}",both,or
RC000342,AL00119,ENT0033,1,climate_shock,prebook_input,"{""amount"": 241600.0, ""days"": 30, ""months"": 3}",merchant,or
RC000343,AL00119,ENT0033,2,demand_trough,stagger_batch,"{""amount"": 241600.0, ""days"": 30, ""months"": 3}",merchant,or
RC000344,AL00119,ENT0033,3,margin_squeeze,prebook_input,"{""amount"": 241600.0, ""days"": 30, ""months"": 3}",merchant,or
RC000345,AL00120,ENT0033,1,margin_squeeze,prebook_input,"{""amount"": 221900.0, ""days"": 30, ""months"": 3}",merchant,or
RC000346,AL00120,ENT0033,2,demand_trough,stagger_batch,"{""amount"": 221900.0, ""days"": 30, ""months"": 3}",merchant,or
RC000347,AL00121,ENT0033,1,margin_squeeze,prebook_input,"{""amount"": 82100.0, ""days"": 30, ""months"": 3}",merchant,or
RC000348,AL00121,ENT0033,2,working_capital_erosion,request_bridge_loan,"{""amount"": 82100.0, ""days"": 30, ""months"": 3}",both,or
RC000349,AL00121,ENT0033,3,receivable_stretch,collect_udhaar,"{""amount"": 82100.0, ""days"": 30, ""months"": 3}",merchant,or
RC000350,AL00122,ENT0033,1,working_capital_erosion,request_bridge_loan,"{""amount"": 141200.0, ""days"": 30, ""months"": 3}",both,or
RC000351,AL00122,ENT0033,2,debt_overhang,restructure_emi,"{""amount"": 141200.0, ""days"": 30, ""months"": 3}",both,or
RC000352,AL00122,ENT0033,3,demand_trough,stagger_batch,"{""amount"": 141200.0, ""days"": 30, ""months"": 3}",merchant,or
RC000353,AL00123,ENT0033,1,climate_shock,prebook_input,"{""amount"": 218000.0, ""days"": 30, ""months"": 3}",merchant,or
RC000354,AL00123,ENT0033,2,margin_squeeze,prebook_input,"{""amount"": 218000.0, ""days"": 30, ""months"": 3}",merchant,or
RC000355,AL00123,ENT0033,3,demand_trough,stagger_batch,"{""amount"": 218000.0, ""days"": 30, ""months"": 3}",merchant,or
RC000356,AL00124,ENT0033,1,margin_squeeze,prebook_input,"{""amount"": 114100.0, ""days"": 30, ""months"": 3}",merchant,or
RC000357,AL00124,ENT0033,2,working_capital_erosion,request_bridge_loan,"{""amount"": 114100.0, ""days"": 30, ""months"": 3}",both,or
RC000358,AL00124,ENT0033,3,receivable_stretch,collect_udhaar,"{""amount"": 114100.0, ""days"": 30, ""months"": 3}",merchant,or
RC000359,AL00125,ENT0034,1,working_capital_erosion,request_bridge_loan,"{""amount"": 50700.0, ""days"": 30, ""months"": 3}",both,or
RC000360,AL00125,ENT0034,2,demand_trough,stagger_batch,"{""amount"": 50700.0, ""days"": 30, ""months"": 3}",merchant,or
RC000361,AL00125,ENT0034,3,debt_overhang,restructure_emi,"{""amount"": 50700.0, ""days"": 30, ""months"": 3}",both,or
RC000362,AL00126,ENT0034,1,working_capital_erosion,request_bridge_loan,"{""amount"": 92000.0, ""days"": 30, ""months"": 3}",both,or
RC000363,AL00126,ENT0034,2,debt_overhang,restructure_emi,"{""amount"": 92000.0, ""days"": 30, ""months"": 3}",both,or
RC000364,AL00127,ENT0034,1,working_capital_erosion,request_bridge_loan,"{""amount"": 25800.0, ""days"": 30, ""months"": 3}",both,or
RC000365,AL00127,ENT0034,2,debt_overhang,restructure_emi,"{""amount"": 25800.0, ""days"": 30, ""months"": 3}",both,or
RC000366,AL00127,ENT0034,3,demand_trough,stagger_batch,"{""amount"": 25800.0, ""days"": 30, ""months"": 3}",merchant,or
RC000367,AL00128,ENT0034,1,working_capital_erosion,request_bridge_loan,"{""amount"": 38000.0, ""days"": 30, ""months"": 3}",both,or
RC000368,AL00128,ENT0034,2,demand_trough,stagger_batch,"{""amount"": 38000.0, ""days"": 30, ""months"": 3}",merchant,or
RC000369,AL00128,ENT0034,3,debt_overhang,restructure_emi,"{""amount"": 38000.0, ""days"": 30, ""months"": 3}",both,or
RC000370,AL00129,ENT0034,1,working_capital_erosion,request_bridge_loan,"{""amount"": 67600.0, ""days"": 30, ""months"": 3}",both,or
RC000371,AL00129,ENT0034,2,debt_overhang,restructure_emi,"{""amount"": 67600.0, ""days"": 30, ""months"": 3}",both,or
RC000372,AL00130,ENT0034,1,working_capital_erosion,request_bridge_loan,"{""amount"": 41900.0, ""days"": 30, ""months"": 3}",both,or
RC000373,AL00130,ENT0034,2,debt_overhang,restructure_emi,"{""amount"": 41900.0, ""days"": 30, ""months"": 3}",both,or
RC000374,AL00130,ENT0034,3,margin_squeeze,prebook_input,"{""amount"": 41900.0, ""days"": 30, ""months"": 3}",merchant,or
RC000375,AL00131,ENT0034,1,working_capital_erosion,request_bridge_loan,"{""amount"": 19500.0, ""days"": 30, ""months"": 3}",both,or
RC000376,AL00131,ENT0034,2,demand_trough,stagger_batch,"{""amount"": 19500.0, ""days"": 30, ""months"": 3}",merchant,or
RC000377,AL00131,ENT0034,3,debt_overhang,restructure_emi,"{""amount"": 19500.0, ""days"": 30, ""months"": 3}",both,or
RC000378,AL00132,ENT0034,1,demand_trough,stagger_batch,"{""amount"": 10700.0, ""days"": 30, ""months"": 3}",merchant,or
RC000379,AL00132,ENT0034,2,receivable_stretch,collect_udhaar,"{""amount"": 10700.0, ""days"": 30, ""months"": 3}",merchant,or
RC000380,AL00132,ENT0034,3,debt_overhang,restructure_emi,"{""amount"": 10700.0, ""days"": 30, ""months"": 3}",both,or
RC000381,AL00133,ENT0035,1,working_capital_erosion,request_bridge_loan,"{""amount"": 12700.0, ""days"": 30, ""months"": 3}",both,mr
RC000382,AL00133,ENT0035,2,debt_overhang,restructure_emi,"{""amount"": 12700.0, ""days"": 30, ""months"": 3}",both,mr
RC000383,AL00133,ENT0035,3,receivable_stretch,collect_udhaar,"{""amount"": 12700.0, ""days"": 30, ""months"": 3}",merchant,mr
RC000384,AL00134,ENT0035,1,working_capital_erosion,request_bridge_loan,"{""amount"": 30200.0, ""days"": 30, ""months"": 3}",both,mr
RC000385,AL00134,ENT0035,2,receivable_stretch,collect_udhaar,"{""amount"": 30200.0, ""days"": 30, ""months"": 3}",merchant,mr
RC000386,AL00134,ENT0035,3,demand_trough,stagger_batch,"{""amount"": 30200.0, ""days"": 30, ""months"": 3}",merchant,mr
RC000387,AL00135,ENT0035,1,receivable_stretch,collect_udhaar,"{""amount"": 55200.0, ""days"": 30, ""months"": 3}",merchant,mr
RC000388,AL00135,ENT0035,2,climate_shock,prebook_input,"{""amount"": 55200.0, ""days"": 30, ""months"": 3}",merchant,mr
RC000389,AL00135,ENT0035,3,margin_squeeze,prebook_input,"{""amount"": 55200.0, ""days"": 30, ""months"": 3}",merchant,mr
RC000390,AL00136,ENT0035,1,working_capital_erosion,request_bridge_loan,"{""amount"": 27100.0, ""days"": 30, ""months"": 3}",both,mr
RC000391,AL00136,ENT0035,2,receivable_stretch,collect_udhaar,"{""amount"": 27100.0, ""days"": 30, ""months"": 3}",merchant,mr
RC000392,AL00136,ENT0035,3,margin_squeeze,prebook_input,"{""amount"": 27100.0, ""days"": 30, ""months"": 3}",merchant,mr
RC000393,AL00137,ENT0035,1,working_capital_erosion,request_bridge_loan,"{""amount"": 13700.0, ""days"": 30, ""months"": 3}",both,mr
RC000394,AL00137,ENT0035,2,receivable_stretch,collect_udhaar,"{""amount"": 13700.0, ""days"": 30, ""months"": 3}",merchant,mr
RC000395,AL00137,ENT0035,3,demand_trough,stagger_batch,"{""amount"": 13700.0, ""days"": 30, ""months"": 3}",merchant,mr
RC000396,AL00138,ENT0035,1,working_capital_erosion,request_bridge_loan,"{""amount"": 26700.0, ""days"": 30, ""months"": 3}",both,mr
RC000397,AL00138,ENT0035,2,receivable_stretch,collect_udhaar,"{""amount"": 26700.0, ""days"": 30, ""months"": 3}",merchant,mr
RC000398,AL00138,ENT0035,3,demand_trough,stagger_batch,"{""amount"": 26700.0, ""days"": 30, ""months"": 3}",merchant,mr
RC000399,AL00139,ENT0035,1,receivable_stretch,collect_udhaar,"{""amount"": 41400.0, ""days"": 30, ""months"": 3}",merchant,mr
RC000400,AL00139,ENT0035,2,climate_shock,prebook_input,"{""amount"": 41400.0, ""days"": 30, ""months"": 3}",merchant,mr
RC000401,AL00139,ENT0035,3,demand_trough,stagger_batch,"{""amount"": 41400.0, ""days"": 30, ""months"": 3}",merchant,mr
RC000402,AL00140,ENT0036,1,working_capital_erosion,request_bridge_loan,"{""amount"": 18800.0, ""days"": 30, ""months"": 3}",both,as
RC000403,AL00140,ENT0036,2,receivable_stretch,collect_udhaar,"{""amount"": 18800.0, ""days"": 30, ""months"": 3}",merchant,as
RC000404,AL00140,ENT0036,3,demand_trough,stagger_batch,"{""amount"": 18800.0, ""days"": 30, ""months"": 3}",merchant,as
RC000405,AL00141,ENT0036,1,receivable_stretch,collect_udhaar,"{""amount"": 47400.0, ""days"": 30, ""months"": 3}",merchant,as
RC000406,AL00141,ENT0036,2,margin_squeeze,prebook_input,"{""amount"": 47400.0, ""days"": 30, ""months"": 3}",merchant,as
RC000407,AL00142,ENT0036,1,working_capital_erosion,request_bridge_loan,"{""amount"": 24700.0, ""days"": 30, ""months"": 3}",both,as
RC000408,AL00142,ENT0036,2,receivable_stretch,collect_udhaar,"{""amount"": 24700.0, ""days"": 30, ""months"": 3}",merchant,as
RC000409,AL00142,ENT0036,3,margin_squeeze,prebook_input,"{""amount"": 24700.0, ""days"": 30, ""months"": 3}",merchant,as
RC000410,AL00143,ENT0036,1,receivable_stretch,collect_udhaar,"{""amount"": 47500.0, ""days"": 30, ""months"": 3}",merchant,as
RC000411,AL00143,ENT0036,2,working_capital_erosion,request_bridge_loan,"{""amount"": 47500.0, ""days"": 30, ""months"": 3}",both,as
RC000412,AL00143,ENT0036,3,margin_squeeze,prebook_input,"{""amount"": 47500.0, ""days"": 30, ""months"": 3}",merchant,as
RC000413,AL00144,ENT0036,1,receivable_stretch,collect_udhaar,"{""amount"": 18600.0, ""days"": 30, ""months"": 3}",merchant,as
RC000414,AL00144,ENT0036,2,working_capital_erosion,request_bridge_loan,"{""amount"": 18600.0, ""days"": 30, ""months"": 3}",both,as
RC000415,AL00144,ENT0036,3,demand_trough,stagger_batch,"{""amount"": 18600.0, ""days"": 30, ""months"": 3}",merchant,as
RC000416,AL00145,ENT0036,1,receivable_stretch,collect_udhaar,"{""amount"": 6600.0, ""days"": 30, ""months"": 3}",merchant,as
RC000417,AL00145,ENT0036,2,demand_trough,stagger_batch,"{""amount"": 6600.0, ""days"": 30, ""months"": 3}",merchant,as
RC000418,AL00145,ENT0036,3,working_capital_erosion,request_bridge_loan,"{""amount"": 6600.0, ""days"": 30, ""months"": 3}",both,as
RC000419,AL00146,ENT0037,1,working_capital_erosion,request_bridge_loan,"{""amount"": 21200.0, ""days"": 30, ""months"": 3}",both,hi
RC000420,AL00146,ENT0037,2,debt_overhang,restructure_emi,"{""amount"": 21200.0, ""days"": 30, ""months"": 3}",both,hi
RC000421,AL00146,ENT0037,3,receivable_stretch,collect_udhaar,"{""amount"": 21200.0, ""days"": 30, ""months"": 3}",merchant,hi
RC000422,AL00147,ENT0037,1,receivable_stretch,collect_udhaar,"{""amount"": 25700.0, ""days"": 30, ""months"": 3}",merchant,hi
RC000423,AL00147,ENT0037,2,debt_overhang,restructure_emi,"{""amount"": 25700.0, ""days"": 30, ""months"": 3}",both,hi
RC000424,AL00147,ENT0037,3,working_capital_erosion,request_bridge_loan,"{""amount"": 25700.0, ""days"": 30, ""months"": 3}",both,hi
RC000425,AL00148,ENT0037,1,receivable_stretch,collect_udhaar,"{""amount"": 10800.0, ""days"": 30, ""months"": 3}",merchant,hi
RC000426,AL00148,ENT0037,2,working_capital_erosion,request_bridge_loan,"{""amount"": 10800.0, ""days"": 30, ""months"": 3}",both,hi
RC000427,AL00148,ENT0037,3,debt_overhang,restructure_emi,"{""amount"": 10800.0, ""days"": 30, ""months"": 3}",both,hi
RC000428,AL00149,ENT0037,1,receivable_stretch,collect_udhaar,"{""amount"": 9000.0, ""days"": 30, ""months"": 3}",merchant,hi
RC000429,AL00149,ENT0037,2,demand_trough,stagger_batch,"{""amount"": 9000.0, ""days"": 30, ""months"": 3}",merchant,hi
RC000430,AL00149,ENT0037,3,debt_overhang,restructure_emi,"{""amount"": 9000.0, ""days"": 30, ""months"": 3}",both,hi
RC000431,AL00150,ENT0037,1,receivable_stretch,collect_udhaar,"{""amount"": 45000.0, ""days"": 30, ""months"": 3}",merchant,hi
RC000432,AL00150,ENT0037,2,climate_shock,prebook_input,"{""amount"": 45000.0, ""days"": 30, ""months"": 3}",merchant,hi
RC000433,AL00150,ENT0037,3,debt_overhang,restructure_emi,"{""amount"": 45000.0, ""days"": 30, ""months"": 3}",both,hi
RC000434,AL00151,ENT0037,1,receivable_stretch,collect_udhaar,"{""amount"": 14100.0, ""days"": 30, ""months"": 3}",merchant,hi
RC000435,AL00151,ENT0037,2,demand_trough,stagger_batch,"{""amount"": 14100.0, ""days"": 30, ""months"": 3}",merchant,hi
RC000436,AL00151,ENT0037,3,climate_shock,prebook_input,"{""amount"": 14100.0, ""days"": 30, ""months"": 3}",merchant,hi
RC000437,AL00152,ENT0038,1,demand_trough,stagger_batch,"{""amount"": 139900.0, ""days"": 30, ""months"": 3}",merchant,mr
RC000438,AL00152,ENT0038,2,climate_shock,prebook_input,"{""amount"": 139900.0, ""days"": 30, ""months"": 3}",merchant,mr
RC000439,AL00153,ENT0038,1,margin_squeeze,prebook_input,"{""amount"": 82800.0, ""days"": 30, ""months"": 3}",merchant,mr
RC000440,AL00153,ENT0038,2,receivable_stretch,collect_udhaar,"{""amount"": 82800.0, ""days"": 30, ""months"": 3}",merchant,mr
RC000441,AL00153,ENT0038,3,working_capital_erosion,request_bridge_loan,"{""amount"": 82800.0, ""days"": 30, ""months"": 3}",both,mr
RC000442,AL00154,ENT0038,1,margin_squeeze,prebook_input,"{""amount"": 30500.0, ""days"": 30, ""months"": 3}",merchant,mr
RC000443,AL00154,ENT0038,2,working_capital_erosion,request_bridge_loan,"{""amount"": 30500.0, ""days"": 30, ""months"": 3}",both,mr
RC000444,AL00154,ENT0038,3,climate_shock,prebook_input,"{""amount"": 30500.0, ""days"": 30, ""months"": 3}",merchant,mr
RC000445,AL00155,ENT0038,1,demand_trough,stagger_batch,"{""amount"": 137700.0, ""days"": 30, ""months"": 3}",merchant,mr
RC000446,AL00156,ENT0038,1,margin_squeeze,prebook_input,"{""amount"": 58100.0, ""days"": 30, ""months"": 3}",merchant,mr
RC000447,AL00156,ENT0038,2,working_capital_erosion,request_bridge_loan,"{""amount"": 58100.0, ""days"": 30, ""months"": 3}",both,mr
RC000448,AL00157,ENT0038,1,climate_shock,prebook_input,"{""amount"": 126600.0, ""days"": 30, ""months"": 3}",merchant,mr
RC000449,AL00157,ENT0038,2,margin_squeeze,prebook_input,"{""amount"": 126600.0, ""days"": 30, ""months"": 3}",merchant,mr
RC000450,AL00157,ENT0038,3,working_capital_erosion,request_bridge_loan,"{""amount"": 126600.0, ""days"": 30, ""months"": 3}",both,mr
RC000451,AL00158,ENT0038,1,margin_squeeze,prebook_input,"{""amount"": 45000.0, ""days"": 30, ""months"": 3}",merchant,mr
RC000452,AL00158,ENT0038,2,working_capital_erosion,request_bridge_loan,"{""amount"": 45000.0, ""days"": 30, ""months"": 3}",both,mr
RC000453,AL00158,ENT0038,3,debt_overhang,restructure_emi,"{""amount"": 45000.0, ""days"": 30, ""months"": 3}",both,mr
RC000454,AL00159,ENT0039,1,debt_overhang,restructure_emi,"{""amount"": 20100.0, ""days"": 30, ""months"": 3}",both,mr
RC000455,AL00159,ENT0039,2,working_capital_erosion,request_bridge_loan,"{""amount"": 20100.0, ""days"": 30, ""months"": 3}",both,mr
RC000456,AL00159,ENT0039,3,receivable_stretch,collect_udhaar,"{""amount"": 20100.0, ""days"": 30, ""months"": 3}",merchant,mr
RC000457,AL00160,ENT0039,1,working_capital_erosion,request_bridge_loan,"{""amount"": 31000.0, ""days"": 30, ""months"": 3}",both,mr
RC000458,AL00160,ENT0039,2,debt_overhang,restructure_emi,"{""amount"": 31000.0, ""days"": 30, ""months"": 3}",both,mr
RC000459,AL00160,ENT0039,3,receivable_stretch,collect_udhaar,"{""amount"": 31000.0, ""days"": 30, ""months"": 3}",merchant,mr
RC000460,AL00161,ENT0039,1,receivable_stretch,collect_udhaar,"{""amount"": 54900.0, ""days"": 30, ""months"": 3}",merchant,mr
RC000461,AL00161,ENT0039,2,climate_shock,prebook_input,"{""amount"": 54900.0, ""days"": 30, ""months"": 3}",merchant,mr
RC000462,AL00161,ENT0039,3,working_capital_erosion,request_bridge_loan,"{""amount"": 54900.0, ""days"": 30, ""months"": 3}",both,mr
RC000463,AL00162,ENT0039,1,working_capital_erosion,request_bridge_loan,"{""amount"": 30900.0, ""days"": 30, ""months"": 3}",both,mr
RC000464,AL00162,ENT0039,2,receivable_stretch,collect_udhaar,"{""amount"": 30900.0, ""days"": 30, ""months"": 3}",merchant,mr
RC000465,AL00163,ENT0039,1,working_capital_erosion,request_bridge_loan,"{""amount"": 9600.0, ""days"": 30, ""months"": 3}",both,mr
RC000466,AL00163,ENT0039,2,debt_overhang,restructure_emi,"{""amount"": 9600.0, ""days"": 30, ""months"": 3}",both,mr
RC000467,AL00163,ENT0039,3,receivable_stretch,collect_udhaar,"{""amount"": 9600.0, ""days"": 30, ""months"": 3}",merchant,mr
RC000468,AL00164,ENT0039,1,working_capital_erosion,request_bridge_loan,"{""amount"": 34500.0, ""days"": 30, ""months"": 3}",both,mr
RC000469,AL00164,ENT0039,2,receivable_stretch,collect_udhaar,"{""amount"": 34500.0, ""days"": 30, ""months"": 3}",merchant,mr
RC000470,AL00164,ENT0039,3,demand_trough,stagger_batch,"{""amount"": 34500.0, ""days"": 30, ""months"": 3}",merchant,mr
RC000471,AL00165,ENT0040,1,working_capital_erosion,request_bridge_loan,"{""amount"": 14300.0, ""days"": 30, ""months"": 3}",both,as
RC000472,AL00165,ENT0040,2,demand_trough,stagger_batch,"{""amount"": 14300.0, ""days"": 30, ""months"": 3}",merchant,as
RC000473,AL00165,ENT0040,3,debt_overhang,restructure_emi,"{""amount"": 14300.0, ""days"": 30, ""months"": 3}",both,as
RC000474,AL00166,ENT0040,1,debt_overhang,restructure_emi,"{""amount"": 41300.0, ""days"": 30, ""months"": 3}",both,as
RC000475,AL00166,ENT0040,2,working_capital_erosion,request_bridge_loan,"{""amount"": 41300.0, ""days"": 30, ""months"": 3}",both,as
RC000476,AL00167,ENT0040,1,debt_overhang,restructure_emi,"{""amount"": 21100.0, ""days"": 30, ""months"": 3}",both,as
RC000477,AL00167,ENT0040,2,demand_trough,stagger_batch,"{""amount"": 21100.0, ""days"": 30, ""months"": 3}",merchant,as
RC000478,AL00167,ENT0040,3,working_capital_erosion,request_bridge_loan,"{""amount"": 21100.0, ""days"": 30, ""months"": 3}",both,as
RC000479,AL00168,ENT0041,1,climate_shock,prebook_input,"{""amount"": 141200.0, ""days"": 30, ""months"": 3}",merchant,hi
RC000480,AL00168,ENT0041,2,demand_trough,stagger_batch,"{""amount"": 141200.0, ""days"": 30, ""months"": 3}",merchant,hi
RC000481,AL00168,ENT0041,3,working_capital_erosion,request_bridge_loan,"{""amount"": 141200.0, ""days"": 30, ""months"": 3}",both,hi
RC000482,AL00169,ENT0041,1,margin_squeeze,prebook_input,"{""amount"": 59100.0, ""days"": 30, ""months"": 3}",merchant,hi
RC000483,AL00169,ENT0041,2,working_capital_erosion,request_bridge_loan,"{""amount"": 59100.0, ""days"": 30, ""months"": 3}",both,hi
RC000484,AL00169,ENT0041,3,demand_trough,stagger_batch,"{""amount"": 59100.0, ""days"": 30, ""months"": 3}",merchant,hi
RC000485,AL00170,ENT0041,1,margin_squeeze,prebook_input,"{""amount"": 164000.0, ""days"": 30, ""months"": 3}",merchant,hi
RC000486,AL00170,ENT0041,2,demand_trough,stagger_batch,"{""amount"": 164000.0, ""days"": 30, ""months"": 3}",merchant,hi
RC000487,AL00170,ENT0041,3,working_capital_erosion,request_bridge_loan,"{""amount"": 164000.0, ""days"": 30, ""months"": 3}",both,hi
RC000488,AL00171,ENT0042,1,margin_squeeze,prebook_input,"{""amount"": 36500.0, ""days"": 30, ""months"": 3}",merchant,mr
RC000489,AL00171,ENT0042,2,receivable_stretch,collect_udhaar,"{""amount"": 36500.0, ""days"": 30, ""months"": 3}",merchant,mr
RC000490,AL00171,ENT0042,3,climate_shock,prebook_input,"{""amount"": 36500.0, ""days"": 30, ""months"": 3}",merchant,mr
RC000491,AL00172,ENT0045,1,climate_shock,prebook_input,"{""amount"": 108700.0, ""days"": 30, ""months"": 3}",merchant,te
RC000492,AL00172,ENT0045,2,demand_trough,stagger_batch,"{""amount"": 108700.0, ""days"": 30, ""months"": 3}",merchant,te
RC000493,AL00172,ENT0045,3,margin_squeeze,prebook_input,"{""amount"": 108700.0, ""days"": 30, ""months"": 3}",merchant,te
RC000494,AL00173,ENT0045,1,margin_squeeze,prebook_input,"{""amount"": 58900.0, ""days"": 30, ""months"": 3}",merchant,te
RC000495,AL00173,ENT0045,2,working_capital_erosion,request_bridge_loan,"{""amount"": 58900.0, ""days"": 30, ""months"": 3}",both,te
RC000496,AL00173,ENT0045,3,receivable_stretch,collect_udhaar,"{""amount"": 58900.0, ""days"": 30, ""months"": 3}",merchant,te
RC000497,AL00174,ENT0045,1,margin_squeeze,prebook_input,"{""amount"": 196000.0, ""days"": 30, ""months"": 3}",merchant,te
RC000498,AL00174,ENT0045,2,demand_trough,stagger_batch,"{""amount"": 196000.0, ""days"": 30, ""months"": 3}",merchant,te
RC000499,AL00174,ENT0045,3,working_capital_erosion,request_bridge_loan,"{""amount"": 196000.0, ""days"": 30, ""months"": 3}",both,te
RC000500,AL00175,ENT0047,1,margin_squeeze,prebook_input,"{""amount"": 21900.0, ""days"": 30, ""months"": 3}",merchant,hi
RC000501,AL00175,ENT0047,2,receivable_stretch,collect_udhaar,"{""amount"": 21900.0, ""days"": 30, ""months"": 3}",merchant,hi
RC000502,AL00175,ENT0047,3,climate_shock,prebook_input,"{""amount"": 21900.0, ""days"": 30, ""months"": 3}",merchant,hi
RC000503,AL00176,ENT0048,1,working_capital_erosion,request_bridge_loan,"{""amount"": 12700.0, ""days"": 30, ""months"": 3}",both,mr
RC000504,AL00176,ENT0048,2,debt_overhang,restructure_emi,"{""amount"": 12700.0, ""days"": 30, ""months"": 3}",both,mr
RC000505,AL00176,ENT0048,3,receivable_stretch,collect_udhaar,"{""amount"": 12700.0, ""days"": 30, ""months"": 3}",merchant,mr
RC000506,AL00177,ENT0048,1,debt_overhang,restructure_emi,"{""amount"": 26300.0, ""days"": 30, ""months"": 3}",both,mr
RC000507,AL00177,ENT0048,2,receivable_stretch,collect_udhaar,"{""amount"": 26300.0, ""days"": 30, ""months"": 3}",merchant,mr
RC000508,AL00177,ENT0048,3,demand_trough,stagger_batch,"{""amount"": 26300.0, ""days"": 30, ""months"": 3}",merchant,mr
RC000509,AL00178,ENT0048,1,receivable_stretch,collect_udhaar,"{""amount"": 30700.0, ""days"": 30, ""months"": 3}",merchant,mr
RC000510,AL00178,ENT0048,2,working_capital_erosion,request_bridge_loan,"{""amount"": 30700.0, ""days"": 30, ""months"": 3}",both,mr
RC000511,AL00178,ENT0048,3,margin_squeeze,prebook_input,"{""amount"": 30700.0, ""days"": 30, ""months"": 3}",merchant,mr
RC000512,AL00179,ENT0048,1,climate_shock,prebook_input,"{""amount"": 30400.0, ""days"": 30, ""months"": 3}",merchant,mr
RC000513,AL00179,ENT0048,2,receivable_stretch,collect_udhaar,"{""amount"": 30400.0, ""days"": 30, ""months"": 3}",merchant,mr
RC000514,AL00179,ENT0048,3,working_capital_erosion,request_bridge_loan,"{""amount"": 30400.0, ""days"": 30, ""months"": 3}",both,mr
RC000515,AL00180,ENT0049,1,working_capital_erosion,request_bridge_loan,"{""amount"": 25800.0, ""days"": 30, ""months"": 3}",both,as
RC000516,AL00180,ENT0049,2,receivable_stretch,collect_udhaar,"{""amount"": 25800.0, ""days"": 30, ""months"": 3}",merchant,as
RC000517,AL00180,ENT0049,3,demand_trough,stagger_batch,"{""amount"": 25800.0, ""days"": 30, ""months"": 3}",merchant,as
RC000518,AL00181,ENT0049,1,working_capital_erosion,request_bridge_loan,"{""amount"": 28900.0, ""days"": 30, ""months"": 3}",both,as
RC000519,AL00181,ENT0049,2,receivable_stretch,collect_udhaar,"{""amount"": 28900.0, ""days"": 30, ""months"": 3}",merchant,as
RC000520,AL00181,ENT0049,3,margin_squeeze,prebook_input,"{""amount"": 28900.0, ""days"": 30, ""months"": 3}",merchant,as
RC000521,AL00182,ENT0049,1,working_capital_erosion,request_bridge_loan,"{""amount"": 14400.0, ""days"": 30, ""months"": 3}",both,as
RC000522,AL00182,ENT0049,2,receivable_stretch,collect_udhaar,"{""amount"": 14400.0, ""days"": 30, ""months"": 3}",merchant,as
RC000523,AL00182,ENT0049,3,demand_trough,stagger_batch,"{""amount"": 14400.0, ""days"": 30, ""months"": 3}",merchant,as
RC000524,AL00183,ENT0050,1,working_capital_erosion,request_bridge_loan,"{""amount"": 44800.0, ""days"": 30, ""months"": 3}",both,or
RC000525,AL00183,ENT0050,2,demand_trough,stagger_batch,"{""amount"": 44800.0, ""days"": 30, ""months"": 3}",merchant,or
RC000526,AL00183,ENT0050,3,debt_overhang,restructure_emi,"{""amount"": 44800.0, ""days"": 30, ""months"": 3}",both,or
RC000527,AL00184,ENT0050,1,working_capital_erosion,request_bridge_loan,"{""amount"": 84500.0, ""days"": 30, ""months"": 3}",both,or
RC000528,AL00184,ENT0050,2,debt_overhang,restructure_emi,"{""amount"": 84500.0, ""days"": 30, ""months"": 3}",both,or
RC000529,AL00185,ENT0050,1,working_capital_erosion,request_bridge_loan,"{""amount"": 42000.0, ""days"": 30, ""months"": 3}",both,or
RC000530,AL00185,ENT0050,2,demand_trough,stagger_batch,"{""amount"": 42000.0, ""days"": 30, ""months"": 3}",merchant,or
RC000531,AL00185,ENT0050,3,debt_overhang,restructure_emi,"{""amount"": 42000.0, ""days"": 30, ""months"": 3}",both,or
RC000532,AL00186,ENT0051,1,debt_overhang,restructure_emi,"{""amount"": 7700.0, ""days"": 30, ""months"": 3}",both,hi
RC000533,AL00186,ENT0051,2,working_capital_erosion,request_bridge_loan,"{""amount"": 7700.0, ""days"": 30, ""months"": 3}",both,hi
RC000534,AL00186,ENT0051,3,demand_trough,stagger_batch,"{""amount"": 7700.0, ""days"": 30, ""months"": 3}",merchant,hi
RC000535,AL00187,ENT0051,1,receivable_stretch,collect_udhaar,"{""amount"": 5200.0, ""days"": 30, ""months"": 3}",merchant,hi
RC000536,AL00187,ENT0051,2,demand_trough,stagger_batch,"{""amount"": 5200.0, ""days"": 30, ""months"": 3}",merchant,hi
RC000537,AL00187,ENT0051,3,debt_overhang,restructure_emi,"{""amount"": 5200.0, ""days"": 30, ""months"": 3}",both,hi
RC000538,AL00188,ENT0051,1,receivable_stretch,collect_udhaar,"{""amount"": 37800.0, ""days"": 30, ""months"": 3}",merchant,hi
RC000539,AL00188,ENT0051,2,climate_shock,prebook_input,"{""amount"": 37800.0, ""days"": 30, ""months"": 3}",merchant,hi
RC000540,AL00188,ENT0051,3,debt_overhang,restructure_emi,"{""amount"": 37800.0, ""days"": 30, ""months"": 3}",both,hi
RC000541,AL00189,ENT0051,1,receivable_stretch,collect_udhaar,"{""amount"": 29100.0, ""days"": 30, ""months"": 3}",merchant,hi
RC000542,AL00189,ENT0051,2,debt_overhang,restructure_emi,"{""amount"": 29100.0, ""days"": 30, ""months"": 3}",both,hi
RC000543,AL00189,ENT0051,3,demand_trough,stagger_batch,"{""amount"": 29100.0, ""days"": 30, ""months"": 3}",merchant,hi
RC000544,AL00190,ENT0054,1,receivable_stretch,collect_udhaar,"{""amount"": 92600.0, ""days"": 30, ""months"": 3}",merchant,mr
RC000545,AL00190,ENT0054,2,demand_trough,stagger_batch,"{""amount"": 92600.0, ""days"": 30, ""months"": 3}",merchant,mr
RC000546,AL00190,ENT0054,3,climate_shock,prebook_input,"{""amount"": 92600.0, ""days"": 30, ""months"": 3}",merchant,mr
RC000547,AL00191,ENT0054,1,margin_squeeze,prebook_input,"{""amount"": 87100.0, ""days"": 30, ""months"": 3}",merchant,mr
RC000548,AL00191,ENT0054,2,working_capital_erosion,request_bridge_loan,"{""amount"": 87100.0, ""days"": 30, ""months"": 3}",both,mr
RC000549,AL00191,ENT0054,3,receivable_stretch,collect_udhaar,"{""amount"": 87100.0, ""days"": 30, ""months"": 3}",merchant,mr
RC000550,AL00192,ENT0054,1,margin_squeeze,prebook_input,"{""amount"": 23000.0, ""days"": 30, ""months"": 3}",merchant,mr
RC000551,AL00192,ENT0054,2,working_capital_erosion,request_bridge_loan,"{""amount"": 23000.0, ""days"": 30, ""months"": 3}",both,mr
RC000552,AL00192,ENT0054,3,debt_overhang,restructure_emi,"{""amount"": 23000.0, ""days"": 30, ""months"": 3}",both,mr
RC000553,AL00193,ENT0054,1,climate_shock,prebook_input,"{""amount"": 67500.0, ""days"": 30, ""months"": 3}",merchant,mr
RC000554,AL00193,ENT0054,2,margin_squeeze,prebook_input,"{""amount"": 67500.0, ""days"": 30, ""months"": 3}",merchant,mr
RC000555,AL00193,ENT0054,3,working_capital_erosion,request_bridge_loan,"{""amount"": 67500.0, ""days"": 30, ""months"": 3}",both,mr
RC000556,AL00194,ENT0054,1,margin_squeeze,prebook_input,"{""amount"": 23400.0, ""days"": 30, ""months"": 3}",merchant,mr
RC000557,AL00194,ENT0054,2,working_capital_erosion,request_bridge_loan,"{""amount"": 23400.0, ""days"": 30, ""months"": 3}",both,mr
RC000558,AL00194,ENT0054,3,climate_shock,prebook_input,"{""amount"": 23400.0, ""days"": 30, ""months"": 3}",merchant,mr
RC000559,AL00195,ENT0055,1,debt_overhang,restructure_emi,"{""amount"": 50100.0, ""days"": 30, ""months"": 3}",both,as
RC000560,AL00195,ENT0055,2,working_capital_erosion,request_bridge_loan,"{""amount"": 50100.0, ""days"": 30, ""months"": 3}",both,as
RC000561,AL00195,ENT0055,3,demand_trough,stagger_batch,"{""amount"": 50100.0, ""days"": 30, ""months"": 3}",merchant,as
RC000562,AL00196,ENT0055,1,debt_overhang,restructure_emi,"{""amount"": 26300.0, ""days"": 30, ""months"": 3}",both,as
RC000563,AL00196,ENT0055,2,working_capital_erosion,request_bridge_loan,"{""amount"": 26300.0, ""days"": 30, ""months"": 3}",both,as
RC000564,AL00196,ENT0055,3,receivable_stretch,collect_udhaar,"{""amount"": 26300.0, ""days"": 30, ""months"": 3}",merchant,as
RC000565,AL00197,ENT0056,1,margin_squeeze,prebook_input,"{""amount"": 6100.0, ""days"": 30, ""months"": 3}",merchant,gu
RC000566,AL00197,ENT0056,2,receivable_stretch,collect_udhaar,"{""amount"": 6100.0, ""days"": 30, ""months"": 3}",merchant,gu
RC000567,AL00197,ENT0056,3,climate_shock,prebook_input,"{""amount"": 6100.0, ""days"": 30, ""months"": 3}",merchant,gu
RC000568,AL00198,ENT0056,1,margin_squeeze,prebook_input,"{""amount"": 29000.0, ""days"": 30, ""months"": 3}",merchant,gu
RC000569,AL00198,ENT0056,2,receivable_stretch,collect_udhaar,"{""amount"": 29000.0, ""days"": 30, ""months"": 3}",merchant,gu
RC000570,AL00198,ENT0056,3,demand_trough,stagger_batch,"{""amount"": 29000.0, ""days"": 30, ""months"": 3}",merchant,gu
RC000571,AL00199,ENT0056,1,margin_squeeze,prebook_input,"{""amount"": 22200.0, ""days"": 30, ""months"": 3}",merchant,gu
RC000572,AL00199,ENT0056,2,receivable_stretch,collect_udhaar,"{""amount"": 22200.0, ""days"": 30, ""months"": 3}",merchant,gu
RC000573,AL00199,ENT0056,3,demand_trough,stagger_batch,"{""amount"": 22200.0, ""days"": 30, ""months"": 3}",merchant,gu
RC000574,AL00200,ENT0057,1,climate_shock,prebook_input,"{""amount"": 15900.0, ""days"": 30, ""months"": 3}",merchant,te
RC000575,AL00200,ENT0057,2,demand_trough,stagger_batch,"{""amount"": 15900.0, ""days"": 30, ""months"": 3}",merchant,te
RC000576,AL00200,ENT0057,3,working_capital_erosion,request_bridge_loan,"{""amount"": 15900.0, ""days"": 30, ""months"": 3}",both,te
RC000577,AL00201,ENT0058,1,climate_shock,prebook_input,"{""amount"": 11300.0, ""days"": 30, ""months"": 3}",merchant,gu
RC000578,AL00201,ENT0058,2,demand_trough,stagger_batch,"{""amount"": 11300.0, ""days"": 30, ""months"": 3}",merchant,gu
RC000579,AL00201,ENT0058,3,working_capital_erosion,request_bridge_loan,"{""amount"": 11300.0, ""days"": 30, ""months"": 3}",both,gu
RC000580,AL00202,ENT0059,1,climate_shock,prebook_input,"{""amount"": 27700.0, ""days"": 30, ""months"": 3}",merchant,te
RC000581,AL00202,ENT0059,2,demand_trough,stagger_batch,"{""amount"": 27700.0, ""days"": 30, ""months"": 3}",merchant,te
RC000582,AL00202,ENT0059,3,debt_overhang,restructure_emi,"{""amount"": 27700.0, ""days"": 30, ""months"": 3}",both,te
RC000583,AL00203,ENT0060,1,margin_squeeze,prebook_input,"{""amount"": 2000.0, ""days"": 30, ""months"": 3}",merchant,mr
RC000584,AL00203,ENT0060,2,receivable_stretch,collect_udhaar,"{""amount"": 2000.0, ""days"": 30, ""months"": 3}",merchant,mr
RC000585,AL00203,ENT0060,3,climate_shock,prebook_input,"{""amount"": 2000.0, ""days"": 30, ""months"": 3}",merchant,mr
RC000586,AL00204,ENT0060,1,margin_squeeze,prebook_input,"{""amount"": 7200.0, ""days"": 30, ""months"": 3}",merchant,mr
RC000587,AL00204,ENT0060,2,receivable_stretch,collect_udhaar,"{""amount"": 7200.0, ""days"": 30, ""months"": 3}",merchant,mr
RC000588,AL00204,ENT0060,3,climate_shock,prebook_input,"{""amount"": 7200.0, ""days"": 30, ""months"": 3}",merchant,mr
RC000589,AL00205,ENT0061,1,margin_squeeze,prebook_input,"{""amount"": 17100.0, ""days"": 30, ""months"": 3}",merchant,mr
RC000590,AL00205,ENT0061,2,receivable_stretch,collect_udhaar,"{""amount"": 17100.0, ""days"": 30, ""months"": 3}",merchant,mr
RC000591,AL00205,ENT0061,3,climate_shock,prebook_input,"{""amount"": 17100.0, ""days"": 30, ""months"": 3}",merchant,mr
RC000592,AL00206,ENT0061,1,margin_squeeze,prebook_input,"{""amount"": 2000.0, ""days"": 30, ""months"": 3}",merchant,mr
RC000593,AL00206,ENT0061,2,receivable_stretch,collect_udhaar,"{""amount"": 2000.0, ""days"": 30, ""months"": 3}",merchant,mr
RC000594,AL00206,ENT0061,3,demand_trough,stagger_batch,"{""amount"": 2000.0, ""days"": 30, ""months"": 3}",merchant,mr
RC000595,AL00207,ENT0061,1,margin_squeeze,prebook_input,"{""amount"": 35200.0, ""days"": 30, ""months"": 3}",merchant,mr
RC000596,AL00207,ENT0061,2,receivable_stretch,collect_udhaar,"{""amount"": 35200.0, ""days"": 30, ""months"": 3}",merchant,mr
RC000597,AL00207,ENT0061,3,climate_shock,prebook_input,"{""amount"": 35200.0, ""days"": 30, ""months"": 3}",merchant,mr
RC000598,AL00208,ENT0062,1,climate_shock,prebook_input,"{""amount"": 82600.0, ""days"": 30, ""months"": 3}",merchant,as
RC000599,AL00208,ENT0062,2,margin_squeeze,prebook_input,"{""amount"": 82600.0, ""days"": 30, ""months"": 3}",merchant,as
RC000600,AL00208,ENT0062,3,receivable_stretch,collect_udhaar,"{""amount"": 82600.0, ""days"": 30, ""months"": 3}",merchant,as
RC000601,AL00209,ENT0062,1,margin_squeeze,prebook_input,"{""amount"": 45300.0, ""days"": 30, ""months"": 3}",merchant,as
RC000602,AL00209,ENT0062,2,working_capital_erosion,request_bridge_loan,"{""amount"": 45300.0, ""days"": 30, ""months"": 3}",both,as
RC000603,AL00209,ENT0062,3,receivable_stretch,collect_udhaar,"{""amount"": 45300.0, ""days"": 30, ""months"": 3}",merchant,as
RC000604,AL00210,ENT0064,1,climate_shock,prebook_input,"{""amount"": 135400.0, ""days"": 30, ""months"": 3}",merchant,as
RC000605,AL00210,ENT0064,2,demand_trough,stagger_batch,"{""amount"": 135400.0, ""days"": 30, ""months"": 3}",merchant,as
RC000606,AL00210,ENT0064,3,working_capital_erosion,request_bridge_loan,"{""amount"": 135400.0, ""days"": 30, ""months"": 3}",both,as
RC000607,AL00211,ENT0064,1,climate_shock,prebook_input,"{""amount"": 165600.0, ""days"": 30, ""months"": 3}",merchant,as
RC000608,AL00211,ENT0064,2,margin_squeeze,prebook_input,"{""amount"": 165600.0, ""days"": 30, ""months"": 3}",merchant,as
RC000609,AL00211,ENT0064,3,working_capital_erosion,request_bridge_loan,"{""amount"": 165600.0, ""days"": 30, ""months"": 3}",both,as
RC000610,AL00212,ENT0065,1,working_capital_erosion,request_bridge_loan,"{""amount"": 20100.0, ""days"": 30, ""months"": 3}",both,mr
RC000611,AL00212,ENT0065,2,demand_trough,stagger_batch,"{""amount"": 20100.0, ""days"": 30, ""months"": 3}",merchant,mr
RC000612,AL00212,ENT0065,3,debt_overhang,restructure_emi,"{""amount"": 20100.0, ""days"": 30, ""months"": 3}",both,mr
RC000613,AL00213,ENT0065,1,working_capital_erosion,request_bridge_loan,"{""amount"": 58700.0, ""days"": 30, ""months"": 3}",both,mr
RC000614,AL00213,ENT0065,2,debt_overhang,restructure_emi,"{""amount"": 58700.0, ""days"": 30, ""months"": 3}",both,mr
RC000615,AL00213,ENT0065,3,climate_shock,prebook_input,"{""amount"": 58700.0, ""days"": 30, ""months"": 3}",merchant,mr
RC000616,AL00214,ENT0065,1,working_capital_erosion,request_bridge_loan,"{""amount"": 24900.0, ""days"": 30, ""months"": 3}",both,mr
RC000617,AL00214,ENT0065,2,demand_trough,stagger_batch,"{""amount"": 24900.0, ""days"": 30, ""months"": 3}",merchant,mr
RC000618,AL00214,ENT0065,3,debt_overhang,restructure_emi,"{""amount"": 24900.0, ""days"": 30, ""months"": 3}",both,mr
RC000619,AL00215,ENT0065,1,demand_trough,stagger_batch,"{""amount"": 10300.0, ""days"": 30, ""months"": 3}",merchant,mr
RC000620,AL00215,ENT0065,2,climate_shock,prebook_input,"{""amount"": 10300.0, ""days"": 30, ""months"": 3}",merchant,mr
RC000621,AL00215,ENT0065,3,working_capital_erosion,request_bridge_loan,"{""amount"": 10300.0, ""days"": 30, ""months"": 3}",both,mr
RC000622,AL00216,ENT0065,1,demand_trough,stagger_batch,"{""amount"": 9800.0, ""days"": 30, ""months"": 3}",merchant,mr
RC000623,AL00216,ENT0065,2,climate_shock,prebook_input,"{""amount"": 9800.0, ""days"": 30, ""months"": 3}",merchant,mr
RC000624,AL00216,ENT0065,3,working_capital_erosion,request_bridge_loan,"{""amount"": 9800.0, ""days"": 30, ""months"": 3}",both,mr
RC000625,AL00217,ENT0066,1,receivable_stretch,collect_udhaar,"{""amount"": 48500.0, ""days"": 30, ""months"": 3}",merchant,gu
RC000626,AL00217,ENT0066,2,demand_trough,stagger_batch,"{""amount"": 48500.0, ""days"": 30, ""months"": 3}",merchant,gu
RC000627,AL00217,ENT0066,3,climate_shock,prebook_input,"{""amount"": 48500.0, ""days"": 30, ""months"": 3}",merchant,gu
RC000628,AL00218,ENT0066,1,margin_squeeze,prebook_input,"{""amount"": 72000.0, ""days"": 30, ""months"": 3}",merchant,gu
RC000629,AL00218,ENT0066,2,climate_shock,prebook_input,"{""amount"": 72000.0, ""days"": 30, ""months"": 3}",merchant,gu
RC000630,AL00218,ENT0066,3,working_capital_erosion,request_bridge_loan,"{""amount"": 72000.0, ""days"": 30, ""months"": 3}",both,gu
RC000631,AL00219,ENT0066,1,margin_squeeze,prebook_input,"{""amount"": 18100.0, ""days"": 30, ""months"": 3}",merchant,gu
RC000632,AL00219,ENT0066,2,working_capital_erosion,request_bridge_loan,"{""amount"": 18100.0, ""days"": 30, ""months"": 3}",both,gu
RC000633,AL00220,ENT0066,1,demand_trough,stagger_batch,"{""amount"": 75300.0, ""days"": 30, ""months"": 3}",merchant,gu
RC000634,AL00220,ENT0066,2,working_capital_erosion,request_bridge_loan,"{""amount"": 75300.0, ""days"": 30, ""months"": 3}",both,gu
RC000635,AL00221,ENT0066,1,margin_squeeze,prebook_input,"{""amount"": 37400.0, ""days"": 30, ""months"": 3}",merchant,gu
RC000636,AL00221,ENT0066,2,working_capital_erosion,request_bridge_loan,"{""amount"": 37400.0, ""days"": 30, ""months"": 3}",both,gu
RC000637,AL00222,ENT0066,1,demand_trough,stagger_batch,"{""amount"": 79800.0, ""days"": 30, ""months"": 3}",merchant,gu
RC000638,AL00222,ENT0066,2,receivable_stretch,collect_udhaar,"{""amount"": 79800.0, ""days"": 30, ""months"": 3}",merchant,gu
RC000639,AL00222,ENT0066,3,climate_shock,prebook_input,"{""amount"": 79800.0, ""days"": 30, ""months"": 3}",merchant,gu
RC000640,AL00223,ENT0066,1,climate_shock,prebook_input,"{""amount"": 94200.0, ""days"": 30, ""months"": 3}",merchant,gu
RC000641,AL00223,ENT0066,2,margin_squeeze,prebook_input,"{""amount"": 94200.0, ""days"": 30, ""months"": 3}",merchant,gu
RC000642,AL00223,ENT0066,3,working_capital_erosion,request_bridge_loan,"{""amount"": 94200.0, ""days"": 30, ""months"": 3}",both,gu
RC000643,AL00224,ENT0066,1,margin_squeeze,prebook_input,"{""amount"": 16200.0, ""days"": 30, ""months"": 3}",merchant,gu
RC000644,AL00224,ENT0066,2,working_capital_erosion,request_bridge_loan,"{""amount"": 16200.0, ""days"": 30, ""months"": 3}",both,gu
RC000645,AL00224,ENT0066,3,debt_overhang,restructure_emi,"{""amount"": 16200.0, ""days"": 30, ""months"": 3}",both,gu
RC000646,AL00225,ENT0067,1,working_capital_erosion,request_bridge_loan,"{""amount"": 34500.0, ""days"": 30, ""months"": 3}",both,hi
RC000647,AL00225,ENT0067,2,debt_overhang,restructure_emi,"{""amount"": 34500.0, ""days"": 30, ""months"": 3}",both,hi
RC000648,AL00225,ENT0067,3,receivable_stretch,collect_udhaar,"{""amount"": 34500.0, ""days"": 30, ""months"": 3}",merchant,hi
RC000649,AL00226,ENT0067,1,debt_overhang,restructure_emi,"{""amount"": 25100.0, ""days"": 30, ""months"": 3}",both,hi
RC000650,AL00226,ENT0067,2,working_capital_erosion,request_bridge_loan,"{""amount"": 25100.0, ""days"": 30, ""months"": 3}",both,hi
RC000651,AL00226,ENT0067,3,receivable_stretch,collect_udhaar,"{""amount"": 25100.0, ""days"": 30, ""months"": 3}",merchant,hi
RC000652,AL00227,ENT0067,1,receivable_stretch,collect_udhaar,"{""amount"": 27600.0, ""days"": 30, ""months"": 3}",merchant,hi
RC000653,AL00227,ENT0067,2,working_capital_erosion,request_bridge_loan,"{""amount"": 27600.0, ""days"": 30, ""months"": 3}",both,hi
RC000654,AL00227,ENT0067,3,debt_overhang,restructure_emi,"{""amount"": 27600.0, ""days"": 30, ""months"": 3}",both,hi
RC000655,AL00228,ENT0067,1,receivable_stretch,collect_udhaar,"{""amount"": 23200.0, ""days"": 30, ""months"": 3}",merchant,hi
RC000656,AL00228,ENT0067,2,working_capital_erosion,request_bridge_loan,"{""amount"": 23200.0, ""days"": 30, ""months"": 3}",both,hi
RC000657,AL00228,ENT0067,3,debt_overhang,restructure_emi,"{""amount"": 23200.0, ""days"": 30, ""months"": 3}",both,hi
RC000658,AL00229,ENT0067,1,receivable_stretch,collect_udhaar,"{""amount"": 43000.0, ""days"": 30, ""months"": 3}",merchant,hi
RC000659,AL00229,ENT0067,2,working_capital_erosion,request_bridge_loan,"{""amount"": 43000.0, ""days"": 30, ""months"": 3}",both,hi
RC000660,AL00229,ENT0067,3,debt_overhang,restructure_emi,"{""amount"": 43000.0, ""days"": 30, ""months"": 3}",both,hi
RC000661,AL00230,ENT0067,1,working_capital_erosion,request_bridge_loan,"{""amount"": 9900.0, ""days"": 30, ""months"": 3}",both,hi
RC000662,AL00230,ENT0067,2,receivable_stretch,collect_udhaar,"{""amount"": 9900.0, ""days"": 30, ""months"": 3}",merchant,hi
RC000663,AL00230,ENT0067,3,debt_overhang,restructure_emi,"{""amount"": 9900.0, ""days"": 30, ""months"": 3}",both,hi
RC000664,AL00231,ENT0067,1,working_capital_erosion,request_bridge_loan,"{""amount"": 7100.0, ""days"": 30, ""months"": 3}",both,hi
RC000665,AL00231,ENT0067,2,demand_trough,stagger_batch,"{""amount"": 7100.0, ""days"": 30, ""months"": 3}",merchant,hi
RC000666,AL00231,ENT0067,3,receivable_stretch,collect_udhaar,"{""amount"": 7100.0, ""days"": 30, ""months"": 3}",merchant,hi
RC000667,AL00232,ENT0067,1,receivable_stretch,collect_udhaar,"{""amount"": 16200.0, ""days"": 30, ""months"": 3}",merchant,hi
RC000668,AL00232,ENT0067,2,demand_trough,stagger_batch,"{""amount"": 16200.0, ""days"": 30, ""months"": 3}",merchant,hi
RC000669,AL00232,ENT0067,3,debt_overhang,restructure_emi,"{""amount"": 16200.0, ""days"": 30, ""months"": 3}",both,hi
RC000670,AL00233,ENT0067,1,receivable_stretch,collect_udhaar,"{""amount"": 37900.0, ""days"": 30, ""months"": 3}",merchant,hi
RC000671,AL00233,ENT0067,2,working_capital_erosion,request_bridge_loan,"{""amount"": 37900.0, ""days"": 30, ""months"": 3}",both,hi
RC000672,AL00233,ENT0067,3,climate_shock,prebook_input,"{""amount"": 37900.0, ""days"": 30, ""months"": 3}",merchant,hi
RC000673,AL00234,ENT0067,1,receivable_stretch,collect_udhaar,"{""amount"": 39400.0, ""days"": 30, ""months"": 3}",merchant,hi
RC000674,AL00234,ENT0067,2,working_capital_erosion,request_bridge_loan,"{""amount"": 39400.0, ""days"": 30, ""months"": 3}",both,hi
RC000675,AL00234,ENT0067,3,demand_trough,stagger_batch,"{""amount"": 39400.0, ""days"": 30, ""months"": 3}",merchant,hi
RC000676,AL00235,ENT0067,1,working_capital_erosion,request_bridge_loan,"{""amount"": 12400.0, ""days"": 30, ""months"": 3}",both,hi
RC000677,AL00235,ENT0067,2,receivable_stretch,collect_udhaar,"{""amount"": 12400.0, ""days"": 30, ""months"": 3}",merchant,hi
RC000678,AL00235,ENT0067,3,demand_trough,stagger_batch,"{""amount"": 12400.0, ""days"": 30, ""months"": 3}",merchant,hi
RC000679,AL00236,ENT0067,1,receivable_stretch,collect_udhaar,"{""amount"": 2100.0, ""days"": 30, ""months"": 3}",merchant,hi
RC000680,AL00236,ENT0067,2,working_capital_erosion,request_bridge_loan,"{""amount"": 2100.0, ""days"": 30, ""months"": 3}",both,hi
RC000681,AL00236,ENT0067,3,demand_trough,stagger_batch,"{""amount"": 2100.0, ""days"": 30, ""months"": 3}",merchant,hi
RC000682,AL00237,ENT0067,1,receivable_stretch,collect_udhaar,"{""amount"": 2000.0, ""days"": 30, ""months"": 3}",merchant,hi
RC000683,AL00237,ENT0067,2,working_capital_erosion,request_bridge_loan,"{""amount"": 2000.0, ""days"": 30, ""months"": 3}",both,hi
RC000684,AL00237,ENT0067,3,demand_trough,stagger_batch,"{""amount"": 2000.0, ""days"": 30, ""months"": 3}",merchant,hi
RC000685,AL00238,ENT0067,1,receivable_stretch,collect_udhaar,"{""amount"": 57500.0, ""days"": 30, ""months"": 3}",merchant,hi
RC000686,AL00238,ENT0067,2,climate_shock,prebook_input,"{""amount"": 57500.0, ""days"": 30, ""months"": 3}",merchant,hi
RC000687,AL00238,ENT0067,3,demand_trough,stagger_batch,"{""amount"": 57500.0, ""days"": 30, ""months"": 3}",merchant,hi
RC000688,AL00239,ENT0068,1,margin_squeeze,prebook_input,"{""amount"": 24000.0, ""days"": 30, ""months"": 3}",merchant,or
RC000689,AL00239,ENT0068,2,receivable_stretch,collect_udhaar,"{""amount"": 24000.0, ""days"": 30, ""months"": 3}",merchant,or
RC000690,AL00239,ENT0068,3,demand_trough,stagger_batch,"{""amount"": 24000.0, ""days"": 30, ""months"": 3}",merchant,or
RC000691,AL00240,ENT0069,1,working_capital_erosion,request_bridge_loan,"{""amount"": 17800.0, ""days"": 30, ""months"": 3}",both,hi
RC000692,AL00240,ENT0069,2,receivable_stretch,collect_udhaar,"{""amount"": 17800.0, ""days"": 30, ""months"": 3}",merchant,hi
RC000693,AL00240,ENT0069,3,demand_trough,stagger_batch,"{""amount"": 17800.0, ""days"": 30, ""months"": 3}",merchant,hi
RC000694,AL00241,ENT0069,1,demand_trough,stagger_batch,"{""amount"": 17700.0, ""days"": 30, ""months"": 3}",merchant,hi
RC000695,AL00241,ENT0069,2,receivable_stretch,collect_udhaar,"{""amount"": 17700.0, ""days"": 30, ""months"": 3}",merchant,hi
RC000696,AL00241,ENT0069,3,working_capital_erosion,request_bridge_loan,"{""amount"": 17700.0, ""days"": 30, ""months"": 3}",both,hi
RC000697,AL00242,ENT0071,1,margin_squeeze,prebook_input,"{""amount"": 12400.0, ""days"": 30, ""months"": 3}",merchant,hi
RC000698,AL00242,ENT0071,2,receivable_stretch,collect_udhaar,"{""amount"": 12400.0, ""days"": 30, ""months"": 3}",merchant,hi
RC000699,AL00242,ENT0071,3,demand_trough,stagger_batch,"{""amount"": 12400.0, ""days"": 30, ""months"": 3}",merchant,hi
RC000700,AL00243,ENT0071,1,margin_squeeze,prebook_input,"{""amount"": 2900.0, ""days"": 30, ""months"": 3}",merchant,hi
RC000701,AL00243,ENT0071,2,receivable_stretch,collect_udhaar,"{""amount"": 2900.0, ""days"": 30, ""months"": 3}",merchant,hi
RC000702,AL00243,ENT0071,3,demand_trough,stagger_batch,"{""amount"": 2900.0, ""days"": 30, ""months"": 3}",merchant,hi
RC000703,AL00244,ENT0072,1,working_capital_erosion,request_bridge_loan,"{""amount"": 12200.0, ""days"": 30, ""months"": 3}",both,or
RC000704,AL00244,ENT0072,2,debt_overhang,restructure_emi,"{""amount"": 12200.0, ""days"": 30, ""months"": 3}",both,or
RC000705,AL00244,ENT0072,3,receivable_stretch,collect_udhaar,"{""amount"": 12200.0, ""days"": 30, ""months"": 3}",merchant,or
RC000706,AL00245,ENT0073,1,working_capital_erosion,request_bridge_loan,"{""amount"": 37600.0, ""days"": 30, ""months"": 3}",both,te
RC000707,AL00245,ENT0073,2,demand_trough,stagger_batch,"{""amount"": 37600.0, ""days"": 30, ""months"": 3}",merchant,te
RC000708,AL00245,ENT0073,3,debt_overhang,restructure_emi,"{""amount"": 37600.0, ""days"": 30, ""months"": 3}",both,te
RC000709,AL00246,ENT0073,1,working_capital_erosion,request_bridge_loan,"{""amount"": 13600.0, ""days"": 30, ""months"": 3}",both,te
RC000710,AL00246,ENT0073,2,demand_trough,stagger_batch,"{""amount"": 13600.0, ""days"": 30, ""months"": 3}",merchant,te
RC000711,AL00246,ENT0073,3,debt_overhang,restructure_emi,"{""amount"": 13600.0, ""days"": 30, ""months"": 3}",both,te
RC000712,AL00247,ENT0073,1,climate_shock,prebook_input,"{""amount"": 4100.0, ""days"": 30, ""months"": 3}",merchant,te
RC000713,AL00247,ENT0073,2,demand_trough,stagger_batch,"{""amount"": 4100.0, ""days"": 30, ""months"": 3}",merchant,te
RC000714,AL00247,ENT0073,3,working_capital_erosion,request_bridge_loan,"{""amount"": 4100.0, ""days"": 30, ""months"": 3}",both,te
RC000715,AL00248,ENT0074,1,working_capital_erosion,request_bridge_loan,"{""amount"": 18200.0, ""days"": 30, ""months"": 3}",both,te
RC000716,AL00248,ENT0074,2,demand_trough,stagger_batch,"{""amount"": 18200.0, ""days"": 30, ""months"": 3}",merchant,te
RC000717,AL00248,ENT0074,3,receivable_stretch,collect_udhaar,"{""amount"": 18200.0, ""days"": 30, ""months"": 3}",merchant,te
RC000718,AL00249,ENT0074,1,climate_shock,prebook_input,"{""amount"": 11500.0, ""days"": 30, ""months"": 3}",merchant,te
RC000719,AL00249,ENT0074,2,demand_trough,stagger_batch,"{""amount"": 11500.0, ""days"": 30, ""months"": 3}",merchant,te
RC000720,AL00249,ENT0074,3,working_capital_erosion,request_bridge_loan,"{""amount"": 11500.0, ""days"": 30, ""months"": 3}",both,te
RC000721,AL00250,ENT0074,1,demand_trough,stagger_batch,"{""amount"": 21500.0, ""days"": 30, ""months"": 3}",merchant,te
RC000722,AL00250,ENT0074,2,climate_shock,prebook_input,"{""amount"": 21500.0, ""days"": 30, ""months"": 3}",merchant,te
RC000723,AL00250,ENT0074,3,working_capital_erosion,request_bridge_loan,"{""amount"": 21500.0, ""days"": 30, ""months"": 3}",both,te
RC000724,AL00251,ENT0075,1,climate_shock,prebook_input,"{""amount"": 295500.0, ""days"": 30, ""months"": 3}",merchant,or
RC000725,AL00251,ENT0075,2,demand_trough,stagger_batch,"{""amount"": 295500.0, ""days"": 30, ""months"": 3}",merchant,or
RC000726,AL00251,ENT0075,3,margin_squeeze,prebook_input,"{""amount"": 295500.0, ""days"": 30, ""months"": 3}",merchant,or
RC000727,AL00252,ENT0075,1,margin_squeeze,prebook_input,"{""amount"": 182100.0, ""days"": 30, ""months"": 3}",merchant,or
RC000728,AL00252,ENT0075,2,demand_trough,stagger_batch,"{""amount"": 182100.0, ""days"": 30, ""months"": 3}",merchant,or
RC000729,AL00252,ENT0075,3,working_capital_erosion,request_bridge_loan,"{""amount"": 182100.0, ""days"": 30, ""months"": 3}",both,or
RC000730,AL00253,ENT0075,1,margin_squeeze,prebook_input,"{""amount"": 124400.0, ""days"": 30, ""months"": 3}",merchant,or
RC000731,AL00253,ENT0075,2,working_capital_erosion,request_bridge_loan,"{""amount"": 124400.0, ""days"": 30, ""months"": 3}",both,or
RC000732,AL00254,ENT0075,1,working_capital_erosion,request_bridge_loan,"{""amount"": 67400.0, ""days"": 30, ""months"": 3}",both,or
RC000733,AL00254,ENT0075,2,receivable_stretch,collect_udhaar,"{""amount"": 67400.0, ""days"": 30, ""months"": 3}",merchant,or
RC000734,AL00254,ENT0075,3,debt_overhang,restructure_emi,"{""amount"": 67400.0, ""days"": 30, ""months"": 3}",both,or
RC000735,AL00255,ENT0075,1,climate_shock,prebook_input,"{""amount"": 165000.0, ""days"": 30, ""months"": 3}",merchant,or
RC000736,AL00255,ENT0075,2,demand_trough,stagger_batch,"{""amount"": 165000.0, ""days"": 30, ""months"": 3}",merchant,or
RC000737,AL00255,ENT0075,3,margin_squeeze,prebook_input,"{""amount"": 165000.0, ""days"": 30, ""months"": 3}",merchant,or
RC000738,AL00256,ENT0075,1,margin_squeeze,prebook_input,"{""amount"": 181200.0, ""days"": 30, ""months"": 3}",merchant,or
RC000739,AL00256,ENT0075,2,working_capital_erosion,request_bridge_loan,"{""amount"": 181200.0, ""days"": 30, ""months"": 3}",both,or
RC000740,AL00256,ENT0075,3,demand_trough,stagger_batch,"{""amount"": 181200.0, ""days"": 30, ""months"": 3}",merchant,or
RC000741,AL00257,ENT0076,1,working_capital_erosion,request_bridge_loan,"{""amount"": 17700.0, ""days"": 30, ""months"": 3}",both,as
RC000742,AL00257,ENT0076,2,debt_overhang,restructure_emi,"{""amount"": 17700.0, ""days"": 30, ""months"": 3}",both,as
RC000743,AL00257,ENT0076,3,receivable_stretch,collect_udhaar,"{""amount"": 17700.0, ""days"": 30, ""months"": 3}",merchant,as
RC000744,AL00258,ENT0076,1,working_capital_erosion,request_bridge_loan,"{""amount"": 64500.0, ""days"": 30, ""months"": 3}",both,as
RC000745,AL00258,ENT0076,2,debt_overhang,restructure_emi,"{""amount"": 64500.0, ""days"": 30, ""months"": 3}",both,as
RC000746,AL00258,ENT0076,3,receivable_stretch,collect_udhaar,"{""amount"": 64500.0, ""days"": 30, ""months"": 3}",merchant,as
RC000747,AL00259,ENT0076,1,working_capital_erosion,request_bridge_loan,"{""amount"": 52200.0, ""days"": 30, ""months"": 3}",both,as
RC000748,AL00259,ENT0076,2,debt_overhang,restructure_emi,"{""amount"": 52200.0, ""days"": 30, ""months"": 3}",both,as
RC000749,AL00259,ENT0076,3,receivable_stretch,collect_udhaar,"{""amount"": 52200.0, ""days"": 30, ""months"": 3}",merchant,as
RC000750,AL00260,ENT0076,1,working_capital_erosion,request_bridge_loan,"{""amount"": 32600.0, ""days"": 30, ""months"": 3}",both,as
RC000751,AL00260,ENT0076,2,debt_overhang,restructure_emi,"{""amount"": 32600.0, ""days"": 30, ""months"": 3}",both,as
RC000752,AL00260,ENT0076,3,receivable_stretch,collect_udhaar,"{""amount"": 32600.0, ""days"": 30, ""months"": 3}",merchant,as
RC000753,AL00261,ENT0076,1,working_capital_erosion,request_bridge_loan,"{""amount"": 26700.0, ""days"": 30, ""months"": 3}",both,as
RC000754,AL00261,ENT0076,2,debt_overhang,restructure_emi,"{""amount"": 26700.0, ""days"": 30, ""months"": 3}",both,as
RC000755,AL00261,ENT0076,3,receivable_stretch,collect_udhaar,"{""amount"": 26700.0, ""days"": 30, ""months"": 3}",merchant,as
RC000756,AL00262,ENT0076,1,working_capital_erosion,request_bridge_loan,"{""amount"": 2200.0, ""days"": 30, ""months"": 3}",both,as
RC000757,AL00262,ENT0076,2,demand_trough,stagger_batch,"{""amount"": 2200.0, ""days"": 30, ""months"": 3}",merchant,as
RC000758,AL00262,ENT0076,3,receivable_stretch,collect_udhaar,"{""amount"": 2200.0, ""days"": 30, ""months"": 3}",merchant,as
RC000759,AL00263,ENT0076,1,receivable_stretch,collect_udhaar,"{""amount"": 4200.0, ""days"": 30, ""months"": 3}",merchant,as
RC000760,AL00263,ENT0076,2,demand_trough,stagger_batch,"{""amount"": 4200.0, ""days"": 30, ""months"": 3}",merchant,as
RC000761,AL00263,ENT0076,3,working_capital_erosion,request_bridge_loan,"{""amount"": 4200.0, ""days"": 30, ""months"": 3}",both,as
RC000762,AL00264,ENT0077,1,working_capital_erosion,request_bridge_loan,"{""amount"": 19700.0, ""days"": 30, ""months"": 3}",both,as
RC000763,AL00264,ENT0077,2,demand_trough,stagger_batch,"{""amount"": 19700.0, ""days"": 30, ""months"": 3}",merchant,as
RC000764,AL00264,ENT0077,3,debt_overhang,restructure_emi,"{""amount"": 19700.0, ""days"": 30, ""months"": 3}",both,as
RC000765,AL00265,ENT0077,1,receivable_stretch,collect_udhaar,"{""amount"": 8000.0, ""days"": 30, ""months"": 3}",merchant,as
RC000766,AL00265,ENT0077,2,demand_trough,stagger_batch,"{""amount"": 8000.0, ""days"": 30, ""months"": 3}",merchant,as
RC000767,AL00265,ENT0077,3,margin_squeeze,prebook_input,"{""amount"": 8000.0, ""days"": 30, ""months"": 3}",merchant,as
RC000768,AL00266,ENT0077,1,receivable_stretch,collect_udhaar,"{""amount"": 85700.0, ""days"": 30, ""months"": 3}",merchant,as
RC000769,AL00266,ENT0077,2,climate_shock,prebook_input,"{""amount"": 85700.0, ""days"": 30, ""months"": 3}",merchant,as
RC000770,AL00266,ENT0077,3,working_capital_erosion,request_bridge_loan,"{""amount"": 85700.0, ""days"": 30, ""months"": 3}",both,as
RC000771,AL00267,ENT0079,1,debt_overhang,restructure_emi,"{""amount"": 18700.0, ""days"": 30, ""months"": 3}",both,hi
RC000772,AL00267,ENT0079,2,working_capital_erosion,request_bridge_loan,"{""amount"": 18700.0, ""days"": 30, ""months"": 3}",both,hi
RC000773,AL00267,ENT0079,3,receivable_stretch,collect_udhaar,"{""amount"": 18700.0, ""days"": 30, ""months"": 3}",merchant,hi
RC000774,AL00268,ENT0079,1,working_capital_erosion,request_bridge_loan,"{""amount"": 16800.0, ""days"": 30, ""months"": 3}",both,hi
RC000775,AL00268,ENT0079,2,receivable_stretch,collect_udhaar,"{""amount"": 16800.0, ""days"": 30, ""months"": 3}",merchant,hi
RC000776,AL00268,ENT0079,3,demand_trough,stagger_batch,"{""amount"": 16800.0, ""days"": 30, ""months"": 3}",merchant,hi
RC000777,AL00269,ENT0080,1,margin_squeeze,prebook_input,"{""amount"": 105700.0, ""days"": 30, ""months"": 3}",merchant,te
RC000778,AL00269,ENT0080,2,demand_trough,stagger_batch,"{""amount"": 105700.0, ""days"": 30, ""months"": 3}",merchant,te
RC000779,AL00270,ENT0080,1,margin_squeeze,prebook_input,"{""amount"": 47300.0, ""days"": 30, ""months"": 3}",merchant,te
RC000780,AL00270,ENT0080,2,working_capital_erosion,request_bridge_loan,"{""amount"": 47300.0, ""days"": 30, ""months"": 3}",both,te
RC000781,AL00271,ENT0080,1,working_capital_erosion,request_bridge_loan,"{""amount"": 5900.0, ""days"": 30, ""months"": 3}",both,te
RC000782,AL00271,ENT0080,2,debt_overhang,restructure_emi,"{""amount"": 5900.0, ""days"": 30, ""months"": 3}",both,te
RC000783,AL00271,ENT0080,3,margin_squeeze,prebook_input,"{""amount"": 5900.0, ""days"": 30, ""months"": 3}",merchant,te
RC000784,AL00272,ENT0080,1,demand_trough,stagger_batch,"{""amount"": 118300.0, ""days"": 30, ""months"": 3}",merchant,te
RC000785,AL00273,ENT0080,1,climate_shock,prebook_input,"{""amount"": 107800.0, ""days"": 30, ""months"": 3}",merchant,te
RC000786,AL00273,ENT0080,2,working_capital_erosion,request_bridge_loan,"{""amount"": 107800.0, ""days"": 30, ""months"": 3}",both,te
RC000787,AL00273,ENT0080,3,margin_squeeze,prebook_input,"{""amount"": 107800.0, ""days"": 30, ""months"": 3}",merchant,te
RC000788,AL00274,ENT0080,1,margin_squeeze,prebook_input,"{""amount"": 25100.0, ""days"": 30, ""months"": 3}",merchant,te
RC000789,AL00274,ENT0080,2,working_capital_erosion,request_bridge_loan,"{""amount"": 25100.0, ""days"": 30, ""months"": 3}",both,te
RC000790,AL00274,ENT0080,3,debt_overhang,restructure_emi,"{""amount"": 25100.0, ""days"": 30, ""months"": 3}",both,te
RC000791,AL00275,ENT0080,1,working_capital_erosion,request_bridge_loan,"{""amount"": 14500.0, ""days"": 30, ""months"": 3}",both,te
RC000792,AL00275,ENT0080,2,receivable_stretch,collect_udhaar,"{""amount"": 14500.0, ""days"": 30, ""months"": 3}",merchant,te
RC000793,AL00275,ENT0080,3,debt_overhang,restructure_emi,"{""amount"": 14500.0, ""days"": 30, ""months"": 3}",both,te
RC000794,AL00276,ENT0080,1,working_capital_erosion,request_bridge_loan,"{""amount"": 61300.0, ""days"": 30, ""months"": 3}",both,te
RC000795,AL00276,ENT0080,2,debt_overhang,restructure_emi,"{""amount"": 61300.0, ""days"": 30, ""months"": 3}",both,te
RC000796,AL00276,ENT0080,3,receivable_stretch,collect_udhaar,"{""amount"": 61300.0, ""days"": 30, ""months"": 3}",merchant,te
RC000797,AL00277,ENT0080,1,working_capital_erosion,request_bridge_loan,"{""amount"": 116700.0, ""days"": 30, ""months"": 3}",both,te
RC000798,AL00277,ENT0080,2,receivable_stretch,collect_udhaar,"{""amount"": 116700.0, ""days"": 30, ""months"": 3}",merchant,te
RC000799,AL00277,ENT0080,3,demand_trough,stagger_batch,"{""amount"": 116700.0, ""days"": 30, ""months"": 3}",merchant,te
RC000800,AL00278,ENT0080,1,margin_squeeze,prebook_input,"{""amount"": 63200.0, ""days"": 30, ""months"": 3}",merchant,te
RC000801,AL00278,ENT0080,2,working_capital_erosion,request_bridge_loan,"{""amount"": 63200.0, ""days"": 30, ""months"": 3}",both,te
RC000802,AL00278,ENT0080,3,receivable_stretch,collect_udhaar,"{""amount"": 63200.0, ""days"": 30, ""months"": 3}",merchant,te
RC000803,AL00279,ENT0081,1,margin_squeeze,prebook_input,"{""amount"": 80600.0, ""days"": 30, ""months"": 3}",merchant,mr
RC000804,AL00279,ENT0081,2,receivable_stretch,collect_udhaar,"{""amount"": 80600.0, ""days"": 30, ""months"": 3}",merchant,mr
RC000805,AL00279,ENT0081,3,working_capital_erosion,request_bridge_loan,"{""amount"": 80600.0, ""days"": 30, ""months"": 3}",both,mr
RC000806,AL00280,ENT0081,1,margin_squeeze,prebook_input,"{""amount"": 41500.0, ""days"": 30, ""months"": 3}",merchant,mr
RC000807,AL00280,ENT0081,2,working_capital_erosion,request_bridge_loan,"{""amount"": 41500.0, ""days"": 30, ""months"": 3}",both,mr
RC000808,AL00280,ENT0081,3,climate_shock,prebook_input,"{""amount"": 41500.0, ""days"": 30, ""months"": 3}",merchant,mr
RC000809,AL00281,ENT0081,1,working_capital_erosion,request_bridge_loan,"{""amount"": 38100.0, ""days"": 30, ""months"": 3}",both,mr
RC000810,AL00281,ENT0081,2,margin_squeeze,prebook_input,"{""amount"": 38100.0, ""days"": 30, ""months"": 3}",merchant,mr
RC000811,AL00281,ENT0081,3,receivable_stretch,collect_udhaar,"{""amount"": 38100.0, ""days"": 30, ""months"": 3}",merchant,mr
RC000812,AL00282,ENT0081,1,climate_shock,prebook_input,"{""amount"": 69100.0, ""days"": 30, ""months"": 3}",merchant,mr
RC000813,AL00282,ENT0081,2,margin_squeeze,prebook_input,"{""amount"": 69100.0, ""days"": 30, ""months"": 3}",merchant,mr
RC000814,AL00282,ENT0081,3,working_capital_erosion,request_bridge_loan,"{""amount"": 69100.0, ""days"": 30, ""months"": 3}",both,mr
RC000815,AL00283,ENT0081,1,margin_squeeze,prebook_input,"{""amount"": 35900.0, ""days"": 30, ""months"": 3}",merchant,mr
RC000816,AL00283,ENT0081,2,working_capital_erosion,request_bridge_loan,"{""amount"": 35900.0, ""days"": 30, ""months"": 3}",both,mr
RC000817,AL00283,ENT0081,3,climate_shock,prebook_input,"{""amount"": 35900.0, ""days"": 30, ""months"": 3}",merchant,mr
RC000818,AL00284,ENT0082,1,margin_squeeze,prebook_input,"{""amount"": 32300.0, ""days"": 30, ""months"": 3}",merchant,mr
RC000819,AL00284,ENT0082,2,receivable_stretch,collect_udhaar,"{""amount"": 32300.0, ""days"": 30, ""months"": 3}",merchant,mr
RC000820,AL00284,ENT0082,3,climate_shock,prebook_input,"{""amount"": 32300.0, ""days"": 30, ""months"": 3}",merchant,mr
RC000821,AL00285,ENT0082,1,climate_shock,prebook_input,"{""amount"": 69200.0, ""days"": 30, ""months"": 3}",merchant,mr
RC000822,AL00285,ENT0082,2,margin_squeeze,prebook_input,"{""amount"": 69200.0, ""days"": 30, ""months"": 3}",merchant,mr
RC000823,AL00285,ENT0082,3,working_capital_erosion,request_bridge_loan,"{""amount"": 69200.0, ""days"": 30, ""months"": 3}",both,mr
RC000824,AL00286,ENT0083,1,working_capital_erosion,request_bridge_loan,"{""amount"": 159800.0, ""days"": 30, ""months"": 3}",both,gu
RC000825,AL00286,ENT0083,2,demand_trough,stagger_batch,"{""amount"": 159800.0, ""days"": 30, ""months"": 3}",merchant,gu
RC000826,AL00286,ENT0083,3,debt_overhang,restructure_emi,"{""amount"": 159800.0, ""days"": 30, ""months"": 3}",both,gu
RC000827,AL00287,ENT0083,1,working_capital_erosion,request_bridge_loan,"{""amount"": 140800.0, ""days"": 30, ""months"": 3}",both,gu
RC000828,AL00287,ENT0083,2,debt_overhang,restructure_emi,"{""amount"": 140800.0, ""days"": 30, ""months"": 3}",both,gu
RC000829,AL00287,ENT0083,3,climate_shock,prebook_input,"{""amount"": 140800.0, ""days"": 30, ""months"": 3}",merchant,gu
RC000830,AL00288,ENT0083,1,working_capital_erosion,request_bridge_loan,"{""amount"": 102700.0, ""days"": 30, ""months"": 3}",both,gu
RC000831,AL00288,ENT0083,2,demand_trough,stagger_batch,"{""amount"": 102700.0, ""days"": 30, ""months"": 3}",merchant,gu
RC000832,AL00288,ENT0083,3,debt_overhang,restructure_emi,"{""amount"": 102700.0, ""days"": 30, ""months"": 3}",both,gu
RC000833,AL00289,ENT0083,1,working_capital_erosion,request_bridge_loan,"{""amount"": 55900.0, ""days"": 30, ""months"": 3}",both,gu
RC000834,AL00289,ENT0083,2,demand_trough,stagger_batch,"{""amount"": 55900.0, ""days"": 30, ""months"": 3}",merchant,gu
RC000835,AL00289,ENT0083,3,debt_overhang,restructure_emi,"{""amount"": 55900.0, ""days"": 30, ""months"": 3}",both,gu
RC000836,AL00290,ENT0083,1,climate_shock,prebook_input,"{""amount"": 164800.0, ""days"": 30, ""months"": 3}",merchant,gu
RC000837,AL00290,ENT0083,2,demand_trough,stagger_batch,"{""amount"": 164800.0, ""days"": 30, ""months"": 3}",merchant,gu
RC000838,AL00290,ENT0083,3,working_capital_erosion,request_bridge_loan,"{""amount"": 164800.0, ""days"": 30, ""months"": 3}",both,gu
RC000839,AL00291,ENT0084,1,working_capital_erosion,request_bridge_loan,"{""amount"": 30600.0, ""days"": 30, ""months"": 3}",both,mr
RC000840,AL00291,ENT0084,2,receivable_stretch,collect_udhaar,"{""amount"": 30600.0, ""days"": 30, ""months"": 3}",merchant,mr
RC000841,AL00291,ENT0084,3,demand_trough,stagger_batch,"{""amount"": 30600.0, ""days"": 30, ""months"": 3}",merchant,mr
RC000842,AL00292,ENT0084,1,receivable_stretch,collect_udhaar,"{""amount"": 34600.0, ""days"": 30, ""months"": 3}",merchant,mr
RC000843,AL00292,ENT0084,2,climate_shock,prebook_input,"{""amount"": 34600.0, ""days"": 30, ""months"": 3}",merchant,mr
RC000844,AL00292,ENT0084,3,margin_squeeze,prebook_input,"{""amount"": 34600.0, ""days"": 30, ""months"": 3}",merchant,mr
RC000845,AL00293,ENT0085,1,demand_trough,stagger_batch,"{""amount"": 187000.0, ""days"": 30, ""months"": 3}",merchant,or
RC000846,AL00293,ENT0085,2,working_capital_erosion,request_bridge_loan,"{""amount"": 187000.0, ""days"": 30, ""months"": 3}",both,or
RC000847,AL00294,ENT0085,1,climate_shock,prebook_input,"{""amount"": 133000.0, ""days"": 30, ""months"": 3}",merchant,or
RC000848,AL00294,ENT0085,2,demand_trough,stagger_batch,"{""amount"": 133000.0, ""days"": 30, ""months"": 3}",merchant,or
RC000849,AL00294,ENT0085,3,margin_squeeze,prebook_input,"{""amount"": 133000.0, ""days"": 30, ""months"": 3}",merchant,or
RC000850,AL00295,ENT0085,1,margin_squeeze,prebook_input,"{""amount"": 146300.0, ""days"": 30, ""months"": 3}",merchant,or
RC000851,AL00295,ENT0085,2,working_capital_erosion,request_bridge_loan,"{""amount"": 146300.0, ""days"": 30, ""months"": 3}",both,or
RC000852,AL00295,ENT0085,3,demand_trough,stagger_batch,"{""amount"": 146300.0, ""days"": 30, ""months"": 3}",merchant,or
RC000853,AL00296,ENT0085,1,margin_squeeze,prebook_input,"{""amount"": 65600.0, ""days"": 30, ""months"": 3}",merchant,or
RC000854,AL00296,ENT0085,2,working_capital_erosion,request_bridge_loan,"{""amount"": 65600.0, ""days"": 30, ""months"": 3}",both,or
RC000855,AL00296,ENT0085,3,debt_overhang,restructure_emi,"{""amount"": 65600.0, ""days"": 30, ""months"": 3}",both,or
RC000856,AL00297,ENT0085,1,working_capital_erosion,request_bridge_loan,"{""amount"": 61200.0, ""days"": 30, ""months"": 3}",both,or
RC000857,AL00297,ENT0085,2,debt_overhang,restructure_emi,"{""amount"": 61200.0, ""days"": 30, ""months"": 3}",both,or
RC000858,AL00297,ENT0085,3,demand_trough,stagger_batch,"{""amount"": 61200.0, ""days"": 30, ""months"": 3}",merchant,or
RC000859,AL00298,ENT0085,1,debt_overhang,restructure_emi,"{""amount"": 82300.0, ""days"": 30, ""months"": 3}",both,or
RC000860,AL00298,ENT0085,2,working_capital_erosion,request_bridge_loan,"{""amount"": 82300.0, ""days"": 30, ""months"": 3}",both,or
RC000861,AL00298,ENT0085,3,demand_trough,stagger_batch,"{""amount"": 82300.0, ""days"": 30, ""months"": 3}",merchant,or
RC000862,AL00299,ENT0085,1,climate_shock,prebook_input,"{""amount"": 96500.0, ""days"": 30, ""months"": 3}",merchant,or
RC000863,AL00299,ENT0085,2,margin_squeeze,prebook_input,"{""amount"": 96500.0, ""days"": 30, ""months"": 3}",merchant,or
RC000864,AL00299,ENT0085,3,working_capital_erosion,request_bridge_loan,"{""amount"": 96500.0, ""days"": 30, ""months"": 3}",both,or
RC000865,AL00300,ENT0085,1,margin_squeeze,prebook_input,"{""amount"": 108400.0, ""days"": 30, ""months"": 3}",merchant,or
RC000866,AL00300,ENT0085,2,working_capital_erosion,request_bridge_loan,"{""amount"": 108400.0, ""days"": 30, ""months"": 3}",both,or
RC000867,AL00300,ENT0085,3,receivable_stretch,collect_udhaar,"{""amount"": 108400.0, ""days"": 30, ""months"": 3}",merchant,or
RC000868,AL00301,ENT0086,1,receivable_stretch,collect_udhaar,"{""amount"": 136400.0, ""days"": 30, ""months"": 3}",merchant,gu
RC000869,AL00301,ENT0086,2,demand_trough,stagger_batch,"{""amount"": 136400.0, ""days"": 30, ""months"": 3}",merchant,gu
RC000870,AL00301,ENT0086,3,margin_squeeze,prebook_input,"{""amount"": 136400.0, ""days"": 30, ""months"": 3}",merchant,gu
RC000871,AL00302,ENT0086,1,margin_squeeze,prebook_input,"{""amount"": 43500.0, ""days"": 30, ""months"": 3}",merchant,gu
RC000872,AL00302,ENT0086,2,climate_shock,prebook_input,"{""amount"": 43500.0, ""days"": 30, ""months"": 3}",merchant,gu
RC000873,AL00302,ENT0086,3,debt_overhang,restructure_emi,"{""amount"": 43500.0, ""days"": 30, ""months"": 3}",both,gu
RC000874,AL00303,ENT0086,1,margin_squeeze,prebook_input,"{""amount"": 34600.0, ""days"": 30, ""months"": 3}",merchant,gu
RC000875,AL00303,ENT0086,2,working_capital_erosion,request_bridge_loan,"{""amount"": 34600.0, ""days"": 30, ""months"": 3}",both,gu
RC000876,AL00303,ENT0086,3,debt_overhang,restructure_emi,"{""amount"": 34600.0, ""days"": 30, ""months"": 3}",both,gu
RC000877,AL00304,ENT0086,1,margin_squeeze,prebook_input,"{""amount"": 23300.0, ""days"": 30, ""months"": 3}",merchant,gu
RC000878,AL00304,ENT0086,2,receivable_stretch,collect_udhaar,"{""amount"": 23300.0, ""days"": 30, ""months"": 3}",merchant,gu
RC000879,AL00304,ENT0086,3,demand_trough,stagger_batch,"{""amount"": 23300.0, ""days"": 30, ""months"": 3}",merchant,gu
RC000880,AL00305,ENT0086,1,climate_shock,prebook_input,"{""amount"": 108800.0, ""days"": 30, ""months"": 3}",merchant,gu
RC000881,AL00305,ENT0086,2,receivable_stretch,collect_udhaar,"{""amount"": 108800.0, ""days"": 30, ""months"": 3}",merchant,gu
RC000882,AL00305,ENT0086,3,margin_squeeze,prebook_input,"{""amount"": 108800.0, ""days"": 30, ""months"": 3}",merchant,gu
RC000883,AL00306,ENT0087,1,receivable_stretch,collect_udhaar,"{""amount"": 78500.0, ""days"": 30, ""months"": 3}",merchant,gu
RC000884,AL00306,ENT0087,2,demand_trough,stagger_batch,"{""amount"": 78500.0, ""days"": 30, ""months"": 3}",merchant,gu
RC000885,AL00306,ENT0087,3,climate_shock,prebook_input,"{""amount"": 78500.0, ""days"": 30, ""months"": 3}",merchant,gu
RC000886,AL00307,ENT0087,1,margin_squeeze,prebook_input,"{""amount"": 80000.0, ""days"": 30, ""months"": 3}",merchant,gu
RC000887,AL00307,ENT0087,2,receivable_stretch,collect_udhaar,"{""amount"": 80000.0, ""days"": 30, ""months"": 3}",merchant,gu
RC000888,AL00307,ENT0087,3,climate_shock,prebook_input,"{""amount"": 80000.0, ""days"": 30, ""months"": 3}",merchant,gu
RC000889,AL00308,ENT0087,1,margin_squeeze,prebook_input,"{""amount"": 38500.0, ""days"": 30, ""months"": 3}",merchant,gu
RC000890,AL00308,ENT0087,2,working_capital_erosion,request_bridge_loan,"{""amount"": 38500.0, ""days"": 30, ""months"": 3}",both,gu
RC000891,AL00308,ENT0087,3,receivable_stretch,collect_udhaar,"{""amount"": 38500.0, ""days"": 30, ""months"": 3}",merchant,gu
RC000892,AL00309,ENT0087,1,margin_squeeze,prebook_input,"{""amount"": 50600.0, ""days"": 30, ""months"": 3}",merchant,gu
RC000893,AL00309,ENT0087,2,working_capital_erosion,request_bridge_loan,"{""amount"": 50600.0, ""days"": 30, ""months"": 3}",both,gu
RC000894,AL00309,ENT0087,3,receivable_stretch,collect_udhaar,"{""amount"": 50600.0, ""days"": 30, ""months"": 3}",merchant,gu
RC000895,AL00310,ENT0087,1,climate_shock,prebook_input,"{""amount"": 81000.0, ""days"": 30, ""months"": 3}",merchant,gu
RC000896,AL00310,ENT0087,2,margin_squeeze,prebook_input,"{""amount"": 81000.0, ""days"": 30, ""months"": 3}",merchant,gu
RC000897,AL00310,ENT0087,3,working_capital_erosion,request_bridge_loan,"{""amount"": 81000.0, ""days"": 30, ""months"": 3}",both,gu
RC000898,AL00311,ENT0087,1,margin_squeeze,prebook_input,"{""amount"": 33000.0, ""days"": 30, ""months"": 3}",merchant,gu
RC000899,AL00311,ENT0087,2,working_capital_erosion,request_bridge_loan,"{""amount"": 33000.0, ""days"": 30, ""months"": 3}",both,gu
RC000900,AL00312,ENT0089,1,demand_trough,stagger_batch,"{""amount"": 68100.0, ""days"": 30, ""months"": 3}",merchant,hi
RC000901,AL00312,ENT0089,2,climate_shock,prebook_input,"{""amount"": 68100.0, ""days"": 30, ""months"": 3}",merchant,hi
RC000902,AL00313,ENT0089,1,margin_squeeze,prebook_input,"{""amount"": 64700.0, ""days"": 30, ""months"": 3}",merchant,hi
RC000903,AL00313,ENT0089,2,working_capital_erosion,request_bridge_loan,"{""amount"": 64700.0, ""days"": 30, ""months"": 3}",both,hi
RC000904,AL00314,ENT0089,1,margin_squeeze,prebook_input,"{""amount"": 16400.0, ""days"": 30, ""months"": 3}",merchant,hi
RC000905,AL00314,ENT0089,2,working_capital_erosion,request_bridge_loan,"{""amount"": 16400.0, ""days"": 30, ""months"": 3}",both,hi
RC000906,AL00314,ENT0089,3,debt_overhang,restructure_emi,"{""amount"": 16400.0, ""days"": 30, ""months"": 3}",both,hi
RC000907,AL00315,ENT0089,1,margin_squeeze,prebook_input,"{""amount"": 6700.0, ""days"": 30, ""months"": 3}",merchant,hi
RC000908,AL00315,ENT0089,2,working_capital_erosion,request_bridge_loan,"{""amount"": 6700.0, ""days"": 30, ""months"": 3}",both,hi
RC000909,AL00315,ENT0089,3,climate_shock,prebook_input,"{""amount"": 6700.0, ""days"": 30, ""months"": 3}",merchant,hi
RC000910,AL00316,ENT0089,1,demand_trough,stagger_batch,"{""amount"": 107800.0, ""days"": 30, ""months"": 3}",merchant,hi
RC000911,AL00317,ENT0089,1,climate_shock,prebook_input,"{""amount"": 73900.0, ""days"": 30, ""months"": 3}",merchant,hi
RC000912,AL00317,ENT0089,2,margin_squeeze,prebook_input,"{""amount"": 73900.0, ""days"": 30, ""months"": 3}",merchant,hi
RC000913,AL00317,ENT0089,3,demand_trough,stagger_batch,"{""amount"": 73900.0, ""days"": 30, ""months"": 3}",merchant,hi
RC000914,AL00318,ENT0089,1,margin_squeeze,prebook_input,"{""amount"": 17000.0, ""days"": 30, ""months"": 3}",merchant,hi
RC000915,AL00318,ENT0089,2,working_capital_erosion,request_bridge_loan,"{""amount"": 17000.0, ""days"": 30, ""months"": 3}",both,hi
RC000916,AL00318,ENT0089,3,demand_trough,stagger_batch,"{""amount"": 17000.0, ""days"": 30, ""months"": 3}",merchant,hi
RC000917,AL00319,ENT0089,1,working_capital_erosion,request_bridge_loan,"{""amount"": 2000.0, ""days"": 30, ""months"": 3}",both,hi
RC000918,AL00319,ENT0089,2,margin_squeeze,prebook_input,"{""amount"": 2000.0, ""days"": 30, ""months"": 3}",merchant,hi
RC000919,AL00319,ENT0089,3,receivable_stretch,collect_udhaar,"{""amount"": 2000.0, ""days"": 30, ""months"": 3}",merchant,hi
RC000920,AL00320,ENT0089,1,demand_trough,stagger_batch,"{""amount"": 91100.0, ""days"": 30, ""months"": 3}",merchant,hi
RC000921,AL00320,ENT0089,2,receivable_stretch,collect_udhaar,"{""amount"": 91100.0, ""days"": 30, ""months"": 3}",merchant,hi
RC000922,AL00320,ENT0089,3,climate_shock,prebook_input,"{""amount"": 91100.0, ""days"": 30, ""months"": 3}",merchant,hi
RC000923,AL00321,ENT0089,1,working_capital_erosion,request_bridge_loan,"{""amount"": 41800.0, ""days"": 30, ""months"": 3}",both,hi
RC000924,AL00321,ENT0089,2,margin_squeeze,prebook_input,"{""amount"": 41800.0, ""days"": 30, ""months"": 3}",merchant,hi
RC000925,AL00321,ENT0089,3,receivable_stretch,collect_udhaar,"{""amount"": 41800.0, ""days"": 30, ""months"": 3}",merchant,hi
RC000926,AL00322,ENT0089,1,working_capital_erosion,request_bridge_loan,"{""amount"": 27800.0, ""days"": 30, ""months"": 3}",both,hi
RC000927,AL00322,ENT0089,2,margin_squeeze,prebook_input,"{""amount"": 27800.0, ""days"": 30, ""months"": 3}",merchant,hi
RC000928,AL00322,ENT0089,3,debt_overhang,restructure_emi,"{""amount"": 27800.0, ""days"": 30, ""months"": 3}",both,hi
RC000929,AL00323,ENT0090,1,working_capital_erosion,request_bridge_loan,"{""amount"": 18100.0, ""days"": 30, ""months"": 3}",both,mr
RC000930,AL00323,ENT0090,2,demand_trough,stagger_batch,"{""amount"": 18100.0, ""days"": 30, ""months"": 3}",merchant,mr
RC000931,AL00323,ENT0090,3,debt_overhang,restructure_emi,"{""amount"": 18100.0, ""days"": 30, ""months"": 3}",both,mr
RC000932,AL00324,ENT0090,1,demand_trough,stagger_batch,"{""amount"": 7200.0, ""days"": 30, ""months"": 3}",merchant,mr
RC000933,AL00324,ENT0090,2,climate_shock,prebook_input,"{""amount"": 7200.0, ""days"": 30, ""months"": 3}",merchant,mr
RC000934,AL00324,ENT0090,3,receivable_stretch,collect_udhaar,"{""amount"": 7200.0, ""days"": 30, ""months"": 3}",merchant,mr
RC000935,AL00325,ENT0091,1,demand_trough,stagger_batch,"{""amount"": 82600.0, ""days"": 30, ""months"": 3}",merchant,mr
RC000936,AL00325,ENT0091,2,climate_shock,prebook_input,"{""amount"": 82600.0, ""days"": 30, ""months"": 3}",merchant,mr
RC000937,AL00325,ENT0091,3,working_capital_erosion,request_bridge_loan,"{""amount"": 82600.0, ""days"": 30, ""months"": 3}",both,mr
RC000938,AL00326,ENT0091,1,margin_squeeze,prebook_input,"{""amount"": 78100.0, ""days"": 30, ""months"": 3}",merchant,mr
RC000939,AL00326,ENT0091,2,working_capital_erosion,request_bridge_loan,"{""amount"": 78100.0, ""days"": 30, ""months"": 3}",both,mr
RC000940,AL00326,ENT0091,3,receivable_stretch,collect_udhaar,"{""amount"": 78100.0, ""days"": 30, ""months"": 3}",merchant,mr
RC000941,AL00327,ENT0091,1,margin_squeeze,prebook_input,"{""amount"": 17700.0, ""days"": 30, ""months"": 3}",merchant,mr
RC000942,AL00327,ENT0091,2,working_capital_erosion,request_bridge_loan,"{""amount"": 17700.0, ""days"": 30, ""months"": 3}",both,mr
RC000943,AL00327,ENT0091,3,debt_overhang,restructure_emi,"{""amount"": 17700.0, ""days"": 30, ""months"": 3}",both,mr
RC000944,AL00328,ENT0091,1,demand_trough,stagger_batch,"{""amount"": 91900.0, ""days"": 30, ""months"": 3}",merchant,mr
RC000945,AL00328,ENT0091,2,working_capital_erosion,request_bridge_loan,"{""amount"": 91900.0, ""days"": 30, ""months"": 3}",both,mr
RC000946,AL00328,ENT0091,3,margin_squeeze,prebook_input,"{""amount"": 91900.0, ""days"": 30, ""months"": 3}",merchant,mr
RC000947,AL00329,ENT0091,1,working_capital_erosion,request_bridge_loan,"{""amount"": 55900.0, ""days"": 30, ""months"": 3}",both,mr
RC000948,AL00329,ENT0091,2,margin_squeeze,prebook_input,"{""amount"": 55900.0, ""days"": 30, ""months"": 3}",merchant,mr
RC000949,AL00329,ENT0091,3,receivable_stretch,collect_udhaar,"{""amount"": 55900.0, ""days"": 30, ""months"": 3}",merchant,mr
RC000950,AL00330,ENT0091,1,working_capital_erosion,request_bridge_loan,"{""amount"": 13100.0, ""days"": 30, ""months"": 3}",both,mr
RC000951,AL00330,ENT0091,2,margin_squeeze,prebook_input,"{""amount"": 13100.0, ""days"": 30, ""months"": 3}",merchant,mr
RC000952,AL00330,ENT0091,3,receivable_stretch,collect_udhaar,"{""amount"": 13100.0, ""days"": 30, ""months"": 3}",merchant,mr
RC000953,AL00331,ENT0091,1,demand_trough,stagger_batch,"{""amount"": 76000.0, ""days"": 30, ""months"": 3}",merchant,mr
RC000954,AL00331,ENT0091,2,working_capital_erosion,request_bridge_loan,"{""amount"": 76000.0, ""days"": 30, ""months"": 3}",both,mr
RC000955,AL00331,ENT0091,3,margin_squeeze,prebook_input,"{""amount"": 76000.0, ""days"": 30, ""months"": 3}",merchant,mr
RC000956,AL00332,ENT0091,1,margin_squeeze,prebook_input,"{""amount"": 40900.0, ""days"": 30, ""months"": 3}",merchant,mr
RC000957,AL00332,ENT0091,2,working_capital_erosion,request_bridge_loan,"{""amount"": 40900.0, ""days"": 30, ""months"": 3}",both,mr
RC000958,AL00332,ENT0091,3,climate_shock,prebook_input,"{""amount"": 40900.0, ""days"": 30, ""months"": 3}",merchant,mr
RC000959,AL00333,ENT0091,1,margin_squeeze,prebook_input,"{""amount"": 38000.0, ""days"": 30, ""months"": 3}",merchant,mr
RC000960,AL00333,ENT0091,2,working_capital_erosion,request_bridge_loan,"{""amount"": 38000.0, ""days"": 30, ""months"": 3}",both,mr
RC000961,AL00333,ENT0091,3,debt_overhang,restructure_emi,"{""amount"": 38000.0, ""days"": 30, ""months"": 3}",both,mr
RC000962,AL00334,ENT0093,1,margin_squeeze,prebook_input,"{""amount"": 7300.0, ""days"": 30, ""months"": 3}",merchant,as
RC000963,AL00334,ENT0093,2,receivable_stretch,collect_udhaar,"{""amount"": 7300.0, ""days"": 30, ""months"": 3}",merchant,as
RC000964,AL00334,ENT0093,3,demand_trough,stagger_batch,"{""amount"": 7300.0, ""days"": 30, ""months"": 3}",merchant,as
RC000965,AL00335,ENT0094,1,working_capital_erosion,request_bridge_loan,"{""amount"": 5500.0, ""days"": 30, ""months"": 3}",both,as
RC000966,AL00335,ENT0094,2,demand_trough,stagger_batch,"{""amount"": 5500.0, ""days"": 30, ""months"": 3}",merchant,as
RC000967,AL00335,ENT0094,3,debt_overhang,restructure_emi,"{""amount"": 5500.0, ""days"": 30, ""months"": 3}",both,as
RC000968,AL00336,ENT0094,1,debt_overhang,restructure_emi,"{""amount"": 51800.0, ""days"": 30, ""months"": 3}",both,as
RC000969,AL00336,ENT0094,2,working_capital_erosion,request_bridge_loan,"{""amount"": 51800.0, ""days"": 30, ""months"": 3}",both,as
RC000970,AL00337,ENT0094,1,working_capital_erosion,request_bridge_loan,"{""amount"": 26000.0, ""days"": 30, ""months"": 3}",both,as
RC000971,AL00337,ENT0094,2,demand_trough,stagger_batch,"{""amount"": 26000.0, ""days"": 30, ""months"": 3}",merchant,as
RC000972,AL00337,ENT0094,3,debt_overhang,restructure_emi,"{""amount"": 26000.0, ""days"": 30, ""months"": 3}",both,as
RC000973,AL00338,ENT0094,1,working_capital_erosion,request_bridge_loan,"{""amount"": 13100.0, ""days"": 30, ""months"": 3}",both,as
RC000974,AL00338,ENT0094,2,demand_trough,stagger_batch,"{""amount"": 13100.0, ""days"": 30, ""months"": 3}",merchant,as
RC000975,AL00338,ENT0094,3,debt_overhang,restructure_emi,"{""amount"": 13100.0, ""days"": 30, ""months"": 3}",both,as
RC000976,AL00339,ENT0094,1,demand_trough,stagger_batch,"{""amount"": 16400.0, ""days"": 30, ""months"": 3}",merchant,as
RC000977,AL00339,ENT0094,2,climate_shock,prebook_input,"{""amount"": 16400.0, ""days"": 30, ""months"": 3}",merchant,as
RC000978,AL00339,ENT0094,3,working_capital_erosion,request_bridge_loan,"{""amount"": 16400.0, ""days"": 30, ""months"": 3}",both,as
RC000979,AL00340,ENT0094,1,demand_trough,stagger_batch,"{""amount"": 13500.0, ""days"": 30, ""months"": 3}",merchant,as
RC000980,AL00340,ENT0094,2,climate_shock,prebook_input,"{""amount"": 13500.0, ""days"": 30, ""months"": 3}",merchant,as
RC000981,AL00340,ENT0094,3,working_capital_erosion,request_bridge_loan,"{""amount"": 13500.0, ""days"": 30, ""months"": 3}",both,as
RC000982,AL00341,ENT0095,1,margin_squeeze,prebook_input,"{""amount"": 91300.0, ""days"": 30, ""months"": 3}",merchant,mr
RC000983,AL00341,ENT0095,2,climate_shock,prebook_input,"{""amount"": 91300.0, ""days"": 30, ""months"": 3}",merchant,mr
RC000984,AL00341,ENT0095,3,working_capital_erosion,request_bridge_loan,"{""amount"": 91300.0, ""days"": 30, ""months"": 3}",both,mr
RC000985,AL00342,ENT0095,1,climate_shock,prebook_input,"{""amount"": 106700.0, ""days"": 30, ""months"": 3}",merchant,mr
RC000986,AL00342,ENT0095,2,receivable_stretch,collect_udhaar,"{""amount"": 106700.0, ""days"": 30, ""months"": 3}",merchant,mr
RC000987,AL00342,ENT0095,3,working_capital_erosion,request_bridge_loan,"{""amount"": 106700.0, ""days"": 30, ""months"": 3}",both,mr
RC000988,AL00343,ENT0095,1,climate_shock,prebook_input,"{""amount"": 111300.0, ""days"": 30, ""months"": 3}",merchant,mr
RC000989,AL00343,ENT0095,2,margin_squeeze,prebook_input,"{""amount"": 111300.0, ""days"": 30, ""months"": 3}",merchant,mr
RC000990,AL00343,ENT0095,3,receivable_stretch,collect_udhaar,"{""amount"": 111300.0, ""days"": 30, ""months"": 3}",merchant,mr
RC000991,AL00344,ENT0095,1,margin_squeeze,prebook_input,"{""amount"": 58000.0, ""days"": 30, ""months"": 3}",merchant,mr
RC000992,AL00344,ENT0095,2,working_capital_erosion,request_bridge_loan,"{""amount"": 58000.0, ""days"": 30, ""months"": 3}",both,mr
RC000993,AL00344,ENT0095,3,climate_shock,prebook_input,"{""amount"": 58000.0, ""days"": 30, ""months"": 3}",merchant,mr
RC000994,AL00345,ENT0096,1,margin_squeeze,prebook_input,"{""amount"": 4600.0, ""days"": 30, ""months"": 3}",merchant,gu
RC000995,AL00345,ENT0096,2,receivable_stretch,collect_udhaar,"{""amount"": 4600.0, ""days"": 30, ""months"": 3}",merchant,gu
RC000996,AL00345,ENT0096,3,demand_trough,stagger_batch,"{""amount"": 4600.0, ""days"": 30, ""months"": 3}",merchant,gu
RC000997,AL00346,ENT0098,1,margin_squeeze,prebook_input,"{""amount"": 18300.0, ""days"": 30, ""months"": 3}",merchant,mr
RC000998,AL00346,ENT0098,2,receivable_stretch,collect_udhaar,"{""amount"": 18300.0, ""days"": 30, ""months"": 3}",merchant,mr
RC000999,AL00346,ENT0098,3,climate_shock,prebook_input,"{""amount"": 18300.0, ""days"": 30, ""months"": 3}",merchant,mr
RC001000,AL00347,ENT0098,1,margin_squeeze,prebook_input,"{""amount"": 42900.0, ""days"": 30, ""months"": 3}",merchant,mr
RC001001,AL00347,ENT0098,2,receivable_stretch,collect_udhaar,"{""amount"": 42900.0, ""days"": 30, ""months"": 3}",merchant,mr
RC001002,AL00347,ENT0098,3,demand_trough,stagger_batch,"{""amount"": 42900.0, ""days"": 30, ""months"": 3}",merchant,mr
RC001003,AL00348,ENT0098,1,margin_squeeze,prebook_input,"{""amount"": 38300.0, ""days"": 30, ""months"": 3}",merchant,mr
RC001004,AL00348,ENT0098,2,receivable_stretch,collect_udhaar,"{""amount"": 38300.0, ""days"": 30, ""months"": 3}",merchant,mr
RC001005,AL00348,ENT0098,3,demand_trough,stagger_batch,"{""amount"": 38300.0, ""days"": 30, ""months"": 3}",merchant,mr
RC001006,AL00349,ENT0098,1,margin_squeeze,prebook_input,"{""amount"": 52800.0, ""days"": 30, ""months"": 3}",merchant,mr
RC001007,AL00349,ENT0098,2,receivable_stretch,collect_udhaar,"{""amount"": 52800.0, ""days"": 30, ""months"": 3}",merchant,mr
RC001008,AL00349,ENT0098,3,climate_shock,prebook_input,"{""amount"": 52800.0, ""days"": 30, ""months"": 3}",merchant,mr
RC001009,AL00350,ENT0099,1,margin_squeeze,prebook_input,"{""amount"": 2000.0, ""days"": 30, ""months"": 3}",merchant,mr
RC001010,AL00350,ENT0099,2,receivable_stretch,collect_udhaar,"{""amount"": 2000.0, ""days"": 30, ""months"": 3}",merchant,mr
RC001011,AL00350,ENT0099,3,climate_shock,prebook_input,"{""amount"": 2000.0, ""days"": 30, ""months"": 3}",merchant,mr
RC001012,AL00351,ENT0099,1,margin_squeeze,prebook_input,"{""amount"": 2600.0, ""days"": 30, ""months"": 3}",merchant,mr
RC001013,AL00351,ENT0099,2,receivable_stretch,collect_udhaar,"{""amount"": 2600.0, ""days"": 30, ""months"": 3}",merchant,mr
RC001014,AL00351,ENT0099,3,demand_trough,stagger_batch,"{""amount"": 2600.0, ""days"": 30, ""months"": 3}",merchant,mr
RC001015,AL00352,ENT0099,1,margin_squeeze,prebook_input,"{""amount"": 22000.0, ""days"": 30, ""months"": 3}",merchant,mr
RC001016,AL00352,ENT0099,2,receivable_stretch,collect_udhaar,"{""amount"": 22000.0, ""days"": 30, ""months"": 3}",merchant,mr
RC001017,AL00352,ENT0099,3,climate_shock,prebook_input,"{""amount"": 22000.0, ""days"": 30, ""months"": 3}",merchant,mr
RC001018,AL00353,ENT0100,1,working_capital_erosion,request_bridge_loan,"{""amount"": 18100.0, ""days"": 30, ""months"": 3}",both,as
RC001019,AL00353,ENT0100,2,demand_trough,stagger_batch,"{""amount"": 18100.0, ""days"": 30, ""months"": 3}",merchant,as
RC001020,AL00353,ENT0100,3,debt_overhang,restructure_emi,"{""amount"": 18100.0, ""days"": 30, ""months"": 3}",both,as
RC001021,AL00354,ENT0100,1,working_capital_erosion,request_bridge_loan,"{""amount"": 45500.0, ""days"": 30, ""months"": 3}",both,as
RC001022,AL00354,ENT0100,2,debt_overhang,restructure_emi,"{""amount"": 45500.0, ""days"": 30, ""months"": 3}",both,as
RC001023,AL00354,ENT0100,3,margin_squeeze,prebook_input,"{""amount"": 45500.0, ""days"": 30, ""months"": 3}",merchant,as
RC001024,AL00355,ENT0100,1,working_capital_erosion,request_bridge_loan,"{""amount"": 32500.0, ""days"": 30, ""months"": 3}",both,as
RC001025,AL00355,ENT0100,2,debt_overhang,restructure_emi,"{""amount"": 32500.0, ""days"": 30, ""months"": 3}",both,as
RC001026,AL00355,ENT0100,3,demand_trough,stagger_batch,"{""amount"": 32500.0, ""days"": 30, ""months"": 3}",merchant,as
RC001027,AL00356,ENT0100,1,working_capital_erosion,request_bridge_loan,"{""amount"": 22000.0, ""days"": 30, ""months"": 3}",both,as
RC001028,AL00356,ENT0100,2,demand_trough,stagger_batch,"{""amount"": 22000.0, ""days"": 30, ""months"": 3}",merchant,as
RC001029,AL00356,ENT0100,3,debt_overhang,restructure_emi,"{""amount"": 22000.0, ""days"": 30, ""months"": 3}",both,as
RC001030,AL00357,ENT0101,1,working_capital_erosion,request_bridge_loan,"{""amount"": 17600.0, ""days"": 30, ""months"": 3}",both,or
RC001031,AL00357,ENT0101,2,debt_overhang,restructure_emi,"{""amount"": 17600.0, ""days"": 30, ""months"": 3}",both,or
RC001032,AL00357,ENT0101,3,receivable_stretch,collect_udhaar,"{""amount"": 17600.0, ""days"": 30, ""months"": 3}",merchant,or
RC001033,AL00358,ENT0101,1,receivable_stretch,collect_udhaar,"{""amount"": 25900.0, ""days"": 30, ""months"": 3}",merchant,or
RC001034,AL00358,ENT0101,2,demand_trough,stagger_batch,"{""amount"": 25900.0, ""days"": 30, ""months"": 3}",merchant,or
RC001035,AL00358,ENT0101,3,debt_overhang,restructure_emi,"{""amount"": 25900.0, ""days"": 30, ""months"": 3}",both,or
RC001036,AL00359,ENT0102,1,margin_squeeze,prebook_input,"{""amount"": 19800.0, ""days"": 30, ""months"": 3}",merchant,or
RC001037,AL00359,ENT0102,2,receivable_stretch,collect_udhaar,"{""amount"": 19800.0, ""days"": 30, ""months"": 3}",merchant,or
RC001038,AL00359,ENT0102,3,demand_trough,stagger_batch,"{""amount"": 19800.0, ""days"": 30, ""months"": 3}",merchant,or
RC001039,AL00360,ENT0104,1,working_capital_erosion,request_bridge_loan,"{""amount"": 68000.0, ""days"": 30, ""months"": 3}",both,te
RC001040,AL00360,ENT0104,2,debt_overhang,restructure_emi,"{""amount"": 68000.0, ""days"": 30, ""months"": 3}",both,te
RC001041,AL00360,ENT0104,3,receivable_stretch,collect_udhaar,"{""amount"": 68000.0, ""days"": 30, ""months"": 3}",merchant,te
RC001042,AL00361,ENT0104,1,margin_squeeze,prebook_input,"{""amount"": 206000.0, ""days"": 30, ""months"": 3}",merchant,te
RC001043,AL00361,ENT0104,2,demand_trough,stagger_batch,"{""amount"": 206000.0, ""days"": 30, ""months"": 3}",merchant,te
RC001044,AL00361,ENT0104,3,debt_overhang,restructure_emi,"{""amount"": 206000.0, ""days"": 30, ""months"": 3}",both,te
RC001045,AL00362,ENT0104,1,margin_squeeze,prebook_input,"{""amount"": 205000.0, ""days"": 30, ""months"": 3}",merchant,te
RC001046,AL00362,ENT0104,2,demand_trough,stagger_batch,"{""amount"": 205000.0, ""days"": 30, ""months"": 3}",merchant,te
RC001047,AL00362,ENT0104,3,debt_overhang,restructure_emi,"{""amount"": 205000.0, ""days"": 30, ""months"": 3}",both,te
RC001048,AL00363,ENT0104,1,margin_squeeze,prebook_input,"{""amount"": 116300.0, ""days"": 30, ""months"": 3}",merchant,te
RC001049,AL00363,ENT0104,2,working_capital_erosion,request_bridge_loan,"{""amount"": 116300.0, ""days"": 30, ""months"": 3}",both,te
RC001050,AL00363,ENT0104,3,debt_overhang,restructure_emi,"{""amount"": 116300.0, ""days"": 30, ""months"": 3}",both,te
RC001051,AL00364,ENT0104,1,debt_overhang,restructure_emi,"{""amount"": 68200.0, ""days"": 30, ""months"": 3}",both,te
RC001052,AL00364,ENT0104,2,working_capital_erosion,request_bridge_loan,"{""amount"": 68200.0, ""days"": 30, ""months"": 3}",both,te
RC001053,AL00364,ENT0104,3,margin_squeeze,prebook_input,"{""amount"": 68200.0, ""days"": 30, ""months"": 3}",merchant,te
RC001054,AL00365,ENT0104,1,debt_overhang,restructure_emi,"{""amount"": 136800.0, ""days"": 30, ""months"": 3}",both,te
RC001055,AL00365,ENT0104,2,working_capital_erosion,request_bridge_loan,"{""amount"": 136800.0, ""days"": 30, ""months"": 3}",both,te
RC001056,AL00365,ENT0104,3,margin_squeeze,prebook_input,"{""amount"": 136800.0, ""days"": 30, ""months"": 3}",merchant,te
RC001057,AL00366,ENT0104,1,working_capital_erosion,request_bridge_loan,"{""amount"": 153700.0, ""days"": 30, ""months"": 3}",both,te
RC001058,AL00366,ENT0104,2,debt_overhang,restructure_emi,"{""amount"": 153700.0, ""days"": 30, ""months"": 3}",both,te
RC001059,AL00366,ENT0104,3,margin_squeeze,prebook_input,"{""amount"": 153700.0, ""days"": 30, ""months"": 3}",merchant,te
RC001060,AL00367,ENT0104,1,margin_squeeze,prebook_input,"{""amount"": 255700.0, ""days"": 30, ""months"": 3}",merchant,te
RC001061,AL00367,ENT0104,2,working_capital_erosion,request_bridge_loan,"{""amount"": 255700.0, ""days"": 30, ""months"": 3}",both,te
RC001062,AL00367,ENT0104,3,debt_overhang,restructure_emi,"{""amount"": 255700.0, ""days"": 30, ""months"": 3}",both,te
RC001063,AL00368,ENT0104,1,margin_squeeze,prebook_input,"{""amount"": 144200.0, ""days"": 30, ""months"": 3}",merchant,te
RC001064,AL00368,ENT0104,2,working_capital_erosion,request_bridge_loan,"{""amount"": 144200.0, ""days"": 30, ""months"": 3}",both,te
RC001065,AL00368,ENT0104,3,debt_overhang,restructure_emi,"{""amount"": 144200.0, ""days"": 30, ""months"": 3}",both,te
RC001066,AL00369,ENT0104,1,margin_squeeze,prebook_input,"{""amount"": 89800.0, ""days"": 30, ""months"": 3}",merchant,te
RC001067,AL00369,ENT0104,2,debt_overhang,restructure_emi,"{""amount"": 89800.0, ""days"": 30, ""months"": 3}",both,te
RC001068,AL00369,ENT0104,3,working_capital_erosion,request_bridge_loan,"{""amount"": 89800.0, ""days"": 30, ""months"": 3}",both,te
RC001069,AL00370,ENT0104,1,working_capital_erosion,request_bridge_loan,"{""amount"": 61600.0, ""days"": 30, ""months"": 3}",both,te
RC001070,AL00370,ENT0104,2,debt_overhang,restructure_emi,"{""amount"": 61600.0, ""days"": 30, ""months"": 3}",both,te
RC001071,AL00370,ENT0104,3,demand_trough,stagger_batch,"{""amount"": 61600.0, ""days"": 30, ""months"": 3}",merchant,te
RC001072,AL00371,ENT0104,1,working_capital_erosion,request_bridge_loan,"{""amount"": 124500.0, ""days"": 30, ""months"": 3}",both,te
RC001073,AL00371,ENT0104,2,debt_overhang,restructure_emi,"{""amount"": 124500.0, ""days"": 30, ""months"": 3}",both,te
RC001074,AL00371,ENT0104,3,climate_shock,prebook_input,"{""amount"": 124500.0, ""days"": 30, ""months"": 3}",merchant,te
RC001075,AL00372,ENT0104,1,working_capital_erosion,request_bridge_loan,"{""amount"": 98100.0, ""days"": 30, ""months"": 3}",both,te
RC001076,AL00372,ENT0104,2,climate_shock,prebook_input,"{""amount"": 98100.0, ""days"": 30, ""months"": 3}",merchant,te
RC001077,AL00372,ENT0104,3,demand_trough,stagger_batch,"{""amount"": 98100.0, ""days"": 30, ""months"": 3}",merchant,te
RC001078,AL00373,ENT0104,1,margin_squeeze,prebook_input,"{""amount"": 222300.0, ""days"": 30, ""months"": 3}",merchant,te
RC001079,AL00373,ENT0104,2,working_capital_erosion,request_bridge_loan,"{""amount"": 222300.0, ""days"": 30, ""months"": 3}",both,te
RC001080,AL00373,ENT0104,3,demand_trough,stagger_batch,"{""amount"": 222300.0, ""days"": 30, ""months"": 3}",merchant,te
RC001081,AL00374,ENT0105,1,working_capital_erosion,request_bridge_loan,"{""amount"": 25600.0, ""days"": 30, ""months"": 3}",both,as
RC001082,AL00374,ENT0105,2,receivable_stretch,collect_udhaar,"{""amount"": 25600.0, ""days"": 30, ""months"": 3}",merchant,as
RC001083,AL00374,ENT0105,3,demand_trough,stagger_batch,"{""amount"": 25600.0, ""days"": 30, ""months"": 3}",merchant,as
RC001084,AL00375,ENT0106,1,margin_squeeze,prebook_input,"{""amount"": 13600.0, ""days"": 30, ""months"": 3}",merchant,as
RC001085,AL00375,ENT0106,2,receivable_stretch,collect_udhaar,"{""amount"": 13600.0, ""days"": 30, ""months"": 3}",merchant,as
RC001086,AL00375,ENT0106,3,demand_trough,stagger_batch,"{""amount"": 13600.0, ""days"": 30, ""months"": 3}",merchant,as
RC001087,AL00376,ENT0107,1,receivable_stretch,collect_udhaar,"{""amount"": 173200.0, ""days"": 30, ""months"": 3}",merchant,gu
RC001088,AL00376,ENT0107,2,demand_trough,stagger_batch,"{""amount"": 173200.0, ""days"": 30, ""months"": 3}",merchant,gu
RC001089,AL00376,ENT0107,3,climate_shock,prebook_input,"{""amount"": 173200.0, ""days"": 30, ""months"": 3}",merchant,gu
RC001090,AL00377,ENT0107,1,margin_squeeze,prebook_input,"{""amount"": 100500.0, ""days"": 30, ""months"": 3}",merchant,gu
RC001091,AL00377,ENT0107,2,working_capital_erosion,request_bridge_loan,"{""amount"": 100500.0, ""days"": 30, ""months"": 3}",both,gu
RC001092,AL00377,ENT0107,3,receivable_stretch,collect_udhaar,"{""amount"": 100500.0, ""days"": 30, ""months"": 3}",merchant,gu
RC001093,AL00378,ENT0107,1,margin_squeeze,prebook_input,"{""amount"": 35200.0, ""days"": 30, ""months"": 3}",merchant,gu
RC001094,AL00378,ENT0107,2,working_capital_erosion,request_bridge_loan,"{""amount"": 35200.0, ""days"": 30, ""months"": 3}",both,gu
RC001095,AL00378,ENT0107,3,receivable_stretch,collect_udhaar,"{""amount"": 35200.0, ""days"": 30, ""months"": 3}",merchant,gu
RC001096,AL00379,ENT0107,1,margin_squeeze,prebook_input,"{""amount"": 15100.0, ""days"": 30, ""months"": 3}",merchant,gu
RC001097,AL00379,ENT0107,2,working_capital_erosion,request_bridge_loan,"{""amount"": 15100.0, ""days"": 30, ""months"": 3}",both,gu
RC001098,AL00379,ENT0107,3,climate_shock,prebook_input,"{""amount"": 15100.0, ""days"": 30, ""months"": 3}",merchant,gu
RC001099,AL00380,ENT0107,1,demand_trough,stagger_batch,"{""amount"": 109700.0, ""days"": 30, ""months"": 3}",merchant,gu
RC001100,AL00380,ENT0107,2,working_capital_erosion,request_bridge_loan,"{""amount"": 109700.0, ""days"": 30, ""months"": 3}",both,gu
RC001101,AL00381,ENT0107,1,working_capital_erosion,request_bridge_loan,"{""amount"": 88700.0, ""days"": 30, ""months"": 3}",both,gu
RC001102,AL00381,ENT0107,2,climate_shock,prebook_input,"{""amount"": 88700.0, ""days"": 30, ""months"": 3}",merchant,gu
RC001103,AL00381,ENT0107,3,receivable_stretch,collect_udhaar,"{""amount"": 88700.0, ""days"": 30, ""months"": 3}",merchant,gu
RC001104,AL00382,ENT0107,1,margin_squeeze,prebook_input,"{""amount"": 33700.0, ""days"": 30, ""months"": 3}",merchant,gu
RC001105,AL00382,ENT0107,2,working_capital_erosion,request_bridge_loan,"{""amount"": 33700.0, ""days"": 30, ""months"": 3}",both,gu
RC001106,AL00382,ENT0107,3,debt_overhang,restructure_emi,"{""amount"": 33700.0, ""days"": 30, ""months"": 3}",both,gu
RC001107,AL00383,ENT0107,1,working_capital_erosion,request_bridge_loan,"{""amount"": 10700.0, ""days"": 30, ""months"": 3}",both,gu
RC001108,AL00383,ENT0107,2,receivable_stretch,collect_udhaar,"{""amount"": 10700.0, ""days"": 30, ""months"": 3}",merchant,gu
RC001109,AL00383,ENT0107,3,debt_overhang,restructure_emi,"{""amount"": 10700.0, ""days"": 30, ""months"": 3}",both,gu
RC001110,AL00384,ENT0107,1,demand_trough,stagger_batch,"{""amount"": 160600.0, ""days"": 30, ""months"": 3}",merchant,gu
RC001111,AL00384,ENT0107,2,climate_shock,prebook_input,"{""amount"": 160600.0, ""days"": 30, ""months"": 3}",merchant,gu
RC001112,AL00385,ENT0107,1,climate_shock,prebook_input,"{""amount"": 89100.0, ""days"": 30, ""months"": 3}",merchant,gu
RC001113,AL00385,ENT0107,2,margin_squeeze,prebook_input,"{""amount"": 89100.0, ""days"": 30, ""months"": 3}",merchant,gu
RC001114,AL00385,ENT0107,3,working_capital_erosion,request_bridge_loan,"{""amount"": 89100.0, ""days"": 30, ""months"": 3}",both,gu
RC001115,AL00386,ENT0107,1,margin_squeeze,prebook_input,"{""amount"": 36600.0, ""days"": 30, ""months"": 3}",merchant,gu
RC001116,AL00386,ENT0107,2,working_capital_erosion,request_bridge_loan,"{""amount"": 36600.0, ""days"": 30, ""months"": 3}",both,gu
RC001117,AL00386,ENT0107,3,debt_overhang,restructure_emi,"{""amount"": 36600.0, ""days"": 30, ""months"": 3}",both,gu
RC001118,AL00387,ENT0108,1,climate_shock,prebook_input,"{""amount"": 137900.0, ""days"": 30, ""months"": 3}",merchant,te
RC001119,AL00387,ENT0108,2,margin_squeeze,prebook_input,"{""amount"": 137900.0, ""days"": 30, ""months"": 3}",merchant,te
RC001120,AL00387,ENT0108,3,working_capital_erosion,request_bridge_loan,"{""amount"": 137900.0, ""days"": 30, ""months"": 3}",both,te
RC001121,AL00388,ENT0108,1,margin_squeeze,prebook_input,"{""amount"": 28200.0, ""days"": 30, ""months"": 3}",merchant,te
RC001122,AL00388,ENT0108,2,working_capital_erosion,request_bridge_loan,"{""amount"": 28200.0, ""days"": 30, ""months"": 3}",both,te
RC001123,AL00388,ENT0108,3,receivable_stretch,collect_udhaar,"{""amount"": 28200.0, ""days"": 30, ""months"": 3}",merchant,te
RC001124,AL00389,ENT0108,1,margin_squeeze,prebook_input,"{""amount"": 127900.0, ""days"": 30, ""months"": 3}",merchant,te
RC001125,AL00389,ENT0108,2,climate_shock,prebook_input,"{""amount"": 127900.0, ""days"": 30, ""months"": 3}",merchant,te
RC001126,AL00389,ENT0108,3,working_capital_erosion,request_bridge_loan,"{""amount"": 127900.0, ""days"": 30, ""months"": 3}",both,te
RC001127,AL00390,ENT0108,1,margin_squeeze,prebook_input,"{""amount"": 43100.0, ""days"": 30, ""months"": 3}",merchant,te
RC001128,AL00390,ENT0108,2,working_capital_erosion,request_bridge_loan,"{""amount"": 43100.0, ""days"": 30, ""months"": 3}",both,te
RC001129,AL00390,ENT0108,3,receivable_stretch,collect_udhaar,"{""amount"": 43100.0, ""days"": 30, ""months"": 3}",merchant,te
RC001130,AL00391,ENT0109,1,working_capital_erosion,request_bridge_loan,"{""amount"": 104700.0, ""days"": 30, ""months"": 3}",both,gu
RC001131,AL00391,ENT0109,2,demand_trough,stagger_batch,"{""amount"": 104700.0, ""days"": 30, ""months"": 3}",merchant,gu
RC001132,AL00391,ENT0109,3,debt_overhang,restructure_emi,"{""amount"": 104700.0, ""days"": 30, ""months"": 3}",both,gu
RC001133,AL00392,ENT0109,1,debt_overhang,restructure_emi,"{""amount"": 157000.0, ""days"": 30, ""months"": 3}",both,gu
RC001134,AL00392,ENT0109,2,working_capital_erosion,request_bridge_loan,"{""amount"": 157000.0, ""days"": 30, ""months"": 3}",both,gu
RC001135,AL00392,ENT0109,3,climate_shock,prebook_input,"{""amount"": 157000.0, ""days"": 30, ""months"": 3}",merchant,gu
RC001136,AL00393,ENT0109,1,working_capital_erosion,request_bridge_loan,"{""amount"": 53200.0, ""days"": 30, ""months"": 3}",both,gu
RC001137,AL00393,ENT0109,2,demand_trough,stagger_batch,"{""amount"": 53200.0, ""days"": 30, ""months"": 3}",merchant,gu
RC001138,AL00393,ENT0109,3,debt_overhang,restructure_emi,"{""amount"": 53200.0, ""days"": 30, ""months"": 3}",both,gu
RC001139,AL00394,ENT0109,1,working_capital_erosion,request_bridge_loan,"{""amount"": 33600.0, ""days"": 30, ""months"": 3}",both,gu
RC001140,AL00394,ENT0109,2,demand_trough,stagger_batch,"{""amount"": 33600.0, ""days"": 30, ""months"": 3}",merchant,gu
RC001141,AL00394,ENT0109,3,debt_overhang,restructure_emi,"{""amount"": 33600.0, ""days"": 30, ""months"": 3}",both,gu
RC001142,AL00395,ENT0109,1,climate_shock,prebook_input,"{""amount"": 55900.0, ""days"": 30, ""months"": 3}",merchant,gu
RC001143,AL00395,ENT0109,2,demand_trough,stagger_batch,"{""amount"": 55900.0, ""days"": 30, ""months"": 3}",merchant,gu
RC001144,AL00395,ENT0109,3,working_capital_erosion,request_bridge_loan,"{""amount"": 55900.0, ""days"": 30, ""months"": 3}",both,gu
RC001145,AL00396,ENT0111,1,debt_overhang,restructure_emi,"{""amount"": 19900.0, ""days"": 30, ""months"": 3}",both,as
RC001146,AL00396,ENT0111,2,working_capital_erosion,request_bridge_loan,"{""amount"": 19900.0, ""days"": 30, ""months"": 3}",both,as
RC001147,AL00396,ENT0111,3,receivable_stretch,collect_udhaar,"{""amount"": 19900.0, ""days"": 30, ""months"": 3}",merchant,as
RC001148,AL00397,ENT0111,1,debt_overhang,restructure_emi,"{""amount"": 20700.0, ""days"": 30, ""months"": 3}",both,as
RC001149,AL00397,ENT0111,2,working_capital_erosion,request_bridge_loan,"{""amount"": 20700.0, ""days"": 30, ""months"": 3}",both,as
RC001150,AL00397,ENT0111,3,receivable_stretch,collect_udhaar,"{""amount"": 20700.0, ""days"": 30, ""months"": 3}",merchant,as
RC001151,AL00398,ENT0111,1,receivable_stretch,collect_udhaar,"{""amount"": 35600.0, ""days"": 30, ""months"": 3}",merchant,as
RC001152,AL00398,ENT0111,2,debt_overhang,restructure_emi,"{""amount"": 35600.0, ""days"": 30, ""months"": 3}",both,as
RC001153,AL00398,ENT0111,3,demand_trough,stagger_batch,"{""amount"": 35600.0, ""days"": 30, ""months"": 3}",merchant,as
RC001154,AL00399,ENT0111,1,receivable_stretch,collect_udhaar,"{""amount"": 35300.0, ""days"": 30, ""months"": 3}",merchant,as
RC001155,AL00399,ENT0111,2,debt_overhang,restructure_emi,"{""amount"": 35300.0, ""days"": 30, ""months"": 3}",both,as
RC001156,AL00399,ENT0111,3,working_capital_erosion,request_bridge_loan,"{""amount"": 35300.0, ""days"": 30, ""months"": 3}",both,as
RC001157,AL00400,ENT0111,1,receivable_stretch,collect_udhaar,"{""amount"": 29200.0, ""days"": 30, ""months"": 3}",merchant,as
RC001158,AL00400,ENT0111,2,working_capital_erosion,request_bridge_loan,"{""amount"": 29200.0, ""days"": 30, ""months"": 3}",both,as
RC001159,AL00400,ENT0111,3,debt_overhang,restructure_emi,"{""amount"": 29200.0, ""days"": 30, ""months"": 3}",both,as
RC001160,AL00401,ENT0111,1,working_capital_erosion,request_bridge_loan,"{""amount"": 10500.0, ""days"": 30, ""months"": 3}",both,as
RC001161,AL00401,ENT0111,2,debt_overhang,restructure_emi,"{""amount"": 10500.0, ""days"": 30, ""months"": 3}",both,as
RC001162,AL00401,ENT0111,3,receivable_stretch,collect_udhaar,"{""amount"": 10500.0, ""days"": 30, ""months"": 3}",merchant,as
RC001163,AL00402,ENT0111,1,working_capital_erosion,request_bridge_loan,"{""amount"": 11300.0, ""days"": 30, ""months"": 3}",both,as
RC001164,AL00402,ENT0111,2,debt_overhang,restructure_emi,"{""amount"": 11300.0, ""days"": 30, ""months"": 3}",both,as
RC001165,AL00402,ENT0111,3,receivable_stretch,collect_udhaar,"{""amount"": 11300.0, ""days"": 30, ""months"": 3}",merchant,as
RC001166,AL00403,ENT0111,1,receivable_stretch,collect_udhaar,"{""amount"": 10100.0, ""days"": 30, ""months"": 3}",merchant,as
RC001167,AL00403,ENT0111,2,demand_trough,stagger_batch,"{""amount"": 10100.0, ""days"": 30, ""months"": 3}",merchant,as
RC001168,AL00403,ENT0111,3,working_capital_erosion,request_bridge_loan,"{""amount"": 10100.0, ""days"": 30, ""months"": 3}",both,as
RC001169,AL00404,ENT0111,1,receivable_stretch,collect_udhaar,"{""amount"": 39300.0, ""days"": 30, ""months"": 3}",merchant,as
RC001170,AL00404,ENT0111,2,climate_shock,prebook_input,"{""amount"": 39300.0, ""days"": 30, ""months"": 3}",merchant,as
RC001171,AL00404,ENT0111,3,demand_trough,stagger_batch,"{""amount"": 39300.0, ""days"": 30, ""months"": 3}",merchant,as
RC001172,AL00405,ENT0111,1,receivable_stretch,collect_udhaar,"{""amount"": 24800.0, ""days"": 30, ""months"": 3}",merchant,as
RC001173,AL00405,ENT0111,2,demand_trough,stagger_batch,"{""amount"": 24800.0, ""days"": 30, ""months"": 3}",merchant,as
RC001174,AL00405,ENT0111,3,working_capital_erosion,request_bridge_loan,"{""amount"": 24800.0, ""days"": 30, ""months"": 3}",both,as
RC001175,AL00406,ENT0111,1,receivable_stretch,collect_udhaar,"{""amount"": 5600.0, ""days"": 30, ""months"": 3}",merchant,as
RC001176,AL00406,ENT0111,2,working_capital_erosion,request_bridge_loan,"{""amount"": 5600.0, ""days"": 30, ""months"": 3}",both,as
RC001177,AL00406,ENT0111,3,demand_trough,stagger_batch,"{""amount"": 5600.0, ""days"": 30, ""months"": 3}",merchant,as
RC001178,AL00407,ENT0111,1,receivable_stretch,collect_udhaar,"{""amount"": 5200.0, ""days"": 30, ""months"": 3}",merchant,as
RC001179,AL00407,ENT0111,2,demand_trough,stagger_batch,"{""amount"": 5200.0, ""days"": 30, ""months"": 3}",merchant,as
RC001180,AL00407,ENT0111,3,margin_squeeze,prebook_input,"{""amount"": 5200.0, ""days"": 30, ""months"": 3}",merchant,as
RC001181,AL00408,ENT0111,1,demand_trough,stagger_batch,"{""amount"": 19500.0, ""days"": 30, ""months"": 3}",merchant,as
RC001182,AL00408,ENT0111,2,receivable_stretch,collect_udhaar,"{""amount"": 19500.0, ""days"": 30, ""months"": 3}",merchant,as
RC001183,AL00408,ENT0111,3,margin_squeeze,prebook_input,"{""amount"": 19500.0, ""days"": 30, ""months"": 3}",merchant,as
RC001184,AL00409,ENT0112,1,margin_squeeze,prebook_input,"{""amount"": 41800.0, ""days"": 30, ""months"": 3}",merchant,mr
RC001185,AL00409,ENT0112,2,receivable_stretch,collect_udhaar,"{""amount"": 41800.0, ""days"": 30, ""months"": 3}",merchant,mr
RC001186,AL00409,ENT0112,3,climate_shock,prebook_input,"{""amount"": 41800.0, ""days"": 30, ""months"": 3}",merchant,mr
RC001187,AL00410,ENT0112,1,margin_squeeze,prebook_input,"{""amount"": 16500.0, ""days"": 30, ""months"": 3}",merchant,mr
RC001188,AL00410,ENT0112,2,receivable_stretch,collect_udhaar,"{""amount"": 16500.0, ""days"": 30, ""months"": 3}",merchant,mr
RC001189,AL00410,ENT0112,3,debt_overhang,restructure_emi,"{""amount"": 16500.0, ""days"": 30, ""months"": 3}",both,mr
RC001190,AL00411,ENT0112,1,margin_squeeze,prebook_input,"{""amount"": 55100.0, ""days"": 30, ""months"": 3}",merchant,mr
RC001191,AL00411,ENT0112,2,receivable_stretch,collect_udhaar,"{""amount"": 55100.0, ""days"": 30, ""months"": 3}",merchant,mr
RC001192,AL00411,ENT0112,3,demand_trough,stagger_batch,"{""amount"": 55100.0, ""days"": 30, ""months"": 3}",merchant,mr
RC001193,AL00412,ENT0112,1,margin_squeeze,prebook_input,"{""amount"": 7700.0, ""days"": 30, ""months"": 3}",merchant,mr
RC001194,AL00412,ENT0112,2,receivable_stretch,collect_udhaar,"{""amount"": 7700.0, ""days"": 30, ""months"": 3}",merchant,mr
RC001195,AL00412,ENT0112,3,climate_shock,prebook_input,"{""amount"": 7700.0, ""days"": 30, ""months"": 3}",merchant,mr
RC001196,AL00413,ENT0113,1,working_capital_erosion,request_bridge_loan,"{""amount"": 95300.0, ""days"": 30, ""months"": 3}",both,gu
RC001197,AL00413,ENT0113,2,receivable_stretch,collect_udhaar,"{""amount"": 95300.0, ""days"": 30, ""months"": 3}",merchant,gu
RC001198,AL00413,ENT0113,3,climate_shock,prebook_input,"{""amount"": 95300.0, ""days"": 30, ""months"": 3}",merchant,gu
RC001199,AL00414,ENT0113,1,demand_trough,stagger_batch,"{""amount"": 167600.0, ""days"": 30, ""months"": 3}",merchant,gu
RC001200,AL00414,ENT0113,2,margin_squeeze,prebook_input,"{""amount"": 167600.0, ""days"": 30, ""months"": 3}",merchant,gu
RC001201,AL00414,ENT0113,3,climate_shock,prebook_input,"{""amount"": 167600.0, ""days"": 30, ""months"": 3}",merchant,gu
RC001202,AL00415,ENT0113,1,margin_squeeze,prebook_input,"{""amount"": 135400.0, ""days"": 30, ""months"": 3}",merchant,gu
RC001203,AL00415,ENT0113,2,demand_trough,stagger_batch,"{""amount"": 135400.0, ""days"": 30, ""months"": 3}",merchant,gu
RC001204,AL00415,ENT0113,3,working_capital_erosion,request_bridge_loan,"{""amount"": 135400.0, ""days"": 30, ""months"": 3}",both,gu
RC001205,AL00416,ENT0113,1,margin_squeeze,prebook_input,"{""amount"": 88400.0, ""days"": 30, ""months"": 3}",merchant,gu
RC001206,AL00416,ENT0113,2,working_capital_erosion,request_bridge_loan,"{""amount"": 88400.0, ""days"": 30, ""months"": 3}",both,gu
RC001207,AL00416,ENT0113,3,climate_shock,prebook_input,"{""amount"": 88400.0, ""days"": 30, ""months"": 3}",merchant,gu
RC001208,AL00417,ENT0113,1,debt_overhang,restructure_emi,"{""amount"": 51000.0, ""days"": 30, ""months"": 3}",both,gu
RC001209,AL00417,ENT0113,2,working_capital_erosion,request_bridge_loan,"{""amount"": 51000.0, ""days"": 30, ""months"": 3}",both,gu
RC001210,AL00417,ENT0113,3,demand_trough,stagger_batch,"{""amount"": 51000.0, ""days"": 30, ""months"": 3}",merchant,gu
RC001211,AL00418,ENT0113,1,climate_shock,prebook_input,"{""amount"": 71100.0, ""days"": 30, ""months"": 3}",merchant,gu
RC001212,AL00418,ENT0113,2,demand_trough,stagger_batch,"{""amount"": 71100.0, ""days"": 30, ""months"": 3}",merchant,gu
RC001213,AL00418,ENT0113,3,margin_squeeze,prebook_input,"{""amount"": 71100.0, ""days"": 30, ""months"": 3}",merchant,gu
RC001214,AL00419,ENT0113,1,margin_squeeze,prebook_input,"{""amount"": 150400.0, ""days"": 30, ""months"": 3}",merchant,gu
RC001215,AL00419,ENT0113,2,demand_trough,stagger_batch,"{""amount"": 150400.0, ""days"": 30, ""months"": 3}",merchant,gu
RC001216,AL00419,ENT0113,3,working_capital_erosion,request_bridge_loan,"{""amount"": 150400.0, ""days"": 30, ""months"": 3}",both,gu
RC001217,AL00420,ENT0113,1,margin_squeeze,prebook_input,"{""amount"": 63900.0, ""days"": 30, ""months"": 3}",merchant,gu
RC001218,AL00420,ENT0113,2,working_capital_erosion,request_bridge_loan,"{""amount"": 63900.0, ""days"": 30, ""months"": 3}",both,gu
RC001219,AL00420,ENT0113,3,debt_overhang,restructure_emi,"{""amount"": 63900.0, ""days"": 30, ""months"": 3}",both,gu
RC001220,AL00421,ENT0113,1,climate_shock,prebook_input,"{""amount"": 171500.0, ""days"": 30, ""months"": 3}",merchant,gu
RC001221,AL00421,ENT0113,2,working_capital_erosion,request_bridge_loan,"{""amount"": 171500.0, ""days"": 30, ""months"": 3}",both,gu
RC001222,AL00421,ENT0113,3,demand_trough,stagger_batch,"{""amount"": 171500.0, ""days"": 30, ""months"": 3}",merchant,gu
RC001223,AL00422,ENT0113,1,margin_squeeze,prebook_input,"{""amount"": 200200.0, ""days"": 30, ""months"": 3}",merchant,gu
RC001224,AL00422,ENT0113,2,working_capital_erosion,request_bridge_loan,"{""amount"": 200200.0, ""days"": 30, ""months"": 3}",both,gu
RC001225,AL00422,ENT0113,3,demand_trough,stagger_batch,"{""amount"": 200200.0, ""days"": 30, ""months"": 3}",merchant,gu
RC001226,AL00423,ENT0114,1,climate_shock,prebook_input,"{""amount"": 14600.0, ""days"": 30, ""months"": 3}",merchant,te
RC001227,AL00423,ENT0114,2,receivable_stretch,collect_udhaar,"{""amount"": 14600.0, ""days"": 30, ""months"": 3}",merchant,te
RC001228,AL00423,ENT0114,3,demand_trough,stagger_batch,"{""amount"": 14600.0, ""days"": 30, ""months"": 3}",merchant,te
RC001229,AL00424,ENT0115,1,demand_trough,stagger_batch,"{""amount"": 157900.0, ""days"": 30, ""months"": 3}",merchant,mr
RC001230,AL00424,ENT0115,2,climate_shock,prebook_input,"{""amount"": 157900.0, ""days"": 30, ""months"": 3}",merchant,mr
RC001231,AL00425,ENT0115,1,margin_squeeze,prebook_input,"{""amount"": 100600.0, ""days"": 30, ""months"": 3}",merchant,mr
RC001232,AL00425,ENT0115,2,receivable_stretch,collect_udhaar,"{""amount"": 100600.0, ""days"": 30, ""months"": 3}",merchant,mr
RC001233,AL00425,ENT0115,3,working_capital_erosion,request_bridge_loan,"{""amount"": 100600.0, ""days"": 30, ""months"": 3}",both,mr
RC001234,AL00426,ENT0115,1,margin_squeeze,prebook_input,"{""amount"": 33900.0, ""days"": 30, ""months"": 3}",merchant,mr
RC001235,AL00426,ENT0115,2,working_capital_erosion,request_bridge_loan,"{""amount"": 33900.0, ""days"": 30, ""months"": 3}",both,mr
RC001236,AL00426,ENT0115,3,climate_shock,prebook_input,"{""amount"": 33900.0, ""days"": 30, ""months"": 3}",merchant,mr
RC001237,AL00427,ENT0115,1,demand_trough,stagger_batch,"{""amount"": 165300.0, ""days"": 30, ""months"": 3}",merchant,mr
RC001238,AL00427,ENT0115,2,working_capital_erosion,request_bridge_loan,"{""amount"": 165300.0, ""days"": 30, ""months"": 3}",both,mr
RC001239,AL00428,ENT0115,1,margin_squeeze,prebook_input,"{""amount"": 78500.0, ""days"": 30, ""months"": 3}",merchant,mr
RC001240,AL00428,ENT0115,2,working_capital_erosion,request_bridge_loan,"{""amount"": 78500.0, ""days"": 30, ""months"": 3}",both,mr
RC001241,AL00429,ENT0115,1,working_capital_erosion,request_bridge_loan,"{""amount"": 41400.0, ""days"": 30, ""months"": 3}",both,mr
RC001242,AL00429,ENT0115,2,debt_overhang,restructure_emi,"{""amount"": 41400.0, ""days"": 30, ""months"": 3}",both,mr
RC001243,AL00429,ENT0115,3,margin_squeeze,prebook_input,"{""amount"": 41400.0, ""days"": 30, ""months"": 3}",merchant,mr
RC001244,AL00430,ENT0115,1,working_capital_erosion,request_bridge_loan,"{""amount"": 45200.0, ""days"": 30, ""months"": 3}",both,mr
RC001245,AL00430,ENT0115,2,receivable_stretch,collect_udhaar,"{""amount"": 45200.0, ""days"": 30, ""months"": 3}",merchant,mr
RC001246,AL00430,ENT0115,3,debt_overhang,restructure_emi,"{""amount"": 45200.0, ""days"": 30, ""months"": 3}",both,mr
RC001247,AL00431,ENT0115,1,climate_shock,prebook_input,"{""amount"": 132400.0, ""days"": 30, ""months"": 3}",merchant,mr
RC001248,AL00431,ENT0115,2,margin_squeeze,prebook_input,"{""amount"": 132400.0, ""days"": 30, ""months"": 3}",merchant,mr
RC001249,AL00431,ENT0115,3,working_capital_erosion,request_bridge_loan,"{""amount"": 132400.0, ""days"": 30, ""months"": 3}",both,mr
RC001250,AL00432,ENT0115,1,working_capital_erosion,request_bridge_loan,"{""amount"": 41500.0, ""days"": 30, ""months"": 3}",both,mr
RC001251,AL00432,ENT0115,2,margin_squeeze,prebook_input,"{""amount"": 41500.0, ""days"": 30, ""months"": 3}",merchant,mr
RC001252,AL00432,ENT0115,3,climate_shock,prebook_input,"{""amount"": 41500.0, ""days"": 30, ""months"": 3}",merchant,mr
RC001253,AL00433,ENT0116,1,margin_squeeze,prebook_input,"{""amount"": 2000.0, ""days"": 30, ""months"": 3}",merchant,hi
RC001254,AL00433,ENT0116,2,receivable_stretch,collect_udhaar,"{""amount"": 2000.0, ""days"": 30, ""months"": 3}",merchant,hi
RC001255,AL00433,ENT0116,3,climate_shock,prebook_input,"{""amount"": 2000.0, ""days"": 30, ""months"": 3}",merchant,hi
RC001256,AL00434,ENT0117,1,debt_overhang,restructure_emi,"{""amount"": 54700.0, ""days"": 30, ""months"": 3}",both,or
RC001257,AL00434,ENT0117,2,working_capital_erosion,request_bridge_loan,"{""amount"": 54700.0, ""days"": 30, ""months"": 3}",both,or
RC001258,AL00434,ENT0117,3,demand_trough,stagger_batch,"{""amount"": 54700.0, ""days"": 30, ""months"": 3}",merchant,or
RC001259,AL00435,ENT0117,1,working_capital_erosion,request_bridge_loan,"{""amount"": 78900.0, ""days"": 30, ""months"": 3}",both,or
RC001260,AL00435,ENT0117,2,demand_trough,stagger_batch,"{""amount"": 78900.0, ""days"": 30, ""months"": 3}",merchant,or
RC001261,AL00435,ENT0117,3,debt_overhang,restructure_emi,"{""amount"": 78900.0, ""days"": 30, ""months"": 3}",both,or
RC001262,AL00436,ENT0117,1,demand_trough,stagger_batch,"{""amount"": 85300.0, ""days"": 30, ""months"": 3}",merchant,or
RC001263,AL00436,ENT0117,2,climate_shock,prebook_input,"{""amount"": 85300.0, ""days"": 30, ""months"": 3}",merchant,or
RC001264,AL00436,ENT0117,3,working_capital_erosion,request_bridge_loan,"{""amount"": 85300.0, ""days"": 30, ""months"": 3}",both,or
RC001265,AL00437,ENT0118,1,receivable_stretch,collect_udhaar,"{""amount"": 26000.0, ""days"": 30, ""months"": 3}",merchant,hi
RC001266,AL00437,ENT0118,2,margin_squeeze,prebook_input,"{""amount"": 26000.0, ""days"": 30, ""months"": 3}",merchant,hi
RC001267,AL00437,ENT0118,3,climate_shock,prebook_input,"{""amount"": 26000.0, ""days"": 30, ""months"": 3}",merchant,hi
RC001268,AL00438,ENT0119,1,margin_squeeze,prebook_input,"{""amount"": 132100.0, ""days"": 30, ""months"": 3}",merchant,mr
RC001269,AL00438,ENT0119,2,demand_trough,stagger_batch,"{""amount"": 132100.0, ""days"": 30, ""months"": 3}",merchant,mr
RC001270,AL00438,ENT0119,3,climate_shock,prebook_input,"{""amount"": 132100.0, ""days"": 30, ""months"": 3}",merchant,mr
RC001271,AL00439,ENT0119,1,margin_squeeze,prebook_input,"{""amount"": 133600.0, ""days"": 30, ""months"": 3}",merchant,mr
RC001272,AL00439,ENT0119,2,demand_trough,stagger_batch,"{""amount"": 133600.0, ""days"": 30, ""months"": 3}",merchant,mr
RC001273,AL00439,ENT0119,3,climate_shock,prebook_input,"{""amount"": 133600.0, ""days"": 30, ""months"": 3}",merchant,mr
RC001274,AL00440,ENT0120,1,receivable_stretch,collect_udhaar,"{""amount"": 38400.0, ""days"": 30, ""months"": 3}",merchant,te
RC001275,AL00440,ENT0120,2,demand_trough,stagger_batch,"{""amount"": 38400.0, ""days"": 30, ""months"": 3}",merchant,te
RC001276,AL00440,ENT0120,3,climate_shock,prebook_input,"{""amount"": 38400.0, ""days"": 30, ""months"": 3}",merchant,te
RC001277,AL00441,ENT0120,1,receivable_stretch,collect_udhaar,"{""amount"": 56500.0, ""days"": 30, ""months"": 3}",merchant,te
RC001278,AL00441,ENT0120,2,demand_trough,stagger_batch,"{""amount"": 56500.0, ""days"": 30, ""months"": 3}",merchant,te
RC001279,AL00441,ENT0120,3,climate_shock,prebook_input,"{""amount"": 56500.0, ""days"": 30, ""months"": 3}",merchant,te
RC001280,AL00442,ENT0120,1,climate_shock,prebook_input,"{""amount"": 75900.0, ""days"": 30, ""months"": 3}",merchant,te
RC001281,AL00442,ENT0120,2,receivable_stretch,collect_udhaar,"{""amount"": 75900.0, ""days"": 30, ""months"": 3}",merchant,te
RC001282,AL00442,ENT0120,3,demand_trough,stagger_batch,"{""amount"": 75900.0, ""days"": 30, ""months"": 3}",merchant,te
RC001283,AL00443,ENT0121,1,receivable_stretch,collect_udhaar,"{""amount"": 80800.0, ""days"": 30, ""months"": 3}",merchant,gu
RC001284,AL00443,ENT0121,2,demand_trough,stagger_batch,"{""amount"": 80800.0, ""days"": 30, ""months"": 3}",merchant,gu
RC001285,AL00443,ENT0121,3,margin_squeeze,prebook_input,"{""amount"": 80800.0, ""days"": 30, ""months"": 3}",merchant,gu
RC001286,AL00444,ENT0121,1,margin_squeeze,prebook_input,"{""amount"": 38100.0, ""days"": 30, ""months"": 3}",merchant,gu
RC001287,AL00444,ENT0121,2,receivable_stretch,collect_udhaar,"{""amount"": 38100.0, ""days"": 30, ""months"": 3}",merchant,gu
RC001288,AL00444,ENT0121,3,climate_shock,prebook_input,"{""amount"": 38100.0, ""days"": 30, ""months"": 3}",merchant,gu
RC001289,AL00445,ENT0121,1,demand_trough,stagger_batch,"{""amount"": 109300.0, ""days"": 30, ""months"": 3}",merchant,gu
RC001290,AL00445,ENT0121,2,receivable_stretch,collect_udhaar,"{""amount"": 109300.0, ""days"": 30, ""months"": 3}",merchant,gu
RC001291,AL00445,ENT0121,3,debt_overhang,restructure_emi,"{""amount"": 109300.0, ""days"": 30, ""months"": 3}",both,gu
RC001292,AL00446,ENT0121,1,margin_squeeze,prebook_input,"{""amount"": 41300.0, ""days"": 30, ""months"": 3}",merchant,gu
RC001293,AL00446,ENT0121,2,working_capital_erosion,request_bridge_loan,"{""amount"": 41300.0, ""days"": 30, ""months"": 3}",both,gu
RC001294,AL00446,ENT0121,3,debt_overhang,restructure_emi,"{""amount"": 41300.0, ""days"": 30, ""months"": 3}",both,gu
RC001295,AL00447,ENT0122,1,working_capital_erosion,request_bridge_loan,"{""amount"": 14500.0, ""days"": 30, ""months"": 3}",both,hi
RC001296,AL00447,ENT0122,2,debt_overhang,restructure_emi,"{""amount"": 14500.0, ""days"": 30, ""months"": 3}",both,hi
RC001297,AL00447,ENT0122,3,demand_trough,stagger_batch,"{""amount"": 14500.0, ""days"": 30, ""months"": 3}",merchant,hi
RC001298,AL00448,ENT0122,1,working_capital_erosion,request_bridge_loan,"{""amount"": 32700.0, ""days"": 30, ""months"": 3}",both,hi
RC001299,AL00448,ENT0122,2,receivable_stretch,collect_udhaar,"{""amount"": 32700.0, ""days"": 30, ""months"": 3}",merchant,hi
RC001300,AL00448,ENT0122,3,debt_overhang,restructure_emi,"{""amount"": 32700.0, ""days"": 30, ""months"": 3}",both,hi
RC001301,AL00449,ENT0123,1,working_capital_erosion,request_bridge_loan,"{""amount"": 36400.0, ""days"": 30, ""months"": 3}",both,te
RC001302,AL00449,ENT0123,2,demand_trough,stagger_batch,"{""amount"": 36400.0, ""days"": 30, ""months"": 3}",merchant,te
RC001303,AL00449,ENT0123,3,debt_overhang,restructure_emi,"{""amount"": 36400.0, ""days"": 30, ""months"": 3}",both,te
RC001304,AL00450,ENT0123,1,working_capital_erosion,request_bridge_loan,"{""amount"": 20400.0, ""days"": 30, ""months"": 3}",both,te
RC001305,AL00450,ENT0123,2,demand_trough,stagger_batch,"{""amount"": 20400.0, ""days"": 30, ""months"": 3}",merchant,te
RC001306,AL00450,ENT0123,3,debt_overhang,restructure_emi,"{""amount"": 20400.0, ""days"": 30, ""months"": 3}",both,te
RC001307,AL00451,ENT0123,1,climate_shock,prebook_input,"{""amount"": 10100.0, ""days"": 30, ""months"": 3}",merchant,te
RC001308,AL00451,ENT0123,2,demand_trough,stagger_batch,"{""amount"": 10100.0, ""days"": 30, ""months"": 3}",merchant,te
RC001309,AL00451,ENT0123,3,working_capital_erosion,request_bridge_loan,"{""amount"": 10100.0, ""days"": 30, ""months"": 3}",both,te
RC001310,AL00452,ENT0124,1,demand_trough,stagger_batch,"{""amount"": 116500.0, ""days"": 30, ""months"": 3}",merchant,gu
RC001311,AL00452,ENT0124,2,margin_squeeze,prebook_input,"{""amount"": 116500.0, ""days"": 30, ""months"": 3}",merchant,gu
RC001312,AL00452,ENT0124,3,climate_shock,prebook_input,"{""amount"": 116500.0, ""days"": 30, ""months"": 3}",merchant,gu
RC001313,AL00453,ENT0124,1,margin_squeeze,prebook_input,"{""amount"": 37900.0, ""days"": 30, ""months"": 3}",merchant,gu
RC001314,AL00453,ENT0124,2,receivable_stretch,collect_udhaar,"{""amount"": 37900.0, ""days"": 30, ""months"": 3}",merchant,gu
RC001315,AL00453,ENT0124,3,climate_shock,prebook_input,"{""amount"": 37900.0, ""days"": 30, ""months"": 3}",merchant,gu
RC001316,AL00454,ENT0124,1,margin_squeeze,prebook_input,"{""amount"": 18500.0, ""days"": 30, ""months"": 3}",merchant,gu
RC001317,AL00454,ENT0124,2,working_capital_erosion,request_bridge_loan,"{""amount"": 18500.0, ""days"": 30, ""months"": 3}",both,gu
RC001318,AL00454,ENT0124,3,receivable_stretch,collect_udhaar,"{""amount"": 18500.0, ""days"": 30, ""months"": 3}",merchant,gu
RC001319,AL00455,ENT0124,1,margin_squeeze,prebook_input,"{""amount"": 52000.0, ""days"": 30, ""months"": 3}",merchant,gu
RC001320,AL00455,ENT0124,2,working_capital_erosion,request_bridge_loan,"{""amount"": 52000.0, ""days"": 30, ""months"": 3}",both,gu
RC001321,AL00455,ENT0124,3,receivable_stretch,collect_udhaar,"{""amount"": 52000.0, ""days"": 30, ""months"": 3}",merchant,gu
RC001322,AL00456,ENT0124,1,climate_shock,prebook_input,"{""amount"": 108400.0, ""days"": 30, ""months"": 3}",merchant,gu
RC001323,AL00456,ENT0124,2,margin_squeeze,prebook_input,"{""amount"": 108400.0, ""days"": 30, ""months"": 3}",merchant,gu
RC001324,AL00456,ENT0124,3,receivable_stretch,collect_udhaar,"{""amount"": 108400.0, ""days"": 30, ""months"": 3}",merchant,gu
RC001325,AL00457,ENT0124,1,margin_squeeze,prebook_input,"{""amount"": 44700.0, ""days"": 30, ""months"": 3}",merchant,gu
RC001326,AL00457,ENT0124,2,working_capital_erosion,request_bridge_loan,"{""amount"": 44700.0, ""days"": 30, ""months"": 3}",both,gu
RC001327,AL00457,ENT0124,3,demand_trough,stagger_batch,"{""amount"": 44700.0, ""days"": 30, ""months"": 3}",merchant,gu
RC001328,AL00458,ENT0125,1,climate_shock,prebook_input,"{""amount"": 90800.0, ""days"": 30, ""months"": 3}",merchant,te
RC001329,AL00458,ENT0125,2,demand_trough,stagger_batch,"{""amount"": 90800.0, ""days"": 30, ""months"": 3}",merchant,te
RC001330,AL00458,ENT0125,3,margin_squeeze,prebook_input,"{""amount"": 90800.0, ""days"": 30, ""months"": 3}",merchant,te
RC001331,AL00459,ENT0125,1,margin_squeeze,prebook_input,"{""amount"": 117500.0, ""days"": 30, ""months"": 3}",merchant,te
RC001332,AL00459,ENT0125,2,demand_trough,stagger_batch,"{""amount"": 117500.0, ""days"": 30, ""months"": 3}",merchant,te
RC001333,AL00459,ENT0125,3,working_capital_erosion,request_bridge_loan,"{""amount"": 117500.0, ""days"": 30, ""months"": 3}",both,te
RC001334,AL00460,ENT0125,1,climate_shock,prebook_input,"{""amount"": 90000.0, ""days"": 30, ""months"": 3}",merchant,te
RC001335,AL00460,ENT0125,2,demand_trough,stagger_batch,"{""amount"": 90000.0, ""days"": 30, ""months"": 3}",merchant,te
RC001336,AL00460,ENT0125,3,working_capital_erosion,request_bridge_loan,"{""amount"": 90000.0, ""days"": 30, ""months"": 3}",both,te
RC001337,AL00461,ENT0125,1,margin_squeeze,prebook_input,"{""amount"": 101200.0, ""days"": 30, ""months"": 3}",merchant,te
RC001338,AL00461,ENT0125,2,working_capital_erosion,request_bridge_loan,"{""amount"": 101200.0, ""days"": 30, ""months"": 3}",both,te
RC001339,AL00461,ENT0125,3,receivable_stretch,collect_udhaar,"{""amount"": 101200.0, ""days"": 30, ""months"": 3}",merchant,te
RC001340,AL00462,ENT0126,1,debt_overhang,restructure_emi,"{""amount"": 9500.0, ""days"": 30, ""months"": 3}",both,as
RC001341,AL00462,ENT0126,2,working_capital_erosion,request_bridge_loan,"{""amount"": 9500.0, ""days"": 30, ""months"": 3}",both,as
RC001342,AL00462,ENT0126,3,receivable_stretch,collect_udhaar,"{""amount"": 9500.0, ""days"": 30, ""months"": 3}",merchant,as
RC001343,AL00463,ENT0127,1,climate_shock,prebook_input,"{""amount"": 160000.0, ""days"": 30, ""months"": 3}",merchant,te
RC001344,AL00463,ENT0127,2,demand_trough,stagger_batch,"{""amount"": 160000.0, ""days"": 30, ""months"": 3}",merchant,te
RC001345,AL00463,ENT0127,3,working_capital_erosion,request_bridge_loan,"{""amount"": 160000.0, ""days"": 30, ""months"": 3}",both,te
RC001346,AL00464,ENT0128,1,climate_shock,prebook_input,"{""amount"": 2000.0, ""days"": 30, ""months"": 3}",merchant,gu
RC001347,AL00464,ENT0128,2,receivable_stretch,collect_udhaar,"{""amount"": 2000.0, ""days"": 30, ""months"": 3}",merchant,gu
RC001348,AL00464,ENT0128,3,debt_overhang,restructure_emi,"{""amount"": 2000.0, ""days"": 30, ""months"": 3}",both,gu
RC001349,AL00465,ENT0128,1,margin_squeeze,prebook_input,"{""amount"": 19600.0, ""days"": 30, ""months"": 3}",merchant,gu
RC001350,AL00465,ENT0128,2,receivable_stretch,collect_udhaar,"{""amount"": 19600.0, ""days"": 30, ""months"": 3}",merchant,gu
RC001351,AL00465,ENT0128,3,debt_overhang,restructure_emi,"{""amount"": 19600.0, ""days"": 30, ""months"": 3}",both,gu
RC001352,AL00466,ENT0130,1,margin_squeeze,prebook_input,"{""amount"": 100300.0, ""days"": 30, ""months"": 3}",merchant,te
RC001353,AL00466,ENT0130,2,receivable_stretch,collect_udhaar,"{""amount"": 100300.0, ""days"": 30, ""months"": 3}",merchant,te
RC001354,AL00466,ENT0130,3,working_capital_erosion,request_bridge_loan,"{""amount"": 100300.0, ""days"": 30, ""months"": 3}",both,te
RC001355,AL00467,ENT0130,1,climate_shock,prebook_input,"{""amount"": 134000.0, ""days"": 30, ""months"": 3}",merchant,te
RC001356,AL00467,ENT0130,2,receivable_stretch,collect_udhaar,"{""amount"": 134000.0, ""days"": 30, ""months"": 3}",merchant,te
RC001357,AL00467,ENT0130,3,demand_trough,stagger_batch,"{""amount"": 134000.0, ""days"": 30, ""months"": 3}",merchant,te
RC001358,AL00468,ENT0130,1,margin_squeeze,prebook_input,"{""amount"": 113600.0, ""days"": 30, ""months"": 3}",merchant,te
RC001359,AL00468,ENT0130,2,receivable_stretch,collect_udhaar,"{""amount"": 113600.0, ""days"": 30, ""months"": 3}",merchant,te
RC001360,AL00468,ENT0130,3,demand_trough,stagger_batch,"{""amount"": 113600.0, ""days"": 30, ""months"": 3}",merchant,te
RC001361,AL00469,ENT0130,1,margin_squeeze,prebook_input,"{""amount"": 73600.0, ""days"": 30, ""months"": 3}",merchant,te
RC001362,AL00469,ENT0130,2,receivable_stretch,collect_udhaar,"{""amount"": 73600.0, ""days"": 30, ""months"": 3}",merchant,te
RC001363,AL00469,ENT0130,3,working_capital_erosion,request_bridge_loan,"{""amount"": 73600.0, ""days"": 30, ""months"": 3}",both,te
RC001364,AL00470,ENT0130,1,climate_shock,prebook_input,"{""amount"": 106300.0, ""days"": 30, ""months"": 3}",merchant,te
RC001365,AL00470,ENT0130,2,receivable_stretch,collect_udhaar,"{""amount"": 106300.0, ""days"": 30, ""months"": 3}",merchant,te
RC001366,AL00470,ENT0130,3,demand_trough,stagger_batch,"{""amount"": 106300.0, ""days"": 30, ""months"": 3}",merchant,te
RC001367,AL00471,ENT0130,1,margin_squeeze,prebook_input,"{""amount"": 141600.0, ""days"": 30, ""months"": 3}",merchant,te
RC001368,AL00471,ENT0130,2,receivable_stretch,collect_udhaar,"{""amount"": 141600.0, ""days"": 30, ""months"": 3}",merchant,te
RC001369,AL00471,ENT0130,3,working_capital_erosion,request_bridge_loan,"{""amount"": 141600.0, ""days"": 30, ""months"": 3}",both,te
RC001370,AL00472,ENT0131,1,climate_shock,prebook_input,"{""amount"": 213300.0, ""days"": 30, ""months"": 3}",merchant,te
RC001371,AL00472,ENT0131,2,demand_trough,stagger_batch,"{""amount"": 213300.0, ""days"": 30, ""months"": 3}",merchant,te
RC001372,AL00472,ENT0131,3,margin_squeeze,prebook_input,"{""amount"": 213300.0, ""days"": 30, ""months"": 3}",merchant,te
RC001373,AL00473,ENT0131,1,margin_squeeze,prebook_input,"{""amount"": 204800.0, ""days"": 30, ""months"": 3}",merchant,te
RC001374,AL00473,ENT0131,2,demand_trough,stagger_batch,"{""amount"": 204800.0, ""days"": 30, ""months"": 3}",merchant,te
RC001375,AL00474,ENT0131,1,margin_squeeze,prebook_input,"{""amount"": 113600.0, ""days"": 30, ""months"": 3}",merchant,te
RC001376,AL00474,ENT0131,2,working_capital_erosion,request_bridge_loan,"{""amount"": 113600.0, ""days"": 30, ""months"": 3}",both,te
RC001377,AL00474,ENT0131,3,debt_overhang,restructure_emi,"{""amount"": 113600.0, ""days"": 30, ""months"": 3}",both,te
RC001378,AL00475,ENT0131,1,working_capital_erosion,request_bridge_loan,"{""amount"": 126700.0, ""days"": 30, ""months"": 3}",both,te
RC001379,AL00475,ENT0131,2,debt_overhang,restructure_emi,"{""amount"": 126700.0, ""days"": 30, ""months"": 3}",both,te
RC001380,AL00475,ENT0131,3,demand_trough,stagger_batch,"{""amount"": 126700.0, ""days"": 30, ""months"": 3}",merchant,te
RC001381,AL00476,ENT0131,1,margin_squeeze,prebook_input,"{""amount"": 121100.0, ""days"": 30, ""months"": 3}",merchant,te
RC001382,AL00476,ENT0131,2,working_capital_erosion,request_bridge_loan,"{""amount"": 121100.0, ""days"": 30, ""months"": 3}",both,te
RC001383,AL00476,ENT0131,3,receivable_stretch,collect_udhaar,"{""amount"": 121100.0, ""days"": 30, ""months"": 3}",merchant,te
RC001384,AL00477,ENT0132,1,margin_squeeze,prebook_input,"{""amount"": 13600.0, ""days"": 30, ""months"": 3}",merchant,hi
RC001385,AL00477,ENT0132,2,working_capital_erosion,request_bridge_loan,"{""amount"": 13600.0, ""days"": 30, ""months"": 3}",both,hi
RC001386,AL00477,ENT0132,3,climate_shock,prebook_input,"{""amount"": 13600.0, ""days"": 30, ""months"": 3}",merchant,hi
RC001387,AL00478,ENT0132,1,margin_squeeze,prebook_input,"{""amount"": 22200.0, ""days"": 30, ""months"": 3}",merchant,hi
RC001388,AL00478,ENT0132,2,receivable_stretch,collect_udhaar,"{""amount"": 22200.0, ""days"": 30, ""months"": 3}",merchant,hi
RC001389,AL00478,ENT0132,3,demand_trough,stagger_batch,"{""amount"": 22200.0, ""days"": 30, ""months"": 3}",merchant,hi
RC001390,AL00479,ENT0132,1,margin_squeeze,prebook_input,"{""amount"": 16000.0, ""days"": 30, ""months"": 3}",merchant,hi
RC001391,AL00479,ENT0132,2,receivable_stretch,collect_udhaar,"{""amount"": 16000.0, ""days"": 30, ""months"": 3}",merchant,hi
RC001392,AL00479,ENT0132,3,demand_trough,stagger_batch,"{""amount"": 16000.0, ""days"": 30, ""months"": 3}",merchant,hi
RC001393,AL00480,ENT0132,1,receivable_stretch,collect_udhaar,"{""amount"": 63000.0, ""days"": 30, ""months"": 3}",merchant,hi
RC001394,AL00480,ENT0132,2,margin_squeeze,prebook_input,"{""amount"": 63000.0, ""days"": 30, ""months"": 3}",merchant,hi
RC001395,AL00480,ENT0132,3,climate_shock,prebook_input,"{""amount"": 63000.0, ""days"": 30, ""months"": 3}",merchant,hi
RC001396,AL00481,ENT0133,1,receivable_stretch,collect_udhaar,"{""amount"": 26000.0, ""days"": 30, ""months"": 3}",merchant,hi
RC001397,AL00481,ENT0133,2,demand_trough,stagger_batch,"{""amount"": 26000.0, ""days"": 30, ""months"": 3}",merchant,hi
RC001398,AL00481,ENT0133,3,climate_shock,prebook_input,"{""amount"": 26000.0, ""days"": 30, ""months"": 3}",merchant,hi
RC001399,AL00482,ENT0133,1,receivable_stretch,collect_udhaar,"{""amount"": 4600.0, ""days"": 30, ""months"": 3}",merchant,hi
RC001400,AL00482,ENT0133,2,demand_trough,stagger_batch,"{""amount"": 4600.0, ""days"": 30, ""months"": 3}",merchant,hi
RC001401,AL00482,ENT0133,3,working_capital_erosion,request_bridge_loan,"{""amount"": 4600.0, ""days"": 30, ""months"": 3}",both,hi
RC001402,AL00483,ENT0133,1,receivable_stretch,collect_udhaar,"{""amount"": 18400.0, ""days"": 30, ""months"": 3}",merchant,hi
RC001403,AL00483,ENT0133,2,demand_trough,stagger_batch,"{""amount"": 18400.0, ""days"": 30, ""months"": 3}",merchant,hi
RC001404,AL00483,ENT0133,3,margin_squeeze,prebook_input,"{""amount"": 18400.0, ""days"": 30, ""months"": 3}",merchant,hi
RC001405,AL00484,ENT0133,1,receivable_stretch,collect_udhaar,"{""amount"": 44400.0, ""days"": 30, ""months"": 3}",merchant,hi
RC001406,AL00484,ENT0133,2,climate_shock,prebook_input,"{""amount"": 44400.0, ""days"": 30, ""months"": 3}",merchant,hi
RC001407,AL00484,ENT0133,3,demand_trough,stagger_batch,"{""amount"": 44400.0, ""days"": 30, ""months"": 3}",merchant,hi
RC001408,AL00485,ENT0134,1,working_capital_erosion,request_bridge_loan,"{""amount"": 20500.0, ""days"": 30, ""months"": 3}",both,as
RC001409,AL00485,ENT0134,2,demand_trough,stagger_batch,"{""amount"": 20500.0, ""days"": 30, ""months"": 3}",merchant,as
RC001410,AL00485,ENT0134,3,debt_overhang,restructure_emi,"{""amount"": 20500.0, ""days"": 30, ""months"": 3}",both,as
RC001411,AL00486,ENT0134,1,working_capital_erosion,request_bridge_loan,"{""amount"": 51200.0, ""days"": 30, ""months"": 3}",both,as
RC001412,AL00486,ENT0134,2,debt_overhang,restructure_emi,"{""amount"": 51200.0, ""days"": 30, ""months"": 3}",both,as
RC001413,AL00487,ENT0134,1,working_capital_erosion,request_bridge_loan,"{""amount"": 22100.0, ""days"": 30, ""months"": 3}",both,as
RC001414,AL00487,ENT0134,2,debt_overhang,restructure_emi,"{""amount"": 22100.0, ""days"": 30, ""months"": 3}",both,as
RC001415,AL00487,ENT0134,3,demand_trough,stagger_batch,"{""amount"": 22100.0, ""days"": 30, ""months"": 3}",merchant,as
RC001416,AL00488,ENT0134,1,working_capital_erosion,request_bridge_loan,"{""amount"": 3900.0, ""days"": 30, ""months"": 3}",both,as
RC001417,AL00488,ENT0134,2,demand_trough,stagger_batch,"{""amount"": 3900.0, ""days"": 30, ""months"": 3}",merchant,as
RC001418,AL00488,ENT0134,3,debt_overhang,restructure_emi,"{""amount"": 3900.0, ""days"": 30, ""months"": 3}",both,as
RC001419,AL00489,ENT0134,1,demand_trough,stagger_batch,"{""amount"": 11000.0, ""days"": 30, ""months"": 3}",merchant,as
RC001420,AL00489,ENT0134,2,climate_shock,prebook_input,"{""amount"": 11000.0, ""days"": 30, ""months"": 3}",merchant,as
RC001421,AL00489,ENT0134,3,working_capital_erosion,request_bridge_loan,"{""amount"": 11000.0, ""days"": 30, ""months"": 3}",both,as
RC001422,AL00490,ENT0135,1,working_capital_erosion,request_bridge_loan,"{""amount"": 17100.0, ""days"": 30, ""months"": 3}",both,or
RC001423,AL00490,ENT0135,2,receivable_stretch,collect_udhaar,"{""amount"": 17100.0, ""days"": 30, ""months"": 3}",merchant,or
RC001424,AL00490,ENT0135,3,demand_trough,stagger_batch,"{""amount"": 17100.0, ""days"": 30, ""months"": 3}",merchant,or
RC001425,AL00491,ENT0136,1,margin_squeeze,prebook_input,"{""amount"": 23900.0, ""days"": 30, ""months"": 3}",merchant,or
RC001426,AL00491,ENT0136,2,working_capital_erosion,request_bridge_loan,"{""amount"": 23900.0, ""days"": 30, ""months"": 3}",both,or
RC001427,AL00491,ENT0136,3,receivable_stretch,collect_udhaar,"{""amount"": 23900.0, ""days"": 30, ""months"": 3}",merchant,or
RC001428,AL00492,ENT0136,1,margin_squeeze,prebook_input,"{""amount"": 42100.0, ""days"": 30, ""months"": 3}",merchant,or
RC001429,AL00492,ENT0136,2,working_capital_erosion,request_bridge_loan,"{""amount"": 42100.0, ""days"": 30, ""months"": 3}",both,or
RC001430,AL00492,ENT0136,3,demand_trough,stagger_batch,"{""amount"": 42100.0, ""days"": 30, ""months"": 3}",merchant,or
RC001431,AL00493,ENT0136,1,margin_squeeze,prebook_input,"{""amount"": 26500.0, ""days"": 30, ""months"": 3}",merchant,or
RC001432,AL00493,ENT0136,2,working_capital_erosion,request_bridge_loan,"{""amount"": 26500.0, ""days"": 30, ""months"": 3}",both,or
RC001433,AL00493,ENT0136,3,receivable_stretch,collect_udhaar,"{""amount"": 26500.0, ""days"": 30, ""months"": 3}",merchant,or
RC001434,AL00494,ENT0136,1,climate_shock,prebook_input,"{""amount"": 66300.0, ""days"": 30, ""months"": 3}",merchant,or
RC001435,AL00494,ENT0136,2,margin_squeeze,prebook_input,"{""amount"": 66300.0, ""days"": 30, ""months"": 3}",merchant,or
RC001436,AL00494,ENT0136,3,receivable_stretch,collect_udhaar,"{""amount"": 66300.0, ""days"": 30, ""months"": 3}",merchant,or
RC001437,AL00495,ENT0137,1,receivable_stretch,collect_udhaar,"{""amount"": 155200.0, ""days"": 30, ""months"": 3}",merchant,hi
RC001438,AL00495,ENT0137,2,demand_trough,stagger_batch,"{""amount"": 155200.0, ""days"": 30, ""months"": 3}",merchant,hi
RC001439,AL00495,ENT0137,3,climate_shock,prebook_input,"{""amount"": 155200.0, ""days"": 30, ""months"": 3}",merchant,hi
RC001440,AL00496,ENT0137,1,margin_squeeze,prebook_input,"{""amount"": 84300.0, ""days"": 30, ""months"": 3}",merchant,hi
RC001441,AL00496,ENT0137,2,working_capital_erosion,request_bridge_loan,"{""amount"": 84300.0, ""days"": 30, ""months"": 3}",both,hi
RC001442,AL00497,ENT0137,1,margin_squeeze,prebook_input,"{""amount"": 18400.0, ""days"": 30, ""months"": 3}",merchant,hi
RC001443,AL00497,ENT0137,2,working_capital_erosion,request_bridge_loan,"{""amount"": 18400.0, ""days"": 30, ""months"": 3}",both,hi
RC001444,AL00497,ENT0137,3,receivable_stretch,collect_udhaar,"{""amount"": 18400.0, ""days"": 30, ""months"": 3}",merchant,hi
RC001445,AL00498,ENT0137,1,receivable_stretch,collect_udhaar,"{""amount"": 147200.0, ""days"": 30, ""months"": 3}",merchant,hi
RC001446,AL00498,ENT0137,2,demand_trough,stagger_batch,"{""amount"": 147200.0, ""days"": 30, ""months"": 3}",merchant,hi
RC001447,AL00498,ENT0137,3,working_capital_erosion,request_bridge_loan,"{""amount"": 147200.0, ""days"": 30, ""months"": 3}",both,hi
RC001448,AL00499,ENT0137,1,margin_squeeze,prebook_input,"{""amount"": 87900.0, ""days"": 30, ""months"": 3}",merchant,hi
RC001449,AL00499,ENT0137,2,working_capital_erosion,request_bridge_loan,"{""amount"": 87900.0, ""days"": 30, ""months"": 3}",both,hi
RC001450,AL00499,ENT0137,3,receivable_stretch,collect_udhaar,"{""amount"": 87900.0, ""days"": 30, ""months"": 3}",merchant,hi
RC001451,AL00500,ENT0137,1,working_capital_erosion,request_bridge_loan,"{""amount"": 15800.0, ""days"": 30, ""months"": 3}",both,hi
RC001452,AL00500,ENT0137,2,margin_squeeze,prebook_input,"{""amount"": 15800.0, ""days"": 30, ""months"": 3}",merchant,hi
RC001453,AL00500,ENT0137,3,receivable_stretch,collect_udhaar,"{""amount"": 15800.0, ""days"": 30, ""months"": 3}",merchant,hi
RC001454,AL00501,ENT0137,1,demand_trough,stagger_batch,"{""amount"": 148600.0, ""days"": 30, ""months"": 3}",merchant,hi
RC001455,AL00501,ENT0137,2,receivable_stretch,collect_udhaar,"{""amount"": 148600.0, ""days"": 30, ""months"": 3}",merchant,hi
RC001456,AL00502,ENT0137,1,climate_shock,prebook_input,"{""amount"": 132600.0, ""days"": 30, ""months"": 3}",merchant,hi
RC001457,AL00502,ENT0137,2,working_capital_erosion,request_bridge_loan,"{""amount"": 132600.0, ""days"": 30, ""months"": 3}",both,hi
RC001458,AL00503,ENT0137,1,margin_squeeze,prebook_input,"{""amount"": 22800.0, ""days"": 30, ""months"": 3}",merchant,hi
RC001459,AL00503,ENT0137,2,working_capital_erosion,request_bridge_loan,"{""amount"": 22800.0, ""days"": 30, ""months"": 3}",both,hi
RC001460,AL00503,ENT0137,3,receivable_stretch,collect_udhaar,"{""amount"": 22800.0, ""days"": 30, ""months"": 3}",merchant,hi
RC001461,AL00504,ENT0138,1,debt_overhang,restructure_emi,"{""amount"": 23400.0, ""days"": 30, ""months"": 3}",both,hi
RC001462,AL00504,ENT0138,2,working_capital_erosion,request_bridge_loan,"{""amount"": 23400.0, ""days"": 30, ""months"": 3}",both,hi
RC001463,AL00504,ENT0138,3,demand_trough,stagger_batch,"{""amount"": 23400.0, ""days"": 30, ""months"": 3}",merchant,hi
RC001464,AL00505,ENT0138,1,receivable_stretch,collect_udhaar,"{""amount"": 49300.0, ""days"": 30, ""months"": 3}",merchant,hi
RC001465,AL00505,ENT0138,2,working_capital_erosion,request_bridge_loan,"{""amount"": 49300.0, ""days"": 30, ""months"": 3}",both,hi
RC001466,AL00505,ENT0138,3,debt_overhang,restructure_emi,"{""amount"": 49300.0, ""days"": 30, ""months"": 3}",both,hi
RC001467,AL00506,ENT0138,1,working_capital_erosion,request_bridge_loan,"{""amount"": 69900.0, ""days"": 30, ""months"": 3}",both,hi
RC001468,AL00506,ENT0138,2,receivable_stretch,collect_udhaar,"{""amount"": 69900.0, ""days"": 30, ""months"": 3}",merchant,hi
RC001469,AL00506,ENT0138,3,debt_overhang,restructure_emi,"{""amount"": 69900.0, ""days"": 30, ""months"": 3}",both,hi
RC001470,AL00507,ENT0138,1,debt_overhang,restructure_emi,"{""amount"": 73500.0, ""days"": 30, ""months"": 3}",both,hi
RC001471,AL00507,ENT0138,2,working_capital_erosion,request_bridge_loan,"{""amount"": 73500.0, ""days"": 30, ""months"": 3}",both,hi
RC001472,AL00507,ENT0138,3,receivable_stretch,collect_udhaar,"{""amount"": 73500.0, ""days"": 30, ""months"": 3}",merchant,hi
RC001473,AL00508,ENT0138,1,receivable_stretch,collect_udhaar,"{""amount"": 44000.0, ""days"": 30, ""months"": 3}",merchant,hi
RC001474,AL00508,ENT0138,2,debt_overhang,restructure_emi,"{""amount"": 44000.0, ""days"": 30, ""months"": 3}",both,hi
RC001475,AL00508,ENT0138,3,working_capital_erosion,request_bridge_loan,"{""amount"": 44000.0, ""days"": 30, ""months"": 3}",both,hi
RC001476,AL00509,ENT0138,1,working_capital_erosion,request_bridge_loan,"{""amount"": 12900.0, ""days"": 30, ""months"": 3}",both,hi
RC001477,AL00509,ENT0138,2,receivable_stretch,collect_udhaar,"{""amount"": 12900.0, ""days"": 30, ""months"": 3}",merchant,hi
RC001478,AL00509,ENT0138,3,debt_overhang,restructure_emi,"{""amount"": 12900.0, ""days"": 30, ""months"": 3}",both,hi
RC001479,AL00510,ENT0138,1,working_capital_erosion,request_bridge_loan,"{""amount"": 8200.0, ""days"": 30, ""months"": 3}",both,hi
RC001480,AL00510,ENT0138,2,receivable_stretch,collect_udhaar,"{""amount"": 8200.0, ""days"": 30, ""months"": 3}",merchant,hi
RC001481,AL00510,ENT0138,3,debt_overhang,restructure_emi,"{""amount"": 8200.0, ""days"": 30, ""months"": 3}",both,hi
RC001482,AL00511,ENT0138,1,working_capital_erosion,request_bridge_loan,"{""amount"": 14000.0, ""days"": 30, ""months"": 3}",both,hi
RC001483,AL00511,ENT0138,2,receivable_stretch,collect_udhaar,"{""amount"": 14000.0, ""days"": 30, ""months"": 3}",merchant,hi
RC001484,AL00511,ENT0138,3,demand_trough,stagger_batch,"{""amount"": 14000.0, ""days"": 30, ""months"": 3}",merchant,hi
RC001485,AL00512,ENT0138,1,receivable_stretch,collect_udhaar,"{""amount"": 15700.0, ""days"": 30, ""months"": 3}",merchant,hi
RC001486,AL00512,ENT0138,2,working_capital_erosion,request_bridge_loan,"{""amount"": 15700.0, ""days"": 30, ""months"": 3}",both,hi
RC001487,AL00512,ENT0138,3,climate_shock,prebook_input,"{""amount"": 15700.0, ""days"": 30, ""months"": 3}",merchant,hi
RC001488,AL00513,ENT0138,1,working_capital_erosion,request_bridge_loan,"{""amount"": 38800.0, ""days"": 30, ""months"": 3}",both,hi
RC001489,AL00513,ENT0138,2,receivable_stretch,collect_udhaar,"{""amount"": 38800.0, ""days"": 30, ""months"": 3}",merchant,hi
RC001490,AL00513,ENT0138,3,debt_overhang,restructure_emi,"{""amount"": 38800.0, ""days"": 30, ""months"": 3}",both,hi
RC001491,AL00514,ENT0138,1,working_capital_erosion,request_bridge_loan,"{""amount"": 17900.0, ""days"": 30, ""months"": 3}",both,hi
RC001492,AL00514,ENT0138,2,receivable_stretch,collect_udhaar,"{""amount"": 17900.0, ""days"": 30, ""months"": 3}",merchant,hi
RC001493,AL00514,ENT0138,3,debt_overhang,restructure_emi,"{""amount"": 17900.0, ""days"": 30, ""months"": 3}",both,hi
RC001494,AL00515,ENT0138,1,working_capital_erosion,request_bridge_loan,"{""amount"": 4600.0, ""days"": 30, ""months"": 3}",both,hi
RC001495,AL00515,ENT0138,2,demand_trough,stagger_batch,"{""amount"": 4600.0, ""days"": 30, ""months"": 3}",merchant,hi
RC001496,AL00515,ENT0138,3,receivable_stretch,collect_udhaar,"{""amount"": 4600.0, ""days"": 30, ""months"": 3}",merchant,hi
RC001497,AL00516,ENT0138,1,receivable_stretch,collect_udhaar,"{""amount"": 7400.0, ""days"": 30, ""months"": 3}",merchant,hi
RC001498,AL00516,ENT0138,2,working_capital_erosion,request_bridge_loan,"{""amount"": 7400.0, ""days"": 30, ""months"": 3}",both,hi
RC001499,AL00516,ENT0138,3,demand_trough,stagger_batch,"{""amount"": 7400.0, ""days"": 30, ""months"": 3}",merchant,hi
RC001500,AL00517,ENT0138,1,receivable_stretch,collect_udhaar,"{""amount"": 23800.0, ""days"": 30, ""months"": 3}",merchant,hi
RC001501,AL00517,ENT0138,2,demand_trough,stagger_batch,"{""amount"": 23800.0, ""days"": 30, ""months"": 3}",merchant,hi
RC001502,AL00517,ENT0138,3,debt_overhang,restructure_emi,"{""amount"": 23800.0, ""days"": 30, ""months"": 3}",both,hi
RC001503,AL00518,ENT0139,1,margin_squeeze,prebook_input,"{""amount"": 2000.0, ""days"": 30, ""months"": 3}",merchant,te
RC001504,AL00518,ENT0139,2,receivable_stretch,collect_udhaar,"{""amount"": 2000.0, ""days"": 30, ""months"": 3}",merchant,te
RC001505,AL00518,ENT0139,3,climate_shock,prebook_input,"{""amount"": 2000.0, ""days"": 30, ""months"": 3}",merchant,te
RC001506,AL00519,ENT0139,1,margin_squeeze,prebook_input,"{""amount"": 6700.0, ""days"": 30, ""months"": 3}",merchant,te
RC001507,AL00519,ENT0139,2,receivable_stretch,collect_udhaar,"{""amount"": 6700.0, ""days"": 30, ""months"": 3}",merchant,te
RC001508,AL00519,ENT0139,3,demand_trough,stagger_batch,"{""amount"": 6700.0, ""days"": 30, ""months"": 3}",merchant,te
RC001509,AL00520,ENT0140,1,debt_overhang,restructure_emi,"{""amount"": 29600.0, ""days"": 30, ""months"": 3}",both,or
RC001510,AL00520,ENT0140,2,working_capital_erosion,request_bridge_loan,"{""amount"": 29600.0, ""days"": 30, ""months"": 3}",both,or
RC001511,AL00520,ENT0140,3,receivable_stretch,collect_udhaar,"{""amount"": 29600.0, ""days"": 30, ""months"": 3}",merchant,or
RC001512,AL00521,ENT0140,1,debt_overhang,restructure_emi,"{""amount"": 30100.0, ""days"": 30, ""months"": 3}",both,or
RC001513,AL00521,ENT0140,2,working_capital_erosion,request_bridge_loan,"{""amount"": 30100.0, ""days"": 30, ""months"": 3}",both,or
RC001514,AL00521,ENT0140,3,receivable_stretch,collect_udhaar,"{""amount"": 30100.0, ""days"": 30, ""months"": 3}",merchant,or
RC001515,AL00522,ENT0140,1,receivable_stretch,collect_udhaar,"{""amount"": 26800.0, ""days"": 30, ""months"": 3}",merchant,or
RC001516,AL00522,ENT0140,2,debt_overhang,restructure_emi,"{""amount"": 26800.0, ""days"": 30, ""months"": 3}",both,or
RC001517,AL00522,ENT0140,3,working_capital_erosion,request_bridge_loan,"{""amount"": 26800.0, ""days"": 30, ""months"": 3}",both,or
RC001518,AL00523,ENT0140,1,receivable_stretch,collect_udhaar,"{""amount"": 32700.0, ""days"": 30, ""months"": 3}",merchant,or
RC001519,AL00523,ENT0140,2,debt_overhang,restructure_emi,"{""amount"": 32700.0, ""days"": 30, ""months"": 3}",both,or
RC001520,AL00523,ENT0140,3,working_capital_erosion,request_bridge_loan,"{""amount"": 32700.0, ""days"": 30, ""months"": 3}",both,or
RC001521,AL00524,ENT0140,1,receivable_stretch,collect_udhaar,"{""amount"": 37200.0, ""days"": 30, ""months"": 3}",merchant,or
RC001522,AL00524,ENT0140,2,debt_overhang,restructure_emi,"{""amount"": 37200.0, ""days"": 30, ""months"": 3}",both,or
RC001523,AL00524,ENT0140,3,working_capital_erosion,request_bridge_loan,"{""amount"": 37200.0, ""days"": 30, ""months"": 3}",both,or
RC001524,AL00525,ENT0140,1,receivable_stretch,collect_udhaar,"{""amount"": 8500.0, ""days"": 30, ""months"": 3}",merchant,or
RC001525,AL00525,ENT0140,2,debt_overhang,restructure_emi,"{""amount"": 8500.0, ""days"": 30, ""months"": 3}",both,or
RC001526,AL00525,ENT0140,3,working_capital_erosion,request_bridge_loan,"{""amount"": 8500.0, ""days"": 30, ""months"": 3}",both,or
RC001527,AL00526,ENT0140,1,receivable_stretch,collect_udhaar,"{""amount"": 4500.0, ""days"": 30, ""months"": 3}",merchant,or
RC001528,AL00526,ENT0140,2,working_capital_erosion,request_bridge_loan,"{""amount"": 4500.0, ""days"": 30, ""months"": 3}",both,or
RC001529,AL00526,ENT0140,3,demand_trough,stagger_batch,"{""amount"": 4500.0, ""days"": 30, ""months"": 3}",merchant,or
RC001530,AL00527,ENT0140,1,receivable_stretch,collect_udhaar,"{""amount"": 9800.0, ""days"": 30, ""months"": 3}",merchant,or
RC001531,AL00527,ENT0140,2,working_capital_erosion,request_bridge_loan,"{""amount"": 9800.0, ""days"": 30, ""months"": 3}",both,or
RC001532,AL00527,ENT0140,3,debt_overhang,restructure_emi,"{""amount"": 9800.0, ""days"": 30, ""months"": 3}",both,or
RC001533,AL00528,ENT0140,1,receivable_stretch,collect_udhaar,"{""amount"": 26500.0, ""days"": 30, ""months"": 3}",merchant,or
RC001534,AL00528,ENT0140,2,working_capital_erosion,request_bridge_loan,"{""amount"": 26500.0, ""days"": 30, ""months"": 3}",both,or
RC001535,AL00528,ENT0140,3,climate_shock,prebook_input,"{""amount"": 26500.0, ""days"": 30, ""months"": 3}",merchant,or
RC001536,AL00529,ENT0140,1,receivable_stretch,collect_udhaar,"{""amount"": 50100.0, ""days"": 30, ""months"": 3}",merchant,or
RC001537,AL00529,ENT0140,2,working_capital_erosion,request_bridge_loan,"{""amount"": 50100.0, ""days"": 30, ""months"": 3}",both,or
RC001538,AL00529,ENT0140,3,debt_overhang,restructure_emi,"{""amount"": 50100.0, ""days"": 30, ""months"": 3}",both,or
RC001539,AL00530,ENT0140,1,receivable_stretch,collect_udhaar,"{""amount"": 20700.0, ""days"": 30, ""months"": 3}",merchant,or
RC001540,AL00530,ENT0140,2,working_capital_erosion,request_bridge_loan,"{""amount"": 20700.0, ""days"": 30, ""months"": 3}",both,or
RC001541,AL00530,ENT0140,3,debt_overhang,restructure_emi,"{""amount"": 20700.0, ""days"": 30, ""months"": 3}",both,or
RC001542,AL00531,ENT0140,1,receivable_stretch,collect_udhaar,"{""amount"": 2000.0, ""days"": 30, ""months"": 3}",merchant,or
RC001543,AL00531,ENT0140,2,working_capital_erosion,request_bridge_loan,"{""amount"": 2000.0, ""days"": 30, ""months"": 3}",both,or
RC001544,AL00531,ENT0140,3,debt_overhang,restructure_emi,"{""amount"": 2000.0, ""days"": 30, ""months"": 3}",both,or
RC001545,AL00532,ENT0140,1,receivable_stretch,collect_udhaar,"{""amount"": 8400.0, ""days"": 30, ""months"": 3}",merchant,or
RC001546,AL00532,ENT0140,2,working_capital_erosion,request_bridge_loan,"{""amount"": 8400.0, ""days"": 30, ""months"": 3}",both,or
RC001547,AL00532,ENT0140,3,debt_overhang,restructure_emi,"{""amount"": 8400.0, ""days"": 30, ""months"": 3}",both,or
RC001548,AL00533,ENT0140,1,receivable_stretch,collect_udhaar,"{""amount"": 22600.0, ""days"": 30, ""months"": 3}",merchant,or
RC001549,AL00533,ENT0140,2,working_capital_erosion,request_bridge_loan,"{""amount"": 22600.0, ""days"": 30, ""months"": 3}",both,or
RC001550,AL00533,ENT0140,3,demand_trough,stagger_batch,"{""amount"": 22600.0, ""days"": 30, ""months"": 3}",merchant,or
RC001551,AL00534,ENT0140,1,receivable_stretch,collect_udhaar,"{""amount"": 36100.0, ""days"": 30, ""months"": 3}",merchant,or
RC001552,AL00534,ENT0140,2,working_capital_erosion,request_bridge_loan,"{""amount"": 36100.0, ""days"": 30, ""months"": 3}",both,or
RC001553,AL00534,ENT0140,3,debt_overhang,restructure_emi,"{""amount"": 36100.0, ""days"": 30, ""months"": 3}",both,or
RC001554,AL00535,ENT0140,1,receivable_stretch,collect_udhaar,"{""amount"": 30200.0, ""days"": 30, ""months"": 3}",merchant,or
RC001555,AL00535,ENT0140,2,working_capital_erosion,request_bridge_loan,"{""amount"": 30200.0, ""days"": 30, ""months"": 3}",both,or
RC001556,AL00535,ENT0140,3,debt_overhang,restructure_emi,"{""amount"": 30200.0, ""days"": 30, ""months"": 3}",both,or
RC001557,AL00536,ENT0141,1,debt_overhang,restructure_emi,"{""amount"": 27000.0, ""days"": 30, ""months"": 3}",both,or
RC001558,AL00536,ENT0141,2,working_capital_erosion,request_bridge_loan,"{""amount"": 27000.0, ""days"": 30, ""months"": 3}",both,or
RC001559,AL00536,ENT0141,3,demand_trough,stagger_batch,"{""amount"": 27000.0, ""days"": 30, ""months"": 3}",merchant,or
RC001560,AL00537,ENT0141,1,receivable_stretch,collect_udhaar,"{""amount"": 31300.0, ""days"": 30, ""months"": 3}",merchant,or
RC001561,AL00537,ENT0141,2,working_capital_erosion,request_bridge_loan,"{""amount"": 31300.0, ""days"": 30, ""months"": 3}",both,or
RC001562,AL00537,ENT0141,3,demand_trough,stagger_batch,"{""amount"": 31300.0, ""days"": 30, ""months"": 3}",merchant,or
RC001563,AL00538,ENT0141,1,receivable_stretch,collect_udhaar,"{""amount"": 43900.0, ""days"": 30, ""months"": 3}",merchant,or
RC001564,AL00538,ENT0141,2,demand_trough,stagger_batch,"{""amount"": 43900.0, ""days"": 30, ""months"": 3}",merchant,or
RC001565,AL00538,ENT0141,3,working_capital_erosion,request_bridge_loan,"{""amount"": 43900.0, ""days"": 30, ""months"": 3}",both,or
RC001566,AL00539,ENT0141,1,receivable_stretch,collect_udhaar,"{""amount"": 53400.0, ""days"": 30, ""months"": 3}",merchant,or
RC001567,AL00539,ENT0141,2,demand_trough,stagger_batch,"{""amount"": 53400.0, ""days"": 30, ""months"": 3}",merchant,or
RC001568,AL00539,ENT0141,3,working_capital_erosion,request_bridge_loan,"{""amount"": 53400.0, ""days"": 30, ""months"": 3}",both,or
RC001569,AL00540,ENT0141,1,receivable_stretch,collect_udhaar,"{""amount"": 76300.0, ""days"": 30, ""months"": 3}",merchant,or
RC001570,AL00540,ENT0141,2,climate_shock,prebook_input,"{""amount"": 76300.0, ""days"": 30, ""months"": 3}",merchant,or
RC001571,AL00540,ENT0141,3,demand_trough,stagger_batch,"{""amount"": 76300.0, ""days"": 30, ""months"": 3}",merchant,or
RC001572,AL00541,ENT0143,1,debt_overhang,restructure_emi,"{""amount"": 8800.0, ""days"": 30, ""months"": 3}",both,or
RC001573,AL00541,ENT0143,2,working_capital_erosion,request_bridge_loan,"{""amount"": 8800.0, ""days"": 30, ""months"": 3}",both,or
RC001574,AL00541,ENT0143,3,demand_trough,stagger_batch,"{""amount"": 8800.0, ""days"": 30, ""months"": 3}",merchant,or
RC001575,AL00542,ENT0144,1,demand_trough,stagger_batch,"{""amount"": 100100.0, ""days"": 30, ""months"": 3}",merchant,gu
RC001576,AL00542,ENT0144,2,climate_shock,prebook_input,"{""amount"": 100100.0, ""days"": 30, ""months"": 3}",merchant,gu
RC001577,AL00542,ENT0144,3,debt_overhang,restructure_emi,"{""amount"": 100100.0, ""days"": 30, ""months"": 3}",both,gu
RC001578,AL00543,ENT0144,1,margin_squeeze,prebook_input,"{""amount"": 69500.0, ""days"": 30, ""months"": 3}",merchant,gu
RC001579,AL00543,ENT0144,2,climate_shock,prebook_input,"{""amount"": 69500.0, ""days"": 30, ""months"": 3}",merchant,gu
RC001580,AL00543,ENT0144,3,debt_overhang,restructure_emi,"{""amount"": 69500.0, ""days"": 30, ""months"": 3}",both,gu
RC001581,AL00544,ENT0144,1,margin_squeeze,prebook_input,"{""amount"": 18500.0, ""days"": 30, ""months"": 3}",merchant,gu
RC001582,AL00544,ENT0144,2,working_capital_erosion,request_bridge_loan,"{""amount"": 18500.0, ""days"": 30, ""months"": 3}",both,gu
RC001583,AL00544,ENT0144,3,debt_overhang,restructure_emi,"{""amount"": 18500.0, ""days"": 30, ""months"": 3}",both,gu
RC001584,AL00545,ENT0144,1,margin_squeeze,prebook_input,"{""amount"": 2000.0, ""days"": 30, ""months"": 3}",merchant,gu
RC001585,AL00545,ENT0144,2,debt_overhang,restructure_emi,"{""amount"": 2000.0, ""days"": 30, ""months"": 3}",both,gu
RC001586,AL00545,ENT0144,3,working_capital_erosion,request_bridge_loan,"{""amount"": 2000.0, ""days"": 30, ""months"": 3}",both,gu
RC001587,AL00546,ENT0144,1,working_capital_erosion,request_bridge_loan,"{""amount"": 11700.0, ""days"": 30, ""months"": 3}",both,gu
RC001588,AL00546,ENT0144,2,debt_overhang,restructure_emi,"{""amount"": 11700.0, ""days"": 30, ""months"": 3}",both,gu
RC001589,AL00546,ENT0144,3,demand_trough,stagger_batch,"{""amount"": 11700.0, ""days"": 30, ""months"": 3}",merchant,gu
RC001590,AL00547,ENT0144,1,demand_trough,stagger_batch,"{""amount"": 77300.0, ""days"": 30, ""months"": 3}",merchant,gu
RC001591,AL00547,ENT0144,2,debt_overhang,restructure_emi,"{""amount"": 77300.0, ""days"": 30, ""months"": 3}",both,gu
RC001592,AL00548,ENT0144,1,margin_squeeze,prebook_input,"{""amount"": 47600.0, ""days"": 30, ""months"": 3}",merchant,gu
RC001593,AL00548,ENT0144,2,working_capital_erosion,request_bridge_loan,"{""amount"": 47600.0, ""days"": 30, ""months"": 3}",both,gu
RC001594,AL00548,ENT0144,3,receivable_stretch,collect_udhaar,"{""amount"": 47600.0, ""days"": 30, ""months"": 3}",merchant,gu
RC001595,AL00549,ENT0144,1,demand_trough,stagger_batch,"{""amount"": 84000.0, ""days"": 30, ""months"": 3}",merchant,gu
RC001596,AL00549,ENT0144,2,receivable_stretch,collect_udhaar,"{""amount"": 84000.0, ""days"": 30, ""months"": 3}",merchant,gu
RC001597,AL00549,ENT0144,3,working_capital_erosion,request_bridge_loan,"{""amount"": 84000.0, ""days"": 30, ""months"": 3}",both,gu
RC001598,AL00550,ENT0144,1,margin_squeeze,prebook_input,"{""amount"": 10500.0, ""days"": 30, ""months"": 3}",merchant,gu
RC001599,AL00550,ENT0144,2,working_capital_erosion,request_bridge_loan,"{""amount"": 10500.0, ""days"": 30, ""months"": 3}",both,gu
RC001600,AL00550,ENT0144,3,receivable_stretch,collect_udhaar,"{""amount"": 10500.0, ""days"": 30, ""months"": 3}",merchant,gu
RC001601,AL00551,ENT0146,1,demand_trough,stagger_batch,"{""amount"": 19900.0, ""days"": 30, ""months"": 3}",merchant,or
RC001602,AL00551,ENT0146,2,climate_shock,prebook_input,"{""amount"": 19900.0, ""days"": 30, ""months"": 3}",merchant,or
RC001603,AL00551,ENT0146,3,receivable_stretch,collect_udhaar,"{""amount"": 19900.0, ""days"": 30, ""months"": 3}",merchant,or
RC001604,AL00552,ENT0147,1,working_capital_erosion,request_bridge_loan,"{""amount"": 46400.0, ""days"": 30, ""months"": 3}",both,gu
RC001605,AL00552,ENT0147,2,receivable_stretch,collect_udhaar,"{""amount"": 46400.0, ""days"": 30, ""months"": 3}",merchant,gu
RC001606,AL00552,ENT0147,3,demand_trough,stagger_batch,"{""amount"": 46400.0, ""days"": 30, ""months"": 3}",merchant,gu
RC001607,AL00553,ENT0147,1,receivable_stretch,collect_udhaar,"{""amount"": 18100.0, ""days"": 30, ""months"": 3}",merchant,gu
RC001608,AL00553,ENT0147,2,demand_trough,stagger_batch,"{""amount"": 18100.0, ""days"": 30, ""months"": 3}",merchant,gu
RC001609,AL00553,ENT0147,3,climate_shock,prebook_input,"{""amount"": 18100.0, ""days"": 30, ""months"": 3}",merchant,gu
RC001610,AL00554,ENT0147,1,receivable_stretch,collect_udhaar,"{""amount"": 58700.0, ""days"": 30, ""months"": 3}",merchant,gu
RC001611,AL00554,ENT0147,2,climate_shock,prebook_input,"{""amount"": 58700.0, ""days"": 30, ""months"": 3}",merchant,gu
RC001612,AL00554,ENT0147,3,demand_trough,stagger_batch,"{""amount"": 58700.0, ""days"": 30, ""months"": 3}",merchant,gu
RC001613,AL00555,ENT0147,1,receivable_stretch,collect_udhaar,"{""amount"": 41800.0, ""days"": 30, ""months"": 3}",merchant,gu
RC001614,AL00555,ENT0147,2,demand_trough,stagger_batch,"{""amount"": 41800.0, ""days"": 30, ""months"": 3}",merchant,gu
RC001615,AL00555,ENT0147,3,climate_shock,prebook_input,"{""amount"": 41800.0, ""days"": 30, ""months"": 3}",merchant,gu
RC001616,AL00556,ENT0147,1,climate_shock,prebook_input,"{""amount"": 51500.0, ""days"": 30, ""months"": 3}",merchant,gu
RC001617,AL00556,ENT0147,2,receivable_stretch,collect_udhaar,"{""amount"": 51500.0, ""days"": 30, ""months"": 3}",merchant,gu
RC001618,AL00556,ENT0147,3,working_capital_erosion,request_bridge_loan,"{""amount"": 51500.0, ""days"": 30, ""months"": 3}",both,gu
RC001619,AL00557,ENT0148,1,working_capital_erosion,request_bridge_loan,"{""amount"": 28700.0, ""days"": 30, ""months"": 3}",both,te
RC001620,AL00557,ENT0148,2,demand_trough,stagger_batch,"{""amount"": 28700.0, ""days"": 30, ""months"": 3}",merchant,te
RC001621,AL00557,ENT0148,3,debt_overhang,restructure_emi,"{""amount"": 28700.0, ""days"": 30, ""months"": 3}",both,te
RC001622,AL00558,ENT0148,1,working_capital_erosion,request_bridge_loan,"{""amount"": 26800.0, ""days"": 30, ""months"": 3}",both,te
RC001623,AL00558,ENT0148,2,debt_overhang,restructure_emi,"{""amount"": 26800.0, ""days"": 30, ""months"": 3}",both,te
RC001624,AL00559,ENT0148,1,working_capital_erosion,request_bridge_loan,"{""amount"": 2300.0, ""days"": 30, ""months"": 3}",both,te
RC001625,AL00559,ENT0148,2,demand_trough,stagger_batch,"{""amount"": 2300.0, ""days"": 30, ""months"": 3}",merchant,te
RC001626,AL00559,ENT0148,3,debt_overhang,restructure_emi,"{""amount"": 2300.0, ""days"": 30, ""months"": 3}",both,te
RC001627,AL00560,ENT0148,1,climate_shock,prebook_input,"{""amount"": 2000.0, ""days"": 30, ""months"": 3}",merchant,te
RC001628,AL00560,ENT0148,2,demand_trough,stagger_batch,"{""amount"": 2000.0, ""days"": 30, ""months"": 3}",merchant,te
RC001629,AL00560,ENT0148,3,working_capital_erosion,request_bridge_loan,"{""amount"": 2000.0, ""days"": 30, ""months"": 3}",both,te
RC001630,AL00561,ENT0148,1,demand_trough,stagger_batch,"{""amount"": 9600.0, ""days"": 30, ""months"": 3}",merchant,te
RC001631,AL00561,ENT0148,2,climate_shock,prebook_input,"{""amount"": 9600.0, ""days"": 30, ""months"": 3}",merchant,te
RC001632,AL00561,ENT0148,3,working_capital_erosion,request_bridge_loan,"{""amount"": 9600.0, ""days"": 30, ""months"": 3}",both,te
RC001633,AL00562,ENT0149,1,margin_squeeze,prebook_input,"{""amount"": 2000.0, ""days"": 30, ""months"": 3}",merchant,as
RC001634,AL00562,ENT0149,2,receivable_stretch,collect_udhaar,"{""amount"": 2000.0, ""days"": 30, ""months"": 3}",merchant,as
RC001635,AL00562,ENT0149,3,demand_trough,stagger_batch,"{""amount"": 2000.0, ""days"": 30, ""months"": 3}",merchant,as
RC001636,AL00563,ENT0150,1,working_capital_erosion,request_bridge_loan,"{""amount"": 73000.0, ""days"": 30, ""months"": 3}",both,gu
RC001637,AL00563,ENT0150,2,climate_shock,prebook_input,"{""amount"": 73000.0, ""days"": 30, ""months"": 3}",merchant,gu
RC001638,AL00564,ENT0150,1,working_capital_erosion,request_bridge_loan,"{""amount"": 100800.0, ""days"": 30, ""months"": 3}",both,gu
RC001639,AL00564,ENT0150,2,climate_shock,prebook_input,"{""amount"": 100800.0, ""days"": 30, ""months"": 3}",merchant,gu
RC001640,AL00565,ENT0150,1,climate_shock,prebook_input,"{""amount"": 38100.0, ""days"": 30, ""months"": 3}",merchant,gu
RC001641,AL00565,ENT0150,2,demand_trough,stagger_batch,"{""amount"": 38100.0, ""days"": 30, ""months"": 3}",merchant,gu
RC001642,AL00565,ENT0150,3,working_capital_erosion,request_bridge_loan,"{""amount"": 38100.0, ""days"": 30, ""months"": 3}",both,gu
RC001643,AL00566,ENT0151,1,debt_overhang,restructure_emi,"{""amount"": 26700.0, ""days"": 30, ""months"": 3}",both,gu
RC001644,AL00566,ENT0151,2,working_capital_erosion,request_bridge_loan,"{""amount"": 26700.0, ""days"": 30, ""months"": 3}",both,gu
RC001645,AL00566,ENT0151,3,receivable_stretch,collect_udhaar,"{""amount"": 26700.0, ""days"": 30, ""months"": 3}",merchant,gu
RC001646,AL00567,ENT0151,1,receivable_stretch,collect_udhaar,"{""amount"": 42400.0, ""days"": 30, ""months"": 3}",merchant,gu
RC001647,AL00567,ENT0151,2,debt_overhang,restructure_emi,"{""amount"": 42400.0, ""days"": 30, ""months"": 3}",both,gu
RC001648,AL00567,ENT0151,3,demand_trough,stagger_batch,"{""amount"": 42400.0, ""days"": 30, ""months"": 3}",merchant,gu
RC001649,AL00568,ENT0151,1,climate_shock,prebook_input,"{""amount"": 47200.0, ""days"": 30, ""months"": 3}",merchant,gu
RC001650,AL00568,ENT0151,2,receivable_stretch,collect_udhaar,"{""amount"": 47200.0, ""days"": 30, ""months"": 3}",merchant,gu
RC001651,AL00568,ENT0151,3,demand_trough,stagger_batch,"{""amount"": 47200.0, ""days"": 30, ""months"": 3}",merchant,gu
RC001652,AL00569,ENT0152,1,working_capital_erosion,request_bridge_loan,"{""amount"": 19900.0, ""days"": 30, ""months"": 3}",both,mr
RC001653,AL00569,ENT0152,2,demand_trough,stagger_batch,"{""amount"": 19900.0, ""days"": 30, ""months"": 3}",merchant,mr
RC001654,AL00569,ENT0152,3,debt_overhang,restructure_emi,"{""amount"": 19900.0, ""days"": 30, ""months"": 3}",both,mr
RC001655,AL00570,ENT0152,1,working_capital_erosion,request_bridge_loan,"{""amount"": 35000.0, ""days"": 30, ""months"": 3}",both,mr
RC001656,AL00570,ENT0152,2,debt_overhang,restructure_emi,"{""amount"": 35000.0, ""days"": 30, ""months"": 3}",both,mr
RC001657,AL00570,ENT0152,3,climate_shock,prebook_input,"{""amount"": 35000.0, ""days"": 30, ""months"": 3}",merchant,mr
RC001658,AL00571,ENT0152,1,working_capital_erosion,request_bridge_loan,"{""amount"": 29800.0, ""days"": 30, ""months"": 3}",both,mr
RC001659,AL00571,ENT0152,2,demand_trough,stagger_batch,"{""amount"": 29800.0, ""days"": 30, ""months"": 3}",merchant,mr
RC001660,AL00571,ENT0152,3,debt_overhang,restructure_emi,"{""amount"": 29800.0, ""days"": 30, ""months"": 3}",both,mr
RC001661,AL00572,ENT0152,1,demand_trough,stagger_batch,"{""amount"": 9000.0, ""days"": 30, ""months"": 3}",merchant,mr
RC001662,AL00572,ENT0152,2,climate_shock,prebook_input,"{""amount"": 9000.0, ""days"": 30, ""months"": 3}",merchant,mr
RC001663,AL00572,ENT0152,3,receivable_stretch,collect_udhaar,"{""amount"": 9000.0, ""days"": 30, ""months"": 3}",merchant,mr
RC001664,AL00573,ENT0154,1,margin_squeeze,prebook_input,"{""amount"": 2000.0, ""days"": 30, ""months"": 3}",merchant,mr
RC001665,AL00573,ENT0154,2,receivable_stretch,collect_udhaar,"{""amount"": 2000.0, ""days"": 30, ""months"": 3}",merchant,mr
RC001666,AL00573,ENT0154,3,demand_trough,stagger_batch,"{""amount"": 2000.0, ""days"": 30, ""months"": 3}",merchant,mr
RC001667,AL00574,ENT0154,1,margin_squeeze,prebook_input,"{""amount"": 2000.0, ""days"": 30, ""months"": 3}",merchant,mr
RC001668,AL00574,ENT0154,2,receivable_stretch,collect_udhaar,"{""amount"": 2000.0, ""days"": 30, ""months"": 3}",merchant,mr
RC001669,AL00574,ENT0154,3,climate_shock,prebook_input,"{""amount"": 2000.0, ""days"": 30, ""months"": 3}",merchant,mr
RC001670,AL00575,ENT0155,1,margin_squeeze,prebook_input,"{""amount"": 33400.0, ""days"": 30, ""months"": 3}",merchant,hi
RC001671,AL00575,ENT0155,2,receivable_stretch,collect_udhaar,"{""amount"": 33400.0, ""days"": 30, ""months"": 3}",merchant,hi
RC001672,AL00575,ENT0155,3,working_capital_erosion,request_bridge_loan,"{""amount"": 33400.0, ""days"": 30, ""months"": 3}",both,hi
RC001673,AL00576,ENT0155,1,demand_trough,stagger_batch,"{""amount"": 71500.0, ""days"": 30, ""months"": 3}",merchant,hi
RC001674,AL00576,ENT0155,2,receivable_stretch,collect_udhaar,"{""amount"": 71500.0, ""days"": 30, ""months"": 3}",merchant,hi
RC001675,AL00576,ENT0155,3,working_capital_erosion,request_bridge_loan,"{""amount"": 71500.0, ""days"": 30, ""months"": 3}",both,hi
RC001676,AL00577,ENT0155,1,margin_squeeze,prebook_input,"{""amount"": 17100.0, ""days"": 30, ""months"": 3}",merchant,hi
RC001677,AL00577,ENT0155,2,working_capital_erosion,request_bridge_loan,"{""amount"": 17100.0, ""days"": 30, ""months"": 3}",both,hi
RC001678,AL00577,ENT0155,3,receivable_stretch,collect_udhaar,"{""amount"": 17100.0, ""days"": 30, ""months"": 3}",merchant,hi
RC001679,AL00578,ENT0156,1,working_capital_erosion,request_bridge_loan,"{""amount"": 16900.0, ""days"": 30, ""months"": 3}",both,hi
RC001680,AL00578,ENT0156,2,receivable_stretch,collect_udhaar,"{""amount"": 16900.0, ""days"": 30, ""months"": 3}",merchant,hi
RC001681,AL00578,ENT0156,3,demand_trough,stagger_batch,"{""amount"": 16900.0, ""days"": 30, ""months"": 3}",merchant,hi
RC001682,AL00579,ENT0157,1,working_capital_erosion,request_bridge_loan,"{""amount"": 173800.0, ""days"": 30, ""months"": 3}",both,te
RC001683,AL00579,ENT0157,2,demand_trough,stagger_batch,"{""amount"": 173800.0, ""days"": 30, ""months"": 3}",merchant,te
RC001684,AL00579,ENT0157,3,debt_overhang,restructure_emi,"{""amount"": 173800.0, ""days"": 30, ""months"": 3}",both,te
RC001685,AL00580,ENT0157,1,working_capital_erosion,request_bridge_loan,"{""amount"": 202600.0, ""days"": 30, ""months"": 3}",both,te
RC001686,AL00580,ENT0157,2,debt_overhang,restructure_emi,"{""amount"": 202600.0, ""days"": 30, ""months"": 3}",both,te
RC001687,AL00581,ENT0157,1,working_capital_erosion,request_bridge_loan,"{""amount"": 108000.0, ""days"": 30, ""months"": 3}",both,te
RC001688,AL00581,ENT0157,2,demand_trough,stagger_batch,"{""amount"": 108000.0, ""days"": 30, ""months"": 3}",merchant,te
RC001689,AL00581,ENT0157,3,debt_overhang,restructure_emi,"{""amount"": 108000.0, ""days"": 30, ""months"": 3}",both,te
RC001690,AL00582,ENT0157,1,working_capital_erosion,request_bridge_loan,"{""amount"": 115800.0, ""days"": 30, ""months"": 3}",both,te
RC001691,AL00582,ENT0157,2,demand_trough,stagger_batch,"{""amount"": 115800.0, ""days"": 30, ""months"": 3}",merchant,te
RC001692,AL00582,ENT0157,3,debt_overhang,restructure_emi,"{""amount"": 115800.0, ""days"": 30, ""months"": 3}",both,te
RC001693,AL00583,ENT0158,1,demand_trough,stagger_batch,"{""amount"": 11300.0, ""days"": 30, ""months"": 3}",merchant,mr
RC001694,AL00583,ENT0158,2,climate_shock,prebook_input,"{""amount"": 11300.0, ""days"": 30, ""months"": 3}",merchant,mr
RC001695,AL00583,ENT0158,3,receivable_stretch,collect_udhaar,"{""amount"": 11300.0, ""days"": 30, ""months"": 3}",merchant,mr
RC001696,AL00584,ENT0159,1,working_capital_erosion,request_bridge_loan,"{""amount"": 26700.0, ""days"": 30, ""months"": 3}",both,hi
RC001697,AL00584,ENT0159,2,debt_overhang,restructure_emi,"{""amount"": 26700.0, ""days"": 30, ""months"": 3}",both,hi
RC001698,AL00584,ENT0159,3,receivable_stretch,collect_udhaar,"{""amount"": 26700.0, ""days"": 30, ""months"": 3}",merchant,hi
RC001699,AL00585,ENT0159,1,receivable_stretch,collect_udhaar,"{""amount"": 84600.0, ""days"": 30, ""months"": 3}",merchant,hi
RC001700,AL00585,ENT0159,2,climate_shock,prebook_input,"{""amount"": 84600.0, ""days"": 30, ""months"": 3}",merchant,hi
RC001701,AL00585,ENT0159,3,demand_trough,stagger_batch,"{""amount"": 84600.0, ""days"": 30, ""months"": 3}",merchant,hi
RC001702,AL00586,ENT0160,1,working_capital_erosion,request_bridge_loan,"{""amount"": 20000.0, ""days"": 30, ""months"": 3}",both,as
RC001703,AL00586,ENT0160,2,demand_trough,stagger_batch,"{""amount"": 20000.0, ""days"": 30, ""months"": 3}",merchant,as
RC001704,AL00586,ENT0160,3,debt_overhang,restructure_emi,"{""amount"": 20000.0, ""days"": 30, ""months"": 3}",both,as
RC001705,AL00587,ENT0160,1,working_capital_erosion,request_bridge_loan,"{""amount"": 59300.0, ""days"": 30, ""months"": 3}",both,as
RC001706,AL00587,ENT0160,2,debt_overhang,restructure_emi,"{""amount"": 59300.0, ""days"": 30, ""months"": 3}",both,as
RC001707,AL00588,ENT0160,1,working_capital_erosion,request_bridge_loan,"{""amount"": 34400.0, ""days"": 30, ""months"": 3}",both,as
RC001708,AL00588,ENT0160,2,demand_trough,stagger_batch,"{""amount"": 34400.0, ""days"": 30, ""months"": 3}",merchant,as
RC001709,AL00588,ENT0160,3,debt_overhang,restructure_emi,"{""amount"": 34400.0, ""days"": 30, ""months"": 3}",both,as
RC001710,AL00589,ENT0160,1,working_capital_erosion,request_bridge_loan,"{""amount"": 23600.0, ""days"": 30, ""months"": 3}",both,as
RC001711,AL00589,ENT0160,2,demand_trough,stagger_batch,"{""amount"": 23600.0, ""days"": 30, ""months"": 3}",merchant,as
RC001712,AL00589,ENT0160,3,debt_overhang,restructure_emi,"{""amount"": 23600.0, ""days"": 30, ""months"": 3}",both,as
RC001713,AL00590,ENT0160,1,receivable_stretch,collect_udhaar,"{""amount"": 73200.0, ""days"": 30, ""months"": 3}",merchant,as
RC001714,AL00590,ENT0160,2,margin_squeeze,prebook_input,"{""amount"": 73200.0, ""days"": 30, ""months"": 3}",merchant,as
RC001715,AL00591,ENT0160,1,working_capital_erosion,request_bridge_loan,"{""amount"": 35900.0, ""days"": 30, ""months"": 3}",both,as
RC001716,AL00591,ENT0160,2,demand_trough,stagger_batch,"{""amount"": 35900.0, ""days"": 30, ""months"": 3}",merchant,as
RC001717,AL00591,ENT0160,3,margin_squeeze,prebook_input,"{""amount"": 35900.0, ""days"": 30, ""months"": 3}",merchant,as
RC001718,AL00592,ENT0160,1,demand_trough,stagger_batch,"{""amount"": 19600.0, ""days"": 30, ""months"": 3}",merchant,as
RC001719,AL00592,ENT0160,2,climate_shock,prebook_input,"{""amount"": 19600.0, ""days"": 30, ""months"": 3}",merchant,as
RC001720,AL00592,ENT0160,3,working_capital_erosion,request_bridge_loan,"{""amount"": 19600.0, ""days"": 30, ""months"": 3}",both,as
RC001721,AL00593,ENT0161,1,debt_overhang,restructure_emi,"{""amount"": 14600.0, ""days"": 30, ""months"": 3}",both,as
RC001722,AL00593,ENT0161,2,working_capital_erosion,request_bridge_loan,"{""amount"": 14600.0, ""days"": 30, ""months"": 3}",both,as
RC001723,AL00593,ENT0161,3,demand_trough,stagger_batch,"{""amount"": 14600.0, ""days"": 30, ""months"": 3}",merchant,as
RC001724,AL00594,ENT0161,1,working_capital_erosion,request_bridge_loan,"{""amount"": 37500.0, ""days"": 30, ""months"": 3}",both,as
RC001725,AL00594,ENT0161,2,debt_overhang,restructure_emi,"{""amount"": 37500.0, ""days"": 30, ""months"": 3}",both,as
RC001726,AL00595,ENT0161,1,working_capital_erosion,request_bridge_loan,"{""amount"": 23200.0, ""days"": 30, ""months"": 3}",both,as
RC001727,AL00595,ENT0161,2,demand_trough,stagger_batch,"{""amount"": 23200.0, ""days"": 30, ""months"": 3}",merchant,as
RC001728,AL00595,ENT0161,3,debt_overhang,restructure_emi,"{""amount"": 23200.0, ""days"": 30, ""months"": 3}",both,as
RC001729,AL00596,ENT0161,1,working_capital_erosion,request_bridge_loan,"{""amount"": 78600.0, ""days"": 30, ""months"": 3}",both,as
RC001730,AL00596,ENT0161,2,debt_overhang,restructure_emi,"{""amount"": 78600.0, ""days"": 30, ""months"": 3}",both,as
RC001731,AL00596,ENT0161,3,margin_squeeze,prebook_input,"{""amount"": 78600.0, ""days"": 30, ""months"": 3}",merchant,as
RC001732,AL00597,ENT0161,1,working_capital_erosion,request_bridge_loan,"{""amount"": 46000.0, ""days"": 30, ""months"": 3}",both,as
RC001733,AL00597,ENT0161,2,debt_overhang,restructure_emi,"{""amount"": 46000.0, ""days"": 30, ""months"": 3}",both,as
RC001734,AL00597,ENT0161,3,margin_squeeze,prebook_input,"{""amount"": 46000.0, ""days"": 30, ""months"": 3}",merchant,as
RC001735,AL00598,ENT0161,1,working_capital_erosion,request_bridge_loan,"{""amount"": 21800.0, ""days"": 30, ""months"": 3}",both,as
RC001736,AL00598,ENT0161,2,demand_trough,stagger_batch,"{""amount"": 21800.0, ""days"": 30, ""months"": 3}",merchant,as
RC001737,AL00598,ENT0161,3,debt_overhang,restructure_emi,"{""amount"": 21800.0, ""days"": 30, ""months"": 3}",both,as
RC001738,AL00599,ENT0161,1,working_capital_erosion,request_bridge_loan,"{""amount"": 52100.0, ""days"": 30, ""months"": 3}",both,as
RC001739,AL00599,ENT0161,2,debt_overhang,restructure_emi,"{""amount"": 52100.0, ""days"": 30, ""months"": 3}",both,as
RC001740,AL00600,ENT0161,1,working_capital_erosion,request_bridge_loan,"{""amount"": 14600.0, ""days"": 30, ""months"": 3}",both,as
RC001741,AL00600,ENT0161,2,demand_trough,stagger_batch,"{""amount"": 14600.0, ""days"": 30, ""months"": 3}",merchant,as
RC001742,AL00600,ENT0161,3,climate_shock,prebook_input,"{""amount"": 14600.0, ""days"": 30, ""months"": 3}",merchant,as
RC001743,AL00601,ENT0161,1,debt_overhang,restructure_emi,"{""amount"": 17400.0, ""days"": 30, ""months"": 3}",both,as
RC001744,AL00601,ENT0161,2,working_capital_erosion,request_bridge_loan,"{""amount"": 17400.0, ""days"": 30, ""months"": 3}",both,as
RC001745,AL00601,ENT0161,3,demand_trough,stagger_batch,"{""amount"": 17400.0, ""days"": 30, ""months"": 3}",merchant,as
RC001746,AL00602,ENT0161,1,receivable_stretch,collect_udhaar,"{""amount"": 37500.0, ""days"": 30, ""months"": 3}",merchant,as
RC001747,AL00602,ENT0161,2,working_capital_erosion,request_bridge_loan,"{""amount"": 37500.0, ""days"": 30, ""months"": 3}",both,as
RC001748,AL00602,ENT0161,3,demand_trough,stagger_batch,"{""amount"": 37500.0, ""days"": 30, ""months"": 3}",merchant,as
RC001749,AL00603,ENT0161,1,working_capital_erosion,request_bridge_loan,"{""amount"": 14900.0, ""days"": 30, ""months"": 3}",both,as
RC001750,AL00603,ENT0161,2,demand_trough,stagger_batch,"{""amount"": 14900.0, ""days"": 30, ""months"": 3}",merchant,as
RC001751,AL00603,ENT0161,3,margin_squeeze,prebook_input,"{""amount"": 14900.0, ""days"": 30, ""months"": 3}",merchant,as
RC001752,AL00604,ENT0161,1,demand_trough,stagger_batch,"{""amount"": 19000.0, ""days"": 30, ""months"": 3}",merchant,as
RC001753,AL00604,ENT0161,2,climate_shock,prebook_input,"{""amount"": 19000.0, ""days"": 30, ""months"": 3}",merchant,as
RC001754,AL00604,ENT0161,3,working_capital_erosion,request_bridge_loan,"{""amount"": 19000.0, ""days"": 30, ""months"": 3}",both,as
RC001755,AL00605,ENT0162,1,margin_squeeze,prebook_input,"{""amount"": 70100.0, ""days"": 30, ""months"": 3}",merchant,mr
RC001756,AL00605,ENT0162,2,working_capital_erosion,request_bridge_loan,"{""amount"": 70100.0, ""days"": 30, ""months"": 3}",both,mr
RC001757,AL00606,ENT0162,1,margin_squeeze,prebook_input,"{""amount"": 29200.0, ""days"": 30, ""months"": 3}",merchant,mr
RC001758,AL00606,ENT0162,2,working_capital_erosion,request_bridge_loan,"{""amount"": 29200.0, ""days"": 30, ""months"": 3}",both,mr
RC001759,AL00606,ENT0162,3,climate_shock,prebook_input,"{""amount"": 29200.0, ""days"": 30, ""months"": 3}",merchant,mr
RC001760,AL00607,ENT0162,1,climate_shock,prebook_input,"{""amount"": 111200.0, ""days"": 30, ""months"": 3}",merchant,mr
RC001761,AL00607,ENT0162,2,receivable_stretch,collect_udhaar,"{""amount"": 111200.0, ""days"": 30, ""months"": 3}",merchant,mr
RC001762,AL00607,ENT0162,3,working_capital_erosion,request_bridge_loan,"{""amount"": 111200.0, ""days"": 30, ""months"": 3}",both,mr
RC001763,AL00608,ENT0162,1,demand_trough,stagger_batch,"{""amount"": 140000.0, ""days"": 30, ""months"": 3}",merchant,mr
RC001764,AL00608,ENT0162,2,working_capital_erosion,request_bridge_loan,"{""amount"": 140000.0, ""days"": 30, ""months"": 3}",both,mr
RC001765,AL00609,ENT0162,1,margin_squeeze,prebook_input,"{""amount"": 45600.0, ""days"": 30, ""months"": 3}",merchant,mr
RC001766,AL00609,ENT0162,2,working_capital_erosion,request_bridge_loan,"{""amount"": 45600.0, ""days"": 30, ""months"": 3}",both,mr
RC001767,AL00609,ENT0162,3,receivable_stretch,collect_udhaar,"{""amount"": 45600.0, ""days"": 30, ""months"": 3}",merchant,mr
RC001768,AL00610,ENT0163,1,working_capital_erosion,request_bridge_loan,"{""amount"": 19300.0, ""days"": 30, ""months"": 3}",both,hi
RC001769,AL00610,ENT0163,2,debt_overhang,restructure_emi,"{""amount"": 19300.0, ""days"": 30, ""months"": 3}",both,hi
RC001770,AL00610,ENT0163,3,receivable_stretch,collect_udhaar,"{""amount"": 19300.0, ""days"": 30, ""months"": 3}",merchant,hi
RC001771,AL00611,ENT0163,1,demand_trough,stagger_batch,"{""amount"": 2000.0, ""days"": 30, ""months"": 3}",merchant,hi
RC001772,AL00611,ENT0163,2,receivable_stretch,collect_udhaar,"{""amount"": 2000.0, ""days"": 30, ""months"": 3}",merchant,hi
RC001773,AL00611,ENT0163,3,margin_squeeze,prebook_input,"{""amount"": 2000.0, ""days"": 30, ""months"": 3}",merchant,hi
RC001774,AL00612,ENT0163,1,receivable_stretch,collect_udhaar,"{""amount"": 40400.0, ""days"": 30, ""months"": 3}",merchant,hi
RC001775,AL00612,ENT0163,2,climate_shock,prebook_input,"{""amount"": 40400.0, ""days"": 30, ""months"": 3}",merchant,hi
RC001776,AL00612,ENT0163,3,working_capital_erosion,request_bridge_loan,"{""amount"": 40400.0, ""days"": 30, ""months"": 3}",both,hi
RC001777,AL00613,ENT0164,1,climate_shock,prebook_input,"{""amount"": 13000.0, ""days"": 30, ""months"": 3}",merchant,hi
RC001778,AL00613,ENT0164,2,receivable_stretch,collect_udhaar,"{""amount"": 13000.0, ""days"": 30, ""months"": 3}",merchant,hi
RC001779,AL00613,ENT0164,3,demand_trough,stagger_batch,"{""amount"": 13000.0, ""days"": 30, ""months"": 3}",merchant,hi
RC001780,AL00614,ENT0166,1,debt_overhang,restructure_emi,"{""amount"": 26900.0, ""days"": 30, ""months"": 3}",both,hi
RC001781,AL00614,ENT0166,2,working_capital_erosion,request_bridge_loan,"{""amount"": 26900.0, ""days"": 30, ""months"": 3}",both,hi
RC001782,AL00614,ENT0166,3,receivable_stretch,collect_udhaar,"{""amount"": 26900.0, ""days"": 30, ""months"": 3}",merchant,hi
RC001783,AL00615,ENT0166,1,working_capital_erosion,request_bridge_loan,"{""amount"": 53400.0, ""days"": 30, ""months"": 3}",both,hi
RC001784,AL00615,ENT0166,2,debt_overhang,restructure_emi,"{""amount"": 53400.0, ""days"": 30, ""months"": 3}",both,hi
RC001785,AL00615,ENT0166,3,receivable_stretch,collect_udhaar,"{""amount"": 53400.0, ""days"": 30, ""months"": 3}",merchant,hi
RC001786,AL00616,ENT0166,1,receivable_stretch,collect_udhaar,"{""amount"": 115900.0, ""days"": 30, ""months"": 3}",merchant,hi
RC001787,AL00617,ENT0166,1,receivable_stretch,collect_udhaar,"{""amount"": 99700.0, ""days"": 30, ""months"": 3}",merchant,hi
RC001788,AL00617,ENT0166,2,working_capital_erosion,request_bridge_loan,"{""amount"": 99700.0, ""days"": 30, ""months"": 3}",both,hi
RC001789,AL00617,ENT0166,3,margin_squeeze,prebook_input,"{""amount"": 99700.0, ""days"": 30, ""months"": 3}",merchant,hi
RC001790,AL00618,ENT0166,1,working_capital_erosion,request_bridge_loan,"{""amount"": 49800.0, ""days"": 30, ""months"": 3}",both,hi
RC001791,AL00618,ENT0166,2,receivable_stretch,collect_udhaar,"{""amount"": 49800.0, ""days"": 30, ""months"": 3}",merchant,hi
RC001792,AL00618,ENT0166,3,climate_shock,prebook_input,"{""amount"": 49800.0, ""days"": 30, ""months"": 3}",merchant,hi
RC001793,AL00619,ENT0166,1,working_capital_erosion,request_bridge_loan,"{""amount"": 37100.0, ""days"": 30, ""months"": 3}",both,hi
RC001794,AL00619,ENT0166,2,debt_overhang,restructure_emi,"{""amount"": 37100.0, ""days"": 30, ""months"": 3}",both,hi
RC001795,AL00619,ENT0166,3,receivable_stretch,collect_udhaar,"{""amount"": 37100.0, ""days"": 30, ""months"": 3}",merchant,hi
RC001796,AL00620,ENT0168,1,receivable_stretch,collect_udhaar,"{""amount"": 76100.0, ""days"": 30, ""months"": 3}",merchant,mr
RC001797,AL00620,ENT0168,2,demand_trough,stagger_batch,"{""amount"": 76100.0, ""days"": 30, ""months"": 3}",merchant,mr
RC001798,AL00620,ENT0168,3,climate_shock,prebook_input,"{""amount"": 76100.0, ""days"": 30, ""months"": 3}",merchant,mr
RC001799,AL00621,ENT0168,1,margin_squeeze,prebook_input,"{""amount"": 42500.0, ""days"": 30, ""months"": 3}",merchant,mr
RC001800,AL00621,ENT0168,2,climate_shock,prebook_input,"{""amount"": 42500.0, ""days"": 30, ""months"": 3}",merchant,mr
RC001801,AL00621,ENT0168,3,working_capital_erosion,request_bridge_loan,"{""amount"": 42500.0, ""days"": 30, ""months"": 3}",both,mr
RC001802,AL00622,ENT0168,1,climate_shock,prebook_input,"{""amount"": 62400.0, ""days"": 30, ""months"": 3}",merchant,mr
RC001803,AL00622,ENT0168,2,margin_squeeze,prebook_input,"{""amount"": 62400.0, ""days"": 30, ""months"": 3}",merchant,mr
RC001804,AL00622,ENT0168,3,demand_trough,stagger_batch,"{""amount"": 62400.0, ""days"": 30, ""months"": 3}",merchant,mr
RC001805,AL00623,ENT0169,1,working_capital_erosion,request_bridge_loan,"{""amount"": 163800.0, ""days"": 30, ""months"": 3}",both,mr
RC001806,AL00623,ENT0169,2,demand_trough,stagger_batch,"{""amount"": 163800.0, ""days"": 30, ""months"": 3}",merchant,mr
RC001807,AL00623,ENT0169,3,debt_overhang,restructure_emi,"{""amount"": 163800.0, ""days"": 30, ""months"": 3}",both,mr
RC001808,AL00624,ENT0170,1,margin_squeeze,prebook_input,"{""amount"": 18800.0, ""days"": 30, ""months"": 3}",merchant,te
RC001809,AL00624,ENT0170,2,receivable_stretch,collect_udhaar,"{""amount"": 18800.0, ""days"": 30, ""months"": 3}",merchant,te
RC001810,AL00624,ENT0170,3,climate_shock,prebook_input,"{""amount"": 18800.0, ""days"": 30, ""months"": 3}",merchant,te
RC001811,AL00625,ENT0171,1,margin_squeeze,prebook_input,"{""amount"": 13000.0, ""days"": 30, ""months"": 3}",merchant,as
RC001812,AL00625,ENT0171,2,receivable_stretch,collect_udhaar,"{""amount"": 13000.0, ""days"": 30, ""months"": 3}",merchant,as
RC001813,AL00625,ENT0171,3,demand_trough,stagger_batch,"{""amount"": 13000.0, ""days"": 30, ""months"": 3}",merchant,as
RC001814,AL00626,ENT0172,1,debt_overhang,restructure_emi,"{""amount"": 8500.0, ""days"": 30, ""months"": 3}",both,or
RC001815,AL00626,ENT0172,2,working_capital_erosion,request_bridge_loan,"{""amount"": 8500.0, ""days"": 30, ""months"": 3}",both,or
RC001816,AL00626,ENT0172,3,demand_trough,stagger_batch,"{""amount"": 8500.0, ""days"": 30, ""months"": 3}",merchant,or
RC001817,AL00627,ENT0172,1,receivable_stretch,collect_udhaar,"{""amount"": 25500.0, ""days"": 30, ""months"": 3}",merchant,or
RC001818,AL00627,ENT0172,2,demand_trough,stagger_batch,"{""amount"": 25500.0, ""days"": 30, ""months"": 3}",merchant,or
RC001819,AL00627,ENT0172,3,margin_squeeze,prebook_input,"{""amount"": 25500.0, ""days"": 30, ""months"": 3}",merchant,or
RC001820,AL00628,ENT0172,1,receivable_stretch,collect_udhaar,"{""amount"": 8100.0, ""days"": 30, ""months"": 3}",merchant,or
RC001821,AL00628,ENT0172,2,demand_trough,stagger_batch,"{""amount"": 8100.0, ""days"": 30, ""months"": 3}",merchant,or
RC001822,AL00628,ENT0172,3,working_capital_erosion,request_bridge_loan,"{""amount"": 8100.0, ""days"": 30, ""months"": 3}",both,or
RC001823,AL00629,ENT0173,1,working_capital_erosion,request_bridge_loan,"{""amount"": 14700.0, ""days"": 30, ""months"": 3}",both,or
RC001824,AL00629,ENT0173,2,receivable_stretch,collect_udhaar,"{""amount"": 14700.0, ""days"": 30, ""months"": 3}",merchant,or
RC001825,AL00629,ENT0173,3,demand_trough,stagger_batch,"{""amount"": 14700.0, ""days"": 30, ""months"": 3}",merchant,or
RC001826,AL00630,ENT0173,1,receivable_stretch,collect_udhaar,"{""amount"": 17700.0, ""days"": 30, ""months"": 3}",merchant,or
RC001827,AL00630,ENT0173,2,demand_trough,stagger_batch,"{""amount"": 17700.0, ""days"": 30, ""months"": 3}",merchant,or
RC001828,AL00630,ENT0173,3,margin_squeeze,prebook_input,"{""amount"": 17700.0, ""days"": 30, ""months"": 3}",merchant,or
RC001829,AL00631,ENT0173,1,receivable_stretch,collect_udhaar,"{""amount"": 8400.0, ""days"": 30, ""months"": 3}",merchant,or
RC001830,AL00631,ENT0173,2,demand_trough,stagger_batch,"{""amount"": 8400.0, ""days"": 30, ""months"": 3}",merchant,or
RC001831,AL00631,ENT0173,3,working_capital_erosion,request_bridge_loan,"{""amount"": 8400.0, ""days"": 30, ""months"": 3}",both,or
RC001832,AL00632,ENT0173,1,receivable_stretch,collect_udhaar,"{""amount"": 23400.0, ""days"": 30, ""months"": 3}",merchant,or
RC001833,AL00632,ENT0173,2,climate_shock,prebook_input,"{""amount"": 23400.0, ""days"": 30, ""months"": 3}",merchant,or
RC001834,AL00632,ENT0173,3,demand_trough,stagger_batch,"{""amount"": 23400.0, ""days"": 30, ""months"": 3}",merchant,or
RC001835,AL00633,ENT0174,1,debt_overhang,restructure_emi,"{""amount"": 67700.0, ""days"": 30, ""months"": 3}",both,hi
RC001836,AL00633,ENT0174,2,working_capital_erosion,request_bridge_loan,"{""amount"": 67700.0, ""days"": 30, ""months"": 3}",both,hi
RC001837,AL00634,ENT0174,1,working_capital_erosion,request_bridge_loan,"{""amount"": 141800.0, ""days"": 30, ""months"": 3}",both,hi
RC001838,AL00634,ENT0174,2,demand_trough,stagger_batch,"{""amount"": 141800.0, ""days"": 30, ""months"": 3}",merchant,hi
RC001839,AL00634,ENT0174,3,margin_squeeze,prebook_input,"{""amount"": 141800.0, ""days"": 30, ""months"": 3}",merchant,hi
RC001840,AL00635,ENT0174,1,margin_squeeze,prebook_input,"{""amount"": 131600.0, ""days"": 30, ""months"": 3}",merchant,hi
RC001841,AL00635,ENT0174,2,demand_trough,stagger_batch,"{""amount"": 131600.0, ""days"": 30, ""months"": 3}",merchant,hi
RC001842,AL00635,ENT0174,3,debt_overhang,restructure_emi,"{""amount"": 131600.0, ""days"": 30, ""months"": 3}",both,hi
RC001843,AL00636,ENT0174,1,margin_squeeze,prebook_input,"{""amount"": 76800.0, ""days"": 30, ""months"": 3}",merchant,hi
RC001844,AL00636,ENT0174,2,working_capital_erosion,request_bridge_loan,"{""amount"": 76800.0, ""days"": 30, ""months"": 3}",both,hi
RC001845,AL00636,ENT0174,3,climate_shock,prebook_input,"{""amount"": 76800.0, ""days"": 30, ""months"": 3}",merchant,hi
RC001846,AL00637,ENT0174,1,working_capital_erosion,request_bridge_loan,"{""amount"": 222100.0, ""days"": 30, ""months"": 3}",both,hi
RC001847,AL00637,ENT0174,2,margin_squeeze,prebook_input,"{""amount"": 222100.0, ""days"": 30, ""months"": 3}",merchant,hi
RC001848,AL00638,ENT0174,1,margin_squeeze,prebook_input,"{""amount"": 233100.0, ""days"": 30, ""months"": 3}",merchant,hi
RC001849,AL00638,ENT0174,2,working_capital_erosion,request_bridge_loan,"{""amount"": 233100.0, ""days"": 30, ""months"": 3}",both,hi
RC001850,AL00638,ENT0174,3,demand_trough,stagger_batch,"{""amount"": 233100.0, ""days"": 30, ""months"": 3}",merchant,hi
RC001851,AL00639,ENT0174,1,margin_squeeze,prebook_input,"{""amount"": 90600.0, ""days"": 30, ""months"": 3}",merchant,hi
RC001852,AL00639,ENT0174,2,working_capital_erosion,request_bridge_loan,"{""amount"": 90600.0, ""days"": 30, ""months"": 3}",both,hi
RC001853,AL00639,ENT0174,3,debt_overhang,restructure_emi,"{""amount"": 90600.0, ""days"": 30, ""months"": 3}",both,hi
RC001854,AL00640,ENT0174,1,margin_squeeze,prebook_input,"{""amount"": 82200.0, ""days"": 30, ""months"": 3}",merchant,hi
RC001855,AL00640,ENT0174,2,working_capital_erosion,request_bridge_loan,"{""amount"": 82200.0, ""days"": 30, ""months"": 3}",both,hi
RC001856,AL00640,ENT0174,3,debt_overhang,restructure_emi,"{""amount"": 82200.0, ""days"": 30, ""months"": 3}",both,hi
RC001857,AL00641,ENT0174,1,working_capital_erosion,request_bridge_loan,"{""amount"": 54000.0, ""days"": 30, ""months"": 3}",both,hi
RC001858,AL00641,ENT0174,2,debt_overhang,restructure_emi,"{""amount"": 54000.0, ""days"": 30, ""months"": 3}",both,hi
RC001859,AL00641,ENT0174,3,receivable_stretch,collect_udhaar,"{""amount"": 54000.0, ""days"": 30, ""months"": 3}",merchant,hi
RC001860,AL00642,ENT0174,1,working_capital_erosion,request_bridge_loan,"{""amount"": 62000.0, ""days"": 30, ""months"": 3}",both,hi
RC001861,AL00642,ENT0174,2,debt_overhang,restructure_emi,"{""amount"": 62000.0, ""days"": 30, ""months"": 3}",both,hi
RC001862,AL00642,ENT0174,3,demand_trough,stagger_batch,"{""amount"": 62000.0, ""days"": 30, ""months"": 3}",merchant,hi
RC001863,AL00643,ENT0174,1,working_capital_erosion,request_bridge_loan,"{""amount"": 95500.0, ""days"": 30, ""months"": 3}",both,hi
RC001864,AL00643,ENT0174,2,climate_shock,prebook_input,"{""amount"": 95500.0, ""days"": 30, ""months"": 3}",merchant,hi
RC001865,AL00643,ENT0174,3,debt_overhang,restructure_emi,"{""amount"": 95500.0, ""days"": 30, ""months"": 3}",both,hi
RC001866,AL00644,ENT0174,1,margin_squeeze,prebook_input,"{""amount"": 109300.0, ""days"": 30, ""months"": 3}",merchant,hi
RC001867,AL00644,ENT0174,2,working_capital_erosion,request_bridge_loan,"{""amount"": 109300.0, ""days"": 30, ""months"": 3}",both,hi
RC001868,AL00644,ENT0174,3,receivable_stretch,collect_udhaar,"{""amount"": 109300.0, ""days"": 30, ""months"": 3}",merchant,hi
RC001869,AL00645,ENT0175,1,working_capital_erosion,request_bridge_loan,"{""amount"": 61900.0, ""days"": 30, ""months"": 3}",both,hi
RC001870,AL00645,ENT0175,2,demand_trough,stagger_batch,"{""amount"": 61900.0, ""days"": 30, ""months"": 3}",merchant,hi
RC001871,AL00645,ENT0175,3,debt_overhang,restructure_emi,"{""amount"": 61900.0, ""days"": 30, ""months"": 3}",both,hi
RC001872,AL00646,ENT0176,1,margin_squeeze,prebook_input,"{""amount"": 22500.0, ""days"": 30, ""months"": 3}",merchant,hi
RC001873,AL00646,ENT0176,2,receivable_stretch,collect_udhaar,"{""amount"": 22500.0, ""days"": 30, ""months"": 3}",merchant,hi
RC001874,AL00646,ENT0176,3,debt_overhang,restructure_emi,"{""amount"": 22500.0, ""days"": 30, ""months"": 3}",both,hi
RC001875,AL00647,ENT0176,1,margin_squeeze,prebook_input,"{""amount"": 2000.0, ""days"": 30, ""months"": 3}",merchant,hi
RC001876,AL00647,ENT0176,2,receivable_stretch,collect_udhaar,"{""amount"": 2000.0, ""days"": 30, ""months"": 3}",merchant,hi
RC001877,AL00647,ENT0176,3,climate_shock,prebook_input,"{""amount"": 2000.0, ""days"": 30, ""months"": 3}",merchant,hi
RC001878,AL00648,ENT0177,1,margin_squeeze,prebook_input,"{""amount"": 157000.0, ""days"": 30, ""months"": 3}",merchant,gu
RC001879,AL00648,ENT0177,2,demand_trough,stagger_batch,"{""amount"": 157000.0, ""days"": 30, ""months"": 3}",merchant,gu
RC001880,AL00648,ENT0177,3,climate_shock,prebook_input,"{""amount"": 157000.0, ""days"": 30, ""months"": 3}",merchant,gu
RC001881,AL00649,ENT0177,1,margin_squeeze,prebook_input,"{""amount"": 104200.0, ""days"": 30, ""months"": 3}",merchant,gu
RC001882,AL00649,ENT0177,2,working_capital_erosion,request_bridge_loan,"{""amount"": 104200.0, ""days"": 30, ""months"": 3}",both,gu
RC001883,AL00650,ENT0177,1,margin_squeeze,prebook_input,"{""amount"": 64500.0, ""days"": 30, ""months"": 3}",merchant,gu
RC001884,AL00650,ENT0177,2,working_capital_erosion,request_bridge_loan,"{""amount"": 64500.0, ""days"": 30, ""months"": 3}",both,gu
RC001885,AL00650,ENT0177,3,debt_overhang,restructure_emi,"{""amount"": 64500.0, ""days"": 30, ""months"": 3}",both,gu
RC001886,AL00651,ENT0177,1,climate_shock,prebook_input,"{""amount"": 105800.0, ""days"": 30, ""months"": 3}",merchant,gu
RC001887,AL00651,ENT0177,2,demand_trough,stagger_batch,"{""amount"": 105800.0, ""days"": 30, ""months"": 3}",merchant,gu
RC001888,AL00651,ENT0177,3,margin_squeeze,prebook_input,"{""amount"": 105800.0, ""days"": 30, ""months"": 3}",merchant,gu
RC001889,AL00652,ENT0177,1,margin_squeeze,prebook_input,"{""amount"": 107800.0, ""days"": 30, ""months"": 3}",merchant,gu
RC001890,AL00652,ENT0177,2,receivable_stretch,collect_udhaar,"{""amount"": 107800.0, ""days"": 30, ""months"": 3}",merchant,gu
RC001891,AL00652,ENT0177,3,demand_trough,stagger_batch,"{""amount"": 107800.0, ""days"": 30, ""months"": 3}",merchant,gu
RC001892,AL00653,ENT0178,1,margin_squeeze,prebook_input,"{""amount"": 112400.0, ""days"": 30, ""months"": 3}",merchant,te
RC001893,AL00653,ENT0178,2,working_capital_erosion,request_bridge_loan,"{""amount"": 112400.0, ""days"": 30, ""months"": 3}",both,te
RC001894,AL00653,ENT0178,3,receivable_stretch,collect_udhaar,"{""amount"": 112400.0, ""days"": 30, ""months"": 3}",merchant,te
RC001895,AL00654,ENT0178,1,margin_squeeze,prebook_input,"{""amount"": 150900.0, ""days"": 30, ""months"": 3}",merchant,te
RC001896,AL00654,ENT0178,2,working_capital_erosion,request_bridge_loan,"{""amount"": 150900.0, ""days"": 30, ""months"": 3}",both,te
RC001897,AL00655,ENT0178,1,working_capital_erosion,request_bridge_loan,"{""amount"": 159600.0, ""days"": 30, ""months"": 3}",both,te
RC001898,AL00655,ENT0178,2,debt_overhang,restructure_emi,"{""amount"": 159600.0, ""days"": 30, ""months"": 3}",both,te
RC001899,AL00655,ENT0178,3,demand_trough,stagger_batch,"{""amount"": 159600.0, ""days"": 30, ""months"": 3}",merchant,te
RC001900,AL00656,ENT0178,1,working_capital_erosion,request_bridge_loan,"{""amount"": 151300.0, ""days"": 30, ""months"": 3}",both,te
RC001901,AL00656,ENT0178,2,debt_overhang,restructure_emi,"{""amount"": 151300.0, ""days"": 30, ""months"": 3}",both,te
RC001902,AL00656,ENT0178,3,demand_trough,stagger_batch,"{""amount"": 151300.0, ""days"": 30, ""months"": 3}",merchant,te
RC001903,AL00657,ENT0178,1,climate_shock,prebook_input,"{""amount"": 143100.0, ""days"": 30, ""months"": 3}",merchant,te
RC001904,AL00657,ENT0178,2,demand_trough,stagger_batch,"{""amount"": 143100.0, ""days"": 30, ""months"": 3}",merchant,te
RC001905,AL00657,ENT0178,3,margin_squeeze,prebook_input,"{""amount"": 143100.0, ""days"": 30, ""months"": 3}",merchant,te
RC001906,AL00658,ENT0178,1,margin_squeeze,prebook_input,"{""amount"": 141400.0, ""days"": 30, ""months"": 3}",merchant,te
RC001907,AL00658,ENT0178,2,working_capital_erosion,request_bridge_loan,"{""amount"": 141400.0, ""days"": 30, ""months"": 3}",both,te
RC001908,AL00658,ENT0178,3,demand_trough,stagger_batch,"{""amount"": 141400.0, ""days"": 30, ""months"": 3}",merchant,te
RC001909,AL00659,ENT0178,1,margin_squeeze,prebook_input,"{""amount"": 84900.0, ""days"": 30, ""months"": 3}",merchant,te
RC001910,AL00659,ENT0178,2,working_capital_erosion,request_bridge_loan,"{""amount"": 84900.0, ""days"": 30, ""months"": 3}",both,te
RC001911,AL00659,ENT0178,3,debt_overhang,restructure_emi,"{""amount"": 84900.0, ""days"": 30, ""months"": 3}",both,te
RC001912,AL00660,ENT0178,1,working_capital_erosion,request_bridge_loan,"{""amount"": 136100.0, ""days"": 30, ""months"": 3}",both,te
RC001913,AL00660,ENT0178,2,margin_squeeze,prebook_input,"{""amount"": 136100.0, ""days"": 30, ""months"": 3}",merchant,te
RC001914,AL00660,ENT0178,3,debt_overhang,restructure_emi,"{""amount"": 136100.0, ""days"": 30, ""months"": 3}",both,te
RC001915,AL00661,ENT0178,1,working_capital_erosion,request_bridge_loan,"{""amount"": 141200.0, ""days"": 30, ""months"": 3}",both,te
RC001916,AL00661,ENT0178,2,debt_overhang,restructure_emi,"{""amount"": 141200.0, ""days"": 30, ""months"": 3}",both,te
RC001917,AL00661,ENT0178,3,climate_shock,prebook_input,"{""amount"": 141200.0, ""days"": 30, ""months"": 3}",merchant,te
RC001918,AL00662,ENT0178,1,working_capital_erosion,request_bridge_loan,"{""amount"": 130500.0, ""days"": 30, ""months"": 3}",both,te
RC001919,AL00662,ENT0178,2,climate_shock,prebook_input,"{""amount"": 130500.0, ""days"": 30, ""months"": 3}",merchant,te
RC001920,AL00662,ENT0178,3,demand_trough,stagger_batch,"{""amount"": 130500.0, ""days"": 30, ""months"": 3}",merchant,te
RC001921,AL00663,ENT0178,1,margin_squeeze,prebook_input,"{""amount"": 273500.0, ""days"": 30, ""months"": 3}",merchant,te
RC001922,AL00663,ENT0178,2,working_capital_erosion,request_bridge_loan,"{""amount"": 273500.0, ""days"": 30, ""months"": 3}",both,te
RC001923,AL00663,ENT0178,3,demand_trough,stagger_batch,"{""amount"": 273500.0, ""days"": 30, ""months"": 3}",merchant,te
RC001924,AL00664,ENT0179,1,working_capital_erosion,request_bridge_loan,"{""amount"": 13100.0, ""days"": 30, ""months"": 3}",both,gu
RC001925,AL00664,ENT0179,2,demand_trough,stagger_batch,"{""amount"": 13100.0, ""days"": 30, ""months"": 3}",merchant,gu
RC001926,AL00664,ENT0179,3,debt_overhang,restructure_emi,"{""amount"": 13100.0, ""days"": 30, ""months"": 3}",both,gu
RC001927,AL00665,ENT0179,1,working_capital_erosion,request_bridge_loan,"{""amount"": 53100.0, ""days"": 30, ""months"": 3}",both,gu
RC001928,AL00665,ENT0179,2,debt_overhang,restructure_emi,"{""amount"": 53100.0, ""days"": 30, ""months"": 3}",both,gu
RC001929,AL00665,ENT0179,3,climate_shock,prebook_input,"{""amount"": 53100.0, ""days"": 30, ""months"": 3}",merchant,gu
RC001930,AL00666,ENT0179,1,working_capital_erosion,request_bridge_loan,"{""amount"": 19100.0, ""days"": 30, ""months"": 3}",both,gu
RC001931,AL00666,ENT0179,2,demand_trough,stagger_batch,"{""amount"": 19100.0, ""days"": 30, ""months"": 3}",merchant,gu
RC001932,AL00666,ENT0179,3,debt_overhang,restructure_emi,"{""amount"": 19100.0, ""days"": 30, ""months"": 3}",both,gu
RC001933,AL00667,ENT0179,1,climate_shock,prebook_input,"{""amount"": 2000.0, ""days"": 30, ""months"": 3}",merchant,gu
RC001934,AL00667,ENT0179,2,demand_trough,stagger_batch,"{""amount"": 2000.0, ""days"": 30, ""months"": 3}",merchant,gu
RC001935,AL00667,ENT0179,3,working_capital_erosion,request_bridge_loan,"{""amount"": 2000.0, ""days"": 30, ""months"": 3}",both,gu
RC001936,AL00668,ENT0180,1,margin_squeeze,prebook_input,"{""amount"": 34600.0, ""days"": 30, ""months"": 3}",merchant,gu
RC001937,AL00668,ENT0180,2,receivable_stretch,collect_udhaar,"{""amount"": 34600.0, ""days"": 30, ""months"": 3}",merchant,gu
RC001938,AL00668,ENT0180,3,demand_trough,stagger_batch,"{""amount"": 34600.0, ""days"": 30, ""months"": 3}",merchant,gu
RC001939,AL00669,ENT0180,1,margin_squeeze,prebook_input,"{""amount"": 2000.0, ""days"": 30, ""months"": 3}",merchant,gu
RC001940,AL00669,ENT0180,2,receivable_stretch,collect_udhaar,"{""amount"": 2000.0, ""days"": 30, ""months"": 3}",merchant,gu
RC001941,AL00669,ENT0180,3,demand_trough,stagger_batch,"{""amount"": 2000.0, ""days"": 30, ""months"": 3}",merchant,gu
RC001942,AL00670,ENT0181,1,debt_overhang,restructure_emi,"{""amount"": 8800.0, ""days"": 30, ""months"": 3}",both,or
RC001943,AL00670,ENT0181,2,working_capital_erosion,request_bridge_loan,"{""amount"": 8800.0, ""days"": 30, ""months"": 3}",both,or
RC001944,AL00670,ENT0181,3,receivable_stretch,collect_udhaar,"{""amount"": 8800.0, ""days"": 30, ""months"": 3}",merchant,or
RC001945,AL00671,ENT0182,1,receivable_stretch,collect_udhaar,"{""amount"": 80100.0, ""days"": 30, ""months"": 3}",merchant,hi
RC001946,AL00671,ENT0182,2,demand_trough,stagger_batch,"{""amount"": 80100.0, ""days"": 30, ""months"": 3}",merchant,hi
RC001947,AL00671,ENT0182,3,climate_shock,prebook_input,"{""amount"": 80100.0, ""days"": 30, ""months"": 3}",merchant,hi
RC001948,AL00672,ENT0182,1,margin_squeeze,prebook_input,"{""amount"": 67100.0, ""days"": 30, ""months"": 3}",merchant,hi
RC001949,AL00672,ENT0182,2,receivable_stretch,collect_udhaar,"{""amount"": 67100.0, ""days"": 30, ""months"": 3}",merchant,hi
RC001950,AL00672,ENT0182,3,working_capital_erosion,request_bridge_loan,"{""amount"": 67100.0, ""days"": 30, ""months"": 3}",both,hi
RC001951,AL00673,ENT0182,1,margin_squeeze,prebook_input,"{""amount"": 12600.0, ""days"": 30, ""months"": 3}",merchant,hi
RC001952,AL00673,ENT0182,2,working_capital_erosion,request_bridge_loan,"{""amount"": 12600.0, ""days"": 30, ""months"": 3}",both,hi
RC001953,AL00673,ENT0182,3,receivable_stretch,collect_udhaar,"{""amount"": 12600.0, ""days"": 30, ""months"": 3}",merchant,hi
RC001954,AL00674,ENT0182,1,margin_squeeze,prebook_input,"{""amount"": 6800.0, ""days"": 30, ""months"": 3}",merchant,hi
RC001955,AL00674,ENT0182,2,working_capital_erosion,request_bridge_loan,"{""amount"": 6800.0, ""days"": 30, ""months"": 3}",both,hi
RC001956,AL00674,ENT0182,3,debt_overhang,restructure_emi,"{""amount"": 6800.0, ""days"": 30, ""months"": 3}",both,hi
RC001957,AL00675,ENT0182,1,demand_trough,stagger_batch,"{""amount"": 85900.0, ""days"": 30, ""months"": 3}",merchant,hi
RC001958,AL00676,ENT0182,1,working_capital_erosion,request_bridge_loan,"{""amount"": 85200.0, ""days"": 30, ""months"": 3}",both,hi
RC001959,AL00676,ENT0182,2,climate_shock,prebook_input,"{""amount"": 85200.0, ""days"": 30, ""months"": 3}",merchant,hi
RC001960,AL00676,ENT0182,3,margin_squeeze,prebook_input,"{""amount"": 85200.0, ""days"": 30, ""months"": 3}",merchant,hi
RC001961,AL00677,ENT0182,1,margin_squeeze,prebook_input,"{""amount"": 16900.0, ""days"": 30, ""months"": 3}",merchant,hi
RC001962,AL00677,ENT0182,2,working_capital_erosion,request_bridge_loan,"{""amount"": 16900.0, ""days"": 30, ""months"": 3}",both,hi
RC001963,AL00677,ENT0182,3,debt_overhang,restructure_emi,"{""amount"": 16900.0, ""days"": 30, ""months"": 3}",both,hi
RC001964,AL00678,ENT0182,1,working_capital_erosion,request_bridge_loan,"{""amount"": 2000.0, ""days"": 30, ""months"": 3}",both,hi
RC001965,AL00678,ENT0182,2,margin_squeeze,prebook_input,"{""amount"": 2000.0, ""days"": 30, ""months"": 3}",merchant,hi
RC001966,AL00678,ENT0182,3,receivable_stretch,collect_udhaar,"{""amount"": 2000.0, ""days"": 30, ""months"": 3}",merchant,hi
RC001967,AL00679,ENT0182,1,demand_trough,stagger_batch,"{""amount"": 84700.0, ""days"": 30, ""months"": 3}",merchant,hi
RC001968,AL00679,ENT0182,2,climate_shock,prebook_input,"{""amount"": 84700.0, ""days"": 30, ""months"": 3}",merchant,hi
RC001969,AL00680,ENT0182,1,working_capital_erosion,request_bridge_loan,"{""amount"": 38400.0, ""days"": 30, ""months"": 3}",both,hi
RC001970,AL00680,ENT0182,2,margin_squeeze,prebook_input,"{""amount"": 38400.0, ""days"": 30, ""months"": 3}",merchant,hi
RC001971,AL00680,ENT0182,3,receivable_stretch,collect_udhaar,"{""amount"": 38400.0, ""days"": 30, ""months"": 3}",merchant,hi
RC001972,AL00681,ENT0183,1,margin_squeeze,prebook_input,"{""amount"": 9600.0, ""days"": 30, ""months"": 3}",merchant,gu
RC001973,AL00681,ENT0183,2,receivable_stretch,collect_udhaar,"{""amount"": 9600.0, ""days"": 30, ""months"": 3}",merchant,gu
RC001974,AL00681,ENT0183,3,demand_trough,stagger_batch,"{""amount"": 9600.0, ""days"": 30, ""months"": 3}",merchant,gu
RC001975,AL00682,ENT0184,1,working_capital_erosion,request_bridge_loan,"{""amount"": 154200.0, ""days"": 30, ""months"": 3}",both,gu
RC001976,AL00682,ENT0184,2,debt_overhang,restructure_emi,"{""amount"": 154200.0, ""days"": 30, ""months"": 3}",both,gu
RC001977,AL00682,ENT0184,3,receivable_stretch,collect_udhaar,"{""amount"": 154200.0, ""days"": 30, ""months"": 3}",merchant,gu
RC001978,AL00683,ENT0184,1,working_capital_erosion,request_bridge_loan,"{""amount"": 159700.0, ""days"": 30, ""months"": 3}",both,gu
RC001979,AL00683,ENT0184,2,receivable_stretch,collect_udhaar,"{""amount"": 159700.0, ""days"": 30, ""months"": 3}",merchant,gu
RC001980,AL00683,ENT0184,3,demand_trough,stagger_batch,"{""amount"": 159700.0, ""days"": 30, ""months"": 3}",merchant,gu
RC001981,AL00684,ENT0184,1,margin_squeeze,prebook_input,"{""amount"": 101600.0, ""days"": 30, ""months"": 3}",merchant,gu
RC001982,AL00684,ENT0184,2,working_capital_erosion,request_bridge_loan,"{""amount"": 101600.0, ""days"": 30, ""months"": 3}",both,gu
RC001983,AL00684,ENT0184,3,debt_overhang,restructure_emi,"{""amount"": 101600.0, ""days"": 30, ""months"": 3}",both,gu
RC001984,AL00685,ENT0184,1,margin_squeeze,prebook_input,"{""amount"": 37400.0, ""days"": 30, ""months"": 3}",merchant,gu
RC001985,AL00685,ENT0184,2,working_capital_erosion,request_bridge_loan,"{""amount"": 37400.0, ""days"": 30, ""months"": 3}",both,gu
RC001986,AL00685,ENT0184,3,debt_overhang,restructure_emi,"{""amount"": 37400.0, ""days"": 30, ""months"": 3}",both,gu
RC001987,AL00686,ENT0184,1,margin_squeeze,prebook_input,"{""amount"": 15300.0, ""days"": 30, ""months"": 3}",merchant,gu
RC001988,AL00686,ENT0184,2,working_capital_erosion,request_bridge_loan,"{""amount"": 15300.0, ""days"": 30, ""months"": 3}",both,gu
RC001989,AL00686,ENT0184,3,debt_overhang,restructure_emi,"{""amount"": 15300.0, ""days"": 30, ""months"": 3}",both,gu
RC001990,AL00687,ENT0184,1,working_capital_erosion,request_bridge_loan,"{""amount"": 56400.0, ""days"": 30, ""months"": 3}",both,gu
RC001991,AL00687,ENT0184,2,debt_overhang,restructure_emi,"{""amount"": 56400.0, ""days"": 30, ""months"": 3}",both,gu
RC001992,AL00687,ENT0184,3,receivable_stretch,collect_udhaar,"{""amount"": 56400.0, ""days"": 30, ""months"": 3}",merchant,gu
RC001993,AL00688,ENT0184,1,demand_trough,stagger_batch,"{""amount"": 80100.0, ""days"": 30, ""months"": 3}",merchant,gu
RC001994,AL00688,ENT0184,2,margin_squeeze,prebook_input,"{""amount"": 80100.0, ""days"": 30, ""months"": 3}",merchant,gu
RC001995,AL00689,ENT0184,1,margin_squeeze,prebook_input,"{""amount"": 62900.0, ""days"": 30, ""months"": 3}",merchant,gu
RC001996,AL00689,ENT0184,2,working_capital_erosion,request_bridge_loan,"{""amount"": 62900.0, ""days"": 30, ""months"": 3}",both,gu
RC001997,AL00689,ENT0184,3,receivable_stretch,collect_udhaar,"{""amount"": 62900.0, ""days"": 30, ""months"": 3}",merchant,gu
RC001998,AL00690,ENT0184,1,working_capital_erosion,request_bridge_loan,"{""amount"": 16400.0, ""days"": 30, ""months"": 3}",both,gu
RC001999,AL00690,ENT0184,2,receivable_stretch,collect_udhaar,"{""amount"": 16400.0, ""days"": 30, ""months"": 3}",merchant,gu
RC002000,AL00690,ENT0184,3,margin_squeeze,prebook_input,"{""amount"": 16400.0, ""days"": 30, ""months"": 3}",merchant,gu
RC002001,AL00691,ENT0184,1,demand_trough,stagger_batch,"{""amount"": 101600.0, ""days"": 30, ""months"": 3}",merchant,gu
RC002002,AL00691,ENT0184,2,receivable_stretch,collect_udhaar,"{""amount"": 101600.0, ""days"": 30, ""months"": 3}",merchant,gu
RC002003,AL00691,ENT0184,3,climate_shock,prebook_input,"{""amount"": 101600.0, ""days"": 30, ""months"": 3}",merchant,gu
RC002004,AL00692,ENT0184,1,climate_shock,prebook_input,"{""amount"": 111500.0, ""days"": 30, ""months"": 3}",merchant,gu
RC002005,AL00692,ENT0184,2,margin_squeeze,prebook_input,"{""amount"": 111500.0, ""days"": 30, ""months"": 3}",merchant,gu
RC002006,AL00692,ENT0184,3,working_capital_erosion,request_bridge_loan,"{""amount"": 111500.0, ""days"": 30, ""months"": 3}",both,gu
RC002007,AL00693,ENT0184,1,margin_squeeze,prebook_input,"{""amount"": 21400.0, ""days"": 30, ""months"": 3}",merchant,gu
RC002008,AL00693,ENT0184,2,working_capital_erosion,request_bridge_loan,"{""amount"": 21400.0, ""days"": 30, ""months"": 3}",both,gu
RC002009,AL00693,ENT0184,3,receivable_stretch,collect_udhaar,"{""amount"": 21400.0, ""days"": 30, ""months"": 3}",merchant,gu
RC002010,AL00694,ENT0185,1,margin_squeeze,prebook_input,"{""amount"": 40300.0, ""days"": 30, ""months"": 3}",merchant,hi
RC002011,AL00694,ENT0185,2,receivable_stretch,collect_udhaar,"{""amount"": 40300.0, ""days"": 30, ""months"": 3}",merchant,hi
RC002012,AL00694,ENT0185,3,demand_trough,stagger_batch,"{""amount"": 40300.0, ""days"": 30, ""months"": 3}",merchant,hi
RC002013,AL00695,ENT0185,1,climate_shock,prebook_input,"{""amount"": 125100.0, ""days"": 30, ""months"": 3}",merchant,hi
RC002014,AL00695,ENT0185,2,receivable_stretch,collect_udhaar,"{""amount"": 125100.0, ""days"": 30, ""months"": 3}",merchant,hi
RC002015,AL00695,ENT0185,3,demand_trough,stagger_batch,"{""amount"": 125100.0, ""days"": 30, ""months"": 3}",merchant,hi
RC002016,AL00696,ENT0186,1,receivable_stretch,collect_udhaar,"{""amount"": 72300.0, ""days"": 30, ""months"": 3}",merchant,gu
RC002017,AL00696,ENT0186,2,demand_trough,stagger_batch,"{""amount"": 72300.0, ""days"": 30, ""months"": 3}",merchant,gu
RC002018,AL00696,ENT0186,3,climate_shock,prebook_input,"{""amount"": 72300.0, ""days"": 30, ""months"": 3}",merchant,gu
RC002019,AL00697,ENT0186,1,margin_squeeze,prebook_input,"{""amount"": 68600.0, ""days"": 30, ""months"": 3}",merchant,gu
RC002020,AL00697,ENT0186,2,climate_shock,prebook_input,"{""amount"": 68600.0, ""days"": 30, ""months"": 3}",merchant,gu
RC002021,AL00697,ENT0186,3,debt_overhang,restructure_emi,"{""amount"": 68600.0, ""days"": 30, ""months"": 3}",both,gu
RC002022,AL00698,ENT0186,1,margin_squeeze,prebook_input,"{""amount"": 17800.0, ""days"": 30, ""months"": 3}",merchant,gu
RC002023,AL00698,ENT0186,2,working_capital_erosion,request_bridge_loan,"{""amount"": 17800.0, ""days"": 30, ""months"": 3}",both,gu
RC002024,AL00698,ENT0186,3,debt_overhang,restructure_emi,"{""amount"": 17800.0, ""days"": 30, ""months"": 3}",both,gu
RC002025,AL00699,ENT0186,1,climate_shock,prebook_input,"{""amount"": 75700.0, ""days"": 30, ""months"": 3}",merchant,gu
RC002026,AL00699,ENT0186,2,demand_trough,stagger_batch,"{""amount"": 75700.0, ""days"": 30, ""months"": 3}",merchant,gu
RC002027,AL00699,ENT0186,3,working_capital_erosion,request_bridge_loan,"{""amount"": 75700.0, ""days"": 30, ""months"": 3}",both,gu
RC002028,AL00700,ENT0186,1,margin_squeeze,prebook_input,"{""amount"": 8000.0, ""days"": 30, ""months"": 3}",merchant,gu
RC002029,AL00700,ENT0186,2,working_capital_erosion,request_bridge_loan,"{""amount"": 8000.0, ""days"": 30, ""months"": 3}",both,gu
RC002030,AL00700,ENT0186,3,receivable_stretch,collect_udhaar,"{""amount"": 8000.0, ""days"": 30, ""months"": 3}",merchant,gu
RC002031,AL00701,ENT0186,1,climate_shock,prebook_input,"{""amount"": 63800.0, ""days"": 30, ""months"": 3}",merchant,gu
RC002032,AL00701,ENT0186,2,margin_squeeze,prebook_input,"{""amount"": 63800.0, ""days"": 30, ""months"": 3}",merchant,gu
RC002033,AL00701,ENT0186,3,working_capital_erosion,request_bridge_loan,"{""amount"": 63800.0, ""days"": 30, ""months"": 3}",both,gu
RC002034,AL00702,ENT0186,1,margin_squeeze,prebook_input,"{""amount"": 14100.0, ""days"": 30, ""months"": 3}",merchant,gu
RC002035,AL00702,ENT0186,2,working_capital_erosion,request_bridge_loan,"{""amount"": 14100.0, ""days"": 30, ""months"": 3}",both,gu
RC002036,AL00702,ENT0186,3,receivable_stretch,collect_udhaar,"{""amount"": 14100.0, ""days"": 30, ""months"": 3}",merchant,gu
RC002037,AL00703,ENT0187,1,margin_squeeze,prebook_input,"{""amount"": 13700.0, ""days"": 30, ""months"": 3}",merchant,gu
RC002038,AL00703,ENT0187,2,receivable_stretch,collect_udhaar,"{""amount"": 13700.0, ""days"": 30, ""months"": 3}",merchant,gu
RC002039,AL00703,ENT0187,3,demand_trough,stagger_batch,"{""amount"": 13700.0, ""days"": 30, ""months"": 3}",merchant,gu
RC002040,AL00704,ENT0188,1,debt_overhang,restructure_emi,"{""amount"": 11100.0, ""days"": 30, ""months"": 3}",both,as
RC002041,AL00704,ENT0188,2,working_capital_erosion,request_bridge_loan,"{""amount"": 11100.0, ""days"": 30, ""months"": 3}",both,as
RC002042,AL00704,ENT0188,3,receivable_stretch,collect_udhaar,"{""amount"": 11100.0, ""days"": 30, ""months"": 3}",merchant,as
RC002043,AL00705,ENT0188,1,receivable_stretch,collect_udhaar,"{""amount"": 22400.0, ""days"": 30, ""months"": 3}",merchant,as
RC002044,AL00705,ENT0188,2,working_capital_erosion,request_bridge_loan,"{""amount"": 22400.0, ""days"": 30, ""months"": 3}",both,as
RC002045,AL00705,ENT0188,3,debt_overhang,restructure_emi,"{""amount"": 22400.0, ""days"": 30, ""months"": 3}",both,as
RC002046,AL00706,ENT0188,1,working_capital_erosion,request_bridge_loan,"{""amount"": 25500.0, ""days"": 30, ""months"": 3}",both,as
RC002047,AL00706,ENT0188,2,receivable_stretch,collect_udhaar,"{""amount"": 25500.0, ""days"": 30, ""months"": 3}",merchant,as
RC002048,AL00706,ENT0188,3,demand_trough,stagger_batch,"{""amount"": 25500.0, ""days"": 30, ""months"": 3}",merchant,as
RC002049,AL00707,ENT0188,1,working_capital_erosion,request_bridge_loan,"{""amount"": 33100.0, ""days"": 30, ""months"": 3}",both,as
RC002050,AL00707,ENT0188,2,receivable_stretch,collect_udhaar,"{""amount"": 33100.0, ""days"": 30, ""months"": 3}",merchant,as
RC002051,AL00707,ENT0188,3,debt_overhang,restructure_emi,"{""amount"": 33100.0, ""days"": 30, ""months"": 3}",both,as
RC002052,AL00708,ENT0188,1,working_capital_erosion,request_bridge_loan,"{""amount"": 41500.0, ""days"": 30, ""months"": 3}",both,as
RC002053,AL00708,ENT0188,2,debt_overhang,restructure_emi,"{""amount"": 41500.0, ""days"": 30, ""months"": 3}",both,as
RC002054,AL00708,ENT0188,3,receivable_stretch,collect_udhaar,"{""amount"": 41500.0, ""days"": 30, ""months"": 3}",merchant,as
RC002055,AL00709,ENT0188,1,working_capital_erosion,request_bridge_loan,"{""amount"": 14100.0, ""days"": 30, ""months"": 3}",both,as
RC002056,AL00709,ENT0188,2,debt_overhang,restructure_emi,"{""amount"": 14100.0, ""days"": 30, ""months"": 3}",both,as
RC002057,AL00709,ENT0188,3,receivable_stretch,collect_udhaar,"{""amount"": 14100.0, ""days"": 30, ""months"": 3}",merchant,as
RC002058,AL00710,ENT0188,1,working_capital_erosion,request_bridge_loan,"{""amount"": 25100.0, ""days"": 30, ""months"": 3}",both,as
RC002059,AL00710,ENT0188,2,debt_overhang,restructure_emi,"{""amount"": 25100.0, ""days"": 30, ""months"": 3}",both,as
RC002060,AL00710,ENT0188,3,receivable_stretch,collect_udhaar,"{""amount"": 25100.0, ""days"": 30, ""months"": 3}",merchant,as
RC002061,AL00711,ENT0188,1,working_capital_erosion,request_bridge_loan,"{""amount"": 22000.0, ""days"": 30, ""months"": 3}",both,as
RC002062,AL00711,ENT0188,2,debt_overhang,restructure_emi,"{""amount"": 22000.0, ""days"": 30, ""months"": 3}",both,as
RC002063,AL00711,ENT0188,3,receivable_stretch,collect_udhaar,"{""amount"": 22000.0, ""days"": 30, ""months"": 3}",merchant,as
RC002064,AL00712,ENT0188,1,climate_shock,prebook_input,"{""amount"": 52600.0, ""days"": 30, ""months"": 3}",merchant,as
RC002065,AL00712,ENT0188,2,receivable_stretch,collect_udhaar,"{""amount"": 52600.0, ""days"": 30, ""months"": 3}",merchant,as
RC002066,AL00712,ENT0188,3,debt_overhang,restructure_emi,"{""amount"": 52600.0, ""days"": 30, ""months"": 3}",both,as
RC002067,AL00713,ENT0188,1,working_capital_erosion,request_bridge_loan,"{""amount"": 40400.0, ""days"": 30, ""months"": 3}",both,as
RC002068,AL00713,ENT0188,2,receivable_stretch,collect_udhaar,"{""amount"": 40400.0, ""days"": 30, ""months"": 3}",merchant,as
RC002069,AL00713,ENT0188,3,margin_squeeze,prebook_input,"{""amount"": 40400.0, ""days"": 30, ""months"": 3}",merchant,as
RC002070,AL00714,ENT0188,1,working_capital_erosion,request_bridge_loan,"{""amount"": 22900.0, ""days"": 30, ""months"": 3}",both,as
RC002071,AL00714,ENT0188,2,debt_overhang,restructure_emi,"{""amount"": 22900.0, ""days"": 30, ""months"": 3}",both,as
RC002072,AL00714,ENT0188,3,receivable_stretch,collect_udhaar,"{""amount"": 22900.0, ""days"": 30, ""months"": 3}",merchant,as
RC002073,AL00715,ENT0188,1,working_capital_erosion,request_bridge_loan,"{""amount"": 15300.0, ""days"": 30, ""months"": 3}",both,as
RC002074,AL00715,ENT0188,2,debt_overhang,restructure_emi,"{""amount"": 15300.0, ""days"": 30, ""months"": 3}",both,as
RC002075,AL00715,ENT0188,3,receivable_stretch,collect_udhaar,"{""amount"": 15300.0, ""days"": 30, ""months"": 3}",merchant,as
RC002076,AL00716,ENT0188,1,working_capital_erosion,request_bridge_loan,"{""amount"": 16700.0, ""days"": 30, ""months"": 3}",both,as
RC002077,AL00716,ENT0188,2,receivable_stretch,collect_udhaar,"{""amount"": 16700.0, ""days"": 30, ""months"": 3}",merchant,as
RC002078,AL00716,ENT0188,3,demand_trough,stagger_batch,"{""amount"": 16700.0, ""days"": 30, ""months"": 3}",merchant,as
RC002079,AL00717,ENT0188,1,receivable_stretch,collect_udhaar,"{""amount"": 37000.0, ""days"": 30, ""months"": 3}",merchant,as
RC002080,AL00717,ENT0188,2,working_capital_erosion,request_bridge_loan,"{""amount"": 37000.0, ""days"": 30, ""months"": 3}",both,as
RC002081,AL00717,ENT0188,3,debt_overhang,restructure_emi,"{""amount"": 37000.0, ""days"": 30, ""months"": 3}",both,as
RC002082,AL00718,ENT0188,1,receivable_stretch,collect_udhaar,"{""amount"": 40800.0, ""days"": 30, ""months"": 3}",merchant,as
RC002083,AL00718,ENT0188,2,working_capital_erosion,request_bridge_loan,"{""amount"": 40800.0, ""days"": 30, ""months"": 3}",both,as
RC002084,AL00718,ENT0188,3,margin_squeeze,prebook_input,"{""amount"": 40800.0, ""days"": 30, ""months"": 3}",merchant,as
RC002085,AL00719,ENT0189,1,debt_overhang,restructure_emi,"{""amount"": 72200.0, ""days"": 30, ""months"": 3}",both,mr
RC002086,AL00719,ENT0189,2,demand_trough,stagger_batch,"{""amount"": 72200.0, ""days"": 30, ""months"": 3}",merchant,mr
RC002087,AL00719,ENT0189,3,working_capital_erosion,request_bridge_loan,"{""amount"": 72200.0, ""days"": 30, ""months"": 3}",both,mr
RC002088,AL00720,ENT0189,1,demand_trough,stagger_batch,"{""amount"": 77700.0, ""days"": 30, ""months"": 3}",merchant,mr
RC002089,AL00720,ENT0189,2,climate_shock,prebook_input,"{""amount"": 77700.0, ""days"": 30, ""months"": 3}",merchant,mr
RC002090,AL00720,ENT0189,3,debt_overhang,restructure_emi,"{""amount"": 77700.0, ""days"": 30, ""months"": 3}",both,mr
RC002091,AL00721,ENT0189,1,margin_squeeze,prebook_input,"{""amount"": 76000.0, ""days"": 30, ""months"": 3}",merchant,mr
RC002092,AL00721,ENT0189,2,working_capital_erosion,request_bridge_loan,"{""amount"": 76000.0, ""days"": 30, ""months"": 3}",both,mr
RC002093,AL00721,ENT0189,3,receivable_stretch,collect_udhaar,"{""amount"": 76000.0, ""days"": 30, ""months"": 3}",merchant,mr
RC002094,AL00722,ENT0189,1,margin_squeeze,prebook_input,"{""amount"": 15100.0, ""days"": 30, ""months"": 3}",merchant,mr
RC002095,AL00722,ENT0189,2,working_capital_erosion,request_bridge_loan,"{""amount"": 15100.0, ""days"": 30, ""months"": 3}",both,mr
RC002096,AL00722,ENT0189,3,debt_overhang,restructure_emi,"{""amount"": 15100.0, ""days"": 30, ""months"": 3}",both,mr
RC002097,AL00723,ENT0189,1,working_capital_erosion,request_bridge_loan,"{""amount"": 6000.0, ""days"": 30, ""months"": 3}",both,mr
RC002098,AL00723,ENT0189,2,debt_overhang,restructure_emi,"{""amount"": 6000.0, ""days"": 30, ""months"": 3}",both,mr
RC002099,AL00723,ENT0189,3,margin_squeeze,prebook_input,"{""amount"": 6000.0, ""days"": 30, ""months"": 3}",merchant,mr
RC002100,AL00724,ENT0189,1,debt_overhang,restructure_emi,"{""amount"": 7900.0, ""days"": 30, ""months"": 3}",both,mr
RC002101,AL00724,ENT0189,2,working_capital_erosion,request_bridge_loan,"{""amount"": 7900.0, ""days"": 30, ""months"": 3}",both,mr
RC002102,AL00725,ENT0189,1,working_capital_erosion,request_bridge_loan,"{""amount"": 62200.0, ""days"": 30, ""months"": 3}",both,mr
RC002103,AL00725,ENT0189,2,debt_overhang,restructure_emi,"{""amount"": 62200.0, ""days"": 30, ""months"": 3}",both,mr
RC002104,AL00725,ENT0189,3,demand_trough,stagger_batch,"{""amount"": 62200.0, ""days"": 30, ""months"": 3}",merchant,mr
RC002105,AL00726,ENT0189,1,working_capital_erosion,request_bridge_loan,"{""amount"": 74100.0, ""days"": 30, ""months"": 3}",both,mr
RC002106,AL00726,ENT0189,2,climate_shock,prebook_input,"{""amount"": 74100.0, ""days"": 30, ""months"": 3}",merchant,mr
RC002107,AL00726,ENT0189,3,debt_overhang,restructure_emi,"{""amount"": 74100.0, ""days"": 30, ""months"": 3}",both,mr
RC002108,AL00727,ENT0189,1,working_capital_erosion,request_bridge_loan,"{""amount"": 14900.0, ""days"": 30, ""months"": 3}",both,mr
RC002109,AL00727,ENT0189,2,margin_squeeze,prebook_input,"{""amount"": 14900.0, ""days"": 30, ""months"": 3}",merchant,mr
RC002110,AL00727,ENT0189,3,receivable_stretch,collect_udhaar,"{""amount"": 14900.0, ""days"": 30, ""months"": 3}",merchant,mr
RC002111,AL00728,ENT0189,1,working_capital_erosion,request_bridge_loan,"{""amount"": 10000.0, ""days"": 30, ""months"": 3}",both,mr
RC002112,AL00728,ENT0189,2,receivable_stretch,collect_udhaar,"{""amount"": 10000.0, ""days"": 30, ""months"": 3}",merchant,mr
RC002113,AL00728,ENT0189,3,debt_overhang,restructure_emi,"{""amount"": 10000.0, ""days"": 30, ""months"": 3}",both,mr
RC002114,AL00729,ENT0189,1,demand_trough,stagger_batch,"{""amount"": 79800.0, ""days"": 30, ""months"": 3}",merchant,mr
RC002115,AL00730,ENT0189,1,climate_shock,prebook_input,"{""amount"": 77300.0, ""days"": 30, ""months"": 3}",merchant,mr
RC002116,AL00730,ENT0189,2,margin_squeeze,prebook_input,"{""amount"": 77300.0, ""days"": 30, ""months"": 3}",merchant,mr
RC002117,AL00730,ENT0189,3,working_capital_erosion,request_bridge_loan,"{""amount"": 77300.0, ""days"": 30, ""months"": 3}",both,mr
RC002118,AL00731,ENT0189,1,margin_squeeze,prebook_input,"{""amount"": 11500.0, ""days"": 30, ""months"": 3}",merchant,mr
RC002119,AL00731,ENT0189,2,working_capital_erosion,request_bridge_loan,"{""amount"": 11500.0, ""days"": 30, ""months"": 3}",both,mr
RC002120,AL00731,ENT0189,3,receivable_stretch,collect_udhaar,"{""amount"": 11500.0, ""days"": 30, ""months"": 3}",merchant,mr
RC002121,AL00732,ENT0190,1,margin_squeeze,prebook_input,"{""amount"": 105800.0, ""days"": 30, ""months"": 3}",merchant,mr
RC002122,AL00732,ENT0190,2,working_capital_erosion,request_bridge_loan,"{""amount"": 105800.0, ""days"": 30, ""months"": 3}",both,mr
RC002123,AL00732,ENT0190,3,receivable_stretch,collect_udhaar,"{""amount"": 105800.0, ""days"": 30, ""months"": 3}",merchant,mr
RC002124,AL00733,ENT0190,1,margin_squeeze,prebook_input,"{""amount"": 58000.0, ""days"": 30, ""months"": 3}",merchant,mr
RC002125,AL00733,ENT0190,2,working_capital_erosion,request_bridge_loan,"{""amount"": 58000.0, ""days"": 30, ""months"": 3}",both,mr
RC002126,AL00733,ENT0190,3,receivable_stretch,collect_udhaar,"{""amount"": 58000.0, ""days"": 30, ""months"": 3}",merchant,mr
RC002127,AL00734,ENT0190,1,margin_squeeze,prebook_input,"{""amount"": 118800.0, ""days"": 30, ""months"": 3}",merchant,mr
RC002128,AL00734,ENT0190,2,working_capital_erosion,request_bridge_loan,"{""amount"": 118800.0, ""days"": 30, ""months"": 3}",both,mr
RC002129,AL00734,ENT0190,3,receivable_stretch,collect_udhaar,"{""amount"": 118800.0, ""days"": 30, ""months"": 3}",merchant,mr
RC002130,AL00735,ENT0192,1,working_capital_erosion,request_bridge_loan,"{""amount"": 19400.0, ""days"": 30, ""months"": 3}",both,mr
RC002131,AL00735,ENT0192,2,debt_overhang,restructure_emi,"{""amount"": 19400.0, ""days"": 30, ""months"": 3}",both,mr
RC002132,AL00735,ENT0192,3,receivable_stretch,collect_udhaar,"{""amount"": 19400.0, ""days"": 30, ""months"": 3}",merchant,mr
RC002133,AL00736,ENT0192,1,demand_trough,stagger_batch,"{""amount"": 139300.0, ""days"": 30, ""months"": 3}",merchant,mr
RC002134,AL00736,ENT0192,2,working_capital_erosion,request_bridge_loan,"{""amount"": 139300.0, ""days"": 30, ""months"": 3}",both,mr
RC002135,AL00736,ENT0192,3,climate_shock,prebook_input,"{""amount"": 139300.0, ""days"": 30, ""months"": 3}",merchant,mr
RC002136,AL00737,ENT0192,1,receivable_stretch,collect_udhaar,"{""amount"": 156200.0, ""days"": 30, ""months"": 3}",merchant,mr
RC002137,AL00737,ENT0192,2,demand_trough,stagger_batch,"{""amount"": 156200.0, ""days"": 30, ""months"": 3}",merchant,mr
RC002138,AL00737,ENT0192,3,margin_squeeze,prebook_input,"{""amount"": 156200.0, ""days"": 30, ""months"": 3}",merchant,mr
RC002139,AL00738,ENT0192,1,margin_squeeze,prebook_input,"{""amount"": 74100.0, ""days"": 30, ""months"": 3}",merchant,mr
RC002140,AL00738,ENT0192,2,working_capital_erosion,request_bridge_loan,"{""amount"": 74100.0, ""days"": 30, ""months"": 3}",both,mr
RC002141,AL00738,ENT0192,3,debt_overhang,restructure_emi,"{""amount"": 74100.0, ""days"": 30, ""months"": 3}",both,mr
RC002142,AL00739,ENT0192,1,margin_squeeze,prebook_input,"{""amount"": 19900.0, ""days"": 30, ""months"": 3}",merchant,mr
RC002143,AL00739,ENT0192,2,working_capital_erosion,request_bridge_loan,"{""amount"": 19900.0, ""days"": 30, ""months"": 3}",both,mr
RC002144,AL00739,ENT0192,3,receivable_stretch,collect_udhaar,"{""amount"": 19900.0, ""days"": 30, ""months"": 3}",merchant,mr
RC002145,AL00740,ENT0192,1,demand_trough,stagger_batch,"{""amount"": 133600.0, ""days"": 30, ""months"": 3}",merchant,mr
RC002146,AL00741,ENT0192,1,climate_shock,prebook_input,"{""amount"": 111000.0, ""days"": 30, ""months"": 3}",merchant,mr
RC002147,AL00741,ENT0192,2,receivable_stretch,collect_udhaar,"{""amount"": 111000.0, ""days"": 30, ""months"": 3}",merchant,mr
RC002148,AL00741,ENT0192,3,working_capital_erosion,request_bridge_loan,"{""amount"": 111000.0, ""days"": 30, ""months"": 3}",both,mr
RC002149,AL00742,ENT0192,1,demand_trough,stagger_batch,"{""amount"": 149500.0, ""days"": 30, ""months"": 3}",merchant,mr
RC002150,AL00742,ENT0192,2,working_capital_erosion,request_bridge_loan,"{""amount"": 149500.0, ""days"": 30, ""months"": 3}",both,mr
RC002151,AL00742,ENT0192,3,margin_squeeze,prebook_input,"{""amount"": 149500.0, ""days"": 30, ""months"": 3}",merchant,mr
RC002152,AL00743,ENT0192,1,margin_squeeze,prebook_input,"{""amount"": 77000.0, ""days"": 30, ""months"": 3}",merchant,mr
RC002153,AL00743,ENT0192,2,working_capital_erosion,request_bridge_loan,"{""amount"": 77000.0, ""days"": 30, ""months"": 3}",both,mr
RC002154,AL00743,ENT0192,3,receivable_stretch,collect_udhaar,"{""amount"": 77000.0, ""days"": 30, ""months"": 3}",merchant,mr
RC002155,AL00744,ENT0193,1,working_capital_erosion,request_bridge_loan,"{""amount"": 30400.0, ""days"": 30, ""months"": 3}",both,mr
RC002156,AL00744,ENT0193,2,demand_trough,stagger_batch,"{""amount"": 30400.0, ""days"": 30, ""months"": 3}",merchant,mr
RC002157,AL00744,ENT0193,3,debt_overhang,restructure_emi,"{""amount"": 30400.0, ""days"": 30, ""months"": 3}",both,mr
RC002158,AL00745,ENT0194,1,debt_overhang,restructure_emi,"{""amount"": 11800.0, ""days"": 30, ""months"": 3}",both,hi
RC002159,AL00745,ENT0194,2,working_capital_erosion,request_bridge_loan,"{""amount"": 11800.0, ""days"": 30, ""months"": 3}",both,hi
RC002160,AL00745,ENT0194,3,demand_trough,stagger_batch,"{""amount"": 11800.0, ""days"": 30, ""months"": 3}",merchant,hi
RC002161,AL00746,ENT0194,1,debt_overhang,restructure_emi,"{""amount"": 21800.0, ""days"": 30, ""months"": 3}",both,hi
RC002162,AL00746,ENT0194,2,working_capital_erosion,request_bridge_loan,"{""amount"": 21800.0, ""days"": 30, ""months"": 3}",both,hi
RC002163,AL00746,ENT0194,3,receivable_stretch,collect_udhaar,"{""amount"": 21800.0, ""days"": 30, ""months"": 3}",merchant,hi
RC002164,AL00747,ENT0195,1,climate_shock,prebook_input,"{""amount"": 187100.0, ""days"": 30, ""months"": 3}",merchant,te
RC002165,AL00747,ENT0195,2,demand_trough,stagger_batch,"{""amount"": 187100.0, ""days"": 30, ""months"": 3}",merchant,te
RC002166,AL00747,ENT0195,3,margin_squeeze,prebook_input,"{""amount"": 187100.0, ""days"": 30, ""months"": 3}",merchant,te
RC002167,AL00748,ENT0196,1,debt_overhang,restructure_emi,"{""amount"": 10100.0, ""days"": 30, ""months"": 3}",both,as
RC002168,AL00748,ENT0196,2,working_capital_erosion,request_bridge_loan,"{""amount"": 10100.0, ""days"": 30, ""months"": 3}",both,as
RC002169,AL00748,ENT0196,3,demand_trough,stagger_batch,"{""amount"": 10100.0, ""days"": 30, ""months"": 3}",merchant,as
RC002170,AL00749,ENT0196,1,receivable_stretch,collect_udhaar,"{""amount"": 28600.0, ""days"": 30, ""months"": 3}",merchant,as
RC002171,AL00749,ENT0196,2,working_capital_erosion,request_bridge_loan,"{""amount"": 28600.0, ""days"": 30, ""months"": 3}",both,as
RC002172,AL00749,ENT0196,3,demand_trough,stagger_batch,"{""amount"": 28600.0, ""days"": 30, ""months"": 3}",merchant,as
RC002173,AL00750,ENT0196,1,receivable_stretch,collect_udhaar,"{""amount"": 18400.0, ""days"": 30, ""months"": 3}",merchant,as
RC002174,AL00750,ENT0196,2,demand_trough,stagger_batch,"{""amount"": 18400.0, ""days"": 30, ""months"": 3}",merchant,as
RC002175,AL00750,ENT0196,3,margin_squeeze,prebook_input,"{""amount"": 18400.0, ""days"": 30, ""months"": 3}",merchant,as
RC002176,AL00751,ENT0196,1,receivable_stretch,collect_udhaar,"{""amount"": 49600.0, ""days"": 30, ""months"": 3}",merchant,as
RC002177,AL00751,ENT0196,2,climate_shock,prebook_input,"{""amount"": 49600.0, ""days"": 30, ""months"": 3}",merchant,as
RC002178,AL00751,ENT0196,3,demand_trough,stagger_batch,"{""amount"": 49600.0, ""days"": 30, ""months"": 3}",merchant,as
RC002179,AL00752,ENT0197,1,margin_squeeze,prebook_input,"{""amount"": 6400.0, ""days"": 30, ""months"": 3}",merchant,gu
RC002180,AL00752,ENT0197,2,receivable_stretch,collect_udhaar,"{""amount"": 6400.0, ""days"": 30, ""months"": 3}",merchant,gu
RC002181,AL00752,ENT0197,3,climate_shock,prebook_input,"{""amount"": 6400.0, ""days"": 30, ""months"": 3}",merchant,gu
RC002182,AL00753,ENT0197,1,margin_squeeze,prebook_input,"{""amount"": 13200.0, ""days"": 30, ""months"": 3}",merchant,gu
RC002183,AL00753,ENT0197,2,receivable_stretch,collect_udhaar,"{""amount"": 13200.0, ""days"": 30, ""months"": 3}",merchant,gu
RC002184,AL00753,ENT0197,3,demand_trough,stagger_batch,"{""amount"": 13200.0, ""days"": 30, ""months"": 3}",merchant,gu
RC002185,AL00754,ENT0198,1,receivable_stretch,collect_udhaar,"{""amount"": 166400.0, ""days"": 30, ""months"": 3}",merchant,gu
RC002186,AL00754,ENT0198,2,demand_trough,stagger_batch,"{""amount"": 166400.0, ""days"": 30, ""months"": 3}",merchant,gu
RC002187,AL00754,ENT0198,3,climate_shock,prebook_input,"{""amount"": 166400.0, ""days"": 30, ""months"": 3}",merchant,gu
RC002188,AL00755,ENT0198,1,margin_squeeze,prebook_input,"{""amount"": 134000.0, ""days"": 30, ""months"": 3}",merchant,gu
RC002189,AL00755,ENT0198,2,working_capital_erosion,request_bridge_loan,"{""amount"": 134000.0, ""days"": 30, ""months"": 3}",both,gu
RC002190,AL00755,ENT0198,3,receivable_stretch,collect_udhaar,"{""amount"": 134000.0, ""days"": 30, ""months"": 3}",merchant,gu
RC002191,AL00756,ENT0198,1,margin_squeeze,prebook_input,"{""amount"": 46100.0, ""days"": 30, ""months"": 3}",merchant,gu
RC002192,AL00756,ENT0198,2,working_capital_erosion,request_bridge_loan,"{""amount"": 46100.0, ""days"": 30, ""months"": 3}",both,gu
RC002193,AL00756,ENT0198,3,debt_overhang,restructure_emi,"{""amount"": 46100.0, ""days"": 30, ""months"": 3}",both,gu
RC002194,AL00757,ENT0198,1,margin_squeeze,prebook_input,"{""amount"": 12000.0, ""days"": 30, ""months"": 3}",merchant,gu
RC002195,AL00757,ENT0198,2,working_capital_erosion,request_bridge_loan,"{""amount"": 12000.0, ""days"": 30, ""months"": 3}",both,gu
RC002196,AL00757,ENT0198,3,climate_shock,prebook_input,"{""amount"": 12000.0, ""days"": 30, ""months"": 3}",merchant,gu
RC002197,AL00758,ENT0198,1,working_capital_erosion,request_bridge_loan,"{""amount"": 10600.0, ""days"": 30, ""months"": 3}",both,gu
RC002198,AL00758,ENT0198,2,debt_overhang,restructure_emi,"{""amount"": 10600.0, ""days"": 30, ""months"": 3}",both,gu
RC002199,AL00758,ENT0198,3,receivable_stretch,collect_udhaar,"{""amount"": 10600.0, ""days"": 30, ""months"": 3}",merchant,gu
RC002200,AL00759,ENT0198,1,working_capital_erosion,request_bridge_loan,"{""amount"": 76100.0, ""days"": 30, ""months"": 3}",both,gu
RC002201,AL00759,ENT0198,2,debt_overhang,restructure_emi,"{""amount"": 76100.0, ""days"": 30, ""months"": 3}",both,gu
RC002202,AL00759,ENT0198,3,demand_trough,stagger_batch,"{""amount"": 76100.0, ""days"": 30, ""months"": 3}",merchant,gu
RC002203,AL00760,ENT0198,1,demand_trough,stagger_batch,"{""amount"": 111700.0, ""days"": 30, ""months"": 3}",merchant,gu
RC002204,AL00760,ENT0198,2,working_capital_erosion,request_bridge_loan,"{""amount"": 111700.0, ""days"": 30, ""months"": 3}",both,gu
RC002205,AL00760,ENT0198,3,margin_squeeze,prebook_input,"{""amount"": 111700.0, ""days"": 30, ""months"": 3}",merchant,gu
RC002206,AL00761,ENT0198,1,working_capital_erosion,request_bridge_loan,"{""amount"": 88600.0, ""days"": 30, ""months"": 3}",both,gu
RC002207,AL00761,ENT0198,2,debt_overhang,restructure_emi,"{""amount"": 88600.0, ""days"": 30, ""months"": 3}",both,gu
RC002208,AL00761,ENT0198,3,margin_squeeze,prebook_input,"{""amount"": 88600.0, ""days"": 30, ""months"": 3}",merchant,gu
RC002209,AL00762,ENT0198,1,working_capital_erosion,request_bridge_loan,"{""amount"": 8800.0, ""days"": 30, ""months"": 3}",both,gu
RC002210,AL00762,ENT0198,2,margin_squeeze,prebook_input,"{""amount"": 8800.0, ""days"": 30, ""months"": 3}",merchant,gu
RC002211,AL00762,ENT0198,3,receivable_stretch,collect_udhaar,"{""amount"": 8800.0, ""days"": 30, ""months"": 3}",merchant,gu
RC002212,AL00763,ENT0198,1,working_capital_erosion,request_bridge_loan,"{""amount"": 2000.0, ""days"": 30, ""months"": 3}",both,gu
RC002213,AL00763,ENT0198,2,receivable_stretch,collect_udhaar,"{""amount"": 2000.0, ""days"": 30, ""months"": 3}",merchant,gu
RC002214,AL00763,ENT0198,3,debt_overhang,restructure_emi,"{""amount"": 2000.0, ""days"": 30, ""months"": 3}",both,gu
RC002215,AL00764,ENT0198,1,working_capital_erosion,request_bridge_loan,"{""amount"": 77800.0, ""days"": 30, ""months"": 3}",both,gu
RC002216,AL00764,ENT0198,2,demand_trough,stagger_batch,"{""amount"": 77800.0, ""days"": 30, ""months"": 3}",merchant,gu
RC002217,AL00764,ENT0198,3,receivable_stretch,collect_udhaar,"{""amount"": 77800.0, ""days"": 30, ""months"": 3}",merchant,gu
RC002218,AL00765,ENT0198,1,working_capital_erosion,request_bridge_loan,"{""amount"": 163000.0, ""days"": 30, ""months"": 3}",both,gu
RC002219,AL00765,ENT0198,2,receivable_stretch,collect_udhaar,"{""amount"": 163000.0, ""days"": 30, ""months"": 3}",merchant,gu
RC002220,AL00765,ENT0198,3,demand_trough,stagger_batch,"{""amount"": 163000.0, ""days"": 30, ""months"": 3}",merchant,gu
RC002221,AL00766,ENT0198,1,margin_squeeze,prebook_input,"{""amount"": 85100.0, ""days"": 30, ""months"": 3}",merchant,gu
RC002222,AL00766,ENT0198,2,working_capital_erosion,request_bridge_loan,"{""amount"": 85100.0, ""days"": 30, ""months"": 3}",both,gu
RC002223,AL00766,ENT0198,3,receivable_stretch,collect_udhaar,"{""amount"": 85100.0, ""days"": 30, ""months"": 3}",merchant,gu
RC002224,AL00767,ENT0198,1,margin_squeeze,prebook_input,"{""amount"": 49300.0, ""days"": 30, ""months"": 3}",merchant,gu
RC002225,AL00767,ENT0198,2,working_capital_erosion,request_bridge_loan,"{""amount"": 49300.0, ""days"": 30, ""months"": 3}",both,gu
RC002226,AL00767,ENT0198,3,debt_overhang,restructure_emi,"{""amount"": 49300.0, ""days"": 30, ""months"": 3}",both,gu
RC002227,AL00768,ENT0199,1,receivable_stretch,collect_udhaar,"{""amount"": 77600.0, ""days"": 30, ""months"": 3}",merchant,gu
RC002228,AL00768,ENT0199,2,demand_trough,stagger_batch,"{""amount"": 77600.0, ""days"": 30, ""months"": 3}",merchant,gu
RC002229,AL00768,ENT0199,3,climate_shock,prebook_input,"{""amount"": 77600.0, ""days"": 30, ""months"": 3}",merchant,gu
RC002230,AL00769,ENT0199,1,margin_squeeze,prebook_input,"{""amount"": 71800.0, ""days"": 30, ""months"": 3}",merchant,gu
RC002231,AL00769,ENT0199,2,receivable_stretch,collect_udhaar,"{""amount"": 71800.0, ""days"": 30, ""months"": 3}",merchant,gu
RC002232,AL00769,ENT0199,3,climate_shock,prebook_input,"{""amount"": 71800.0, ""days"": 30, ""months"": 3}",merchant,gu
RC002233,AL00770,ENT0199,1,margin_squeeze,prebook_input,"{""amount"": 17100.0, ""days"": 30, ""months"": 3}",merchant,gu
RC002234,AL00770,ENT0199,2,working_capital_erosion,request_bridge_loan,"{""amount"": 17100.0, ""days"": 30, ""months"": 3}",both,gu
RC002235,AL00770,ENT0199,3,receivable_stretch,collect_udhaar,"{""amount"": 17100.0, ""days"": 30, ""months"": 3}",merchant,gu
RC002236,AL00771,ENT0199,1,margin_squeeze,prebook_input,"{""amount"": 7000.0, ""days"": 30, ""months"": 3}",merchant,gu
RC002237,AL00771,ENT0199,2,working_capital_erosion,request_bridge_loan,"{""amount"": 7000.0, ""days"": 30, ""months"": 3}",both,gu
RC002238,AL00771,ENT0199,3,climate_shock,prebook_input,"{""amount"": 7000.0, ""days"": 30, ""months"": 3}",merchant,gu
RC002239,AL00772,ENT0199,1,demand_trough,stagger_batch,"{""amount"": 82500.0, ""days"": 30, ""months"": 3}",merchant,gu
RC002240,AL00773,ENT0199,1,climate_shock,prebook_input,"{""amount"": 83600.0, ""days"": 30, ""months"": 3}",merchant,gu
RC002241,AL00773,ENT0199,2,working_capital_erosion,request_bridge_loan,"{""amount"": 83600.0, ""days"": 30, ""months"": 3}",both,gu
RC002242,AL00773,ENT0199,3,receivable_stretch,collect_udhaar,"{""amount"": 83600.0, ""days"": 30, ""months"": 3}",merchant,gu
RC002243,AL00774,ENT0199,1,margin_squeeze,prebook_input,"{""amount"": 13000.0, ""days"": 30, ""months"": 3}",merchant,gu
RC002244,AL00774,ENT0199,2,working_capital_erosion,request_bridge_loan,"{""amount"": 13000.0, ""days"": 30, ""months"": 3}",both,gu
RC002245,AL00774,ENT0199,3,receivable_stretch,collect_udhaar,"{""amount"": 13000.0, ""days"": 30, ""months"": 3}",merchant,gu
RC002246,AL00775,ENT0199,1,working_capital_erosion,request_bridge_loan,"{""amount"": 2000.0, ""days"": 30, ""months"": 3}",both,gu
RC002247,AL00775,ENT0199,2,receivable_stretch,collect_udhaar,"{""amount"": 2000.0, ""days"": 30, ""months"": 3}",merchant,gu
RC002248,AL00775,ENT0199,3,margin_squeeze,prebook_input,"{""amount"": 2000.0, ""days"": 30, ""months"": 3}",merchant,gu
RC002249,AL00776,ENT0199,1,demand_trough,stagger_batch,"{""amount"": 125300.0, ""days"": 30, ""months"": 3}",merchant,gu
RC002250,AL00776,ENT0199,2,working_capital_erosion,request_bridge_loan,"{""amount"": 125300.0, ""days"": 30, ""months"": 3}",both,gu
RC002251,AL00777,ENT0199,1,margin_squeeze,prebook_input,"{""amount"": 46400.0, ""days"": 30, ""months"": 3}",merchant,gu
RC002252,AL00777,ENT0199,2,working_capital_erosion,request_bridge_loan,"{""amount"": 46400.0, ""days"": 30, ""months"": 3}",both,gu
RC002253,AL00777,ENT0199,3,demand_trough,stagger_batch,"{""amount"": 46400.0, ""days"": 30, ""months"": 3}",merchant,gu
RC002254,AL00778,ENT0200,1,debt_overhang,restructure_emi,"{""amount"": 17300.0, ""days"": 30, ""months"": 3}",both,or
RC002255,AL00778,ENT0200,2,working_capital_erosion,request_bridge_loan,"{""amount"": 17300.0, ""days"": 30, ""months"": 3}",both,or
RC002256,AL00778,ENT0200,3,receivable_stretch,collect_udhaar,"{""amount"": 17300.0, ""days"": 30, ""months"": 3}",merchant,or
RC002257,AL00779,ENT0200,1,working_capital_erosion,request_bridge_loan,"{""amount"": 25000.0, ""days"": 30, ""months"": 3}",both,or
RC002258,AL00779,ENT0200,2,debt_overhang,restructure_emi,"{""amount"": 25000.0, ""days"": 30, ""months"": 3}",both,or
RC002259,AL00779,ENT0200,3,receivable_stretch,collect_udhaar,"{""amount"": 25000.0, ""days"": 30, ""months"": 3}",merchant,or
RC002260,AL00780,ENT0200,1,receivable_stretch,collect_udhaar,"{""amount"": 36500.0, ""days"": 30, ""months"": 3}",merchant,or
RC002261,AL00780,ENT0200,2,working_capital_erosion,request_bridge_loan,"{""amount"": 36500.0, ""days"": 30, ""months"": 3}",both,or
RC002262,AL00780,ENT0200,3,debt_overhang,restructure_emi,"{""amount"": 36500.0, ""days"": 30, ""months"": 3}",both,or
RC002263,AL00781,ENT0200,1,climate_shock,prebook_input,"{""amount"": 49100.0, ""days"": 30, ""months"": 3}",merchant,or
RC002264,AL00781,ENT0200,2,receivable_stretch,collect_udhaar,"{""amount"": 49100.0, ""days"": 30, ""months"": 3}",merchant,or
RC002265,AL00781,ENT0200,3,demand_trough,stagger_batch,"{""amount"": 49100.0, ""days"": 30, ""months"": 3}",merchant,or
RC002266,AL00782,ENT0201,1,margin_squeeze,prebook_input,"{""amount"": 2000.0, ""days"": 30, ""months"": 3}",merchant,or
RC002267,AL00782,ENT0201,2,receivable_stretch,collect_udhaar,"{""amount"": 2000.0, ""days"": 30, ""months"": 3}",merchant,or
RC002268,AL00782,ENT0201,3,demand_trough,stagger_batch,"{""amount"": 2000.0, ""days"": 30, ""months"": 3}",merchant,or
RC002269,AL00783,ENT0202,1,margin_squeeze,prebook_input,"{""amount"": 114800.0, ""days"": 30, ""months"": 3}",merchant,te
RC002270,AL00783,ENT0202,2,working_capital_erosion,request_bridge_loan,"{""amount"": 114800.0, ""days"": 30, ""months"": 3}",both,te
RC002271,AL00783,ENT0202,3,receivable_stretch,collect_udhaar,"{""amount"": 114800.0, ""days"": 30, ""months"": 3}",merchant,te
RC002272,AL00784,ENT0202,1,margin_squeeze,prebook_input,"{""amount"": 161800.0, ""days"": 30, ""months"": 3}",merchant,te
RC002273,AL00784,ENT0202,2,working_capital_erosion,request_bridge_loan,"{""amount"": 161800.0, ""days"": 30, ""months"": 3}",both,te
RC002274,AL00785,ENT0202,1,climate_shock,prebook_input,"{""amount"": 106800.0, ""days"": 30, ""months"": 3}",merchant,te
RC002275,AL00785,ENT0202,2,demand_trough,stagger_batch,"{""amount"": 106800.0, ""days"": 30, ""months"": 3}",merchant,te
RC002276,AL00785,ENT0202,3,margin_squeeze,prebook_input,"{""amount"": 106800.0, ""days"": 30, ""months"": 3}",merchant,te
RC002277,AL00786,ENT0202,1,margin_squeeze,prebook_input,"{""amount"": 126300.0, ""days"": 30, ""months"": 3}",merchant,te
RC002278,AL00786,ENT0202,2,demand_trough,stagger_batch,"{""amount"": 126300.0, ""days"": 30, ""months"": 3}",merchant,te
RC002279,AL00787,ENT0202,1,margin_squeeze,prebook_input,"{""amount"": 64600.0, ""days"": 30, ""months"": 3}",merchant,te
RC002280,AL00787,ENT0202,2,working_capital_erosion,request_bridge_loan,"{""amount"": 64600.0, ""days"": 30, ""months"": 3}",both,te
RC002281,AL00787,ENT0202,3,receivable_stretch,collect_udhaar,"{""amount"": 64600.0, ""days"": 30, ""months"": 3}",merchant,te
RC002282,AL00788,ENT0202,1,margin_squeeze,prebook_input,"{""amount"": 122000.0, ""days"": 30, ""months"": 3}",merchant,te
RC002283,AL00788,ENT0202,2,demand_trough,stagger_batch,"{""amount"": 122000.0, ""days"": 30, ""months"": 3}",merchant,te
RC002284,AL00788,ENT0202,3,working_capital_erosion,request_bridge_loan,"{""amount"": 122000.0, ""days"": 30, ""months"": 3}",both,te
RC002285,AL00789,ENT0203,1,debt_overhang,restructure_emi,"{""amount"": 83200.0, ""days"": 30, ""months"": 3}",both,or
RC002286,AL00789,ENT0203,2,working_capital_erosion,request_bridge_loan,"{""amount"": 83200.0, ""days"": 30, ""months"": 3}",both,or
RC002287,AL00790,ENT0203,1,margin_squeeze,prebook_input,"{""amount"": 155500.0, ""days"": 30, ""months"": 3}",merchant,or
RC002288,AL00790,ENT0203,2,demand_trough,stagger_batch,"{""amount"": 155500.0, ""days"": 30, ""months"": 3}",merchant,or
RC002289,AL00790,ENT0203,3,working_capital_erosion,request_bridge_loan,"{""amount"": 155500.0, ""days"": 30, ""months"": 3}",both,or
RC002290,AL00791,ENT0203,1,margin_squeeze,prebook_input,"{""amount"": 81500.0, ""days"": 30, ""months"": 3}",merchant,or
RC002291,AL00791,ENT0203,2,working_capital_erosion,request_bridge_loan,"{""amount"": 81500.0, ""days"": 30, ""months"": 3}",both,or
RC002292,AL00791,ENT0203,3,debt_overhang,restructure_emi,"{""amount"": 81500.0, ""days"": 30, ""months"": 3}",both,or
RC002293,AL00792,ENT0203,1,working_capital_erosion,request_bridge_loan,"{""amount"": 130500.0, ""days"": 30, ""months"": 3}",both,or
RC002294,AL00792,ENT0203,2,debt_overhang,restructure_emi,"{""amount"": 130500.0, ""days"": 30, ""months"": 3}",both,or
RC002295,AL00793,ENT0203,1,working_capital_erosion,request_bridge_loan,"{""amount"": 142600.0, ""days"": 30, ""months"": 3}",both,or
RC002296,AL00793,ENT0203,2,debt_overhang,restructure_emi,"{""amount"": 142600.0, ""days"": 30, ""months"": 3}",both,or
RC002297,AL00793,ENT0203,3,demand_trough,stagger_batch,"{""amount"": 142600.0, ""days"": 30, ""months"": 3}",merchant,or
RC002298,AL00794,ENT0203,1,working_capital_erosion,request_bridge_loan,"{""amount"": 224200.0, ""days"": 30, ""months"": 3}",both,or
RC002299,AL00794,ENT0203,2,debt_overhang,restructure_emi,"{""amount"": 224200.0, ""days"": 30, ""months"": 3}",both,or
RC002300,AL00795,ENT0203,1,margin_squeeze,prebook_input,"{""amount"": 198900.0, ""days"": 30, ""months"": 3}",merchant,or
RC002301,AL00795,ENT0203,2,working_capital_erosion,request_bridge_loan,"{""amount"": 198900.0, ""days"": 30, ""months"": 3}",both,or
RC002302,AL00795,ENT0203,3,demand_trough,stagger_batch,"{""amount"": 198900.0, ""days"": 30, ""months"": 3}",merchant,or
RC002303,AL00796,ENT0203,1,debt_overhang,restructure_emi,"{""amount"": 85800.0, ""days"": 30, ""months"": 3}",both,or
RC002304,AL00796,ENT0203,2,margin_squeeze,prebook_input,"{""amount"": 85800.0, ""days"": 30, ""months"": 3}",merchant,or
RC002305,AL00796,ENT0203,3,working_capital_erosion,request_bridge_loan,"{""amount"": 85800.0, ""days"": 30, ""months"": 3}",both,or
RC002306,AL00797,ENT0203,1,margin_squeeze,prebook_input,"{""amount"": 75400.0, ""days"": 30, ""months"": 3}",merchant,or
RC002307,AL00797,ENT0203,2,debt_overhang,restructure_emi,"{""amount"": 75400.0, ""days"": 30, ""months"": 3}",both,or
RC002308,AL00797,ENT0203,3,working_capital_erosion,request_bridge_loan,"{""amount"": 75400.0, ""days"": 30, ""months"": 3}",both,or
RC002309,AL00798,ENT0203,1,debt_overhang,restructure_emi,"{""amount"": 39400.0, ""days"": 30, ""months"": 3}",both,or
RC002310,AL00798,ENT0203,2,working_capital_erosion,request_bridge_loan,"{""amount"": 39400.0, ""days"": 30, ""months"": 3}",both,or
RC002311,AL00798,ENT0203,3,margin_squeeze,prebook_input,"{""amount"": 39400.0, ""days"": 30, ""months"": 3}",merchant,or
RC002312,AL00799,ENT0203,1,working_capital_erosion,request_bridge_loan,"{""amount"": 124700.0, ""days"": 30, ""months"": 3}",both,or
RC002313,AL00799,ENT0203,2,debt_overhang,restructure_emi,"{""amount"": 124700.0, ""days"": 30, ""months"": 3}",both,or
RC002314,AL00800,ENT0203,1,working_capital_erosion,request_bridge_loan,"{""amount"": 85800.0, ""days"": 30, ""months"": 3}",both,or
RC002315,AL00800,ENT0203,2,climate_shock,prebook_input,"{""amount"": 85800.0, ""days"": 30, ""months"": 3}",merchant,or
RC002316,AL00800,ENT0203,3,debt_overhang,restructure_emi,"{""amount"": 85800.0, ""days"": 30, ""months"": 3}",both,or
RC002317,AL00801,ENT0203,1,margin_squeeze,prebook_input,"{""amount"": 185900.0, ""days"": 30, ""months"": 3}",merchant,or
RC002318,AL00801,ENT0203,2,working_capital_erosion,request_bridge_loan,"{""amount"": 185900.0, ""days"": 30, ""months"": 3}",both,or
RC002319,AL00801,ENT0203,3,demand_trough,stagger_batch,"{""amount"": 185900.0, ""days"": 30, ""months"": 3}",merchant,or
RC002320,AL00802,ENT0204,1,margin_squeeze,prebook_input,"{""amount"": 60800.0, ""days"": 30, ""months"": 3}",merchant,or
RC002321,AL00802,ENT0204,2,receivable_stretch,collect_udhaar,"{""amount"": 60800.0, ""days"": 30, ""months"": 3}",merchant,or
RC002322,AL00802,ENT0204,3,demand_trough,stagger_batch,"{""amount"": 60800.0, ""days"": 30, ""months"": 3}",merchant,or
RC002323,AL00803,ENT0205,1,demand_trough,stagger_batch,"{""amount"": 260400.0, ""days"": 30, ""months"": 3}",merchant,gu
RC002324,AL00803,ENT0205,2,margin_squeeze,prebook_input,"{""amount"": 260400.0, ""days"": 30, ""months"": 3}",merchant,gu
RC002325,AL00803,ENT0205,3,climate_shock,prebook_input,"{""amount"": 260400.0, ""days"": 30, ""months"": 3}",merchant,gu
RC002326,AL00804,ENT0205,1,margin_squeeze,prebook_input,"{""amount"": 168000.0, ""days"": 30, ""months"": 3}",merchant,gu
RC002327,AL00804,ENT0205,2,working_capital_erosion,request_bridge_loan,"{""amount"": 168000.0, ""days"": 30, ""months"": 3}",both,gu
RC002328,AL00804,ENT0205,3,receivable_stretch,collect_udhaar,"{""amount"": 168000.0, ""days"": 30, ""months"": 3}",merchant,gu
RC002329,AL00805,ENT0205,1,margin_squeeze,prebook_input,"{""amount"": 60700.0, ""days"": 30, ""months"": 3}",merchant,gu
RC002330,AL00805,ENT0205,2,working_capital_erosion,request_bridge_loan,"{""amount"": 60700.0, ""days"": 30, ""months"": 3}",both,gu
RC002331,AL00806,ENT0205,1,margin_squeeze,prebook_input,"{""amount"": 61500.0, ""days"": 30, ""months"": 3}",merchant,gu
RC002332,AL00806,ENT0205,2,working_capital_erosion,request_bridge_loan,"{""amount"": 61500.0, ""days"": 30, ""months"": 3}",both,gu
RC002333,AL00806,ENT0205,3,receivable_stretch,collect_udhaar,"{""amount"": 61500.0, ""days"": 30, ""months"": 3}",merchant,gu
RC002334,AL00807,ENT0205,1,climate_shock,prebook_input,"{""amount"": 190900.0, ""days"": 30, ""months"": 3}",merchant,gu
RC002335,AL00807,ENT0205,2,margin_squeeze,prebook_input,"{""amount"": 190900.0, ""days"": 30, ""months"": 3}",merchant,gu
RC002336,AL00807,ENT0205,3,working_capital_erosion,request_bridge_loan,"{""amount"": 190900.0, ""days"": 30, ""months"": 3}",both,gu
RC002337,AL00808,ENT0205,1,margin_squeeze,prebook_input,"{""amount"": 49800.0, ""days"": 30, ""months"": 3}",merchant,gu
RC002338,AL00808,ENT0205,2,working_capital_erosion,request_bridge_loan,"{""amount"": 49800.0, ""days"": 30, ""months"": 3}",both,gu
RC002339,AL00808,ENT0205,3,receivable_stretch,collect_udhaar,"{""amount"": 49800.0, ""days"": 30, ""months"": 3}",merchant,gu
RC002340,AL00809,ENT0206,1,demand_trough,stagger_batch,"{""amount"": 130200.0, ""days"": 30, ""months"": 3}",merchant,gu
RC002341,AL00809,ENT0206,2,climate_shock,prebook_input,"{""amount"": 130200.0, ""days"": 30, ""months"": 3}",merchant,gu
RC002342,AL00810,ENT0206,1,margin_squeeze,prebook_input,"{""amount"": 71900.0, ""days"": 30, ""months"": 3}",merchant,gu
RC002343,AL00810,ENT0206,2,climate_shock,prebook_input,"{""amount"": 71900.0, ""days"": 30, ""months"": 3}",merchant,gu
RC002344,AL00810,ENT0206,3,working_capital_erosion,request_bridge_loan,"{""amount"": 71900.0, ""days"": 30, ""months"": 3}",both,gu
RC002345,AL00811,ENT0206,1,margin_squeeze,prebook_input,"{""amount"": 29800.0, ""days"": 30, ""months"": 3}",merchant,gu
RC002346,AL00811,ENT0206,2,working_capital_erosion,request_bridge_loan,"{""amount"": 29800.0, ""days"": 30, ""months"": 3}",both,gu
RC002347,AL00811,ENT0206,3,debt_overhang,restructure_emi,"{""amount"": 29800.0, ""days"": 30, ""months"": 3}",both,gu
RC002348,AL00812,ENT0206,1,margin_squeeze,prebook_input,"{""amount"": 8500.0, ""days"": 30, ""months"": 3}",merchant,gu
RC002349,AL00812,ENT0206,2,working_capital_erosion,request_bridge_loan,"{""amount"": 8500.0, ""days"": 30, ""months"": 3}",both,gu
RC002350,AL00812,ENT0206,3,climate_shock,prebook_input,"{""amount"": 8500.0, ""days"": 30, ""months"": 3}",merchant,gu
RC002351,AL00813,ENT0206,1,demand_trough,stagger_batch,"{""amount"": 110200.0, ""days"": 30, ""months"": 3}",merchant,gu
RC002352,AL00814,ENT0206,1,climate_shock,prebook_input,"{""amount"": 79600.0, ""days"": 30, ""months"": 3}",merchant,gu
RC002353,AL00814,ENT0206,2,working_capital_erosion,request_bridge_loan,"{""amount"": 79600.0, ""days"": 30, ""months"": 3}",both,gu
RC002354,AL00814,ENT0206,3,margin_squeeze,prebook_input,"{""amount"": 79600.0, ""days"": 30, ""months"": 3}",merchant,gu
RC002355,AL00815,ENT0206,1,margin_squeeze,prebook_input,"{""amount"": 13500.0, ""days"": 30, ""months"": 3}",merchant,gu
RC002356,AL00815,ENT0206,2,working_capital_erosion,request_bridge_loan,"{""amount"": 13500.0, ""days"": 30, ""months"": 3}",both,gu
RC002357,AL00815,ENT0206,3,receivable_stretch,collect_udhaar,"{""amount"": 13500.0, ""days"": 30, ""months"": 3}",merchant,gu
RC002358,AL00816,ENT0206,1,demand_trough,stagger_batch,"{""amount"": 83800.0, ""days"": 30, ""months"": 3}",merchant,gu
RC002359,AL00816,ENT0206,2,working_capital_erosion,request_bridge_loan,"{""amount"": 83800.0, ""days"": 30, ""months"": 3}",both,gu
RC002360,AL00816,ENT0206,3,receivable_stretch,collect_udhaar,"{""amount"": 83800.0, ""days"": 30, ""months"": 3}",merchant,gu
RC002361,AL00817,ENT0206,1,climate_shock,prebook_input,"{""amount"": 94700.0, ""days"": 30, ""months"": 3}",merchant,gu
RC002362,AL00817,ENT0206,2,working_capital_erosion,request_bridge_loan,"{""amount"": 94700.0, ""days"": 30, ""months"": 3}",both,gu
RC002363,AL00817,ENT0206,3,margin_squeeze,prebook_input,"{""amount"": 94700.0, ""days"": 30, ""months"": 3}",merchant,gu
RC002364,AL00818,ENT0206,1,margin_squeeze,prebook_input,"{""amount"": 20500.0, ""days"": 30, ""months"": 3}",merchant,gu
RC002365,AL00818,ENT0206,2,working_capital_erosion,request_bridge_loan,"{""amount"": 20500.0, ""days"": 30, ""months"": 3}",both,gu
RC002366,AL00818,ENT0206,3,receivable_stretch,collect_udhaar,"{""amount"": 20500.0, ""days"": 30, ""months"": 3}",merchant,gu
RC002367,AL00819,ENT0207,1,demand_trough,stagger_batch,"{""amount"": 8900.0, ""days"": 30, ""months"": 3}",merchant,or
RC002368,AL00819,ENT0207,2,climate_shock,prebook_input,"{""amount"": 8900.0, ""days"": 30, ""months"": 3}",merchant,or
RC002369,AL00819,ENT0207,3,working_capital_erosion,request_bridge_loan,"{""amount"": 8900.0, ""days"": 30, ""months"": 3}",both,or
RC002370,AL00820,ENT0208,1,margin_squeeze,prebook_input,"{""amount"": 2000.0, ""days"": 30, ""months"": 3}",merchant,hi
RC002371,AL00820,ENT0208,2,receivable_stretch,collect_udhaar,"{""amount"": 2000.0, ""days"": 30, ""months"": 3}",merchant,hi
RC002372,AL00820,ENT0208,3,debt_overhang,restructure_emi,"{""amount"": 2000.0, ""days"": 30, ""months"": 3}",both,hi
RC002373,AL00821,ENT0209,1,margin_squeeze,prebook_input,"{""amount"": 117200.0, ""days"": 30, ""months"": 3}",merchant,mr
RC002374,AL00821,ENT0209,2,demand_trough,stagger_batch,"{""amount"": 117200.0, ""days"": 30, ""months"": 3}",merchant,mr
RC002375,AL00821,ENT0209,3,climate_shock,prebook_input,"{""amount"": 117200.0, ""days"": 30, ""months"": 3}",merchant,mr
RC002376,AL00822,ENT0209,1,climate_shock,prebook_input,"{""amount"": 108500.0, ""days"": 30, ""months"": 3}",merchant,mr
RC002377,AL00822,ENT0209,2,demand_trough,stagger_batch,"{""amount"": 108500.0, ""days"": 30, ""months"": 3}",merchant,mr
RC002378,AL00822,ENT0209,3,working_capital_erosion,request_bridge_loan,"{""amount"": 108500.0, ""days"": 30, ""months"": 3}",both,mr
RC002379,AL00823,ENT0211,1,working_capital_erosion,request_bridge_loan,"{""amount"": 14200.0, ""days"": 30, ""months"": 3}",both,or
RC002380,AL00823,ENT0211,2,receivable_stretch,collect_udhaar,"{""amount"": 14200.0, ""days"": 30, ""months"": 3}",merchant,or
RC002381,AL00823,ENT0211,3,demand_trough,stagger_batch,"{""amount"": 14200.0, ""days"": 30, ""months"": 3}",merchant,or
RC002382,AL00824,ENT0212,1,demand_trough,stagger_batch,"{""amount"": 266500.0, ""days"": 30, ""months"": 3}",merchant,hi
RC002383,AL00824,ENT0212,2,climate_shock,prebook_input,"{""amount"": 266500.0, ""days"": 30, ""months"": 3}",merchant,hi
RC002384,AL00824,ENT0212,3,working_capital_erosion,request_bridge_loan,"{""amount"": 266500.0, ""days"": 30, ""months"": 3}",both,hi
RC002385,AL00825,ENT0213,1,receivable_stretch,collect_udhaar,"{""amount"": 43600.0, ""days"": 30, ""months"": 3}",merchant,hi
RC002386,AL00825,ENT0213,2,demand_trough,stagger_batch,"{""amount"": 43600.0, ""days"": 30, ""months"": 3}",merchant,hi
RC002387,AL00825,ENT0213,3,working_capital_erosion,request_bridge_loan,"{""amount"": 43600.0, ""days"": 30, ""months"": 3}",both,hi
RC002388,AL00826,ENT0213,1,receivable_stretch,collect_udhaar,"{""amount"": 33700.0, ""days"": 30, ""months"": 3}",merchant,hi
RC002389,AL00826,ENT0213,2,climate_shock,prebook_input,"{""amount"": 33700.0, ""days"": 30, ""months"": 3}",merchant,hi
RC002390,AL00826,ENT0213,3,demand_trough,stagger_batch,"{""amount"": 33700.0, ""days"": 30, ""months"": 3}",merchant,hi
RC002391,AL00827,ENT0213,1,receivable_stretch,collect_udhaar,"{""amount"": 29200.0, ""days"": 30, ""months"": 3}",merchant,hi
RC002392,AL00827,ENT0213,2,demand_trough,stagger_batch,"{""amount"": 29200.0, ""days"": 30, ""months"": 3}",merchant,hi
RC002393,AL00828,ENT0213,1,climate_shock,prebook_input,"{""amount"": 42300.0, ""days"": 30, ""months"": 3}",merchant,hi
RC002394,AL00828,ENT0213,2,receivable_stretch,collect_udhaar,"{""amount"": 42300.0, ""days"": 30, ""months"": 3}",merchant,hi
RC002395,AL00828,ENT0213,3,demand_trough,stagger_batch,"{""amount"": 42300.0, ""days"": 30, ""months"": 3}",merchant,hi
RC002396,AL00829,ENT0214,1,debt_overhang,restructure_emi,"{""amount"": 17900.0, ""days"": 30, ""months"": 3}",both,hi
RC002397,AL00829,ENT0214,2,working_capital_erosion,request_bridge_loan,"{""amount"": 17900.0, ""days"": 30, ""months"": 3}",both,hi
RC002398,AL00829,ENT0214,3,receivable_stretch,collect_udhaar,"{""amount"": 17900.0, ""days"": 30, ""months"": 3}",merchant,hi
RC002399,AL00830,ENT0215,1,margin_squeeze,prebook_input,"{""amount"": 2000.0, ""days"": 30, ""months"": 3}",merchant,gu
RC002400,AL00830,ENT0215,2,receivable_stretch,collect_udhaar,"{""amount"": 2000.0, ""days"": 30, ""months"": 3}",merchant,gu
RC002401,AL00830,ENT0215,3,climate_shock,prebook_input,"{""amount"": 2000.0, ""days"": 30, ""months"": 3}",merchant,gu
RC002402,AL00831,ENT0215,1,climate_shock,prebook_input,"{""amount"": 2600.0, ""days"": 30, ""months"": 3}",merchant,gu
RC002403,AL00831,ENT0215,2,receivable_stretch,collect_udhaar,"{""amount"": 2600.0, ""days"": 30, ""months"": 3}",merchant,gu
RC002404,AL00831,ENT0215,3,demand_trough,stagger_batch,"{""amount"": 2600.0, ""days"": 30, ""months"": 3}",merchant,gu
RC002405,AL00832,ENT0216,1,debt_overhang,restructure_emi,"{""amount"": 55200.0, ""days"": 30, ""months"": 3}",both,te
RC002406,AL00832,ENT0216,2,working_capital_erosion,request_bridge_loan,"{""amount"": 55200.0, ""days"": 30, ""months"": 3}",both,te
RC002407,AL00832,ENT0216,3,demand_trough,stagger_batch,"{""amount"": 55200.0, ""days"": 30, ""months"": 3}",merchant,te
RC002408,AL00833,ENT0216,1,working_capital_erosion,request_bridge_loan,"{""amount"": 23900.0, ""days"": 30, ""months"": 3}",both,te
RC002409,AL00833,ENT0216,2,demand_trough,stagger_batch,"{""amount"": 23900.0, ""days"": 30, ""months"": 3}",merchant,te
RC002410,AL00833,ENT0216,3,debt_overhang,restructure_emi,"{""amount"": 23900.0, ""days"": 30, ""months"": 3}",both,te
RC002411,AL00834,ENT0216,1,climate_shock,prebook_input,"{""amount"": 31800.0, ""days"": 30, ""months"": 3}",merchant,te
RC002412,AL00834,ENT0216,2,demand_trough,stagger_batch,"{""amount"": 31800.0, ""days"": 30, ""months"": 3}",merchant,te
RC002413,AL00834,ENT0216,3,working_capital_erosion,request_bridge_loan,"{""amount"": 31800.0, ""days"": 30, ""months"": 3}",both,te
RC002414,AL00835,ENT0217,1,working_capital_erosion,request_bridge_loan,"{""amount"": 154000.0, ""days"": 30, ""months"": 3}",both,mr
RC002415,AL00835,ENT0217,2,demand_trough,stagger_batch,"{""amount"": 154000.0, ""days"": 30, ""months"": 3}",merchant,mr
RC002416,AL00835,ENT0217,3,debt_overhang,restructure_emi,"{""amount"": 154000.0, ""days"": 30, ""months"": 3}",both,mr
RC002417,AL00836,ENT0218,1,climate_shock,prebook_input,"{""amount"": 6900.0, ""days"": 30, ""months"": 3}",merchant,gu
RC002418,AL00836,ENT0218,2,demand_trough,stagger_batch,"{""amount"": 6900.0, ""days"": 30, ""months"": 3}",merchant,gu
RC002419,AL00836,ENT0218,3,working_capital_erosion,request_bridge_loan,"{""amount"": 6900.0, ""days"": 30, ""months"": 3}",both,gu
RC002420,AL00837,ENT0219,1,climate_shock,prebook_input,"{""amount"": 100900.0, ""days"": 30, ""months"": 3}",merchant,gu
RC002421,AL00837,ENT0219,2,demand_trough,stagger_batch,"{""amount"": 100900.0, ""days"": 30, ""months"": 3}",merchant,gu
RC002422,AL00837,ENT0219,3,working_capital_erosion,request_bridge_loan,"{""amount"": 100900.0, ""days"": 30, ""months"": 3}",both,gu
RC002423,AL00838,ENT0221,1,working_capital_erosion,request_bridge_loan,"{""amount"": 87600.0, ""days"": 30, ""months"": 3}",both,as
RC002424,AL00838,ENT0221,2,demand_trough,stagger_batch,"{""amount"": 87600.0, ""days"": 30, ""months"": 3}",merchant,as
RC002425,AL00838,ENT0221,3,debt_overhang,restructure_emi,"{""amount"": 87600.0, ""days"": 30, ""months"": 3}",both,as
RC002426,AL00839,ENT0221,1,working_capital_erosion,request_bridge_loan,"{""amount"": 173700.0, ""days"": 30, ""months"": 3}",both,as
RC002427,AL00839,ENT0221,2,demand_trough,stagger_batch,"{""amount"": 173700.0, ""days"": 30, ""months"": 3}",merchant,as
RC002428,AL00839,ENT0221,3,debt_overhang,restructure_emi,"{""amount"": 173700.0, ""days"": 30, ""months"": 3}",both,as
RC002429,AL00840,ENT0222,1,working_capital_erosion,request_bridge_loan,"{""amount"": 30400.0, ""days"": 30, ""months"": 3}",both,te
RC002430,AL00840,ENT0222,2,debt_overhang,restructure_emi,"{""amount"": 30400.0, ""days"": 30, ""months"": 3}",both,te
RC002431,AL00840,ENT0222,3,receivable_stretch,collect_udhaar,"{""amount"": 30400.0, ""days"": 30, ""months"": 3}",merchant,te
RC002432,AL00841,ENT0222,1,demand_trough,stagger_batch,"{""amount"": 61400.0, ""days"": 30, ""months"": 3}",merchant,te
RC002433,AL00841,ENT0222,2,receivable_stretch,collect_udhaar,"{""amount"": 61400.0, ""days"": 30, ""months"": 3}",merchant,te
RC002434,AL00841,ENT0222,3,working_capital_erosion,request_bridge_loan,"{""amount"": 61400.0, ""days"": 30, ""months"": 3}",both,te
RC002435,AL00842,ENT0222,1,receivable_stretch,collect_udhaar,"{""amount"": 23900.0, ""days"": 30, ""months"": 3}",merchant,te
RC002436,AL00842,ENT0222,2,demand_trough,stagger_batch,"{""amount"": 23900.0, ""days"": 30, ""months"": 3}",merchant,te
RC002437,AL00842,ENT0222,3,climate_shock,prebook_input,"{""amount"": 23900.0, ""days"": 30, ""months"": 3}",merchant,te
RC002438,AL00843,ENT0222,1,receivable_stretch,collect_udhaar,"{""amount"": 51600.0, ""days"": 30, ""months"": 3}",merchant,te
RC002439,AL00843,ENT0222,2,climate_shock,prebook_input,"{""amount"": 51600.0, ""days"": 30, ""months"": 3}",merchant,te
RC002440,AL00843,ENT0222,3,demand_trough,stagger_batch,"{""amount"": 51600.0, ""days"": 30, ""months"": 3}",merchant,te
RC002441,AL00844,ENT0223,1,margin_squeeze,prebook_input,"{""amount"": 117500.0, ""days"": 30, ""months"": 3}",merchant,or
RC002442,AL00844,ENT0223,2,receivable_stretch,collect_udhaar,"{""amount"": 117500.0, ""days"": 30, ""months"": 3}",merchant,or
RC002443,AL00844,ENT0223,3,demand_trough,stagger_batch,"{""amount"": 117500.0, ""days"": 30, ""months"": 3}",merchant,or
RC002444,AL00845,ENT0223,1,margin_squeeze,prebook_input,"{""amount"": 58400.0, ""days"": 30, ""months"": 3}",merchant,or
RC002445,AL00845,ENT0223,2,working_capital_erosion,request_bridge_loan,"{""amount"": 58400.0, ""days"": 30, ""months"": 3}",both,or
RC002446,AL00845,ENT0223,3,receivable_stretch,collect_udhaar,"{""amount"": 58400.0, ""days"": 30, ""months"": 3}",merchant,or
RC002447,AL00846,ENT0223,1,margin_squeeze,prebook_input,"{""amount"": 12500.0, ""days"": 30, ""months"": 3}",merchant,or
RC002448,AL00846,ENT0223,2,working_capital_erosion,request_bridge_loan,"{""amount"": 12500.0, ""days"": 30, ""months"": 3}",both,or
RC002449,AL00846,ENT0223,3,debt_overhang,restructure_emi,"{""amount"": 12500.0, ""days"": 30, ""months"": 3}",both,or
RC002450,AL00847,ENT0223,1,working_capital_erosion,request_bridge_loan,"{""amount"": 13000.0, ""days"": 30, ""months"": 3}",both,or
RC002451,AL00847,ENT0223,2,receivable_stretch,collect_udhaar,"{""amount"": 13000.0, ""days"": 30, ""months"": 3}",merchant,or
RC002452,AL00847,ENT0223,3,debt_overhang,restructure_emi,"{""amount"": 13000.0, ""days"": 30, ""months"": 3}",both,or
RC002453,AL00848,ENT0223,1,demand_trough,stagger_batch,"{""amount"": 97100.0, ""days"": 30, ""months"": 3}",merchant,or
RC002454,AL00848,ENT0223,2,working_capital_erosion,request_bridge_loan,"{""amount"": 97100.0, ""days"": 30, ""months"": 3}",both,or
RC002455,AL00848,ENT0223,3,receivable_stretch,collect_udhaar,"{""amount"": 97100.0, ""days"": 30, ""months"": 3}",merchant,or
RC002456,AL00849,ENT0223,1,working_capital_erosion,request_bridge_loan,"{""amount"": 87100.0, ""days"": 30, ""months"": 3}",both,or
RC002457,AL00849,ENT0223,2,climate_shock,prebook_input,"{""amount"": 87100.0, ""days"": 30, ""months"": 3}",merchant,or
RC002458,AL00849,ENT0223,3,margin_squeeze,prebook_input,"{""amount"": 87100.0, ""days"": 30, ""months"": 3}",merchant,or
RC002459,AL00850,ENT0223,1,margin_squeeze,prebook_input,"{""amount"": 27500.0, ""days"": 30, ""months"": 3}",merchant,or
RC002460,AL00850,ENT0223,2,working_capital_erosion,request_bridge_loan,"{""amount"": 27500.0, ""days"": 30, ""months"": 3}",both,or
RC002461,AL00850,ENT0223,3,debt_overhang,restructure_emi,"{""amount"": 27500.0, ""days"": 30, ""months"": 3}",both,or
RC002462,AL00851,ENT0223,1,working_capital_erosion,request_bridge_loan,"{""amount"": 4700.0, ""days"": 30, ""months"": 3}",both,or
RC002463,AL00851,ENT0223,2,margin_squeeze,prebook_input,"{""amount"": 4700.0, ""days"": 30, ""months"": 3}",merchant,or
RC002464,AL00851,ENT0223,3,receivable_stretch,collect_udhaar,"{""amount"": 4700.0, ""days"": 30, ""months"": 3}",merchant,or
RC002465,AL00852,ENT0223,1,working_capital_erosion,request_bridge_loan,"{""amount"": 19100.0, ""days"": 30, ""months"": 3}",both,or
RC002466,AL00852,ENT0223,2,receivable_stretch,collect_udhaar,"{""amount"": 19100.0, ""days"": 30, ""months"": 3}",merchant,or
RC002467,AL00852,ENT0223,3,debt_overhang,restructure_emi,"{""amount"": 19100.0, ""days"": 30, ""months"": 3}",both,or
RC002468,AL00853,ENT0223,1,demand_trough,stagger_batch,"{""amount"": 125500.0, ""days"": 30, ""months"": 3}",merchant,or
RC002469,AL00853,ENT0223,2,debt_overhang,restructure_emi,"{""amount"": 125500.0, ""days"": 30, ""months"": 3}",both,or
RC002470,AL00853,ENT0223,3,working_capital_erosion,request_bridge_loan,"{""amount"": 125500.0, ""days"": 30, ""months"": 3}",both,or
RC002471,AL00854,ENT0223,1,working_capital_erosion,request_bridge_loan,"{""amount"": 77800.0, ""days"": 30, ""months"": 3}",both,or
RC002472,AL00854,ENT0223,2,climate_shock,prebook_input,"{""amount"": 77800.0, ""days"": 30, ""months"": 3}",merchant,or
RC002473,AL00854,ENT0223,3,margin_squeeze,prebook_input,"{""amount"": 77800.0, ""days"": 30, ""months"": 3}",merchant,or
RC002474,AL00855,ENT0223,1,margin_squeeze,prebook_input,"{""amount"": 24300.0, ""days"": 30, ""months"": 3}",merchant,or
RC002475,AL00855,ENT0223,2,working_capital_erosion,request_bridge_loan,"{""amount"": 24300.0, ""days"": 30, ""months"": 3}",both,or
RC002476,AL00855,ENT0223,3,debt_overhang,restructure_emi,"{""amount"": 24300.0, ""days"": 30, ""months"": 3}",both,or
RC002477,AL00856,ENT0224,1,margin_squeeze,prebook_input,"{""amount"": 28400.0, ""days"": 30, ""months"": 3}",merchant,or
RC002478,AL00856,ENT0224,2,receivable_stretch,collect_udhaar,"{""amount"": 28400.0, ""days"": 30, ""months"": 3}",merchant,or
RC002479,AL00856,ENT0224,3,demand_trough,stagger_batch,"{""amount"": 28400.0, ""days"": 30, ""months"": 3}",merchant,or
RC002480,AL00857,ENT0224,1,margin_squeeze,prebook_input,"{""amount"": 29200.0, ""days"": 30, ""months"": 3}",merchant,or
RC002481,AL00857,ENT0224,2,receivable_stretch,collect_udhaar,"{""amount"": 29200.0, ""days"": 30, ""months"": 3}",merchant,or
RC002482,AL00857,ENT0224,3,demand_trough,stagger_batch,"{""amount"": 29200.0, ""days"": 30, ""months"": 3}",merchant,or
RC002483,AL00858,ENT0225,1,margin_squeeze,prebook_input,"{""amount"": 8300.0, ""days"": 30, ""months"": 3}",merchant,as
RC002484,AL00858,ENT0225,2,receivable_stretch,collect_udhaar,"{""amount"": 8300.0, ""days"": 30, ""months"": 3}",merchant,as
RC002485,AL00858,ENT0225,3,demand_trough,stagger_batch,"{""amount"": 8300.0, ""days"": 30, ""months"": 3}",merchant,as
RC002486,AL00859,ENT0225,1,margin_squeeze,prebook_input,"{""amount"": 21400.0, ""days"": 30, ""months"": 3}",merchant,as
RC002487,AL00859,ENT0225,2,receivable_stretch,collect_udhaar,"{""amount"": 21400.0, ""days"": 30, ""months"": 3}",merchant,as
RC002488,AL00859,ENT0225,3,demand_trough,stagger_batch,"{""amount"": 21400.0, ""days"": 30, ""months"": 3}",merchant,as
RC002489,AL00860,ENT0226,1,working_capital_erosion,request_bridge_loan,"{""amount"": 12800.0, ""days"": 30, ""months"": 3}",both,hi
RC002490,AL00860,ENT0226,2,receivable_stretch,collect_udhaar,"{""amount"": 12800.0, ""days"": 30, ""months"": 3}",merchant,hi
RC002491,AL00860,ENT0226,3,demand_trough,stagger_batch,"{""amount"": 12800.0, ""days"": 30, ""months"": 3}",merchant,hi
RC002492,AL00861,ENT0226,1,working_capital_erosion,request_bridge_loan,"{""amount"": 24700.0, ""days"": 30, ""months"": 3}",both,hi
RC002493,AL00861,ENT0226,2,receivable_stretch,collect_udhaar,"{""amount"": 24700.0, ""days"": 30, ""months"": 3}",merchant,hi
RC002494,AL00861,ENT0226,3,demand_trough,stagger_batch,"{""amount"": 24700.0, ""days"": 30, ""months"": 3}",merchant,hi
RC002495,AL00862,ENT0226,1,receivable_stretch,collect_udhaar,"{""amount"": 30700.0, ""days"": 30, ""months"": 3}",merchant,hi
RC002496,AL00862,ENT0226,2,working_capital_erosion,request_bridge_loan,"{""amount"": 30700.0, ""days"": 30, ""months"": 3}",both,hi
RC002497,AL00862,ENT0226,3,margin_squeeze,prebook_input,"{""amount"": 30700.0, ""days"": 30, ""months"": 3}",merchant,hi
RC002498,AL00863,ENT0226,1,demand_trough,stagger_batch,"{""amount"": 20500.0, ""days"": 30, ""months"": 3}",merchant,hi
RC002499,AL00863,ENT0226,2,receivable_stretch,collect_udhaar,"{""amount"": 20500.0, ""days"": 30, ""months"": 3}",merchant,hi
RC002500,AL00863,ENT0226,3,margin_squeeze,prebook_input,"{""amount"": 20500.0, ""days"": 30, ""months"": 3}",merchant,hi
RC002501,AL00864,ENT0227,1,climate_shock,prebook_input,"{""amount"": 88500.0, ""days"": 30, ""months"": 3}",merchant,as
RC002502,AL00864,ENT0227,2,demand_trough,stagger_batch,"{""amount"": 88500.0, ""days"": 30, ""months"": 3}",merchant,as
RC002503,AL00864,ENT0227,3,margin_squeeze,prebook_input,"{""amount"": 88500.0, ""days"": 30, ""months"": 3}",merchant,as
RC002504,AL00865,ENT0227,1,margin_squeeze,prebook_input,"{""amount"": 205700.0, ""days"": 30, ""months"": 3}",merchant,as
RC002505,AL00865,ENT0227,2,demand_trough,stagger_batch,"{""amount"": 205700.0, ""days"": 30, ""months"": 3}",merchant,as
RC002506,AL00865,ENT0227,3,working_capital_erosion,request_bridge_loan,"{""amount"": 205700.0, ""days"": 30, ""months"": 3}",both,as
RC002507,AL00866,ENT0229,1,working_capital_erosion,request_bridge_loan,"{""amount"": 29800.0, ""days"": 30, ""months"": 3}",both,hi
RC002508,AL00866,ENT0229,2,demand_trough,stagger_batch,"{""amount"": 29800.0, ""days"": 30, ""months"": 3}",merchant,hi
RC002509,AL00866,ENT0229,3,debt_overhang,restructure_emi,"{""amount"": 29800.0, ""days"": 30, ""months"": 3}",both,hi
RC002510,AL00867,ENT0229,1,demand_trough,stagger_batch,"{""amount"": 12400.0, ""days"": 30, ""months"": 3}",merchant,hi
RC002511,AL00867,ENT0229,2,climate_shock,prebook_input,"{""amount"": 12400.0, ""days"": 30, ""months"": 3}",merchant,hi
RC002512,AL00867,ENT0229,3,working_capital_erosion,request_bridge_loan,"{""amount"": 12400.0, ""days"": 30, ""months"": 3}",both,hi
RC002513,AL00868,ENT0230,1,margin_squeeze,prebook_input,"{""amount"": 2000.0, ""days"": 30, ""months"": 3}",merchant,as
RC002514,AL00868,ENT0230,2,receivable_stretch,collect_udhaar,"{""amount"": 2000.0, ""days"": 30, ""months"": 3}",merchant,as
RC002515,AL00868,ENT0230,3,debt_overhang,restructure_emi,"{""amount"": 2000.0, ""days"": 30, ""months"": 3}",both,as
RC002516,AL00869,ENT0231,1,margin_squeeze,prebook_input,"{""amount"": 129600.0, ""days"": 30, ""months"": 3}",merchant,te
RC002517,AL00869,ENT0231,2,demand_trough,stagger_batch,"{""amount"": 129600.0, ""days"": 30, ""months"": 3}",merchant,te
RC002518,AL00869,ENT0231,3,debt_overhang,restructure_emi,"{""amount"": 129600.0, ""days"": 30, ""months"": 3}",both,te
RC002519,AL00870,ENT0231,1,margin_squeeze,prebook_input,"{""amount"": 118800.0, ""days"": 30, ""months"": 3}",merchant,te
RC002520,AL00870,ENT0231,2,debt_overhang,restructure_emi,"{""amount"": 118800.0, ""days"": 30, ""months"": 3}",both,te
RC002521,AL00870,ENT0231,3,working_capital_erosion,request_bridge_loan,"{""amount"": 118800.0, ""days"": 30, ""months"": 3}",both,te
RC002522,AL00871,ENT0231,1,climate_shock,prebook_input,"{""amount"": 140000.0, ""days"": 30, ""months"": 3}",merchant,te
RC002523,AL00871,ENT0231,2,demand_trough,stagger_batch,"{""amount"": 140000.0, ""days"": 30, ""months"": 3}",merchant,te
RC002524,AL00871,ENT0231,3,margin_squeeze,prebook_input,"{""amount"": 140000.0, ""days"": 30, ""months"": 3}",merchant,te
RC002525,AL00872,ENT0231,1,climate_shock,prebook_input,"{""amount"": 134800.0, ""days"": 30, ""months"": 3}",merchant,te
RC002526,AL00872,ENT0231,2,receivable_stretch,collect_udhaar,"{""amount"": 134800.0, ""days"": 30, ""months"": 3}",merchant,te
RC002527,AL00872,ENT0231,3,demand_trough,stagger_batch,"{""amount"": 134800.0, ""days"": 30, ""months"": 3}",merchant,te
RC002528,AL00873,ENT0231,1,margin_squeeze,prebook_input,"{""amount"": 127800.0, ""days"": 30, ""months"": 3}",merchant,te
RC002529,AL00873,ENT0231,2,receivable_stretch,collect_udhaar,"{""amount"": 127800.0, ""days"": 30, ""months"": 3}",merchant,te
RC002530,AL00873,ENT0231,3,demand_trough,stagger_batch,"{""amount"": 127800.0, ""days"": 30, ""months"": 3}",merchant,te
RC002531,AL00874,ENT0232,1,margin_squeeze,prebook_input,"{""amount"": 291100.0, ""days"": 30, ""months"": 3}",merchant,te
RC002532,AL00874,ENT0232,2,demand_trough,stagger_batch,"{""amount"": 291100.0, ""days"": 30, ""months"": 3}",merchant,te
RC002533,AL00874,ENT0232,3,working_capital_erosion,request_bridge_loan,"{""amount"": 291100.0, ""days"": 30, ""months"": 3}",both,te
RC002534,AL00875,ENT0232,1,margin_squeeze,prebook_input,"{""amount"": 137800.0, ""days"": 30, ""months"": 3}",merchant,te
RC002535,AL00875,ENT0232,2,climate_shock,prebook_input,"{""amount"": 137800.0, ""days"": 30, ""months"": 3}",merchant,te
RC002536,AL00876,ENT0232,1,climate_shock,prebook_input,"{""amount"": 242900.0, ""days"": 30, ""months"": 3}",merchant,te
RC002537,AL00876,ENT0232,2,demand_trough,stagger_batch,"{""amount"": 242900.0, ""days"": 30, ""months"": 3}",merchant,te
RC002538,AL00876,ENT0232,3,margin_squeeze,prebook_input,"{""amount"": 242900.0, ""days"": 30, ""months"": 3}",merchant,te
RC002539,AL00877,ENT0232,1,margin_squeeze,prebook_input,"{""amount"": 213300.0, ""days"": 30, ""months"": 3}",merchant,te
RC002540,AL00877,ENT0232,2,demand_trough,stagger_batch,"{""amount"": 213300.0, ""days"": 30, ""months"": 3}",merchant,te
RC002541,AL00877,ENT0232,3,working_capital_erosion,request_bridge_loan,"{""amount"": 213300.0, ""days"": 30, ""months"": 3}",both,te
RC002542,AL00878,ENT0232,1,margin_squeeze,prebook_input,"{""amount"": 135800.0, ""days"": 30, ""months"": 3}",merchant,te
RC002543,AL00878,ENT0232,2,working_capital_erosion,request_bridge_loan,"{""amount"": 135800.0, ""days"": 30, ""months"": 3}",both,te
RC002544,AL00878,ENT0232,3,debt_overhang,restructure_emi,"{""amount"": 135800.0, ""days"": 30, ""months"": 3}",both,te
RC002545,AL00879,ENT0232,1,working_capital_erosion,request_bridge_loan,"{""amount"": 131900.0, ""days"": 30, ""months"": 3}",both,te
RC002546,AL00879,ENT0232,2,debt_overhang,restructure_emi,"{""amount"": 131900.0, ""days"": 30, ""months"": 3}",both,te
RC002547,AL00879,ENT0232,3,margin_squeeze,prebook_input,"{""amount"": 131900.0, ""days"": 30, ""months"": 3}",merchant,te
RC002548,AL00880,ENT0232,1,working_capital_erosion,request_bridge_loan,"{""amount"": 173100.0, ""days"": 30, ""months"": 3}",both,te
RC002549,AL00880,ENT0232,2,debt_overhang,restructure_emi,"{""amount"": 173100.0, ""days"": 30, ""months"": 3}",both,te
RC002550,AL00880,ENT0232,3,climate_shock,prebook_input,"{""amount"": 173100.0, ""days"": 30, ""months"": 3}",merchant,te
RC002551,AL00881,ENT0232,1,working_capital_erosion,request_bridge_loan,"{""amount"": 182900.0, ""days"": 30, ""months"": 3}",both,te
RC002552,AL00881,ENT0232,2,climate_shock,prebook_input,"{""amount"": 182900.0, ""days"": 30, ""months"": 3}",merchant,te
RC002553,AL00881,ENT0232,3,demand_trough,stagger_batch,"{""amount"": 182900.0, ""days"": 30, ""months"": 3}",merchant,te
RC002554,AL00882,ENT0232,1,margin_squeeze,prebook_input,"{""amount"": 278100.0, ""days"": 30, ""months"": 3}",merchant,te
RC002555,AL00882,ENT0232,2,working_capital_erosion,request_bridge_loan,"{""amount"": 278100.0, ""days"": 30, ""months"": 3}",both,te
RC002556,AL00882,ENT0232,3,debt_overhang,restructure_emi,"{""amount"": 278100.0, ""days"": 30, ""months"": 3}",both,te
RC002557,AL00883,ENT0233,1,working_capital_erosion,request_bridge_loan,"{""amount"": 144700.0, ""days"": 30, ""months"": 3}",both,as
RC002558,AL00883,ENT0233,2,debt_overhang,restructure_emi,"{""amount"": 144700.0, ""days"": 30, ""months"": 3}",both,as
RC002559,AL00884,ENT0233,1,debt_overhang,restructure_emi,"{""amount"": 204000.0, ""days"": 30, ""months"": 3}",both,as
RC002560,AL00884,ENT0233,2,margin_squeeze,prebook_input,"{""amount"": 204000.0, ""days"": 30, ""months"": 3}",merchant,as
RC002561,AL00885,ENT0233,1,working_capital_erosion,request_bridge_loan,"{""amount"": 148300.0, ""days"": 30, ""months"": 3}",both,as
RC002562,AL00885,ENT0233,2,debt_overhang,restructure_emi,"{""amount"": 148300.0, ""days"": 30, ""months"": 3}",both,as
RC002563,AL00885,ENT0233,3,receivable_stretch,collect_udhaar,"{""amount"": 148300.0, ""days"": 30, ""months"": 3}",merchant,as
RC002564,AL00886,ENT0233,1,debt_overhang,restructure_emi,"{""amount"": 218800.0, ""days"": 30, ""months"": 3}",both,as
RC002565,AL00886,ENT0233,2,margin_squeeze,prebook_input,"{""amount"": 218800.0, ""days"": 30, ""months"": 3}",merchant,as
RC002566,AL00886,ENT0233,3,working_capital_erosion,request_bridge_loan,"{""amount"": 218800.0, ""days"": 30, ""months"": 3}",both,as
RC002567,AL00887,ENT0233,1,margin_squeeze,prebook_input,"{""amount"": 171000.0, ""days"": 30, ""months"": 3}",merchant,as
RC002568,AL00887,ENT0233,2,working_capital_erosion,request_bridge_loan,"{""amount"": 171000.0, ""days"": 30, ""months"": 3}",both,as
RC002569,AL00887,ENT0233,3,receivable_stretch,collect_udhaar,"{""amount"": 171000.0, ""days"": 30, ""months"": 3}",merchant,as
RC002570,AL00888,ENT0233,1,debt_overhang,restructure_emi,"{""amount"": 92600.0, ""days"": 30, ""months"": 3}",both,as
RC002571,AL00888,ENT0233,2,margin_squeeze,prebook_input,"{""amount"": 92600.0, ""days"": 30, ""months"": 3}",merchant,as
RC002572,AL00888,ENT0233,3,working_capital_erosion,request_bridge_loan,"{""amount"": 92600.0, ""days"": 30, ""months"": 3}",both,as
RC002573,AL00889,ENT0233,1,debt_overhang,restructure_emi,"{""amount"": 61200.0, ""days"": 30, ""months"": 3}",both,as
RC002574,AL00889,ENT0233,2,working_capital_erosion,request_bridge_loan,"{""amount"": 61200.0, ""days"": 30, ""months"": 3}",both,as
RC002575,AL00889,ENT0233,3,receivable_stretch,collect_udhaar,"{""amount"": 61200.0, ""days"": 30, ""months"": 3}",merchant,as
RC002576,AL00890,ENT0233,1,working_capital_erosion,request_bridge_loan,"{""amount"": 99700.0, ""days"": 30, ""months"": 3}",both,as
RC002577,AL00890,ENT0233,2,receivable_stretch,collect_udhaar,"{""amount"": 99700.0, ""days"": 30, ""months"": 3}",merchant,as
RC002578,AL00890,ENT0233,3,debt_overhang,restructure_emi,"{""amount"": 99700.0, ""days"": 30, ""months"": 3}",both,as
RC002579,AL00891,ENT0233,1,climate_shock,prebook_input,"{""amount"": 120600.0, ""days"": 30, ""months"": 3}",merchant,as
RC002580,AL00891,ENT0233,2,receivable_stretch,collect_udhaar,"{""amount"": 120600.0, ""days"": 30, ""months"": 3}",merchant,as
RC002581,AL00891,ENT0233,3,demand_trough,stagger_batch,"{""amount"": 120600.0, ""days"": 30, ""months"": 3}",merchant,as
RC002582,AL00892,ENT0233,1,margin_squeeze,prebook_input,"{""amount"": 92800.0, ""days"": 30, ""months"": 3}",merchant,as
RC002583,AL00892,ENT0233,2,receivable_stretch,collect_udhaar,"{""amount"": 92800.0, ""days"": 30, ""months"": 3}",merchant,as
RC002584,AL00892,ENT0233,3,demand_trough,stagger_batch,"{""amount"": 92800.0, ""days"": 30, ""months"": 3}",merchant,as
RC002585,AL00893,ENT0233,1,margin_squeeze,prebook_input,"{""amount"": 72100.0, ""days"": 30, ""months"": 3}",merchant,as
RC002586,AL00893,ENT0233,2,receivable_stretch,collect_udhaar,"{""amount"": 72100.0, ""days"": 30, ""months"": 3}",merchant,as
RC002587,AL00893,ENT0233,3,demand_trough,stagger_batch,"{""amount"": 72100.0, ""days"": 30, ""months"": 3}",merchant,as
RC002588,AL00894,ENT0233,1,climate_shock,prebook_input,"{""amount"": 153600.0, ""days"": 30, ""months"": 3}",merchant,as
RC002589,AL00894,ENT0233,2,receivable_stretch,collect_udhaar,"{""amount"": 153600.0, ""days"": 30, ""months"": 3}",merchant,as
RC002590,AL00894,ENT0233,3,demand_trough,stagger_batch,"{""amount"": 153600.0, ""days"": 30, ""months"": 3}",merchant,as
RC002591,AL00895,ENT0233,1,margin_squeeze,prebook_input,"{""amount"": 114800.0, ""days"": 30, ""months"": 3}",merchant,as
RC002592,AL00895,ENT0233,2,receivable_stretch,collect_udhaar,"{""amount"": 114800.0, ""days"": 30, ""months"": 3}",merchant,as
RC002593,AL00895,ENT0233,3,demand_trough,stagger_batch,"{""amount"": 114800.0, ""days"": 30, ""months"": 3}",merchant,as
RC002594,AL00896,ENT0234,1,margin_squeeze,prebook_input,"{""amount"": 6900.0, ""days"": 30, ""months"": 3}",merchant,mr
RC002595,AL00896,ENT0234,2,receivable_stretch,collect_udhaar,"{""amount"": 6900.0, ""days"": 30, ""months"": 3}",merchant,mr
RC002596,AL00896,ENT0234,3,climate_shock,prebook_input,"{""amount"": 6900.0, ""days"": 30, ""months"": 3}",merchant,mr
RC002597,AL00897,ENT0234,1,margin_squeeze,prebook_input,"{""amount"": 14600.0, ""days"": 30, ""months"": 3}",merchant,mr
RC002598,AL00897,ENT0234,2,receivable_stretch,collect_udhaar,"{""amount"": 14600.0, ""days"": 30, ""months"": 3}",merchant,mr
RC002599,AL00897,ENT0234,3,climate_shock,prebook_input,"{""amount"": 14600.0, ""days"": 30, ""months"": 3}",merchant,mr
RC002600,AL00898,ENT0235,1,margin_squeeze,prebook_input,"{""amount"": 71300.0, ""days"": 30, ""months"": 3}",merchant,te
RC002601,AL00898,ENT0235,2,climate_shock,prebook_input,"{""amount"": 71300.0, ""days"": 30, ""months"": 3}",merchant,te
RC002602,AL00898,ENT0235,3,receivable_stretch,collect_udhaar,"{""amount"": 71300.0, ""days"": 30, ""months"": 3}",merchant,te
RC002603,AL00899,ENT0235,1,margin_squeeze,prebook_input,"{""amount"": 36500.0, ""days"": 30, ""months"": 3}",merchant,te
RC002604,AL00899,ENT0235,2,working_capital_erosion,request_bridge_loan,"{""amount"": 36500.0, ""days"": 30, ""months"": 3}",both,te
RC002605,AL00899,ENT0235,3,receivable_stretch,collect_udhaar,"{""amount"": 36500.0, ""days"": 30, ""months"": 3}",merchant,te
RC002606,AL00900,ENT0236,1,debt_overhang,restructure_emi,"{""amount"": 20800.0, ""days"": 30, ""months"": 3}",both,mr
RC002607,AL00900,ENT0236,2,working_capital_erosion,request_bridge_loan,"{""amount"": 20800.0, ""days"": 30, ""months"": 3}",both,mr
RC002608,AL00900,ENT0236,3,demand_trough,stagger_batch,"{""amount"": 20800.0, ""days"": 30, ""months"": 3}",merchant,mr
RC002609,AL00901,ENT0236,1,working_capital_erosion,request_bridge_loan,"{""amount"": 38800.0, ""days"": 30, ""months"": 3}",both,mr
RC002610,AL00901,ENT0236,2,debt_overhang,restructure_emi,"{""amount"": 38800.0, ""days"": 30, ""months"": 3}",both,mr
RC002611,AL00901,ENT0236,3,climate_shock,prebook_input,"{""amount"": 38800.0, ""days"": 30, ""months"": 3}",merchant,mr
RC002612,AL00902,ENT0236,1,working_capital_erosion,request_bridge_loan,"{""amount"": 2000.0, ""days"": 30, ""months"": 3}",both,mr
RC002613,AL00902,ENT0236,2,demand_trough,stagger_batch,"{""amount"": 2000.0, ""days"": 30, ""months"": 3}",merchant,mr
RC002614,AL00902,ENT0236,3,debt_overhang,restructure_emi,"{""amount"": 2000.0, ""days"": 30, ""months"": 3}",both,mr
RC002615,AL00903,ENT0236,1,working_capital_erosion,request_bridge_loan,"{""amount"": 21000.0, ""days"": 30, ""months"": 3}",both,mr
RC002616,AL00903,ENT0236,2,demand_trough,stagger_batch,"{""amount"": 21000.0, ""days"": 30, ""months"": 3}",merchant,mr
RC002617,AL00903,ENT0236,3,climate_shock,prebook_input,"{""amount"": 21000.0, ""days"": 30, ""months"": 3}",merchant,mr
RC002618,AL00904,ENT0236,1,working_capital_erosion,request_bridge_loan,"{""amount"": 23800.0, ""days"": 30, ""months"": 3}",both,mr
RC002619,AL00904,ENT0236,2,debt_overhang,restructure_emi,"{""amount"": 23800.0, ""days"": 30, ""months"": 3}",both,mr
RC002620,AL00904,ENT0236,3,climate_shock,prebook_input,"{""amount"": 23800.0, ""days"": 30, ""months"": 3}",merchant,mr
RC002621,AL00905,ENT0236,1,working_capital_erosion,request_bridge_loan,"{""amount"": 3200.0, ""days"": 30, ""months"": 3}",both,mr
RC002622,AL00905,ENT0236,2,demand_trough,stagger_batch,"{""amount"": 3200.0, ""days"": 30, ""months"": 3}",merchant,mr
RC002623,AL00905,ENT0236,3,climate_shock,prebook_input,"{""amount"": 3200.0, ""days"": 30, ""months"": 3}",merchant,mr
RC002624,AL00906,ENT0237,1,margin_squeeze,prebook_input,"{""amount"": 99300.0, ""days"": 30, ""months"": 3}",merchant,or
RC002625,AL00906,ENT0237,2,receivable_stretch,collect_udhaar,"{""amount"": 99300.0, ""days"": 30, ""months"": 3}",merchant,or
RC002626,AL00906,ENT0237,3,demand_trough,stagger_batch,"{""amount"": 99300.0, ""days"": 30, ""months"": 3}",merchant,or
RC002627,AL00907,ENT0238,1,margin_squeeze,prebook_input,"{""amount"": 33100.0, ""days"": 30, ""months"": 3}",merchant,mr
RC002628,AL00907,ENT0238,2,receivable_stretch,collect_udhaar,"{""amount"": 33100.0, ""days"": 30, ""months"": 3}",merchant,mr
RC002629,AL00907,ENT0238,3,climate_shock,prebook_input,"{""amount"": 33100.0, ""days"": 30, ""months"": 3}",merchant,mr
RC002630,AL00908,ENT0239,1,demand_trough,stagger_batch,"{""amount"": 107800.0, ""days"": 30, ""months"": 3}",merchant,mr
RC002631,AL00908,ENT0239,2,climate_shock,prebook_input,"{""amount"": 107800.0, ""days"": 30, ""months"": 3}",merchant,mr
RC002632,AL00908,ENT0239,3,debt_overhang,restructure_emi,"{""amount"": 107800.0, ""days"": 30, ""months"": 3}",both,mr
RC002633,AL00909,ENT0239,1,margin_squeeze,prebook_input,"{""amount"": 75700.0, ""days"": 30, ""months"": 3}",merchant,mr
RC002634,AL00909,ENT0239,2,receivable_stretch,collect_udhaar,"{""amount"": 75700.0, ""days"": 30, ""months"": 3}",merchant,mr
RC002635,AL00909,ENT0239,3,debt_overhang,restructure_emi,"{""amount"": 75700.0, ""days"": 30, ""months"": 3}",both,mr
RC002636,AL00910,ENT0239,1,margin_squeeze,prebook_input,"{""amount"": 15500.0, ""days"": 30, ""months"": 3}",merchant,mr
RC002637,AL00910,ENT0239,2,working_capital_erosion,request_bridge_loan,"{""amount"": 15500.0, ""days"": 30, ""months"": 3}",both,mr
RC002638,AL00910,ENT0239,3,receivable_stretch,collect_udhaar,"{""amount"": 15500.0, ""days"": 30, ""months"": 3}",merchant,mr
RC002639,AL00911,ENT0239,1,working_capital_erosion,request_bridge_loan,"{""amount"": 4900.0, ""days"": 30, ""months"": 3}",both,mr
RC002640,AL00911,ENT0239,2,debt_overhang,restructure_emi,"{""amount"": 4900.0, ""days"": 30, ""months"": 3}",both,mr
RC002641,AL00911,ENT0239,3,receivable_stretch,collect_udhaar,"{""amount"": 4900.0, ""days"": 30, ""months"": 3}",merchant,mr
RC002642,AL00912,ENT0239,1,receivable_stretch,collect_udhaar,"{""amount"": 75200.0, ""days"": 30, ""months"": 3}",merchant,mr
RC002643,AL00912,ENT0239,2,demand_trough,stagger_batch,"{""amount"": 75200.0, ""days"": 30, ""months"": 3}",merchant,mr
RC002644,AL00912,ENT0239,3,debt_overhang,restructure_emi,"{""amount"": 75200.0, ""days"": 30, ""months"": 3}",both,mr
RC002645,AL00913,ENT0239,1,climate_shock,prebook_input,"{""amount"": 71100.0, ""days"": 30, ""months"": 3}",merchant,mr
RC002646,AL00913,ENT0239,2,margin_squeeze,prebook_input,"{""amount"": 71100.0, ""days"": 30, ""months"": 3}",merchant,mr
RC002647,AL00913,ENT0239,3,receivable_stretch,collect_udhaar,"{""amount"": 71100.0, ""days"": 30, ""months"": 3}",merchant,mr
RC002648,AL00914,ENT0239,1,margin_squeeze,prebook_input,"{""amount"": 16700.0, ""days"": 30, ""months"": 3}",merchant,mr
RC002649,AL00914,ENT0239,2,working_capital_erosion,request_bridge_loan,"{""amount"": 16700.0, ""days"": 30, ""months"": 3}",both,mr
RC002650,AL00914,ENT0239,3,receivable_stretch,collect_udhaar,"{""amount"": 16700.0, ""days"": 30, ""months"": 3}",merchant,mr
RC002651,AL00915,ENT0240,1,margin_squeeze,prebook_input,"{""amount"": 25800.0, ""days"": 30, ""months"": 3}",merchant,as
RC002652,AL00915,ENT0240,2,receivable_stretch,collect_udhaar,"{""amount"": 25800.0, ""days"": 30, ""months"": 3}",merchant,as
RC002653,AL00915,ENT0240,3,demand_trough,stagger_batch,"{""amount"": 25800.0, ""days"": 30, ""months"": 3}",merchant,as
RC002654,AL00916,ENT0241,1,climate_shock,prebook_input,"{""amount"": 133300.0, ""days"": 30, ""months"": 3}",merchant,or
RC002655,AL00916,ENT0241,2,demand_trough,stagger_batch,"{""amount"": 133300.0, ""days"": 30, ""months"": 3}",merchant,or
RC002656,AL00916,ENT0241,3,margin_squeeze,prebook_input,"{""amount"": 133300.0, ""days"": 30, ""months"": 3}",merchant,or
RC002657,AL00917,ENT0241,1,margin_squeeze,prebook_input,"{""amount"": 125900.0, ""days"": 30, ""months"": 3}",merchant,or
RC002658,AL00917,ENT0241,2,demand_trough,stagger_batch,"{""amount"": 125900.0, ""days"": 30, ""months"": 3}",merchant,or
RC002659,AL00918,ENT0241,1,margin_squeeze,prebook_input,"{""amount"": 95900.0, ""days"": 30, ""months"": 3}",merchant,or
RC002660,AL00918,ENT0241,2,working_capital_erosion,request_bridge_loan,"{""amount"": 95900.0, ""days"": 30, ""months"": 3}",both,or
RC002661,AL00918,ENT0241,3,debt_overhang,restructure_emi,"{""amount"": 95900.0, ""days"": 30, ""months"": 3}",both,or
RC002662,AL00919,ENT0241,1,margin_squeeze,prebook_input,"{""amount"": 182500.0, ""days"": 30, ""months"": 3}",merchant,or
RC002663,AL00919,ENT0241,2,demand_trough,stagger_batch,"{""amount"": 182500.0, ""days"": 30, ""months"": 3}",merchant,or
RC002664,AL00919,ENT0241,3,working_capital_erosion,request_bridge_loan,"{""amount"": 182500.0, ""days"": 30, ""months"": 3}",both,or
RC002665,AL00920,ENT0241,1,margin_squeeze,prebook_input,"{""amount"": 149500.0, ""days"": 30, ""months"": 3}",merchant,or
RC002666,AL00920,ENT0241,2,working_capital_erosion,request_bridge_loan,"{""amount"": 149500.0, ""days"": 30, ""months"": 3}",both,or
RC002667,AL00920,ENT0241,3,receivable_stretch,collect_udhaar,"{""amount"": 149500.0, ""days"": 30, ""months"": 3}",merchant,or
RC002668,AL00921,ENT0242,1,climate_shock,prebook_input,"{""amount"": 30400.0, ""days"": 30, ""months"": 3}",merchant,te
RC002669,AL00921,ENT0242,2,demand_trough,stagger_batch,"{""amount"": 30400.0, ""days"": 30, ""months"": 3}",merchant,te
RC002670,AL00921,ENT0242,3,working_capital_erosion,request_bridge_loan,"{""amount"": 30400.0, ""days"": 30, ""months"": 3}",both,te
RC002671,AL00922,ENT0242,1,demand_trough,stagger_batch,"{""amount"": 17500.0, ""days"": 30, ""months"": 3}",merchant,te
RC002672,AL00922,ENT0242,2,climate_shock,prebook_input,"{""amount"": 17500.0, ""days"": 30, ""months"": 3}",merchant,te
RC002673,AL00922,ENT0242,3,working_capital_erosion,request_bridge_loan,"{""amount"": 17500.0, ""days"": 30, ""months"": 3}",both,te
RC002674,AL00923,ENT0243,1,margin_squeeze,prebook_input,"{""amount"": 86800.0, ""days"": 30, ""months"": 3}",merchant,gu
RC002675,AL00923,ENT0243,2,receivable_stretch,collect_udhaar,"{""amount"": 86800.0, ""days"": 30, ""months"": 3}",merchant,gu
RC002676,AL00923,ENT0243,3,climate_shock,prebook_input,"{""amount"": 86800.0, ""days"": 30, ""months"": 3}",merchant,gu
RC002677,AL00924,ENT0243,1,climate_shock,prebook_input,"{""amount"": 139500.0, ""days"": 30, ""months"": 3}",merchant,gu
RC002678,AL00924,ENT0243,2,margin_squeeze,prebook_input,"{""amount"": 139500.0, ""days"": 30, ""months"": 3}",merchant,gu
RC002679,AL00924,ENT0243,3,receivable_stretch,collect_udhaar,"{""amount"": 139500.0, ""days"": 30, ""months"": 3}",merchant,gu
RC002680,AL00925,ENT0243,1,margin_squeeze,prebook_input,"{""amount"": 37200.0, ""days"": 30, ""months"": 3}",merchant,gu
RC002681,AL00925,ENT0243,2,working_capital_erosion,request_bridge_loan,"{""amount"": 37200.0, ""days"": 30, ""months"": 3}",both,gu
RC002682,AL00925,ENT0243,3,receivable_stretch,collect_udhaar,"{""amount"": 37200.0, ""days"": 30, ""months"": 3}",merchant,gu
RC002683,AL00926,ENT0244,1,margin_squeeze,prebook_input,"{""amount"": 271800.0, ""days"": 30, ""months"": 3}",merchant,te
RC002684,AL00926,ENT0244,2,demand_trough,stagger_batch,"{""amount"": 271800.0, ""days"": 30, ""months"": 3}",merchant,te
RC002685,AL00926,ENT0244,3,debt_overhang,restructure_emi,"{""amount"": 271800.0, ""days"": 30, ""months"": 3}",both,te
RC002686,AL00927,ENT0244,1,margin_squeeze,prebook_input,"{""amount"": 152600.0, ""days"": 30, ""months"": 3}",merchant,te
RC002687,AL00927,ENT0244,2,working_capital_erosion,request_bridge_loan,"{""amount"": 152600.0, ""days"": 30, ""months"": 3}",both,te
RC002688,AL00927,ENT0244,3,debt_overhang,restructure_emi,"{""amount"": 152600.0, ""days"": 30, ""months"": 3}",both,te
RC002689,AL00928,ENT0244,1,working_capital_erosion,request_bridge_loan,"{""amount"": 104200.0, ""days"": 30, ""months"": 3}",both,te
RC002690,AL00928,ENT0244,2,margin_squeeze,prebook_input,"{""amount"": 104200.0, ""days"": 30, ""months"": 3}",merchant,te
RC002691,AL00928,ENT0244,3,debt_overhang,restructure_emi,"{""amount"": 104200.0, ""days"": 30, ""months"": 3}",both,te
RC002692,AL00929,ENT0244,1,climate_shock,prebook_input,"{""amount"": 120400.0, ""days"": 30, ""months"": 3}",merchant,te
RC002693,AL00929,ENT0244,2,demand_trough,stagger_batch,"{""amount"": 120400.0, ""days"": 30, ""months"": 3}",merchant,te
RC002694,AL00929,ENT0244,3,margin_squeeze,prebook_input,"{""amount"": 120400.0, ""days"": 30, ""months"": 3}",merchant,te
RC002695,AL00930,ENT0244,1,margin_squeeze,prebook_input,"{""amount"": 130300.0, ""days"": 30, ""months"": 3}",merchant,te
RC002696,AL00930,ENT0244,2,demand_trough,stagger_batch,"{""amount"": 130300.0, ""days"": 30, ""months"": 3}",merchant,te
RC002697,AL00931,ENT0244,1,margin_squeeze,prebook_input,"{""amount"": 40300.0, ""days"": 30, ""months"": 3}",merchant,te
RC002698,AL00931,ENT0244,2,working_capital_erosion,request_bridge_loan,"{""amount"": 40300.0, ""days"": 30, ""months"": 3}",both,te
RC002699,AL00931,ENT0244,3,receivable_stretch,collect_udhaar,"{""amount"": 40300.0, ""days"": 30, ""months"": 3}",merchant,te
RC002700,AL00932,ENT0244,1,margin_squeeze,prebook_input,"{""amount"": 209500.0, ""days"": 30, ""months"": 3}",merchant,te
RC002701,AL00932,ENT0244,2,demand_trough,stagger_batch,"{""amount"": 209500.0, ""days"": 30, ""months"": 3}",merchant,te
RC002702,AL00932,ENT0244,3,working_capital_erosion,request_bridge_loan,"{""amount"": 209500.0, ""days"": 30, ""months"": 3}",both,te
RC002703,AL00933,ENT0244,1,margin_squeeze,prebook_input,"{""amount"": 99600.0, ""days"": 30, ""months"": 3}",merchant,te
RC002704,AL00933,ENT0244,2,working_capital_erosion,request_bridge_loan,"{""amount"": 99600.0, ""days"": 30, ""months"": 3}",both,te
RC002705,AL00933,ENT0244,3,demand_trough,stagger_batch,"{""amount"": 99600.0, ""days"": 30, ""months"": 3}",merchant,te
RC002706,AL00934,ENT0245,1,working_capital_erosion,request_bridge_loan,"{""amount"": 12600.0, ""days"": 30, ""months"": 3}",both,or
RC002707,AL00934,ENT0245,2,receivable_stretch,collect_udhaar,"{""amount"": 12600.0, ""days"": 30, ""months"": 3}",merchant,or
RC002708,AL00934,ENT0245,3,demand_trough,stagger_batch,"{""amount"": 12600.0, ""days"": 30, ""months"": 3}",merchant,or
RC002709,AL00935,ENT0245,1,receivable_stretch,collect_udhaar,"{""amount"": 18300.0, ""days"": 30, ""months"": 3}",merchant,or
RC002710,AL00935,ENT0245,2,working_capital_erosion,request_bridge_loan,"{""amount"": 18300.0, ""days"": 30, ""months"": 3}",both,or
RC002711,AL00935,ENT0245,3,demand_trough,stagger_batch,"{""amount"": 18300.0, ""days"": 30, ""months"": 3}",merchant,or
RC002712,AL00936,ENT0246,1,working_capital_erosion,request_bridge_loan,"{""amount"": 17600.0, ""days"": 30, ""months"": 3}",both,as
RC002713,AL00936,ENT0246,2,demand_trough,stagger_batch,"{""amount"": 17600.0, ""days"": 30, ""months"": 3}",merchant,as
RC002714,AL00936,ENT0246,3,debt_overhang,restructure_emi,"{""amount"": 17600.0, ""days"": 30, ""months"": 3}",both,as
RC002715,AL00937,ENT0246,1,demand_trough,stagger_batch,"{""amount"": 107100.0, ""days"": 30, ""months"": 3}",merchant,as
RC002716,AL00937,ENT0246,2,climate_shock,prebook_input,"{""amount"": 107100.0, ""days"": 30, ""months"": 3}",merchant,as
RC002717,AL00937,ENT0246,3,working_capital_erosion,request_bridge_loan,"{""amount"": 107100.0, ""days"": 30, ""months"": 3}",both,as
RC002718,AL00938,ENT0247,1,working_capital_erosion,request_bridge_loan,"{""amount"": 12700.0, ""days"": 30, ""months"": 3}",both,or
RC002719,AL00938,ENT0247,2,debt_overhang,restructure_emi,"{""amount"": 12700.0, ""days"": 30, ""months"": 3}",both,or
RC002720,AL00938,ENT0247,3,demand_trough,stagger_batch,"{""amount"": 12700.0, ""days"": 30, ""months"": 3}",merchant,or
RC002721,AL00939,ENT0247,1,working_capital_erosion,request_bridge_loan,"{""amount"": 25000.0, ""days"": 30, ""months"": 3}",both,or
RC002722,AL00939,ENT0247,2,demand_trough,stagger_batch,"{""amount"": 25000.0, ""days"": 30, ""months"": 3}",merchant,or
RC002723,AL00939,ENT0247,3,debt_overhang,restructure_emi,"{""amount"": 25000.0, ""days"": 30, ""months"": 3}",both,or
RC002724,AL00940,ENT0247,1,receivable_stretch,collect_udhaar,"{""amount"": 6700.0, ""days"": 30, ""months"": 3}",merchant,or
RC002725,AL00940,ENT0247,2,demand_trough,stagger_batch,"{""amount"": 6700.0, ""days"": 30, ""months"": 3}",merchant,or
RC002726,AL00941,ENT0249,1,debt_overhang,restructure_emi,"{""amount"": 42200.0, ""days"": 30, ""months"": 3}",both,gu
RC002727,AL00941,ENT0249,2,working_capital_erosion,request_bridge_loan,"{""amount"": 42200.0, ""days"": 30, ""months"": 3}",both,gu
RC002728,AL00941,ENT0249,3,receivable_stretch,collect_udhaar,"{""amount"": 42200.0, ""days"": 30, ""months"": 3}",merchant,gu
RC002729,AL00942,ENT0249,1,working_capital_erosion,request_bridge_loan,"{""amount"": 41100.0, ""days"": 30, ""months"": 3}",both,gu
RC002730,AL00942,ENT0249,2,debt_overhang,restructure_emi,"{""amount"": 41100.0, ""days"": 30, ""months"": 3}",both,gu
RC002731,AL00942,ENT0249,3,receivable_stretch,collect_udhaar,"{""amount"": 41100.0, ""days"": 30, ""months"": 3}",merchant,gu
RC002732,AL00943,ENT0249,1,receivable_stretch,collect_udhaar,"{""amount"": 83900.0, ""days"": 30, ""months"": 3}",merchant,gu
RC002733,AL00943,ENT0249,2,climate_shock,prebook_input,"{""amount"": 83900.0, ""days"": 30, ""months"": 3}",merchant,gu
RC002734,AL00943,ENT0249,3,debt_overhang,restructure_emi,"{""amount"": 83900.0, ""days"": 30, ""months"": 3}",both,gu
RC002735,AL00944,ENT0249,1,working_capital_erosion,request_bridge_loan,"{""amount"": 52600.0, ""days"": 30, ""months"": 3}",both,gu
RC002736,AL00944,ENT0249,2,receivable_stretch,collect_udhaar,"{""amount"": 52600.0, ""days"": 30, ""months"": 3}",merchant,gu
RC002737,AL00944,ENT0249,3,debt_overhang,restructure_emi,"{""amount"": 52600.0, ""days"": 30, ""months"": 3}",both,gu
RC002738,AL00945,ENT0249,1,demand_trough,stagger_batch,"{""amount"": 26900.0, ""days"": 30, ""months"": 3}",merchant,gu
RC002739,AL00945,ENT0249,2,receivable_stretch,collect_udhaar,"{""amount"": 26900.0, ""days"": 30, ""months"": 3}",merchant,gu
RC002740,AL00945,ENT0249,3,debt_overhang,restructure_emi,"{""amount"": 26900.0, ""days"": 30, ""months"": 3}",both,gu
RC002741,AL00946,ENT0250,1,climate_shock,prebook_input,"{""amount"": 11400.0, ""days"": 30, ""months"": 3}",merchant,te
RC002742,AL00946,ENT0250,2,demand_trough,stagger_batch,"{""amount"": 11400.0, ""days"": 30, ""months"": 3}",merchant,te
RC002743,AL00946,ENT0250,3,working_capital_erosion,request_bridge_loan,"{""amount"": 11400.0, ""days"": 30, ""months"": 3}",both,te
RC002744,AL00947,ENT0251,1,working_capital_erosion,request_bridge_loan,"{""amount"": 174200.0, ""days"": 30, ""months"": 3}",both,gu
RC002745,AL00947,ENT0251,2,demand_trough,stagger_batch,"{""amount"": 174200.0, ""days"": 30, ""months"": 3}",merchant,gu
RC002746,AL00947,ENT0251,3,debt_overhang,restructure_emi,"{""amount"": 174200.0, ""days"": 30, ""months"": 3}",both,gu
RC002747,AL00948,ENT0251,1,working_capital_erosion,request_bridge_loan,"{""amount"": 153100.0, ""days"": 30, ""months"": 3}",both,gu
RC002748,AL00948,ENT0251,2,debt_overhang,restructure_emi,"{""amount"": 153100.0, ""days"": 30, ""months"": 3}",both,gu
RC002749,AL00948,ENT0251,3,climate_shock,prebook_input,"{""amount"": 153100.0, ""days"": 30, ""months"": 3}",merchant,gu
RC002750,AL00949,ENT0251,1,working_capital_erosion,request_bridge_loan,"{""amount"": 101500.0, ""days"": 30, ""months"": 3}",both,gu
RC002751,AL00949,ENT0251,2,demand_trough,stagger_batch,"{""amount"": 101500.0, ""days"": 30, ""months"": 3}",merchant,gu
RC002752,AL00949,ENT0251,3,debt_overhang,restructure_emi,"{""amount"": 101500.0, ""days"": 30, ""months"": 3}",both,gu
RC002753,AL00950,ENT0251,1,demand_trough,stagger_batch,"{""amount"": 166400.0, ""days"": 30, ""months"": 3}",merchant,gu
RC002754,AL00950,ENT0251,2,climate_shock,prebook_input,"{""amount"": 166400.0, ""days"": 30, ""months"": 3}",merchant,gu
RC002755,AL00950,ENT0251,3,working_capital_erosion,request_bridge_loan,"{""amount"": 166400.0, ""days"": 30, ""months"": 3}",both,gu
RC002756,AL00951,ENT0251,1,climate_shock,prebook_input,"{""amount"": 129800.0, ""days"": 30, ""months"": 3}",merchant,gu
RC002757,AL00951,ENT0251,2,demand_trough,stagger_batch,"{""amount"": 129800.0, ""days"": 30, ""months"": 3}",merchant,gu
RC002758,AL00951,ENT0251,3,working_capital_erosion,request_bridge_loan,"{""amount"": 129800.0, ""days"": 30, ""months"": 3}",both,gu
RC002759,AL00952,ENT0252,1,margin_squeeze,prebook_input,"{""amount"": 94400.0, ""days"": 30, ""months"": 3}",merchant,te
RC002760,AL00952,ENT0252,2,working_capital_erosion,request_bridge_loan,"{""amount"": 94400.0, ""days"": 30, ""months"": 3}",both,te
RC002761,AL00952,ENT0252,3,receivable_stretch,collect_udhaar,"{""amount"": 94400.0, ""days"": 30, ""months"": 3}",merchant,te
RC002762,AL00953,ENT0252,1,climate_shock,prebook_input,"{""amount"": 162900.0, ""days"": 30, ""months"": 3}",merchant,te
RC002763,AL00953,ENT0252,2,demand_trough,stagger_batch,"{""amount"": 162900.0, ""days"": 30, ""months"": 3}",merchant,te
RC002764,AL00953,ENT0252,3,margin_squeeze,prebook_input,"{""amount"": 162900.0, ""days"": 30, ""months"": 3}",merchant,te
RC002765,AL00954,ENT0252,1,climate_shock,prebook_input,"{""amount"": 90100.0, ""days"": 30, ""months"": 3}",merchant,te
RC002766,AL00954,ENT0252,2,receivable_stretch,collect_udhaar,"{""amount"": 90100.0, ""days"": 30, ""months"": 3}",merchant,te
RC002767,AL00954,ENT0252,3,demand_trough,stagger_batch,"{""amount"": 90100.0, ""days"": 30, ""months"": 3}",merchant,te
RC002768,AL00955,ENT0252,1,margin_squeeze,prebook_input,"{""amount"": 273000.0, ""days"": 30, ""months"": 3}",merchant,te
RC002769,AL00955,ENT0252,2,demand_trough,stagger_batch,"{""amount"": 273000.0, ""days"": 30, ""months"": 3}",merchant,te
RC002770,AL00955,ENT0252,3,working_capital_erosion,request_bridge_loan,"{""amount"": 273000.0, ""days"": 30, ""months"": 3}",both,te
