loan_id,enterprise_id,installment_no,due_date,emi_scheduled,subvention,emi_payable,interest_component,principal_component,closing_balance
LN00011,ENT0001,15,2023-08-14,1329.0,0.0,1329.0,394.65,934.35,36952.39
LN00011,ENT0001,16,2023-09-14,1329.0,0.0,1329.0,384.92,944.08,36008.31
LN00011,ENT0001,17,2023-10-14,1329.0,0.0,1329.0,375.09,953.91,35054.4
LN00011,ENT0001,18,2023-11-14,1329.0,0.0,1329.0,365.15,963.85,34090.55
LN00011,ENT0001,19,2023-12-14,1329.0,0.0,1329.0,355.11,973.89,33116.66
LN00011,ENT0001,20,2024-01-14,1329.0,0.0,1329.0,344.97,984.03,32132.63
LN00011,ENT0001,21,2024-02-14,1329.0,0.0,1329.0,334.71,994.29,31138.34
LN00011,ENT0001,22,2024-03-14,1329.0,0.0,1329.0,324.36,1004.64,30133.7
LN00011,ENT0001,23,2024-04-14,1329.0,0.0,1329.0,313.89,1015.11,29118.59
LN00011,ENT0001,24,2024-05-14,1329.0,0.0,1329.0,303.32,1025.68,28092.91
LN00011,ENT0001,25,2024-06-14,1329.0,0.0,1329.0,292.63,1036.37,27056.54
LN00011,ENT0001,26,2024-07-14,1329.0,0.0,1329.0,281.84,1047.16,26009.38
LN00011,ENT0001,27,2024-08-14,1329.0,0.0,1329.0,270.93,1058.07,24951.31
LN00011,ENT0001,28,2024-09-14,1329.0,0.0,1329.0,259.91,1069.09,23882.22
LN00011,ENT0001,29,2024-10-14,1329.0,0.0,1329.0,248.77,1080.23,22802.0
LN00011,ENT0001,30,2024-11-14,1329.0,265.8,1063.2,237.52,1091.48,21710.52
LN00011,ENT0001,31,2024-12-14,1329.0,265.8,1063.2,226.15,1102.85,20607.67
LN00011,ENT0001,32,2025-01-14,1329.0,265.8,1063.2,214.66,1114.34,19493.33
LN00011,ENT0001,33,2025-02-14,1329.0,265.8,1063.2,203.06,1125.94,18367.39
LN00011,ENT0001,34,2025-03-14,1329.0,265.8,1063.2,191.33,1137.67,17229.72
LN00011,ENT0001,35,2025-04-14,1329.0,265.8,1063.2,179.48,1149.52,16080.19
LN00011,ENT0001,36,2025-05-14,1329.0,265.8,1063.2,167.5,1161.5,14918.69
LN00011,ENT0001,37,2025-06-14,1329.0,265.8,1063.2,155.4,1173.6,13745.1
LN00011,ENT0001,38,2025-07-14,1329.0,265.8,1063.2,143.18,1185.82,12559.27
LN00011,ENT0001,39,2025-08-14,1329.0,265.8,1063.2,130.83,1198.17,11361.1
LN00011,ENT0001,40,2025-09-14,1329.0,265.8,1063.2,118.34,1210.66,10150.45
LN00011,ENT0001,41,2025-10-14,1329.0,265.8,1063.2,105.73,1223.27,8927.18
LN00011,ENT0001,42,2025-11-14,1329.0,265.8,1063.2,92.99,1236.01,7691.17
LN00011,ENT0001,43,2025-12-14,1329.0,265.8,1063.2,80.12,1248.88,6442.29
LN00011,ENT0001,44,2026-01-14,1329.0,265.8,1063.2,67.11,1261.89,5180.39
LN00011,ENT0001,45,2026-02-14,1329.0,265.8,1063.2,53.96,1275.04,3905.36
LN00011,ENT0001,46,2026-03-14,1329.0,265.8,1063.2,40.68,1288.32,2617.04
LN00011,ENT0001,47,2026-04-14,1329.0,265.8,1063.2,27.26,1301.74,1315.3
LN00011,ENT0001,48,2026-05-14,1329.0,265.8,1063.2,13.7,1315.3,0.0
LN00021,ENT0002,14,2023-08-25,10918.72,0.0,10918.72,1503.05,9415.67,162360.96
LN00021,ENT0002,15,2023-09-25,10918.72,0.0,10918.72,1420.66,9498.06,152862.91
LN00021,ENT0002,16,2023-10-25,10918.72,0.0,10918.72,1337.55,9581.17,143281.74
LN00021,ENT0002,17,2023-11-25,10918.72,0.0,10918.72,1253.72,9665.0,133616.74
LN00021,ENT0002,18,2023-12-25,10918.72,0.0,10918.72,1169.15,9749.57,123867.17
LN00021,ENT0002,19,2024-01-25,10918.72,0.0,10918.72,1083.84,9834.88,114032.29
LN00021,ENT0002,20,2024-02-25,10918.72,0.0,10918.72,997.78,9920.94,104111.35
LN00021,ENT0002,21,2024-03-25,10918.72,0.0,10918.72,910.97,10007.74,94103.61
LN00021,ENT0002,22,2024-04-25,10918.72,0.0,10918.72,823.41,10095.31,84008.3
LN00021,ENT0002,23,2024-05-25,10918.72,0.0,10918.72,735.07,10183.64,73824.65
LN00021,ENT0002,24,2024-06-25,10918.72,0.0,10918.72,645.97,10272.75,63551.9
LN00021,ENT0002,25,2024-07-25,10918.72,0.0,10918.72,556.08,10362.64,53189.26
LN00021,ENT0002,26,2024-08-25,10918.72,0.0,10918.72,465.41,10453.31,42735.95
LN00021,ENT0002,27,2024-09-25,10918.72,0.0,10918.72,373.94,10544.78,32191.17
LN00021,ENT0002,28,2024-10-25,10918.72,0.0,10918.72,281.67,10637.04,21554.13
LN00021,ENT0002,29,2024-11-25,10918.72,0.0,10918.72,188.6,10730.12,10824.01
LN00021,ENT0002,30,2024-12-25,10918.72,0.0,10918.72,94.71,10824.01,0.0
LN00031,ENT0003,2,2023-08-22,9026.42,0.0,9026.42,2113.61,6912.81,174254.1
LN00031,ENT0003,3,2023-09-22,9026.42,0.0,9026.42,2032.96,6993.46,167260.65
LN00031,ENT0003,4,2023-10-22,9026.42,0.0,9026.42,1951.37,7075.05,160185.6
LN00031,ENT0003,5,2023-11-22,9026.42,0.0,9026.42,1868.83,7157.59,153028.01
LN00031,ENT0003,6,2023-12-22,9026.42,0.0,9026.42,1785.33,7241.1,145786.91
LN00031,ENT0003,7,2024-01-22,9026.42,0.0,9026.42,1700.85,7325.57,138461.34
LN00031,ENT0003,8,2024-02-22,9026.42,0.0,9026.42,1615.38,7411.04,131050.3
LN00031,ENT0003,9,2024-03-22,9026.42,0.0,9026.42,1528.92,7497.5,123552.8
LN00031,ENT0003,10,2024-04-22,9026.42,0.0,9026.42,1441.45,7584.97,115967.82
LN00031,ENT0003,11,2024-05-22,9026.42,0.0,9026.42,1352.96,7673.46,108294.36
LN00031,ENT0003,12,2024-06-22,9026.42,0.0,9026.42,1263.43,7762.99,100531.37
LN00031,ENT0003,13,2024-07-22,9026.42,0.0,9026.42,1172.87,7853.56,92677.82
LN00031,ENT0003,14,2024-08-22,9026.42,0.0,9026.42,1081.24,7945.18,84732.63
LN00031,ENT0003,15,2024-09-22,9026.42,0.0,9026.42,988.55,8037.87,76694.76
LN00031,ENT0003,16,2024-10-22,9026.42,0.0,9026.42,894.77,8131.65,68563.11
LN00031,ENT0003,17,2024-11-22,9026.42,0.0,9026.42,799.9,8226.52,60336.59
LN00031,ENT0003,18,2024-12-22,9026.42,0.0,9026.42,703.93,8322.5,52014.1
LN00031,ENT0003,19,2025-01-22,9026.42,0.0,9026.42,606.83,8419.59,43594.5
LN00031,ENT0003,20,2025-02-22,9026.42,0.0,9026.42,508.6,8517.82,35076.69
LN00031,ENT0003,21,2025-03-22,9026.42,0.0,9026.42,409.23,8617.19,26459.49
LN00031,ENT0003,22,2025-04-22,9026.42,0.0,9026.42,308.69,8717.73,17741.76
LN00031,ENT0003,23,2025-05-22,9026.42,0.0,9026.42,206.99,8819.43,8922.33
LN00031,ENT0003,24,2025-06-22,9026.42,0.0,9026.42,104.09,8922.33,0.0
LN00032,ENT0003,1,2024-09-30,8030.79,0.0,8030.79,2145.83,5884.95,200115.05
LN00032,ENT0003,2,2024-10-30,8030.79,0.0,8030.79,2084.53,5946.26,194168.79
LN00032,ENT0003,3,2024-11-30,8030.79,0.0,8030.79,2022.59,6008.2,188160.59
LN00032,ENT0003,4,2024-12-30,8030.79,0.0,8030.79,1960.01,6070.78,182089.81
LN00032,ENT0003,5,2025-01-30,8030.79,0.0,8030.79,1896.77,6134.02,175955.79
LN00032,ENT0003,6,2025-02-28,8030.79,0.0,8030.79,1832.87,6197.92,169757.88
LN00032,ENT0003,7,2025-03-30,8030.79,0.0,8030.79,1768.31,6262.48,163495.4
LN00032,ENT0003,8,2025-04-30,8030.79,0.0,8030.79,1703.08,6327.71,157167.69
LN00032,ENT0003,9,2025-05-30,8030.79,0.0,8030.79,1637.16,6393.62,150774.06
LN00032,ENT0003,10,2025-06-30,8030.79,0.0,8030.79,1570.56,6460.22,144313.84
LN00032,ENT0003,11,2025-07-30,8030.79,963.69,7067.09,1503.27,6527.52,137786.32
LN00032,ENT0003,12,2025-08-30,8030.79,963.69,7067.09,1435.27,6595.51,131190.8
LN00032,ENT0003,13,2025-09-30,8030.79,963.69,7067.09,1366.57,6664.22,124526.59
LN00032,ENT0003,14,2025-10-30,8030.79,963.69,7067.09,1297.15,6733.64,117792.95
LN00032,ENT0003,15,2025-11-30,8030.79,963.69,7067.09,1227.01,6803.78,110989.17
LN00032,ENT0003,16,2025-12-30,8030.79,963.69,7067.09,1156.14,6874.65,104114.52
LN00032,ENT0003,17,2026-01-30,8030.79,963.69,7067.09,1084.53,6946.26,97168.26
LN00032,ENT0003,18,2026-02-28,8030.79,963.69,7067.09,1012.17,7018.62,90149.64
LN00032,ENT0003,19,2026-03-30,8030.79,963.69,7067.09,939.06,7091.73,83057.91
LN00032,ENT0003,20,2026-04-30,8030.79,963.69,7067.09,865.19,7165.6,75892.31
LN00032,ENT0003,21,2026-05-30,8030.79,963.69,7067.09,790.54,7240.24,68652.07
LN00032,ENT0003,22,2026-06-30,8030.79,963.69,7067.09,715.13,7315.66,61336.4
LN00032,ENT0003,23,2026-07-30,8030.79,963.69,7067.09,638.92,7391.87,53944.54
LN00051,ENT0005,12,2023-08-22,1843.44,0.0,1843.44,507.96,1335.48,56717.07
LN00051,ENT0005,13,2023-09-22,1843.44,0.0,1843.44,496.27,1347.17,55369.9
LN00051,ENT0005,14,2023-10-22,1843.44,0.0,1843.44,484.49,1358.96,54010.94
LN00051,ENT0005,15,2023-11-22,1843.44,0.0,1843.44,472.6,1370.85,52640.1
LN00051,ENT0005,16,2023-12-22,1843.44,0.0,1843.44,460.6,1382.84,51257.25
LN00051,ENT0005,17,2024-01-22,1843.44,0.0,1843.44,448.5,1394.94,49862.31
LN00051,ENT0005,18,2024-02-22,1843.44,0.0,1843.44,436.3,1407.15,48455.16
LN00051,ENT0005,19,2024-03-22,1843.44,0.0,1843.44,423.98,1419.46,47035.7
LN00051,ENT0005,20,2024-04-22,1843.44,0.0,1843.44,411.56,1431.88,45603.82
LN00051,ENT0005,21,2024-05-22,1843.44,0.0,1843.44,399.03,1444.41,44159.41
LN00051,ENT0005,22,2024-06-22,1843.44,0.0,1843.44,386.39,1457.05,42702.36
LN00051,ENT0005,23,2024-07-22,1843.44,0.0,1843.44,373.65,1469.8,41232.57
LN00051,ENT0005,24,2024-08-22,1843.44,0.0,1843.44,360.78,1482.66,39749.91
LN00051,ENT0005,25,2024-09-22,1843.44,0.0,1843.44,347.81,1495.63,38254.28
LN00051,ENT0005,26,2024-10-22,1843.44,0.0,1843.44,334.72,1508.72,36745.56
LN00051,ENT0005,27,2024-11-22,1843.44,0.0,1843.44,321.52,1521.92,35223.64
LN00051,ENT0005,28,2024-12-22,1843.44,0.0,1843.44,308.21,1535.24,33688.4
LN00051,ENT0005,29,2025-01-22,1843.44,0.0,1843.44,294.77,1548.67,32139.73
LN00051,ENT0005,30,2025-02-22,1843.44,0.0,1843.44,281.22,1562.22,30577.51
LN00051,ENT0005,31,2025-03-22,1843.44,0.0,1843.44,267.55,1575.89,29001.62
LN00051,ENT0005,32,2025-04-22,1843.44,0.0,1843.44,253.76,1589.68,27411.94
LN00051,ENT0005,33,2025-05-22,1843.44,0.0,1843.44,239.85,1603.59,25808.35
LN00051,ENT0005,34,2025-06-22,1843.44,0.0,1843.44,225.82,1617.62,24190.73
LN00051,ENT0005,35,2025-07-22,1843.44,0.0,1843.44,211.67,1631.77,22558.96
LN00051,ENT0005,36,2025-08-22,1843.44,0.0,1843.44,197.39,1646.05,20912.9
LN00051,ENT0005,37,2025-09-22,1843.44,0.0,1843.44,182.99,1660.46,19252.45
LN00051,ENT0005,38,2025-10-22,1843.44,0.0,1843.44,168.46,1674.98,17577.46
LN00051,ENT0005,39,2025-11-22,1843.44,0.0,1843.44,153.8,1689.64,15887.82
LN00051,ENT0005,40,2025-12-22,1843.44,0.0,1843.44,139.02,1704.42,14183.4
LN00051,ENT0005,41,2026-01-22,1843.44,0.0,1843.44,124.1,1719.34,12464.06
LN00051,ENT0005,42,2026-02-22,1843.44,0.0,1843.44,109.06,1734.38,10729.68
LN00051,ENT0005,43,2026-03-22,1843.44,0.0,1843.44,93.88,1749.56,8980.12
LN00051,ENT0005,44,2026-04-22,1843.44,0.0,1843.44,78.58,1764.87,7215.25
LN00051,ENT0005,45,2026-05-22,1843.44,0.0,1843.44,63.13,1780.31,5434.94
LN00051,ENT0005,46,2026-06-22,1843.44,0.0,1843.44,47.56,1795.89,3639.05
LN00051,ENT0005,47,2026-07-22,1843.44,0.0,1843.44,31.84,1811.6,1827.45
LN00061,ENT0006,2,2023-08-21,9408.51,0.0,9408.51,2687.49,6721.02,223635.47
LN00061,ENT0006,3,2023-09-21,9408.51,0.0,9408.51,2609.08,6799.43,216836.04
LN00061,ENT0006,4,2023-10-21,9408.51,0.0,9408.51,2529.75,6878.76,209957.28
LN00061,ENT0006,5,2023-11-21,9408.51,0.0,9408.51,2449.5,6959.01,202998.27
LN00061,ENT0006,6,2023-12-21,9408.51,0.0,9408.51,2368.31,7040.2,195958.07
LN00061,ENT0006,7,2024-01-21,9408.51,0.0,9408.51,2286.18,7122.33,188835.74
LN00061,ENT0006,8,2024-02-21,9408.51,0.0,9408.51,2203.08,7205.43,181630.31
LN00061,ENT0006,9,2024-03-21,9408.51,0.0,9408.51,2119.02,7289.49,174340.82
LN00061,ENT0006,10,2024-04-21,9408.51,0.0,9408.51,2033.98,7374.54,166966.28
LN00061,ENT0006,11,2024-05-21,9408.51,0.0,9408.51,1947.94,7460.57,159505.71
LN00061,ENT0006,12,2024-06-21,9408.51,0.0,9408.51,1860.9,7547.61,151958.1
LN00061,ENT0006,13,2024-07-21,9408.51,0.0,9408.51,1772.84,7635.67,144322.43
LN00061,ENT0006,14,2024-08-21,9408.51,0.0,9408.51,1683.76,7724.75,136597.68
LN00061,ENT0006,15,2024-09-21,9408.51,0.0,9408.51,1593.64,7814.87,128782.81
LN00061,ENT0006,16,2024-10-21,9408.51,0.0,9408.51,1502.47,7906.05,120876.76
LN00061,ENT0006,17,2024-11-21,9408.51,1881.7,7526.81,1410.23,7998.28,112878.48
LN00061,ENT0006,18,2024-12-21,9408.51,1881.7,7526.81,1316.92,8091.6,104786.88
LN00061,ENT0006,19,2025-01-21,9408.51,1881.7,7526.81,1222.51,8186.0,96600.88
LN00061,ENT0006,20,2025-02-21,9408.51,1881.7,7526.81,1127.01,8281.5,88319.38
LN00061,ENT0006,21,2025-03-21,9408.51,1881.7,7526.81,1030.39,8378.12,79941.26
LN00061,ENT0006,22,2025-04-21,9408.51,1881.7,7526.81,932.65,8475.86,71465.4
LN00061,ENT0006,23,2025-05-21,9408.51,1881.7,7526.81,833.76,8574.75,62890.65
LN00061,ENT0006,24,2025-06-21,9408.51,1881.7,7526.81,733.72,8674.79,54215.86
LN00061,ENT0006,25,2025-07-21,9408.51,1881.7,7526.81,632.52,8775.99,45439.87
LN00061,ENT0006,26,2025-08-21,9408.51,1881.7,7526.81,530.13,8878.38,36561.49
LN00061,ENT0006,27,2025-09-21,9408.51,1881.7,7526.81,426.55,8981.96,27579.53
LN00061,ENT0006,28,2025-10-21,9408.51,1881.7,7526.81,321.76,9086.75,18492.77
LN00061,ENT0006,29,2025-11-21,9408.51,1881.7,7526.81,215.75,9192.76,9300.01
LN00061,ENT0006,30,2025-12-21,9408.51,1881.7,7526.81,108.5,9300.01,0.0
LN00071,ENT0007,5,2023-08-20,18260.62,0.0,18260.62,3418.17,14842.45,313302.22
LN00071,ENT0007,6,2023-09-20,18260.62,0.0,18260.62,3263.56,14997.06,298305.16
LN00071,ENT0007,7,2023-10-20,18260.62,0.0,18260.62,3107.35,15153.28,283151.89
LN00071,ENT0007,8,2023-11-20,18260.62,0.0,18260.62,2949.5,15311.12,267840.76
LN00071,ENT0007,9,2023-12-20,18260.62,0.0,18260.62,2790.01,15470.61,252370.15
LN00071,ENT0007,10,2024-01-20,18260.62,0.0,18260.62,2628.86,15631.77,236738.39
LN00071,ENT0007,11,2024-02-20,18260.62,0.0,18260.62,2466.02,15794.6,220943.79
LN00071,ENT0007,12,2024-03-20,18260.62,0.0,18260.62,2301.5,15959.12,204984.67
LN00071,ENT0007,13,2024-04-20,18260.62,0.0,18260.62,2135.26,16125.36,188859.3
LN00071,ENT0007,14,2024-05-20,18260.62,0.0,18260.62,1967.28,16293.34,172565.97
LN00071,ENT0007,15,2024-06-20,18260.62,0.0,18260.62,1797.56,16463.06,156102.91
LN00071,ENT0007,16,2024-07-20,18260.62,0.0,18260.62,1626.07,16634.55,139468.36
LN00071,ENT0007,17,2024-08-20,18260.62,0.0,18260.62,1452.8,16807.83,122660.53
LN00071,ENT0007,18,2024-09-20,18260.62,0.0,18260.62,1277.71,16982.91,105677.63
LN00071,ENT0007,19,2024-10-20,18260.62,0.0,18260.62,1100.81,17159.81,88517.81
LN00071,ENT0007,20,2024-11-20,18260.62,0.0,18260.62,922.06,17338.56,71179.25
LN00071,ENT0007,21,2024-12-20,18260.62,0.0,18260.62,741.45,17519.17,53660.08
LN00071,ENT0007,22,2025-01-20,18260.62,0.0,18260.62,558.96,17701.66,35958.42
LN00071,ENT0007,23,2025-02-20,18260.62,0.0,18260.62,374.57,17886.05,18072.37
LN00071,ENT0007,24,2025-03-20,18260.62,0.0,18260.62,188.25,18072.37,0.0
LN00072,ENT0007,1,2026-01-27,4191.31,0.0,4191.31,1706.25,2485.06,192514.94
LN00072,ENT0007,2,2026-02-27,4191.31,0.0,4191.31,1684.51,2506.8,190008.13
LN00072,ENT0007,3,2026-03-27,4191.31,0.0,4191.31,1662.57,2528.74,187479.4
LN00072,ENT0007,4,2026-04-27,4191.31,0.0,4191.31,1640.44,2550.87,184928.53
LN00072,ENT0007,5,2026-05-27,4191.31,0.0,4191.31,1618.12,2573.19,182355.34
LN00072,ENT0007,6,2026-06-27,4191.31,0.0,4191.31,1595.61,2595.7,179759.64
LN00072,ENT0007,7,2026-07-27,4191.31,0.0,4191.31,1572.9,2618.41,177141.23
LN00081,ENT0008,7,2023-08-05,33700.74,0.0,33700.74,3345.28,30355.47,351961.92
LN00081,ENT0008,8,2023-09-05,33700.74,0.0,33700.74,3079.67,30621.08,321340.84
LN00081,ENT0008,9,2023-10-05,33700.74,0.0,33700.74,2811.73,30889.01,290451.83
LN00081,ENT0008,10,2023-11-05,33700.74,0.0,33700.74,2541.45,31159.29,259292.54
LN00081,ENT0008,11,2023-12-05,33700.74,0.0,33700.74,2268.81,31431.93,227860.61
LN00081,ENT0008,12,2024-01-05,33700.74,0.0,33700.74,1993.78,31706.96,196153.65
LN00081,ENT0008,13,2024-02-05,33700.74,0.0,33700.74,1716.34,31984.4,164169.25
LN00081,ENT0008,14,2024-03-05,33700.74,0.0,33700.74,1436.48,32264.26,131904.98
LN00081,ENT0008,15,2024-04-05,33700.74,0.0,33700.74,1154.17,32546.57,99358.41
LN00081,ENT0008,16,2024-05-05,33700.74,0.0,33700.74,869.39,32831.36,66527.05
LN00081,ENT0008,17,2024-06-05,33700.74,0.0,33700.74,582.11,33118.63,33408.42
LN00081,ENT0008,18,2024-07-05,33700.74,0.0,33700.74,292.32,33408.42,0.0
LN00091,ENT0009,9,2023-08-02,35085.97,0.0,35085.97,7152.66,27933.31,658721.63
LN00091,ENT0009,10,2023-09-02,35085.97,0.0,35085.97,6861.68,28224.28,630497.35
LN00091,ENT0009,11,2023-10-02,35085.97,0.0,35085.97,6567.68,28518.29,601979.06
LN00091,ENT0009,12,2023-11-02,35085.97,0.0,35085.97,6270.62,28815.35,573163.71
LN00091,ENT0009,13,2023-12-02,35085.97,0.0,35085.97,5970.46,29115.51,544048.2
LN00091,ENT0009,14,2024-01-02,35085.97,0.0,35085.97,5667.17,29418.8,514629.4
LN00091,ENT0009,15,2024-02-02,35085.97,0.0,35085.97,5360.72,29725.24,484904.15
LN00091,ENT0009,16,2024-03-02,35085.97,0.0,35085.97,5051.08,30034.88,454869.27
LN00091,ENT0009,17,2024-04-02,35085.97,0.0,35085.97,4738.22,30347.75,424521.53
LN00091,ENT0009,18,2024-05-02,35085.97,0.0,35085.97,4422.1,30663.87,393857.66
LN00091,ENT0009,19,2024-06-02,35085.97,0.0,35085.97,4102.68,30983.28,362874.37
LN00091,ENT0009,20,2024-07-02,35085.97,0.0,35085.97,3779.94,31306.03,331568.35
LN00091,ENT0009,21,2024-08-02,35085.97,0.0,35085.97,3453.84,31632.13,299936.22
LN00091,ENT0009,22,2024-09-02,35085.97,0.0,35085.97,3124.34,31961.63,267974.58
LN00091,ENT0009,23,2024-10-02,35085.97,0.0,35085.97,2791.4,32294.57,235680.02
LN00091,ENT0009,24,2024-11-02,35085.97,0.0,35085.97,2455.0,32630.97,203049.05
LN00091,ENT0009,25,2024-12-02,35085.97,0.0,35085.97,2115.09,32970.87,170078.18
LN00091,ENT0009,26,2025-01-02,35085.97,0.0,35085.97,1771.65,33314.32,136763.86
LN00091,ENT0009,27,2025-02-02,35085.97,0.0,35085.97,1424.62,33661.34,103102.51
LN00091,ENT0009,28,2025-03-02,35085.97,0.0,35085.97,1073.98,34011.98,69090.53
LN00091,ENT0009,29,2025-04-02,35085.97,0.0,35085.97,719.69,34366.27,34724.26
LN00091,ENT0009,30,2025-05-02,35085.97,0.0,35085.97,361.71,34724.26,0.0
LN00101,ENT0010,17,2023-08-21,14735.81,0.0,14735.81,337.91,14397.9,14565.88
LN00101,ENT0010,18,2023-09-21,14735.81,0.0,14735.81,169.94,14565.88,0.0
LN00111,ENT0011,5,2023-08-28,787.24,0.0,787.24,188.15,599.09,13084.74
LN00111,ENT0011,6,2023-09-28,787.24,0.0,787.24,179.92,607.32,12477.41
LN00111,ENT0011,7,2023-10-28,787.24,0.0,787.24,171.56,615.67,11861.74
LN00111,ENT0011,8,2023-11-28,787.24,0.0,787.24,163.1,624.14,11237.6
LN00111,ENT0011,9,2023-12-28,787.24,0.0,787.24,154.52,632.72,10604.88
LN00111,ENT0011,10,2024-01-28,787.24,0.0,787.24,145.82,641.42,9963.46
LN00111,ENT0011,11,2024-02-28,787.24,0.0,787.24,137.0,650.24,9313.22
LN00111,ENT0011,12,2024-03-28,787.24,0.0,787.24,128.06,659.18,8654.04
LN00111,ENT0011,13,2024-04-28,787.24,0.0,787.24,118.99,668.24,7985.8
LN00111,ENT0011,14,2024-05-28,787.24,0.0,787.24,109.8,677.43,7308.36
LN00111,ENT0011,15,2024-06-28,787.24,0.0,787.24,100.49,686.75,6621.62
LN00111,ENT0011,16,2024-07-28,787.24,0.0,787.24,91.05,696.19,5925.43
LN00111,ENT0011,17,2024-08-28,787.24,0.0,787.24,81.47,705.76,5219.66
LN00111,ENT0011,18,2024-09-28,787.24,0.0,787.24,71.77,715.47,4504.19
LN00111,ENT0011,19,2024-10-28,787.24,0.0,787.24,61.93,725.3,3778.89
LN00111,ENT0011,20,2024-11-28,787.24,0.0,787.24,51.96,735.28,3043.61
LN00111,ENT0011,21,2024-12-28,787.24,0.0,787.24,41.85,745.39,2298.22
LN00111,ENT0011,22,2025-01-28,787.24,0.0,787.24,31.6,755.64,1542.59
LN00111,ENT0011,23,2025-02-28,787.24,0.0,787.24,21.21,766.03,776.56
LN00111,ENT0011,24,2025-03-28,787.24,0.0,787.24,10.68,776.56,0.0
LN00131,ENT0013,7,2023-08-29,1484.03,0.0,1484.03,215.39,1268.64,23347.27
LN00131,ENT0013,8,2023-09-29,1484.03,0.0,1484.03,204.29,1279.74,22067.53
LN00131,ENT0013,9,2023-10-29,1484.03,0.0,1484.03,193.09,1290.94,20776.58
LN00131,ENT0013,10,2023-11-29,1484.03,0.0,1484.03,181.8,1302.24,19474.35
LN00131,ENT0013,11,2023-12-29,1484.03,0.0,1484.03,170.4,1313.63,18160.71
LN00131,ENT0013,12,2024-01-29,1484.03,0.0,1484.03,158.91,1325.13,16835.59
LN00131,ENT0013,13,2024-02-29,1484.03,0.0,1484.03,147.31,1336.72,15498.86
LN00131,ENT0013,14,2024-03-29,1484.03,0.0,1484.03,135.62,1348.42,14150.45
LN00131,ENT0013,15,2024-04-29,1484.03,0.0,1484.03,123.82,1360.22,12790.23
LN00131,ENT0013,16,2024-05-29,1484.03,0.0,1484.03,111.91,1372.12,11418.11
LN00131,ENT0013,17,2024-06-29,1484.03,0.0,1484.03,99.91,1384.12,10033.98
LN00131,ENT0013,18,2024-07-29,1484.03,0.0,1484.03,87.8,1396.24,8637.75
LN00131,ENT0013,19,2024-08-29,1484.03,0.0,1484.03,75.58,1408.45,7229.3
LN00131,ENT0013,20,2024-09-29,1484.03,0.0,1484.03,63.26,1420.78,5808.52
LN00131,ENT0013,21,2024-10-29,1484.03,0.0,1484.03,50.82,1433.21,4375.31
LN00131,ENT0013,22,2024-11-29,1484.03,0.0,1484.03,38.28,1445.75,2929.56
LN00131,ENT0013,23,2024-12-29,1484.03,0.0,1484.03,25.63,1458.4,1471.16
LN00131,ENT0013,24,2025-01-29,1484.03,0.0,1484.03,12.87,1471.16,0.0
LN00132,ENT0013,1,2024-06-06,2787.3,0.0,2787.3,1190.0,1597.3,100402.7
LN00132,ENT0013,2,2024-07-06,2787.3,0.0,2787.3,1171.36,1615.94,98786.76
LN00132,ENT0013,3,2024-08-06,2787.3,0.0,2787.3,1152.51,1634.79,97151.98
LN00132,ENT0013,4,2024-09-06,2787.3,0.0,2787.3,1133.44,1653.86,95498.11
LN00132,ENT0013,5,2024-10-06,2787.3,0.0,2787.3,1114.14,1673.16,93824.96
LN00132,ENT0013,6,2024-11-06,2787.3,0.0,2787.3,1094.62,1692.68,92132.28
LN00132,ENT0013,7,2024-12-06,2787.3,0.0,2787.3,1074.88,1712.42,90419.86
LN00132,ENT0013,8,2025-01-06,2787.3,0.0,2787.3,1054.9,1732.4,88687.46
LN00132,ENT0013,9,2025-02-06,2787.3,0.0,2787.3,1034.69,1752.61,86934.84
LN00132,ENT0013,10,2025-03-06,2787.3,0.0,2787.3,1014.24,1773.06,85161.78
LN00132,ENT0013,11,2025-04-06,2787.3,0.0,2787.3,993.55,1793.75,83368.04
LN00132,ENT0013,12,2025-05-06,2787.3,0.0,2787.3,972.63,1814.67,81553.36
LN00132,ENT0013,13,2025-06-06,2787.3,0.0,2787.3,951.46,1835.84,79717.52
LN00132,ENT0013,14,2025-07-06,2787.3,0.0,2787.3,930.04,1857.26,77860.25
LN00132,ENT0013,15,2025-08-06,2787.3,0.0,2787.3,908.37,1878.93,75981.32
LN00132,ENT0013,16,2025-09-06,2787.3,0.0,2787.3,886.45,1900.85,74080.47
LN00132,ENT0013,17,2025-10-06,2787.3,0.0,2787.3,864.27,1923.03,72157.44
LN00132,ENT0013,18,2025-11-06,2787.3,0.0,2787.3,841.84,1945.46,70211.98
LN00132,ENT0013,19,2025-12-06,2787.3,0.0,2787.3,819.14,1968.16,68243.82
LN00132,ENT0013,20,2026-01-06,2787.3,0.0,2787.3,796.18,1991.12,66252.7
LN00132,ENT0013,21,2026-02-06,2787.3,0.0,2787.3,772.95,2014.35,64238.34
LN00132,ENT0013,22,2026-03-06,2787.3,0.0,2787.3,749.45,2037.85,62200.49
LN00132,ENT0013,23,2026-04-06,2787.3,0.0,2787.3,725.67,2061.63,60138.86
LN00132,ENT0013,24,2026-05-06,2787.3,0.0,2787.3,701.62,2085.68,58053.18
LN00132,ENT0013,25,2026-06-06,2787.3,0.0,2787.3,677.29,2110.01,55943.17
LN00132,ENT0013,26,2026-07-06,2787.3,0.0,2787.3,652.67,2134.63,53808.54
LN00151,ENT0015,13,2023-08-15,4965.07,0.0,4965.07,536.95,4428.12,51601.56
LN00151,ENT0015,14,2023-09-15,4965.07,0.0,4965.07,494.51,4470.56,47131.0
LN00151,ENT0015,15,2023-10-15,4965.07,0.0,4965.07,451.67,4513.4,42617.6
LN00151,ENT0015,16,2023-11-15,4965.07,0.0,4965.07,408.42,4556.65,38060.95
LN00151,ENT0015,17,2023-12-15,4965.07,0.0,4965.07,364.75,4600.32,33460.62
LN00151,ENT0015,18,2024-01-15,4965.07,0.0,4965.07,320.66,4644.41,28816.21
LN00151,ENT0015,19,2024-02-15,4965.07,0.0,4965.07,276.16,4688.92,24127.3
LN00151,ENT0015,20,2024-03-15,4965.07,0.0,4965.07,231.22,4733.85,19393.44
LN00151,ENT0015,21,2024-04-15,4965.07,0.0,4965.07,185.85,4779.22,14614.22
LN00151,ENT0015,22,2024-05-15,4965.07,0.0,4965.07,140.05,4825.02,9789.2
LN00151,ENT0015,23,2024-06-15,4965.07,0.0,4965.07,93.81,4871.26,4917.94
LN00151,ENT0015,24,2024-07-15,4965.07,0.0,4965.07,47.13,4917.94,0.0
LN00161,ENT0016,11,2023-08-01,3597.0,0.0,3597.0,775.64,2821.36,41500.84
LN00161,ENT0016,12,2023-09-01,3597.0,0.0,3597.0,726.26,2870.73,38630.11
LN00161,ENT0016,13,2023-10-01,3597.0,0.0,3597.0,676.03,2920.97,35709.14
LN00161,ENT0016,14,2023-11-01,3597.0,0.0,3597.0,624.91,2972.09,32737.06
LN00161,ENT0016,15,2023-12-01,3597.0,0.0,3597.0,572.9,3024.1,29712.96
LN00161,ENT0016,16,2024-01-01,3597.0,0.0,3597.0,519.98,3077.02,26635.94
LN00161,ENT0016,17,2024-02-01,3597.0,0.0,3597.0,466.13,3130.87,23505.08
LN00161,ENT0016,18,2024-03-01,3597.0,0.0,3597.0,411.34,3185.66,20319.42
LN00161,ENT0016,19,2024-04-01,3597.0,0.0,3597.0,355.59,3241.41,17078.01
LN00161,ENT0016,20,2024-05-01,3597.0,0.0,3597.0,298.87,3298.13,13779.88
LN00161,ENT0016,21,2024-06-01,3597.0,0.0,3597.0,241.15,3355.85,10424.04
LN00161,ENT0016,22,2024-07-01,3597.0,0.0,3597.0,182.42,3414.57,7009.46
LN00161,ENT0016,23,2024-08-01,3597.0,0.0,3597.0,122.67,3474.33,3535.13
LN00161,ENT0016,24,2024-09-01,3597.0,0.0,3597.0,61.86,3535.13,0.0
LN00171,ENT0017,12,2023-08-21,23227.19,0.0,23227.19,2656.17,20571.02,131210.36
LN00171,ENT0017,13,2023-09-21,23227.19,0.0,23227.19,2296.18,20931.01,110279.35
LN00171,ENT0017,14,2023-10-21,23227.19,0.0,23227.19,1929.89,21297.3,88982.04
LN00171,ENT0017,15,2023-11-21,23227.19,0.0,23227.19,1557.19,21670.01,67312.03
LN00171,ENT0017,16,2023-12-21,23227.19,0.0,23227.19,1177.96,22049.23,45262.8
LN00171,ENT0017,17,2024-01-21,23227.19,0.0,23227.19,792.1,22435.09,22827.71
LN00171,ENT0017,18,2024-02-21,23227.19,0.0,23227.19,399.48,22827.71,0.0
LN00181,ENT0018,3,2023-08-30,2838.91,0.0,2838.91,863.68,1975.24,107120.71
LN00181,ENT0018,4,2023-09-30,2838.91,0.0,2838.91,848.04,1990.88,105129.83
LN00181,ENT0018,5,2023-10-30,2838.91,0.0,2838.91,832.28,2006.64,103123.19
LN00181,ENT0018,6,2023-11-30,2838.91,0.0,2838.91,816.39,2022.52,101100.67
LN00181,ENT0018,7,2023-12-30,2838.91,0.0,2838.91,800.38,2038.53,99062.14
LN00181,ENT0018,8,2024-01-30,2838.91,0.0,2838.91,784.24,2054.67,97007.47
LN00181,ENT0018,9,2024-02-29,2838.91,0.0,2838.91,767.98,2070.94,94936.53
LN00181,ENT0018,10,2024-03-30,2838.91,0.0,2838.91,751.58,2087.33,92849.19
LN00181,ENT0018,11,2024-04-30,2838.91,0.0,2838.91,735.06,2103.86,90745.34
LN00181,ENT0018,12,2024-05-30,2838.91,0.0,2838.91,718.4,2120.51,88624.82
LN00181,ENT0018,13,2024-06-30,2838.91,0.0,2838.91,701.61,2137.3,86487.52
LN00181,ENT0018,14,2024-07-30,2838.91,0.0,2838.91,684.69,2154.22,84333.3
LN00181,ENT0018,15,2024-08-30,2838.91,0.0,2838.91,667.64,2171.28,82162.02
LN00181,ENT0018,16,2024-09-30,2838.91,0.0,2838.91,650.45,2188.47,79973.56
LN00181,ENT0018,17,2024-10-30,2838.91,0.0,2838.91,633.12,2205.79,77767.77
LN00181,ENT0018,18,2024-11-30,2838.91,0.0,2838.91,615.66,2223.25,75544.51
LN00181,ENT0018,19,2024-12-30,2838.91,0.0,2838.91,598.06,2240.85,73303.66
LN00181,ENT0018,20,2025-01-30,2838.91,0.0,2838.91,580.32,2258.59,71045.07
LN00181,ENT0018,21,2025-02-28,2838.91,0.0,2838.91,562.44,2276.47,68768.59
LN00181,ENT0018,22,2025-03-30,2838.91,0.0,2838.91,544.42,2294.5,66474.1
LN00181,ENT0018,23,2025-04-30,2838.91,0.0,2838.91,526.25,2312.66,64161.43
LN00181,ENT0018,24,2025-05-30,2838.91,0.0,2838.91,507.94,2330.97,61830.46
LN00181,ENT0018,25,2025-06-30,2838.91,0.0,2838.91,489.49,2349.42,59481.04
LN00181,ENT0018,26,2025-07-30,2838.91,0.0,2838.91,470.89,2368.02,57113.02
LN00181,ENT0018,27,2025-08-30,2838.91,0.0,2838.91,452.14,2386.77,54726.25
LN00181,ENT0018,28,2025-09-30,2838.91,0.0,2838.91,433.25,2405.66,52320.58
LN00181,ENT0018,29,2025-10-30,2838.91,0.0,2838.91,414.2,2424.71,49895.87
LN00181,ENT0018,30,2025-11-30,2838.91,0.0,2838.91,395.01,2443.91,47451.97
LN00181,ENT0018,31,2025-12-30,2838.91,0.0,2838.91,375.66,2463.25,44988.72
LN00181,ENT0018,32,2026-01-30,2838.91,0.0,2838.91,356.16,2482.75,42505.96
LN00181,ENT0018,33,2026-02-28,2838.91,0.0,2838.91,336.51,2502.41,40003.55
LN00181,ENT0018,34,2026-03-30,2838.91,0.0,2838.91,316.69,2522.22,37481.33
LN00181,ENT0018,35,2026-04-30,2838.91,0.0,2838.91,296.73,2542.19,34939.15
LN00181,ENT0018,36,2026-05-30,2838.91,0.0,2838.91,276.6,2562.31,32376.83
LN00181,ENT0018,37,2026-06-30,2838.91,0.0,2838.91,256.32,2582.6,29794.24
LN00181,ENT0018,38,2026-07-30,2838.91,0.0,2838.91,235.87,2603.04,27191.19
LN00191,ENT0019,2,2023-08-20,8459.99,0.0,8459.99,1180.01,7279.98,78538.78
LN00191,ENT0019,3,2023-09-20,8459.99,0.0,8459.99,1079.91,7380.08,71158.7
LN00191,ENT0019,4,2023-10-20,8459.99,0.0,8459.99,978.43,7481.56,63677.14
LN00191,ENT0019,5,2023-11-20,8459.99,0.0,8459.99,875.56,7584.43,56092.71
LN00191,ENT0019,6,2023-12-20,8459.99,0.0,8459.99,771.27,7688.72,48403.99
LN00191,ENT0019,7,2024-01-20,8459.99,0.0,8459.99,665.55,7794.44,40609.56
LN00191,ENT0019,8,2024-02-20,8459.99,0.0,8459.99,558.38,7901.61,32707.95
LN00191,ENT0019,9,2024-03-20,8459.99,0.0,8459.99,449.73,8010.26,24697.69
LN00191,ENT0019,10,2024-04-20,8459.99,0.0,8459.99,339.59,8120.4,16577.3
LN00191,ENT0019,11,2024-05-20,8459.99,0.0,8459.99,227.94,8232.05,8345.24
LN00191,ENT0019,12,2024-06-20,8459.99,0.0,8459.99,114.75,8345.24,0.0
LN00201,ENT0020,5,2023-08-11,46605.32,0.0,46605.32,4871.25,41734.07,573581.99
LN00201,ENT0020,6,2023-09-11,46605.32,0.0,46605.32,4540.86,42064.47,531517.53
LN00201,ENT0020,7,2023-10-11,46605.32,0.0,46605.32,4207.85,42397.48,489120.05
LN00201,ENT0020,8,2023-11-11,46605.32,0.0,46605.32,3872.2,42733.12,446386.93
LN00201,ENT0020,9,2023-12-11,46605.32,0.0,46605.32,3533.9,43071.43,403315.5
LN00201,ENT0020,10,2024-01-11,46605.32,0.0,46605.32,3192.91,43412.41,359903.09
LN00201,ENT0020,11,2024-02-11,46605.32,0.0,46605.32,2849.23,43756.09,316147.0
LN00201,ENT0020,12,2024-03-11,46605.32,0.0,46605.32,2502.83,44102.49,272044.51
LN00201,ENT0020,13,2024-04-11,46605.32,0.0,46605.32,2153.69,44451.64,227592.87
LN00201,ENT0020,14,2024-05-11,46605.32,0.0,46605.32,1801.78,44803.55,182789.32
LN00201,ENT0020,15,2024-06-11,46605.32,0.0,46605.32,1447.08,45158.24,137631.08
LN00201,ENT0020,16,2024-07-11,46605.32,0.0,46605.32,1089.58,45515.74,92115.34
LN00201,ENT0020,17,2024-08-11,46605.32,0.0,46605.32,729.25,45876.08,46239.26
LN00201,ENT0020,18,2024-09-11,46605.32,0.0,46605.32,366.06,46239.26,0.0
LN00232,ENT0023,1,2024-06-07,8786.36,0.0,8786.36,2135.0,6651.36,176348.64
LN00232,ENT0023,2,2024-07-07,8786.36,0.0,8786.36,2057.4,6728.96,169619.69
LN00232,ENT0023,3,2024-08-07,8786.36,0.0,8786.36,1978.9,6807.46,162812.22
LN00232,ENT0023,4,2024-09-07,8786.36,0.0,8786.36,1899.48,6886.88,155925.34
LN00232,ENT0023,5,2024-10-07,8786.36,0.0,8786.36,1819.13,6967.23,148958.11
LN00232,ENT0023,6,2024-11-07,8786.36,0.0,8786.36,1737.84,7048.51,141909.6
LN00232,ENT0023,7,2024-12-07,8786.36,0.0,8786.36,1655.61,7130.75,134778.86
LN00232,ENT0023,8,2025-01-07,8786.36,0.0,8786.36,1572.42,7213.94,127564.92
LN00232,ENT0023,9,2025-02-07,8786.36,0.0,8786.36,1488.26,7298.1,120266.82
LN00232,ENT0023,10,2025-03-07,8786.36,0.0,8786.36,1403.11,7383.24,112883.57
LN00232,ENT0023,11,2025-04-07,8786.36,0.0,8786.36,1316.98,7469.38,105414.19
LN00232,ENT0023,12,2025-05-07,8786.36,0.0,8786.36,1229.83,7556.53,97857.66
LN00232,ENT0023,13,2025-06-07,8786.36,0.0,8786.36,1141.67,7644.68,90212.98
LN00232,ENT0023,14,2025-07-07,8786.36,0.0,8786.36,1052.48,7733.87,82479.11
LN00232,ENT0023,15,2025-08-07,8786.36,0.0,8786.36,962.26,7824.1,74655.01
LN00232,ENT0023,16,2025-09-07,8786.36,0.0,8786.36,870.98,7915.38,66739.62
LN00232,ENT0023,17,2025-10-07,8786.36,0.0,8786.36,778.63,8007.73,58731.89
LN00232,ENT0023,18,2025-11-07,8786.36,0.0,8786.36,685.21,8101.15,50630.74
LN00232,ENT0023,19,2025-12-07,8786.36,0.0,8786.36,590.69,8195.67,42435.08
LN00232,ENT0023,20,2026-01-07,8786.36,0.0,8786.36,495.08,8291.28,34143.79
LN00232,ENT0023,21,2026-02-07,8786.36,0.0,8786.36,398.34,8388.01,25755.78
LN00232,ENT0023,22,2026-03-07,8786.36,0.0,8786.36,300.48,8485.87,17269.91
LN00232,ENT0023,23,2026-04-07,8786.36,0.0,8786.36,201.48,8584.88,8685.03
LN00232,ENT0023,24,2026-05-07,8786.36,0.0,8786.36,101.33,8685.03,0.0
LN00251,ENT0025,10,2023-08-03,10946.94,0.0,10946.94,1748.14,9198.8,140641.83
LN00251,ENT0025,11,2023-09-03,10946.94,0.0,10946.94,1640.82,9306.12,131335.71
LN00251,ENT0025,12,2023-10-03,10946.94,0.0,10946.94,1532.25,9414.69,121921.02
LN00251,ENT0025,13,2023-11-03,10946.94,0.0,10946.94,1422.41,9524.53,112396.5
LN00251,ENT0025,14,2023-12-03,10946.94,0.0,10946.94,1311.29,9635.64,102760.85
LN00251,ENT0025,15,2024-01-03,10946.94,0.0,10946.94,1198.88,9748.06,93012.79
LN00251,ENT0025,16,2024-02-03,10946.94,0.0,10946.94,1085.15,9861.79,83151.01
LN00251,ENT0025,17,2024-03-03,10946.94,0.0,10946.94,970.1,9976.84,73174.16
LN00251,ENT0025,18,2024-04-03,10946.94,0.0,10946.94,853.7,10093.24,63080.92
LN00251,ENT0025,19,2024-05-03,10946.94,0.0,10946.94,735.94,10210.99,52869.93
LN00251,ENT0025,20,2024-06-03,10946.94,0.0,10946.94,616.82,10330.12,42539.81
LN00251,ENT0025,21,2024-07-03,10946.94,0.0,10946.94,496.3,10450.64,32089.17
LN00251,ENT0025,22,2024-08-03,10946.94,0.0,10946.94,374.37,10572.56,21516.61
LN00251,ENT0025,23,2024-09-03,10946.94,0.0,10946.94,251.03,10695.91,10820.7
LN00251,ENT0025,24,2024-10-03,10946.94,0.0,10946.94,126.24,10820.7,0.0
LN00261,ENT0026,15,2023-08-11,7096.1,0.0,7096.1,698.53,6397.56,60661.75
LN00261,ENT0026,16,2023-09-11,7096.1,0.0,7096.1,631.89,6464.2,54197.55
LN00261,ENT0026,17,2023-10-11,7096.1,0.0,7096.1,564.56,6531.54,47666.01
LN00261,ENT0026,18,2023-11-11,7096.1,0.0,7096.1,496.52,6599.58,41066.44
LN00261,ENT0026,19,2023-12-11,7096.1,0.0,7096.1,427.78,6668.32,34398.11
LN00261,ENT0026,20,2024-01-11,7096.1,0.0,7096.1,358.31,6737.78,27660.33
LN00261,ENT0026,21,2024-02-11,7096.1,0.0,7096.1,288.13,6807.97,20852.36
LN00261,ENT0026,22,2024-03-11,7096.1,0.0,7096.1,217.21,6878.88,13973.48
LN00261,ENT0026,23,2024-04-11,7096.1,0.0,7096.1,145.56,6950.54,7022.94
LN00261,ENT0026,24,2024-05-11,7096.1,0.0,7096.1,73.16,7022.94,0.0
LN00271,ENT0027,9,2023-08-30,20430.26,0.0,20430.26,634.35,19795.9,60332.99
LN00271,ENT0027,10,2023-09-30,20430.26,0.0,20430.26,477.64,19952.62,40380.37
LN00271,ENT0027,11,2023-10-30,20430.26,0.0,20430.26,319.68,20110.58,20269.79
LN00271,ENT0027,12,2023-11-30,20430.26,0.0,20430.26,160.47,20269.79,0.0
LN00281,ENT0028,10,2023-08-27,4407.45,0.0,4407.45,392.47,4014.97,33662.58
LN00281,ENT0028,11,2023-09-27,4407.45,0.0,4407.45,350.65,4056.8,29605.78
LN00281,ENT0028,12,2023-10-27,4407.45,0.0,4407.45,308.39,4099.06,25506.73
LN00281,ENT0028,13,2023-11-27,4407.45,0.0,4407.45,265.7,4141.75,21364.98
LN00281,ENT0028,14,2023-12-27,4407.45,0.0,4407.45,222.55,4184.9,17180.08
LN00281,ENT0028,15,2024-01-27,4407.45,0.0,4407.45,178.96,4228.49,12951.59
LN00281,ENT0028,16,2024-02-27,4407.45,0.0,4407.45,134.91,4272.54,8679.05
LN00281,ENT0028,17,2024-03-27,4407.45,0.0,4407.45,90.41,4317.04,4362.01
LN00281,ENT0028,18,2024-04-27,4407.45,0.0,4407.45,45.44,4362.01,0.0
LN00291,ENT0029,5,2023-08-09,5326.2,0.0,5326.2,1079.56,4246.64,119131.97
LN00291,ENT0029,6,2023-09-09,5326.2,0.0,5326.2,1042.4,4283.8,114848.17
LN00291,ENT0029,7,2023-10-09,5326.2,0.0,5326.2,1004.92,4321.28,110526.89
LN00291,ENT0029,8,2023-11-09,5326.2,0.0,5326.2,967.11,4359.09,106167.8
LN00291,ENT0029,9,2023-12-09,5326.2,0.0,5326.2,928.97,4397.24,101770.56
LN00291,ENT0029,10,2024-01-09,5326.2,0.0,5326.2,890.49,4435.71,97334.85
LN00291,ENT0029,11,2024-02-09,5326.2,0.0,5326.2,851.68,4474.52,92860.33
LN00291,ENT0029,12,2024-03-09,5326.2,0.0,5326.2,812.53,4513.68,88346.65
LN00291,ENT0029,13,2024-04-09,5326.2,0.0,5326.2,773.03,4553.17,83793.48
LN00291,ENT0029,14,2024-05-09,5326.2,0.0,5326.2,733.19,4593.01,79200.47
LN00291,ENT0029,15,2024-06-09,5326.2,0.0,5326.2,693.0,4633.2,74567.27
LN00291,ENT0029,16,2024-07-09,5326.2,0.0,5326.2,652.46,4673.74,69893.53
LN00291,ENT0029,17,2024-08-09,5326.2,0.0,5326.2,611.57,4714.64,65178.9
LN00291,ENT0029,18,2024-09-09,5326.2,0.0,5326.2,570.32,4755.89,60423.01
LN00291,ENT0029,19,2024-10-09,5326.2,0.0,5326.2,528.7,4797.5,55625.5
LN00291,ENT0029,20,2024-11-09,5326.2,0.0,5326.2,486.72,4839.48,50786.02
LN00291,ENT0029,21,2024-12-09,5326.2,0.0,5326.2,444.38,4881.83,45904.2
LN00291,ENT0029,22,2025-01-09,5326.2,0.0,5326.2,401.66,4924.54,40979.66
LN00291,ENT0029,23,2025-02-09,5326.2,0.0,5326.2,358.57,4967.63,36012.02
LN00291,ENT0029,24,2025-03-09,5326.2,0.0,5326.2,315.11,5011.1,31000.93
LN00291,ENT0029,25,2025-04-09,5326.2,0.0,5326.2,271.26,5054.95,25945.98
LN00291,ENT0029,26,2025-05-09,5326.2,0.0,5326.2,227.03,5099.18,20846.8
LN00291,ENT0029,27,2025-06-09,5326.2,0.0,5326.2,182.41,5143.79,15703.01
LN00291,ENT0029,28,2025-07-09,5326.2,0.0,5326.2,137.4,5188.8,10514.21
LN00291,ENT0029,29,2025-08-09,5326.2,0.0,5326.2,92.0,5234.2,5280.0
LN00291,ENT0029,30,2025-09-09,5326.2,0.0,5326.2,46.2,5280.0,0.0
LN00301,ENT0030,16,2023-08-22,6426.07,0.0,6426.07,716.86,5709.21,84841.48
LN00301,ENT0030,17,2023-09-22,6426.07,0.0,6426.07,671.66,5754.41,79087.07
LN00301,ENT0030,18,2023-10-22,6426.07,0.0,6426.07,626.11,5799.96,73287.1
LN00301,ENT0030,19,2023-11-22,6426.07,0.0,6426.07,580.19,5845.88,67441.22
LN00301,ENT0030,20,2023-12-22,6426.07,0.0,6426.07,533.91,5892.16,61549.06
LN00301,ENT0030,21,2024-01-22,6426.07,0.0,6426.07,487.26,5938.81,55610.25
LN00301,ENT0030,22,2024-02-22,6426.07,0.0,6426.07,440.25,5985.82,49624.43
LN00301,ENT0030,23,2024-03-22,6426.07,0.0,6426.07,392.86,6033.21,43591.22
LN00301,ENT0030,24,2024-04-22,6426.07,0.0,6426.07,345.1,6080.97,37510.25
LN00301,ENT0030,25,2024-05-22,6426.07,0.0,6426.07,296.96,6129.11,31381.13
LN00301,ENT0030,26,2024-06-22,6426.07,0.0,6426.07,248.43,6177.64,25203.5
LN00301,ENT0030,27,2024-07-22,6426.07,0.0,6426.07,199.53,6226.54,18976.95
LN00301,ENT0030,28,2024-08-22,6426.07,0.0,6426.07,150.23,6275.84,12701.12
LN00301,ENT0030,29,2024-09-22,6426.07,0.0,6426.07,100.55,6325.52,6375.6
LN00301,ENT0030,30,2024-10-22,6426.07,0.0,6426.07,50.47,6375.6,0.0
LN00321,ENT0032,17,2023-08-20,7410.56,0.0,7410.56,1184.98,6225.58,129200.23
LN00321,ENT0032,18,2023-09-20,7410.56,0.0,7410.56,1130.5,6280.06,122920.18
LN00321,ENT0032,19,2023-10-20,7410.56,0.0,7410.56,1075.55,6335.01,116585.17
LN00321,ENT0032,20,2023-11-20,7410.56,0.0,7410.56,1020.12,6390.44,110194.74
LN00321,ENT0032,21,2023-12-20,7410.56,0.0,7410.56,964.2,6446.35,103748.38
LN00321,ENT0032,22,2024-01-20,7410.56,0.0,7410.56,907.8,6502.76,97245.62
LN00321,ENT0032,23,2024-02-20,7410.56,0.0,7410.56,850.9,6559.66,90685.97
LN00321,ENT0032,24,2024-03-20,7410.56,0.0,7410.56,793.5,6617.05,84068.91
LN00321,ENT0032,25,2024-04-20,7410.56,0.0,7410.56,735.6,6674.95,77393.96
LN00321,ENT0032,26,2024-05-20,7410.56,0.0,7410.56,677.2,6733.36,70660.6
LN00321,ENT0032,27,2024-06-20,7410.56,0.0,7410.56,618.28,6792.28,63868.32
LN00321,ENT0032,28,2024-07-20,7410.56,0.0,7410.56,558.85,6851.71,57016.61
LN00321,ENT0032,29,2024-08-20,7410.56,0.0,7410.56,498.9,6911.66,50104.95
LN00321,ENT0032,30,2024-09-20,7410.56,0.0,7410.56,438.42,6972.14,43132.81
LN00321,ENT0032,31,2024-10-20,7410.56,0.0,7410.56,377.41,7033.15,36099.67
LN00321,ENT0032,32,2024-11-20,7410.56,0.0,7410.56,315.87,7094.69,29004.98
LN00321,ENT0032,33,2024-12-20,7410.56,0.0,7410.56,253.79,7156.76,21848.22
LN00321,ENT0032,34,2025-01-20,7410.56,0.0,7410.56,191.17,7219.39,14628.83
LN00321,ENT0032,35,2025-02-20,7410.56,0.0,7410.56,128.0,7282.55,7346.28
LN00321,ENT0032,36,2025-03-20,7410.56,0.0,7410.56,64.28,7346.28,0.0
LN00331,ENT0033,13,2023-08-26,16160.64,0.0,16160.64,5032.04,11128.6,471947.27
LN00331,ENT0033,14,2023-09-26,16160.64,0.0,16160.64,4916.12,11244.52,460702.75
LN00331,ENT0033,15,2023-10-26,16160.64,0.0,16160.64,4798.99,11361.65,449341.1
LN00331,ENT0033,16,2023-11-26,16160.64,0.0,16160.64,4680.64,11480.0,437861.1
LN00331,ENT0033,17,2023-12-26,16160.64,0.0,16160.64,4561.05,11599.59,426261.51
LN00331,ENT0033,18,2024-01-26,16160.64,0.0,16160.64,4440.22,11720.42,414541.09
LN00331,ENT0033,19,2024-02-26,16160.64,0.0,16160.64,4318.14,11842.5,402698.59
LN00331,ENT0033,20,2024-03-26,16160.64,0.0,16160.64,4194.78,11965.86,390732.73
LN00331,ENT0033,21,2024-04-26,16160.64,0.0,16160.64,4070.13,12090.51,378642.22
LN00331,ENT0033,22,2024-05-26,16160.64,0.0,16160.64,3944.19,12216.45,366425.77
LN00331,ENT0033,23,2024-06-26,16160.64,0.0,16160.64,3816.94,12343.7,354082.07
LN00331,ENT0033,24,2024-07-26,16160.64,0.0,16160.64,3688.35,12472.28,341609.78
LN00331,ENT0033,25,2024-08-26,16160.64,0.0,16160.64,3558.44,12602.2,329007.58
LN00331,ENT0033,26,2024-09-26,16160.64,0.0,16160.64,3427.16,12733.48,316274.1
LN00331,ENT0033,27,2024-10-26,16160.64,0.0,16160.64,3294.52,12866.12,303407.98
LN00331,ENT0033,28,2024-11-26,16160.64,0.0,16160.64,3160.5,13000.14,290407.85
LN00331,ENT0033,29,2024-12-26,16160.64,0.0,16160.64,3025.08,13135.56,277272.29
LN00331,ENT0033,30,2025-01-26,16160.64,0.0,16160.64,2888.25,13272.39,263999.9
LN00331,ENT0033,31,2025-02-26,16160.64,0.0,16160.64,2750.0,13410.64,250589.26
LN00331,ENT0033,32,2025-03-26,16160.64,0.0,16160.64,2610.3,13550.33,237038.93
LN00331,ENT0033,33,2025-04-26,16160.64,0.0,16160.64,2469.16,13691.48,223347.44
LN00331,ENT0033,34,2025-05-26,16160.64,0.0,16160.64,2326.54,13834.1,209513.34
LN00331,ENT0033,35,2025-06-26,16160.64,0.0,16160.64,2182.43,13978.21,195535.13
LN00331,ENT0033,36,2025-07-26,16160.64,0.0,16160.64,2036.82,14123.82,181411.32
LN00331,ENT0033,37,2025-08-26,16160.64,0.0,16160.64,1889.7,14270.94,167140.38
LN00331,ENT0033,38,2025-09-26,16160.64,0.0,16160.64,1741.05,14419.59,152720.78
LN00331,ENT0033,39,2025-10-26,16160.64,0.0,16160.64,1590.84,14569.8,138150.99
LN00331,ENT0033,40,2025-11-26,16160.64,0.0,16160.64,1439.07,14721.57,123429.42
LN00331,ENT0033,41,2025-12-26,16160.64,0.0,16160.64,1285.72,14874.92,108554.5
LN00331,ENT0033,42,2026-01-26,16160.64,0.0,16160.64,1130.78,15029.86,93524.64
LN00331,ENT0033,43,2026-02-26,16160.64,0.0,16160.64,974.21,15186.42,78338.22
LN00331,ENT0033,44,2026-03-26,16160.64,0.0,16160.64,816.02,15344.62,62993.6
LN00331,ENT0033,45,2026-04-26,16160.64,0.0,16160.64,656.18,15504.46,47489.14
LN00331,ENT0033,46,2026-05-26,16160.64,0.0,16160.64,494.68,15665.96,31823.18
LN00331,ENT0033,47,2026-06-26,16160.64,0.0,16160.64,331.49,15829.15,15994.03
LN00331,ENT0033,48,2026-07-26,16160.64,0.0,16160.64,166.6,15994.03,0.0
LN00341,ENT0034,8,2023-08-18,18689.54,0.0,18689.54,2572.76,16116.78,277912.91
LN00341,ENT0034,9,2023-09-18,18689.54,0.0,18689.54,2431.74,16257.81,261655.1
LN00341,ENT0034,10,2023-10-18,18689.54,0.0,18689.54,2289.48,16400.06,245255.04
LN00341,ENT0034,11,2023-11-18,18689.54,0.0,18689.54,2145.98,16543.56,228711.47
LN00341,ENT0034,12,2023-12-18,18689.54,0.0,18689.54,2001.23,16688.32,212023.15
LN00341,ENT0034,13,2024-01-18,18689.54,0.0,18689.54,1855.2,16834.34,195188.81
LN00341,ENT0034,14,2024-02-18,18689.54,0.0,18689.54,1707.9,16981.64,178207.17
LN00341,ENT0034,15,2024-03-18,18689.54,0.0,18689.54,1559.31,17130.23,161076.94
LN00341,ENT0034,16,2024-04-18,18689.54,0.0,18689.54,1409.42,17280.12,143796.82
LN00341,ENT0034,17,2024-05-18,18689.54,0.0,18689.54,1258.22,17431.32,126365.49
LN00341,ENT0034,18,2024-06-18,18689.54,0.0,18689.54,1105.7,17583.85,108781.65
LN00341,ENT0034,19,2024-07-18,18689.54,0.0,18689.54,951.84,17737.71,91043.94
LN00341,ENT0034,20,2024-08-18,18689.54,0.0,18689.54,796.63,17892.91,73151.03
LN00341,ENT0034,21,2024-09-18,18689.54,0.0,18689.54,640.07,18049.47,55101.56
LN00341,ENT0034,22,2024-10-18,18689.54,0.0,18689.54,482.14,18207.41,36894.15
LN00341,ENT0034,23,2024-11-18,18689.54,0.0,18689.54,322.82,18366.72,18527.43
LN00341,ENT0034,24,2024-12-18,18689.54,0.0,18689.54,162.12,18527.43,0.0
LN00351,ENT0035,12,2023-08-13,8903.01,0.0,8903.01,77.23,8825.78,0.0
LN00371,ENT0037,1,2023-08-08,2517.9,0.0,2517.9,857.5,1660.4,47339.6
LN00371,ENT0037,2,2023-09-08,2517.9,0.0,2517.9,828.44,1689.45,45650.15
LN00371,ENT0037,3,2023-10-08,2517.9,0.0,2517.9,798.88,1719.02,43931.13
LN00371,ENT0037,4,2023-11-08,2517.9,0.0,2517.9,768.79,1749.1,42182.03
LN00371,ENT0037,5,2023-12-08,2517.9,0.0,2517.9,738.19,1779.71,40402.32
LN00371,ENT0037,6,2024-01-08,2517.9,0.0,2517.9,707.04,1810.86,38591.46
LN00371,ENT0037,7,2024-02-08,2517.9,0.0,2517.9,675.35,1842.55,36748.91
LN00371,ENT0037,8,2024-03-08,2517.9,0.0,2517.9,643.11,1874.79,34874.12
LN00371,ENT0037,9,2024-04-08,2517.9,0.0,2517.9,610.3,1907.6,32966.52
LN00371,ENT0037,10,2024-05-08,2517.9,0.0,2517.9,576.91,1940.98,31025.54
LN00371,ENT0037,11,2024-06-08,2517.9,0.0,2517.9,542.95,1974.95,29050.59
LN00371,ENT0037,12,2024-07-08,2517.9,0.0,2517.9,508.39,2009.51,27041.08
LN00371,ENT0037,13,2024-08-08,2517.9,0.0,2517.9,473.22,2044.68,24996.4
LN00371,ENT0037,14,2024-09-08,2517.9,0.0,2517.9,437.44,2080.46,22915.94
LN00371,ENT0037,15,2024-10-08,2517.9,0.0,2517.9,401.03,2116.87,20799.07
LN00371,ENT0037,16,2024-11-08,2517.9,0.0,2517.9,363.98,2153.91,18645.16
LN00371,ENT0037,17,2024-12-08,2517.9,0.0,2517.9,326.29,2191.61,16453.55
LN00371,ENT0037,18,2025-01-08,2517.9,0.0,2517.9,287.94,2229.96,14223.59
LN00371,ENT0037,19,2025-02-08,2517.9,0.0,2517.9,248.91,2268.98,11954.61
LN00371,ENT0037,20,2025-03-08,2517.9,0.0,2517.9,209.21,2308.69,9645.92
LN00371,ENT0037,21,2025-04-08,2517.9,0.0,2517.9,168.8,2349.09,7296.83
LN00371,ENT0037,22,2025-05-08,2517.9,0.0,2517.9,127.69,2390.2,4906.62
LN00371,ENT0037,23,2025-06-08,2517.9,0.0,2517.9,85.87,2432.03,2474.59
LN00371,ENT0037,24,2025-07-08,2517.9,0.0,2517.9,43.31,2474.59,0.0
LN00381,ENT0038,7,2023-08-25,2767.89,0.0,2767.89,609.47,2158.43,56350.36
LN00381,ENT0038,8,2023-09-25,2767.89,0.0,2767.89,586.98,2180.91,54169.45
LN00381,ENT0038,9,2023-10-25,2767.89,0.0,2767.89,564.27,2203.63,51965.82
LN00381,ENT0038,10,2023-11-25,2767.89,0.0,2767.89,541.31,2226.58,49739.24
LN00381,ENT0038,11,2023-12-25,2767.89,0.0,2767.89,518.12,2249.78,47489.46
LN00381,ENT0038,12,2024-01-25,2767.89,0.0,2767.89,494.68,2273.21,45216.25
LN00381,ENT0038,13,2024-02-25,2767.89,0.0,2767.89,471.0,2296.89,42919.36
LN00381,ENT0038,14,2024-03-25,2767.89,0.0,2767.89,447.08,2320.82,40598.54
LN00381,ENT0038,15,2024-04-25,2767.89,0.0,2767.89,422.9,2344.99,38253.55
LN00381,ENT0038,16,2024-05-25,2767.89,0.0,2767.89,398.47,2369.42,35884.13
LN00381,ENT0038,17,2024-06-25,2767.89,0.0,2767.89,373.79,2394.1,33490.03
LN00381,ENT0038,18,2024-07-25,2767.89,0.0,2767.89,348.85,2419.04,31070.99
LN00381,ENT0038,19,2024-08-25,2767.89,0.0,2767.89,323.66,2444.24,28626.76
LN00381,ENT0038,20,2024-09-25,2767.89,0.0,2767.89,298.2,2469.7,26157.06
LN00381,ENT0038,21,2024-10-25,2767.89,0.0,2767.89,272.47,2495.42,23661.63
LN00381,ENT0038,22,2024-11-25,2767.89,553.58,2214.31,246.48,2521.42,21140.22
LN00381,ENT0038,23,2024-12-25,2767.89,553.58,2214.31,220.21,2547.68,18592.53
LN00381,ENT0038,24,2025-01-25,2767.89,553.58,2214.31,193.67,2574.22,16018.31
LN00381,ENT0038,25,2025-02-25,2767.89,553.58,2214.31,166.86,2601.04,13417.28
LN00381,ENT0038,26,2025-03-25,2767.89,553.58,2214.31,139.76,2628.13,10789.15
LN00381,ENT0038,27,2025-04-25,2767.89,553.58,2214.31,112.39,2655.51,8133.64
LN00381,ENT0038,28,2025-05-25,2767.89,553.58,2214.31,84.73,2683.17,5450.48
LN00381,ENT0038,29,2025-06-25,2767.89,553.58,2214.31,56.78,2711.12,2739.36
LN00381,ENT0038,30,2025-07-25,2767.89,553.58,2214.31,28.53,2739.36,0.0
LN00382,ENT0038,1,2026-01-23,12610.2,2522.04,10088.16,2145.83,10464.37,195535.63
LN00382,ENT0038,2,2026-02-23,12610.2,2522.04,10088.16,2036.83,10573.37,184962.26
LN00382,ENT0038,3,2026-03-23,12610.2,2522.04,10088.16,1926.69,10683.51,174278.75
LN00382,ENT0038,4,2026-04-23,12610.2,2522.04,10088.16,1815.4,10794.8,163483.95
LN00382,ENT0038,5,2026-05-23,12610.2,2522.04,10088.16,1702.96,10907.24,152576.71
LN00382,ENT0038,6,2026-06-23,12610.2,2522.04,10088.16,1589.34,11020.86,141555.85
LN00382,ENT0038,7,2026-07-23,12610.2,2522.04,10088.16,1474.54,11135.66,130420.19
LN00391,ENT0039,5,2023-08-28,3246.4,0.0,3246.4,2017.62,1228.78,114063.82
LN00391,ENT0039,6,2023-09-28,3246.4,0.0,3246.4,1996.12,1250.29,112813.54
LN00391,ENT0039,7,2023-10-28,3246.4,0.0,3246.4,1974.24,1272.17,111541.37
LN00391,ENT0039,8,2023-11-28,3246.4,0.0,3246.4,1951.97,1294.43,110246.94
LN00391,ENT0039,9,2023-12-28,3246.4,0.0,3246.4,1929.32,1317.08,108929.86
LN00391,ENT0039,10,2024-01-28,3246.4,0.0,3246.4,1906.27,1340.13,107589.73
LN00391,ENT0039,11,2024-02-28,3246.4,0.0,3246.4,1882.82,1363.58,106226.14
LN00391,ENT0039,12,2024-03-28,3246.4,0.0,3246.4,1858.96,1387.45,104838.7
LN00391,ENT0039,13,2024-04-28,3246.4,0.0,3246.4,1834.68,1411.73,103426.97
LN00391,ENT0039,14,2024-05-28,3246.4,0.0,3246.4,1809.97,1436.43,101990.54
LN00391,ENT0039,15,2024-06-28,3246.4,0.0,3246.4,1784.83,1461.57,100528.97
LN00391,ENT0039,16,2024-07-28,3246.4,0.0,3246.4,1759.26,1487.15,99041.83
LN00391,ENT0039,17,2024-08-28,3246.4,0.0,3246.4,1733.23,1513.17,97528.66
LN00391,ENT0039,18,2024-09-28,3246.4,0.0,3246.4,1706.75,1539.65,95989.0
LN00391,ENT0039,19,2024-10-28,3246.4,0.0,3246.4,1679.81,1566.6,94422.41
LN00391,ENT0039,20,2024-11-28,3246.4,0.0,3246.4,1652.39,1594.01,92828.4
LN00391,ENT0039,21,2024-12-28,3246.4,0.0,3246.4,1624.5,1621.91,91206.49
LN00391,ENT0039,22,2025-01-28,3246.4,0.0,3246.4,1596.11,1650.29,89556.2
LN00391,ENT0039,23,2025-02-28,3246.4,0.0,3246.4,1567.23,1679.17,87877.03
LN00391,ENT0039,24,2025-03-28,3246.4,0.0,3246.4,1537.85,1708.56,86168.48
LN00391,ENT0039,25,2025-04-28,3246.4,0.0,3246.4,1507.95,1738.45,84430.02
LN00391,ENT0039,26,2025-05-28,3246.4,0.0,3246.4,1477.53,1768.88,82661.14
LN00391,ENT0039,27,2025-06-28,3246.4,0.0,3246.4,1446.57,1799.83,80861.31
LN00391,ENT0039,28,2025-07-28,3246.4,0.0,3246.4,1415.07,1831.33,79029.98
LN00391,ENT0039,29,2025-08-28,3246.4,0.0,3246.4,1383.02,1863.38,77166.6
LN00391,ENT0039,30,2025-09-28,3246.4,0.0,3246.4,1350.42,1895.99,75270.61
LN00391,ENT0039,31,2025-10-28,3246.4,0.0,3246.4,1317.24,1929.17,73341.45
LN00391,ENT0039,32,2025-11-28,3246.4,0.0,3246.4,1283.48,1962.93,71378.52
LN00391,ENT0039,33,2025-12-28,3246.4,0.0,3246.4,1249.12,1997.28,69381.24
LN00391,ENT0039,34,2026-01-28,3246.4,0.0,3246.4,1214.17,2032.23,67349.01
LN00391,ENT0039,35,2026-02-28,3246.4,0.0,3246.4,1178.61,2067.8,65281.21
LN00391,ENT0039,36,2026-03-28,3246.4,0.0,3246.4,1142.42,2103.98,63177.23
LN00391,ENT0039,37,2026-04-28,3246.4,0.0,3246.4,1105.6,2140.8,61036.43
LN00391,ENT0039,38,2026-05-28,3246.4,0.0,3246.4,1068.14,2178.27,58858.16
LN00391,ENT0039,39,2026-06-28,3246.4,0.0,3246.4,1030.02,2216.39,56641.78
LN00391,ENT0039,40,2026-07-28,3246.4,0.0,3246.4,991.23,2255.17,54386.61
LN00401,ENT0040,1,2023-08-06,12150.01,0.0,12150.01,1916.67,10233.34,189766.66
LN00401,ENT0040,2,2023-09-06,12150.01,0.0,12150.01,1818.6,10331.41,179435.25
LN00401,ENT0040,3,2023-10-06,12150.01,0.0,12150.01,1719.59,10430.42,169004.83
LN00401,ENT0040,4,2023-11-06,12150.01,0.0,12150.01,1619.63,10530.38,158474.45
LN00401,ENT0040,5,2023-12-06,12150.01,0.0,12150.01,1518.71,10631.29,147843.15
LN00401,ENT0040,6,2024-01-06,12150.01,0.0,12150.01,1416.83,10733.18,137109.98
LN00401,ENT0040,7,2024-02-06,12150.01,0.0,12150.01,1313.97,10836.04,126273.94
LN00401,ENT0040,8,2024-03-06,12150.01,0.0,12150.01,1210.13,10939.88,115334.06
LN00401,ENT0040,9,2024-04-06,12150.01,0.0,12150.01,1105.28,11044.72,104289.33
LN00401,ENT0040,10,2024-05-06,12150.01,0.0,12150.01,999.44,11150.57,93138.77
LN00401,ENT0040,11,2024-06-06,12150.01,0.0,12150.01,892.58,11257.43,81881.34
LN00401,ENT0040,12,2024-07-06,12150.01,0.0,12150.01,784.7,11365.31,70516.02
LN00401,ENT0040,13,2024-08-06,12150.01,0.0,12150.01,675.78,11474.23,59041.8
LN00401,ENT0040,14,2024-09-06,12150.01,0.0,12150.01,565.82,11584.19,47457.6
LN00401,ENT0040,15,2024-10-06,12150.01,0.0,12150.01,454.8,11695.21,35762.4
LN00401,ENT0040,16,2024-11-06,12150.01,0.0,12150.01,342.72,11807.29,23955.11
LN00401,ENT0040,17,2024-12-06,12150.01,0.0,12150.01,229.57,11920.44,12034.68
LN00401,ENT0040,18,2025-01-06,12150.01,0.0,12150.01,115.33,12034.68,0.0
LN00411,ENT0041,17,2023-08-25,9227.54,0.0,9227.54,677.89,8549.66,62186.25
LN00411,ENT0041,18,2023-09-25,9227.54,0.0,9227.54,595.95,8631.59,53554.66
LN00411,ENT0041,19,2023-10-25,9227.54,0.0,9227.54,513.23,8714.31,44840.35
LN00411,ENT0041,20,2023-11-25,9227.54,0.0,9227.54,429.72,8797.82,36042.53
LN00411,ENT0041,21,2023-12-25,9227.54,0.0,9227.54,345.41,8882.13,27160.4
LN00411,ENT0041,22,2024-01-25,9227.54,0.0,9227.54,260.29,8967.25,18193.14
LN00411,ENT0041,23,2024-02-25,9227.54,0.0,9227.54,174.35,9053.19,9139.95
LN00411,ENT0041,24,2024-03-25,9227.54,0.0,9227.54,87.59,9139.95,0.0
LN00412,ENT0041,1,2024-09-02,5754.02,0.0,5754.02,1791.67,3962.36,168037.64
LN00412,ENT0041,2,2024-10-02,5754.02,0.0,5754.02,1750.39,4003.63,164034.01
LN00412,ENT0041,3,2024-11-02,5754.02,0.0,5754.02,1708.69,4045.34,159988.68
LN00412,ENT0041,4,2024-12-02,5754.02,0.0,5754.02,1666.55,4087.47,155901.2
LN00412,ENT0041,5,2025-01-02,5754.02,0.0,5754.02,1623.97,4130.05,151771.15
LN00412,ENT0041,6,2025-02-02,5754.02,0.0,5754.02,1580.95,4173.07,147598.07
LN00412,ENT0041,7,2025-03-02,5754.02,0.0,5754.02,1537.48,4216.54,143381.53
LN00412,ENT0041,8,2025-04-02,5754.02,0.0,5754.02,1493.56,4260.47,139121.06
LN00412,ENT0041,9,2025-05-02,5754.02,0.0,5754.02,1449.18,4304.85,134816.22
LN00412,ENT0041,10,2025-06-02,5754.02,0.0,5754.02,1404.34,4349.69,130466.53
LN00412,ENT0041,11,2025-07-02,5754.02,0.0,5754.02,1359.03,4395.0,126071.53
LN00412,ENT0041,12,2025-08-02,5754.02,0.0,5754.02,1313.25,4440.78,121630.75
LN00412,ENT0041,13,2025-09-02,5754.02,0.0,5754.02,1266.99,4487.04,117143.72
LN00412,ENT0041,14,2025-10-02,5754.02,0.0,5754.02,1220.25,4533.78,112609.94
LN00412,ENT0041,15,2025-11-02,5754.02,0.0,5754.02,1173.02,4581.0,108028.94
LN00412,ENT0041,16,2025-12-02,5754.02,0.0,5754.02,1125.3,4628.72,103400.22
LN00412,ENT0041,17,2026-01-02,5754.02,0.0,5754.02,1077.09,4676.94,98723.28
LN00412,ENT0041,18,2026-02-02,5754.02,0.0,5754.02,1028.37,4725.66,93997.62
LN00412,ENT0041,19,2026-03-02,5754.02,0.0,5754.02,979.14,4774.88,89222.74
LN00412,ENT0041,20,2026-04-02,5754.02,0.0,5754.02,929.4,4824.62,84398.12
LN00412,ENT0041,21,2026-05-02,5754.02,0.0,5754.02,879.15,4874.88,79523.24
LN00412,ENT0041,22,2026-06-02,5754.02,0.0,5754.02,828.37,4925.66,74597.59
LN00412,ENT0041,23,2026-07-02,5754.02,0.0,5754.02,777.06,4976.97,69620.62
LN00421,ENT0042,13,2023-08-02,1409.45,0.0,1409.45,243.02,1166.43,29530.84
LN00421,ENT0042,14,2023-09-02,1409.45,0.0,1409.45,233.79,1175.66,28355.18
LN00421,ENT0042,15,2023-10-02,1409.45,0.0,1409.45,224.48,1184.97,27170.21
LN00421,ENT0042,16,2023-11-02,1409.45,0.0,1409.45,215.1,1194.35,25975.86
LN00421,ENT0042,17,2023-12-02,1409.45,0.0,1409.45,205.64,1203.81,24772.05
LN00421,ENT0042,18,2024-01-02,1409.45,0.0,1409.45,196.11,1213.34,23558.71
LN00421,ENT0042,19,2024-02-02,1409.45,0.0,1409.45,186.51,1222.94,22335.77
LN00421,ENT0042,20,2024-03-02,1409.45,0.0,1409.45,176.82,1232.62,21103.14
LN00421,ENT0042,21,2024-04-02,1409.45,0.0,1409.45,167.07,1242.38,19860.76
LN00421,ENT0042,22,2024-05-02,1409.45,0.0,1409.45,157.23,1252.22,18608.54
LN00421,ENT0042,23,2024-06-02,1409.45,0.0,1409.45,147.32,1262.13,17346.41
LN00421,ENT0042,24,2024-07-02,1409.45,0.0,1409.45,137.33,1272.12,16074.29
LN00421,ENT0042,25,2024-08-02,1409.45,0.0,1409.45,127.25,1282.2,14792.09
LN00421,ENT0042,26,2024-09-02,1409.45,0.0,1409.45,117.1,1292.35,13499.74
LN00421,ENT0042,27,2024-10-02,1409.45,0.0,1409.45,106.87,1302.58,12197.17
LN00421,ENT0042,28,2024-11-02,1409.45,281.89,1127.56,96.56,1312.89,10884.28
LN00421,ENT0042,29,2024-12-02,1409.45,281.89,1127.56,86.17,1323.28,9561.0
LN00421,ENT0042,30,2025-01-02,1409.45,281.89,1127.56,75.69,1333.76,8227.24
LN00421,ENT0042,31,2025-02-02,1409.45,281.89,1127.56,65.13,1344.32,6882.92
LN00421,ENT0042,32,2025-03-02,1409.45,281.89,1127.56,54.49,1354.96,5527.96
LN00421,ENT0042,33,2025-04-02,1409.45,281.89,1127.56,43.76,1365.69,4162.27
LN00421,ENT0042,34,2025-05-02,1409.45,281.89,1127.56,32.95,1376.5,2785.78
LN00421,ENT0042,35,2025-06-02,1409.45,281.89,1127.56,22.05,1387.4,1398.38
LN00421,ENT0042,36,2025-07-02,1409.45,281.89,1127.56,11.07,1398.38,0.0
LN00422,ENT0042,1,2025-11-06,5041.35,1008.27,4033.08,1225.0,3816.35,101183.65
LN00422,ENT0042,2,2025-12-06,5041.35,1008.27,4033.08,1180.48,3860.88,97322.77
LN00422,ENT0042,3,2026-01-06,5041.35,1008.27,4033.08,1135.43,3905.92,93416.85
LN00422,ENT0042,4,2026-02-06,5041.35,1008.27,4033.08,1089.86,3951.49,89465.36
LN00422,ENT0042,5,2026-03-06,5041.35,1008.27,4033.08,1043.76,3997.59,85467.77
LN00422,ENT0042,6,2026-04-06,5041.35,1008.27,4033.08,997.12,4044.23,81423.54
LN00422,ENT0042,7,2026-05-06,5041.35,1008.27,4033.08,949.94,4091.41,77332.13
LN00422,ENT0042,8,2026-06-06,5041.35,1008.27,4033.08,902.21,4139.14,73192.99
LN00422,ENT0042,9,2026-07-06,5041.35,1008.27,4033.08,853.92,4187.43,69005.55
LN00441,ENT0044,8,2023-08-21,6538.81,0.0,6538.81,1084.59,5454.21,131547.15
LN00441,ENT0044,9,2023-09-21,6538.81,0.0,6538.81,1041.41,5497.39,126049.75
LN00441,ENT0044,10,2023-10-21,6538.81,0.0,6538.81,997.89,5540.91,120508.84
LN00441,ENT0044,11,2023-11-21,6538.81,0.0,6538.81,954.03,5584.78,114924.06
LN00441,ENT0044,12,2023-12-21,6538.81,0.0,6538.81,909.82,5628.99,109295.06
LN00441,ENT0044,13,2024-01-21,6538.81,0.0,6538.81,865.25,5673.56,103621.51
LN00441,ENT0044,14,2024-02-21,6538.81,0.0,6538.81,820.34,5718.47,97903.04
LN00441,ENT0044,15,2024-03-21,6538.81,0.0,6538.81,775.07,5763.74,92139.29
LN00441,ENT0044,16,2024-04-21,6538.81,0.0,6538.81,729.44,5809.37,86329.92
LN00441,ENT0044,17,2024-05-21,6538.81,0.0,6538.81,683.45,5855.36,80474.56
LN00441,ENT0044,18,2024-06-21,6538.81,0.0,6538.81,637.09,5901.72,74572.84
LN00441,ENT0044,19,2024-07-21,6538.81,0.0,6538.81,590.37,5948.44,68624.4
LN00441,ENT0044,20,2024-08-21,6538.81,0.0,6538.81,543.28,5995.53,62628.87
LN00441,ENT0044,21,2024-09-21,6538.81,0.0,6538.81,495.81,6043.0,56585.87
LN00441,ENT0044,22,2024-10-21,6538.81,0.0,6538.81,447.97,6090.84,50495.03
LN00441,ENT0044,23,2024-11-21,6538.81,1307.76,5231.05,399.75,6139.06,44355.98
LN00441,ENT0044,24,2024-12-21,6538.81,1307.76,5231.05,351.15,6187.66,38168.32
LN00441,ENT0044,25,2025-01-21,6538.81,1307.76,5231.05,302.17,6236.64,31931.68
LN00441,ENT0044,26,2025-02-21,6538.81,1307.76,5231.05,252.79,6286.02,25645.66
LN00441,ENT0044,27,2025-03-21,6538.81,1307.76,5231.05,203.03,6335.78,19309.88
LN00441,ENT0044,28,2025-04-21,6538.81,1307.76,5231.05,152.87,6385.94,12923.94
LN00441,ENT0044,29,2025-05-21,6538.81,1307.76,5231.05,102.31,6436.49,6487.45
LN00441,ENT0044,30,2025-06-21,6538.81,1307.76,5231.05,51.36,6487.45,0.0
LN00451,ENT0045,16,2023-08-20,10122.97,0.0,10122.97,1463.36,8659.61,74961.15
LN00451,ENT0045,17,2023-09-20,10122.97,0.0,10122.97,1311.82,8811.15,66150.0
LN00451,ENT0045,18,2023-10-20,10122.97,0.0,10122.97,1157.62,8965.35,57184.65
LN00451,ENT0045,19,2023-11-20,10122.97,0.0,10122.97,1000.73,9122.24,48062.41
LN00451,ENT0045,20,2023-12-20,10122.97,0.0,10122.97,841.09,9281.88,38780.53
LN00451,ENT0045,21,2024-01-20,10122.97,0.0,10122.97,678.66,9444.31,29336.21
LN00451,ENT0045,22,2024-02-20,10122.97,0.0,10122.97,513.38,9609.59,19726.63
LN00451,ENT0045,23,2024-03-20,10122.97,0.0,10122.97,345.22,9777.76,9948.87
LN00451,ENT0045,24,2024-04-20,10122.97,0.0,10122.97,174.11,9948.87,0.0
LN00461,ENT0046,14,2023-08-10,11662.28,0.0,11662.28,968.96,10693.32,111701.62
LN00461,ENT0046,15,2023-09-10,11662.28,0.0,11662.28,884.3,10777.98,100923.64
LN00461,ENT0046,16,2023-10-10,11662.28,0.0,11662.28,798.98,10863.3,90060.34
LN00461,ENT0046,17,2023-11-10,11662.28,0.0,11662.28,712.98,10949.3,79111.03
LN00461,ENT0046,18,2023-12-10,11662.28,0.0,11662.28,626.3,11035.99,68075.05
LN00461,ENT0046,19,2024-01-10,11662.28,0.0,11662.28,538.93,11123.35,56951.69
LN00461,ENT0046,20,2024-02-10,11662.28,0.0,11662.28,450.87,11211.41,45740.28
LN00461,ENT0046,21,2024-03-10,11662.28,0.0,11662.28,362.11,11300.17,34440.11
LN00461,ENT0046,22,2024-04-10,11662.28,0.0,11662.28,272.65,11389.63,23050.48
LN00461,ENT0046,23,2024-05-10,11662.28,0.0,11662.28,182.48,11479.8,11570.68
LN00461,ENT0046,24,2024-06-10,11662.28,0.0,11662.28,91.6,11570.68,0.0
LN00471,ENT0047,10,2023-08-19,8450.64,0.0,8450.64,1771.29,6679.34,195754.37
LN00471,ENT0047,11,2023-09-19,8450.64,0.0,8450.64,1712.85,6737.78,189016.59
LN00471,ENT0047,12,2023-10-19,8450.64,0.0,8450.64,1653.9,6796.74,182219.85
LN00471,ENT0047,13,2023-11-19,8450.64,0.0,8450.64,1594.42,6856.21,175363.64
LN00471,ENT0047,14,2023-12-19,8450.64,0.0,8450.64,1534.43,6916.2,168447.43
LN00471,ENT0047,15,2024-01-19,8450.64,0.0,8450.64,1473.92,6976.72,161470.71
LN00471,ENT0047,16,2024-02-19,8450.64,0.0,8450.64,1412.87,7037.77,154432.95
LN00471,ENT0047,17,2024-03-19,8450.64,0.0,8450.64,1351.29,7099.35,147333.6
LN00471,ENT0047,18,2024-04-19,8450.64,0.0,8450.64,1289.17,7161.47,140172.13
LN00471,ENT0047,19,2024-05-19,8450.64,0.0,8450.64,1226.51,7224.13,132948.0
LN00471,ENT0047,20,2024-06-19,8450.64,0.0,8450.64,1163.3,7287.34,125660.66
LN00471,ENT0047,21,2024-07-19,8450.64,0.0,8450.64,1099.53,7351.1,118309.56
LN00471,ENT0047,22,2024-08-19,8450.64,0.0,8450.64,1035.21,7415.43,110894.13
LN00471,ENT0047,23,2024-09-19,8450.64,0.0,8450.64,970.32,7480.31,103413.82
LN00471,ENT0047,24,2024-10-19,8450.64,0.0,8450.64,904.87,7545.76,95868.06
LN00471,ENT0047,25,2024-11-19,8450.64,0.0,8450.64,838.85,7611.79,88256.27
LN00471,ENT0047,26,2024-12-19,8450.64,0.0,8450.64,772.24,7678.39,80577.87
LN00471,ENT0047,27,2025-01-19,8450.64,0.0,8450.64,705.06,7745.58,72832.3
LN00471,ENT0047,28,2025-02-19,8450.64,0.0,8450.64,637.28,7813.35,65018.94
LN00471,ENT0047,29,2025-03-19,8450.64,0.0,8450.64,568.92,7881.72,57137.22
LN00471,ENT0047,30,2025-04-19,8450.64,0.0,8450.64,499.95,7950.68,49186.54
LN00471,ENT0047,31,2025-05-19,8450.64,0.0,8450.64,430.38,8020.25,41166.29
LN00471,ENT0047,32,2025-06-19,8450.64,0.0,8450.64,360.2,8090.43,33075.86
LN00471,ENT0047,33,2025-07-19,8450.64,0.0,8450.64,289.41,8161.22,24914.63
LN00471,ENT0047,34,2025-08-19,8450.64,0.0,8450.64,218.0,8232.63,16682.0
LN00471,ENT0047,35,2025-09-19,8450.64,0.0,8450.64,145.97,8304.67,8377.33
LN00471,ENT0047,36,2025-10-19,8450.64,0.0,8450.64,73.3,8377.33,0.0
LN00481,ENT0048,6,2023-08-01,1256.49,0.0,1256.49,592.59,663.89,50129.73
LN00481,ENT0048,7,2023-09-01,1256.49,0.0,1256.49,584.85,671.64,49458.09
LN00481,ENT0048,8,2023-10-01,1256.49,0.0,1256.49,577.01,679.47,48778.62
LN00481,ENT0048,9,2023-11-01,1256.49,0.0,1256.49,569.08,687.4,48091.22
LN00481,ENT0048,10,2023-12-01,1256.49,0.0,1256.49,561.06,695.42,47395.8
LN00481,ENT0048,11,2024-01-01,1256.49,0.0,1256.49,552.95,703.53,46692.26
LN00481,ENT0048,12,2024-02-01,1256.49,0.0,1256.49,544.74,711.74,45980.52
LN00481,ENT0048,13,2024-03-01,1256.49,0.0,1256.49,536.44,720.05,45260.47
LN00481,ENT0048,14,2024-04-01,1256.49,0.0,1256.49,528.04,728.45,44532.03
LN00481,ENT0048,15,2024-05-01,1256.49,0.0,1256.49,519.54,736.95,43795.08
LN00481,ENT0048,16,2024-06-01,1256.49,0.0,1256.49,510.94,745.54,43049.54
LN00481,ENT0048,17,2024-07-01,1256.49,0.0,1256.49,502.24,754.24,42295.3
LN00481,ENT0048,18,2024-08-01,1256.49,0.0,1256.49,493.45,763.04,41532.26
LN00481,ENT0048,19,2024-09-01,1256.49,0.0,1256.49,484.54,771.94,40760.31
LN00481,ENT0048,20,2024-10-01,1256.49,0.0,1256.49,475.54,780.95,39979.36
LN00481,ENT0048,21,2024-11-01,1256.49,0.0,1256.49,466.43,790.06,39189.3
LN00481,ENT0048,22,2024-12-01,1256.49,0.0,1256.49,457.21,799.28,38390.03
LN00481,ENT0048,23,2025-01-01,1256.49,0.0,1256.49,447.88,808.6,37581.43
LN00481,ENT0048,24,2025-02-01,1256.49,0.0,1256.49,438.45,818.04,36763.39
LN00481,ENT0048,25,2025-03-01,1256.49,0.0,1256.49,428.91,827.58,35935.81
LN00481,ENT0048,26,2025-04-01,1256.49,0.0,1256.49,419.25,837.23,35098.58
LN00481,ENT0048,27,2025-05-01,1256.49,0.0,1256.49,409.48,847.0,34251.57
LN00481,ENT0048,28,2025-06-01,1256.49,0.0,1256.49,399.6,856.88,33394.69
LN00481,ENT0048,29,2025-07-01,1256.49,0.0,1256.49,389.6,866.88,32527.81
LN00481,ENT0048,30,2025-08-01,1256.49,0.0,1256.49,379.49,876.99,31650.82
LN00481,ENT0048,31,2025-09-01,1256.49,0.0,1256.49,369.26,887.23,30763.59
LN00481,ENT0048,32,2025-10-01,1256.49,0.0,1256.49,358.91,897.58,29866.01
LN00481,ENT0048,33,2025-11-01,1256.49,0.0,1256.49,348.44,908.05,28957.96
LN00481,ENT0048,34,2025-12-01,1256.49,0.0,1256.49,337.84,918.64,28039.32
LN00481,ENT0048,35,2026-01-01,1256.49,0.0,1256.49,327.13,929.36,27109.96
LN00481,ENT0048,36,2026-02-01,1256.49,0.0,1256.49,316.28,940.2,26169.76
LN00481,ENT0048,37,2026-03-01,1256.49,0.0,1256.49,305.31,951.17,25218.59
LN00481,ENT0048,38,2026-04-01,1256.49,0.0,1256.49,294.22,962.27,24256.32
LN00481,ENT0048,39,2026-05-01,1256.49,0.0,1256.49,282.99,973.5,23282.82
LN00481,ENT0048,40,2026-06-01,1256.49,0.0,1256.49,271.63,984.85,22297.97
LN00481,ENT0048,41,2026-07-01,1256.49,0.0,1256.49,260.14,996.34,21301.63
LN00501,ENT0050,10,2023-08-01,9435.9,0.0,9435.9,3137.01,6298.89,294854.4
LN00501,ENT0050,11,2023-09-01,9435.9,0.0,9435.9,3071.4,6364.5,288489.9
LN00501,ENT0050,12,2023-10-01,9435.9,0.0,9435.9,3005.1,6430.8,282059.1
LN00501,ENT0050,13,2023-11-01,9435.9,0.0,9435.9,2938.12,6497.78,275561.32
LN00501,ENT0050,14,2023-12-01,9435.9,0.0,9435.9,2870.43,6565.47,268995.85
LN00501,ENT0050,15,2024-01-01,9435.9,0.0,9435.9,2802.04,6633.86,262361.99
LN00501,ENT0050,16,2024-02-01,9435.9,0.0,9435.9,2732.94,6702.96,255659.03
LN00501,ENT0050,17,2024-03-01,9435.9,0.0,9435.9,2663.11,6772.78,248886.24
LN00501,ENT0050,18,2024-04-01,9435.9,0.0,9435.9,2592.57,6843.33,242042.91
LN00501,ENT0050,19,2024-05-01,9435.9,0.0,9435.9,2521.28,6914.62,235128.29
LN00501,ENT0050,20,2024-06-01,9435.9,0.0,9435.9,2449.25,6986.65,228141.64
LN00501,ENT0050,21,2024-07-01,9435.9,0.0,9435.9,2376.48,7059.42,221082.22
LN00501,ENT0050,22,2024-08-01,9435.9,0.0,9435.9,2302.94,7132.96,213949.26
LN00501,ENT0050,23,2024-09-01,9435.9,0.0,9435.9,2228.64,7207.26,206742.0
LN00501,ENT0050,24,2024-10-01,9435.9,0.0,9435.9,2153.56,7282.34,199459.66
LN00501,ENT0050,25,2024-11-01,9435.9,0.0,9435.9,2077.7,7358.19,192101.46
LN00501,ENT0050,26,2024-12-01,9435.9,0.0,9435.9,2001.06,7434.84,184666.62
LN00501,ENT0050,27,2025-01-01,9435.9,0.0,9435.9,1923.61,7512.29,177154.33
LN00501,ENT0050,28,2025-02-01,9435.9,0.0,9435.9,1845.36,7590.54,169563.79
LN00501,ENT0050,29,2025-03-01,9435.9,0.0,9435.9,1766.29,7669.61,161894.18
LN00501,ENT0050,30,2025-04-01,9435.9,0.0,9435.9,1686.4,7749.5,154144.68
LN00501,ENT0050,31,2025-05-01,9435.9,0.0,9435.9,1605.67,7830.23,146314.45
LN00501,ENT0050,32,2025-06-01,9435.9,0.0,9435.9,1524.11,7911.79,138402.66
LN00501,ENT0050,33,2025-07-01,9435.9,1132.31,8303.59,1441.69,7994.21,130408.46
LN00501,ENT0050,34,2025-08-01,9435.9,1132.31,8303.59,1358.42,8077.48,122330.98
LN00501,ENT0050,35,2025-09-01,9435.9,1132.31,8303.59,1274.28,8161.62,114169.36
LN00501,ENT0050,36,2025-10-01,9435.9,1132.31,8303.59,1189.26,8246.64,105922.73
LN00501,ENT0050,37,2025-11-01,9435.9,1132.31,8303.59,1103.36,8332.54,97590.19
LN00501,ENT0050,38,2025-12-01,9435.9,1132.31,8303.59,1016.56,8419.34,89170.85
LN00501,ENT0050,39,2026-01-01,9435.9,1132.31,8303.59,928.86,8507.04,80663.82
LN00501,ENT0050,40,2026-02-01,9435.9,1132.31,8303.59,840.25,8595.65,72068.16
LN00501,ENT0050,41,2026-03-01,9435.9,1132.31,8303.59,750.71,8685.19,63382.97
LN00501,ENT0050,42,2026-04-01,9435.9,1132.31,8303.59,660.24,8775.66,54607.31
LN00501,ENT0050,43,2026-05-01,9435.9,1132.31,8303.59,568.83,8867.07,45740.24
LN00501,ENT0050,44,2026-06-01,9435.9,1132.31,8303.59,476.46,8959.44,36780.8
LN00501,ENT0050,45,2026-07-01,9435.9,1132.31,8303.59,383.13,9052.77,27728.04
LN00511,ENT0051,16,2023-08-26,495.45,0.0,495.45,215.96,279.49,12061.19
LN00511,ENT0051,17,2023-09-26,495.45,0.0,495.45,211.07,284.38,11776.81
LN00511,ENT0051,18,2023-10-26,495.45,0.0,495.45,206.09,289.36,11487.46
LN00511,ENT0051,19,2023-11-26,495.45,0.0,495.45,201.03,294.42,11193.03
LN00511,ENT0051,20,2023-12-26,495.45,0.0,495.45,195.88,299.57,10893.46
LN00511,ENT0051,21,2024-01-26,495.45,0.0,495.45,190.64,304.82,10588.65
LN00511,ENT0051,22,2024-02-26,495.45,0.0,495.45,185.3,310.15,10278.5
LN00511,ENT0051,23,2024-03-26,495.45,0.0,495.45,179.87,315.58,9962.92
LN00511,ENT0051,24,2024-04-26,495.45,0.0,495.45,174.35,321.1,9641.82
LN00511,ENT0051,25,2024-05-26,495.45,0.0,495.45,168.73,326.72,9315.1
LN00511,ENT0051,26,2024-06-26,495.45,0.0,495.45,163.01,332.44,8982.66
LN00511,ENT0051,27,2024-07-26,495.45,0.0,495.45,157.2,338.25,8644.41
LN00511,ENT0051,28,2024-08-26,495.45,0.0,495.45,151.28,344.17,8300.23
LN00511,ENT0051,29,2024-09-26,495.45,0.0,495.45,145.25,350.2,7950.04
LN00511,ENT0051,30,2024-10-26,495.45,0.0,495.45,139.13,356.33,7593.71
LN00511,ENT0051,31,2024-11-26,495.45,0.0,495.45,132.89,362.56,7231.15
LN00511,ENT0051,32,2024-12-26,495.45,0.0,495.45,126.55,368.91,6862.24
LN00511,ENT0051,33,2025-01-26,495.45,0.0,495.45,120.09,375.36,6486.88
LN00511,ENT0051,34,2025-02-26,495.45,0.0,495.45,113.52,381.93,6104.95
LN00511,ENT0051,35,2025-03-26,495.45,0.0,495.45,106.84,388.61,5716.34
LN00511,ENT0051,36,2025-04-26,495.45,0.0,495.45,100.04,395.42,5320.92
LN00511,ENT0051,37,2025-05-26,495.45,0.0,495.45,93.12,402.33,4918.59
LN00511,ENT0051,38,2025-06-26,495.45,0.0,495.45,86.08,409.38,4509.21
LN00511,ENT0051,39,2025-07-26,495.45,0.0,495.45,78.91,416.54,4092.67
LN00511,ENT0051,40,2025-08-26,495.45,0.0,495.45,71.62,423.83,3668.84
LN00511,ENT0051,41,2025-09-26,495.45,0.0,495.45,64.2,431.25,3237.6
LN00511,ENT0051,42,2025-10-26,495.45,0.0,495.45,56.66,438.79,2798.8
LN00511,ENT0051,43,2025-11-26,495.45,0.0,495.45,48.98,446.47,2352.33
LN00511,ENT0051,44,2025-12-26,495.45,0.0,495.45,41.17,454.29,1898.04
LN00511,ENT0051,45,2026-01-26,495.45,0.0,495.45,33.22,462.24,1435.81
LN00511,ENT0051,46,2026-02-26,495.45,0.0,495.45,25.13,470.32,965.48
LN00511,ENT0051,47,2026-03-26,495.45,0.0,495.45,16.9,478.56,486.93
LN00511,ENT0051,48,2026-04-26,495.45,0.0,495.45,8.52,486.93,0.0
LN00512,ENT0051,1,2024-12-02,1315.46,0.0,1315.46,632.5,682.96,45317.04
LN00512,ENT0051,2,2025-01-02,1315.46,0.0,1315.46,623.11,692.35,44624.68
LN00512,ENT0051,3,2025-02-02,1315.46,0.0,1315.46,613.59,701.87,43922.81
LN00512,ENT0051,4,2025-03-02,1315.46,0.0,1315.46,603.94,711.52,43211.29
LN00512,ENT0051,5,2025-04-02,1315.46,0.0,1315.46,594.16,721.31,42489.98
LN00512,ENT0051,6,2025-05-02,1315.46,0.0,1315.46,584.24,731.23,41758.76
LN00512,ENT0051,7,2025-06-02,1315.46,0.0,1315.46,574.18,741.28,41017.48
LN00512,ENT0051,8,2025-07-02,1315.46,0.0,1315.46,563.99,751.47,40266.0
LN00512,ENT0051,9,2025-08-02,1315.46,0.0,1315.46,553.66,761.8,39504.2
LN00512,ENT0051,10,2025-09-02,1315.46,0.0,1315.46,543.18,772.28,38731.92
LN00512,ENT0051,11,2025-10-02,1315.46,0.0,1315.46,532.56,782.9,37949.02
LN00512,ENT0051,12,2025-11-02,1315.46,0.0,1315.46,521.8,793.66,37155.36
LN00512,ENT0051,13,2025-12-02,1315.46,0.0,1315.46,510.89,804.58,36350.78
LN00512,ENT0051,14,2026-01-02,1315.46,0.0,1315.46,499.82,815.64,35535.14
LN00512,ENT0051,15,2026-02-02,1315.46,0.0,1315.46,488.61,826.85,34708.29
LN00512,ENT0051,16,2026-03-02,1315.46,0.0,1315.46,477.24,838.22,33870.06
LN00512,ENT0051,17,2026-04-02,1315.46,0.0,1315.46,465.71,849.75,33020.31
LN00512,ENT0051,18,2026-05-02,1315.46,0.0,1315.46,454.03,861.43,32158.88
LN00512,ENT0051,19,2026-06-02,1315.46,0.0,1315.46,442.18,873.28,31285.6
LN00512,ENT0051,20,2026-07-02,1315.46,0.0,1315.46,430.18,885.29,30400.32
LN00521,ENT0052,1,2023-08-25,3795.52,0.0,3795.52,799.58,2995.93,98004.07
LN00521,ENT0052,2,2023-09-25,3795.52,0.0,3795.52,775.87,3019.65,94984.42
LN00521,ENT0052,3,2023-10-25,3795.52,0.0,3795.52,751.96,3043.56,91940.86
LN00521,ENT0052,4,2023-11-25,3795.52,0.0,3795.52,727.87,3067.65,88873.21
LN00521,ENT0052,5,2023-12-25,3795.52,0.0,3795.52,703.58,3091.94,85781.28
LN00521,ENT0052,6,2024-01-25,3795.52,0.0,3795.52,679.1,3116.41,82664.86
LN00521,ENT0052,7,2024-02-25,3795.52,0.0,3795.52,654.43,3141.09,79523.78
LN00521,ENT0052,8,2024-03-25,3795.52,0.0,3795.52,629.56,3165.95,76357.83
LN00521,ENT0052,9,2024-04-25,3795.52,0.0,3795.52,604.5,3191.02,73166.81
LN00521,ENT0052,10,2024-05-25,3795.52,0.0,3795.52,579.24,3216.28,69950.53
LN00521,ENT0052,11,2024-06-25,3795.52,0.0,3795.52,553.78,3241.74,66708.79
LN00521,ENT0052,12,2024-07-25,3795.52,0.0,3795.52,528.11,3267.4,63441.39
LN00521,ENT0052,13,2024-08-25,3795.52,0.0,3795.52,502.24,3293.27,60148.12
LN00521,ENT0052,14,2024-09-25,3795.52,0.0,3795.52,476.17,3319.34,56828.77
LN00521,ENT0052,15,2024-10-25,3795.52,0.0,3795.52,449.89,3345.62,53483.15
LN00521,ENT0052,16,2024-11-25,3795.52,759.1,3036.41,423.41,3372.11,50111.05
LN00521,ENT0052,17,2024-12-25,3795.52,759.1,3036.41,396.71,3398.8,46712.24
LN00521,ENT0052,18,2025-01-25,3795.52,759.1,3036.41,369.81,3425.71,43286.53
LN00521,ENT0052,19,2025-02-25,3795.52,759.1,3036.41,342.69,3452.83,39833.7
LN00521,ENT0052,20,2025-03-25,3795.52,759.1,3036.41,315.35,3480.17,36353.54
LN00521,ENT0052,21,2025-04-25,3795.52,759.1,3036.41,287.8,3507.72,32845.82
LN00521,ENT0052,22,2025-05-25,3795.52,759.1,3036.41,260.03,3535.49,29310.34
LN00521,ENT0052,23,2025-06-25,3795.52,759.1,3036.41,232.04,3563.48,25746.86
LN00521,ENT0052,24,2025-07-25,3795.52,759.1,3036.41,203.83,3591.69,22155.18
LN00521,ENT0052,25,2025-08-25,3795.52,759.1,3036.41,175.4,3620.12,18535.05
LN00521,ENT0052,26,2025-09-25,3795.52,759.1,3036.41,146.74,3648.78,14886.28
LN00521,ENT0052,27,2025-10-25,3795.52,759.1,3036.41,117.85,3677.67,11208.61
LN00521,ENT0052,28,2025-11-25,3795.52,759.1,3036.41,88.73,3706.78,7501.83
LN00521,ENT0052,29,2025-12-25,3795.52,759.1,3036.41,59.39,3736.13,3765.7
LN00521,ENT0052,30,2026-01-25,3795.52,759.1,3036.41,29.81,3765.7,0.0
LN00541,ENT0054,1,2023-08-03,8418.43,0.0,8418.43,910.42,7508.01,87491.99
LN00541,ENT0054,2,2023-09-03,8418.43,0.0,8418.43,838.46,7579.97,79912.02
LN00541,ENT0054,3,2023-10-03,8418.43,0.0,8418.43,765.82,7652.61,72259.41
LN00541,ENT0054,4,2023-11-03,8418.43,0.0,8418.43,692.49,7725.94,64533.47
LN00541,ENT0054,5,2023-12-03,8418.43,0.0,8418.43,618.45,7799.98,56733.49
LN00541,ENT0054,6,2024-01-03,8418.43,0.0,8418.43,543.7,7874.73,48858.75
LN00541,ENT0054,7,2024-02-03,8418.43,0.0,8418.43,468.23,7950.2,40908.55
LN00541,ENT0054,8,2024-03-03,8418.43,0.0,8418.43,392.04,8026.39,32882.16
LN00541,ENT0054,9,2024-04-03,8418.43,0.0,8418.43,315.12,8103.31,24778.85
LN00541,ENT0054,10,2024-05-03,8418.43,0.0,8418.43,237.46,8180.97,16597.89
LN00541,ENT0054,11,2024-06-03,8418.43,0.0,8418.43,159.06,8259.37,8338.52
LN00541,ENT0054,12,2024-07-03,8418.43,0.0,8418.43,79.91,8338.52,0.0
LN00551,ENT0055,15,2023-08-24,2529.14,0.0,2529.14,569.62,1959.52,46865.34
LN00551,ENT0055,16,2023-09-24,2529.14,0.0,2529.14,546.76,1982.38,44882.96
LN00551,ENT0055,17,2023-10-24,2529.14,0.0,2529.14,523.63,2005.51,42877.45
LN00551,ENT0055,18,2023-11-24,2529.14,0.0,2529.14,500.24,2028.91,40848.54
LN00551,ENT0055,19,2023-12-24,2529.14,0.0,2529.14,476.57,2052.58,38795.96
LN00551,ENT0055,20,2024-01-24,2529.14,0.0,2529.14,452.62,2076.53,36719.44
LN00551,ENT0055,21,2024-02-24,2529.14,0.0,2529.14,428.39,2100.75,34618.69
LN00551,ENT0055,22,2024-03-24,2529.14,0.0,2529.14,403.88,2125.26,32493.43
LN00551,ENT0055,23,2024-04-24,2529.14,0.0,2529.14,379.09,2150.05,30343.37
LN00551,ENT0055,24,2024-05-24,2529.14,0.0,2529.14,354.01,2175.14,28168.23
LN00551,ENT0055,25,2024-06-24,2529.14,0.0,2529.14,328.63,2200.52,25967.72
LN00551,ENT0055,26,2024-07-24,2529.14,0.0,2529.14,302.96,2226.19,23741.53
LN00551,ENT0055,27,2024-08-24,2529.14,0.0,2529.14,276.98,2252.16,21489.37
LN00551,ENT0055,28,2024-09-24,2529.14,0.0,2529.14,250.71,2278.44,19210.94
LN00551,ENT0055,29,2024-10-24,2529.14,0.0,2529.14,224.13,2305.02,16905.92
LN00551,ENT0055,30,2024-11-24,2529.14,0.0,2529.14,197.24,2331.91,14574.01
LN00551,ENT0055,31,2024-12-24,2529.14,0.0,2529.14,170.03,2359.11,12214.9
LN00551,ENT0055,32,2025-01-24,2529.14,0.0,2529.14,142.51,2386.64,9828.26
LN00551,ENT0055,33,2025-02-24,2529.14,0.0,2529.14,114.66,2414.48,7413.78
LN00551,ENT0055,34,2025-03-24,2529.14,0.0,2529.14,86.49,2442.65,4971.13
LN00551,ENT0055,35,2025-04-24,2529.14,0.0,2529.14,58.0,2471.15,2499.98
LN00551,ENT0055,36,2025-05-24,2529.14,0.0,2529.14,29.17,2499.98,0.0
LN00571,ENT0057,8,2023-08-11,10057.68,0.0,10057.68,2430.31,7627.37,245970.24
LN00571,ENT0057,9,2023-09-11,10057.68,0.0,10057.68,2357.21,7700.47,238269.78
LN00571,ENT0057,10,2023-10-11,10057.68,0.0,10057.68,2283.42,7774.26,230495.51
LN00571,ENT0057,11,2023-11-11,10057.68,0.0,10057.68,2208.92,7848.77,222646.75
LN00571,ENT0057,12,2023-12-11,10057.68,0.0,10057.68,2133.7,7923.98,214722.76
LN00571,ENT0057,13,2024-01-11,10057.68,0.0,10057.68,2057.76,7999.92,206722.84
LN00571,ENT0057,14,2024-02-11,10057.68,0.0,10057.68,1981.09,8076.59,198646.25
LN00571,ENT0057,15,2024-03-11,10057.68,0.0,10057.68,1903.69,8153.99,190492.26
LN00571,ENT0057,16,2024-04-11,10057.68,0.0,10057.68,1825.55,8232.13,182260.13
LN00571,ENT0057,17,2024-05-11,10057.68,0.0,10057.68,1746.66,8311.02,173949.11
LN00571,ENT0057,18,2024-06-11,10057.68,0.0,10057.68,1667.01,8390.67,165558.44
LN00571,ENT0057,19,2024-07-11,10057.68,0.0,10057.68,1586.6,8471.08,157087.36
LN00571,ENT0057,20,2024-08-11,10057.68,0.0,10057.68,1505.42,8552.26,148535.1
LN00571,ENT0057,21,2024-09-11,10057.68,0.0,10057.68,1423.46,8634.22,139900.88
LN00571,ENT0057,22,2024-10-11,10057.68,0.0,10057.68,1340.72,8716.97,131183.91
LN00571,ENT0057,23,2024-11-11,10057.68,0.0,10057.68,1257.18,8800.5,122383.41
LN00571,ENT0057,24,2024-12-11,10057.68,0.0,10057.68,1172.84,8884.84,113498.57
LN00571,ENT0057,25,2025-01-11,10057.68,0.0,10057.68,1087.69,8969.99,104528.58
LN00571,ENT0057,26,2025-02-11,10057.68,0.0,10057.68,1001.73,9055.95,95472.63
LN00571,ENT0057,27,2025-03-11,10057.68,0.0,10057.68,914.95,9142.74,86329.9
LN00571,ENT0057,28,2025-04-11,10057.68,0.0,10057.68,827.33,9230.35,77099.54
LN00571,ENT0057,29,2025-05-11,10057.68,0.0,10057.68,738.87,9318.81,67780.73
LN00571,ENT0057,30,2025-06-11,10057.68,0.0,10057.68,649.57,9408.12,58372.62
LN00571,ENT0057,31,2025-07-11,10057.68,1206.92,8850.76,559.4,9498.28,48874.34
LN00571,ENT0057,32,2025-08-11,10057.68,1206.92,8850.76,468.38,9589.3,39285.04
LN00571,ENT0057,33,2025-09-11,10057.68,1206.92,8850.76,376.48,9681.2,29603.84
LN00571,ENT0057,34,2025-10-11,10057.68,1206.92,8850.76,283.7,9773.98,19829.86
LN00571,ENT0057,35,2025-11-11,10057.68,1206.92,8850.76,190.04,9867.65,9962.21
LN00571,ENT0057,36,2025-12-11,10057.68,1206.92,8850.76,95.47,9962.21,0.0
LN00581,ENT0058,1,2023-09-01,3769.46,0.0,3769.46,1890.0,1879.46,160120.54
LN00581,ENT0058,2,2023-10-01,3769.46,0.0,3769.46,1868.07,1901.38,158219.16
LN00581,ENT0058,3,2023-11-01,3769.46,0.0,3769.46,1845.89,1923.57,156295.59
LN00581,ENT0058,4,2023-12-01,3769.46,0.0,3769.46,1823.45,1946.01,154349.59
LN00581,ENT0058,5,2024-01-01,3769.46,0.0,3769.46,1800.75,1968.71,152380.87
LN00581,ENT0058,6,2024-02-01,3769.46,0.0,3769.46,1777.78,1991.68,150389.19
LN00581,ENT0058,7,2024-03-01,3769.46,0.0,3769.46,1754.54,2014.92,148374.28
LN00581,ENT0058,8,2024-04-01,3769.46,0.0,3769.46,1731.03,2038.42,146335.85
LN00581,ENT0058,9,2024-05-01,3769.46,0.0,3769.46,1707.25,2062.21,144273.65
LN00581,ENT0058,10,2024-06-01,3769.46,0.0,3769.46,1683.19,2086.26,142187.39
LN00581,ENT0058,11,2024-07-01,3769.46,0.0,3769.46,1658.85,2110.6,140076.78
LN00581,ENT0058,12,2024-08-01,3769.46,0.0,3769.46,1634.23,2135.23,137941.55
LN00581,ENT0058,13,2024-09-01,3769.46,0.0,3769.46,1609.32,2160.14,135781.42
LN00581,ENT0058,14,2024-10-01,3769.46,0.0,3769.46,1584.12,2185.34,133596.08
LN00581,ENT0058,15,2024-11-01,3769.46,0.0,3769.46,1558.62,2210.84,131385.24
LN00581,ENT0058,16,2024-12-01,3769.46,0.0,3769.46,1532.83,2236.63,129148.61
LN00581,ENT0058,17,2025-01-01,3769.46,0.0,3769.46,1506.73,2262.72,126885.89
LN00581,ENT0058,18,2025-02-01,3769.46,0.0,3769.46,1480.34,2289.12,124596.77
LN00581,ENT0058,19,2025-03-01,3769.46,0.0,3769.46,1453.63,2315.83,122280.94
LN00581,ENT0058,20,2025-04-01,3769.46,0.0,3769.46,1426.61,2342.85,119938.09
LN00581,ENT0058,21,2025-05-01,3769.46,0.0,3769.46,1399.28,2370.18,117567.91
LN00581,ENT0058,22,2025-06-01,3769.46,0.0,3769.46,1371.63,2397.83,115170.08
LN00581,ENT0058,23,2025-07-01,3769.46,452.33,3317.12,1343.65,2425.81,112744.28
LN00581,ENT0058,24,2025-08-01,3769.46,452.33,3317.12,1315.35,2454.11,110290.17
LN00581,ENT0058,25,2025-09-01,3769.46,452.33,3317.12,1286.72,2482.74,107807.43
LN00581,ENT0058,26,2025-10-01,3769.46,452.33,3317.12,1257.75,2511.7,105295.73
LN00581,ENT0058,27,2025-11-01,3769.46,452.33,3317.12,1228.45,2541.01,102754.72
LN00581,ENT0058,28,2025-12-01,3769.46,452.33,3317.12,1198.81,2570.65,100184.07
LN00581,ENT0058,29,2026-01-01,3769.46,452.33,3317.12,1168.81,2600.64,97583.43
LN00581,ENT0058,30,2026-02-01,3769.46,452.33,3317.12,1138.47,2630.98,94952.45
LN00581,ENT0058,31,2026-03-01,3769.46,452.33,3317.12,1107.78,2661.68,92290.77
LN00581,ENT0058,32,2026-04-01,3769.46,452.33,3317.12,1076.73,2692.73,89598.04
LN00581,ENT0058,33,2026-05-01,3769.46,452.33,3317.12,1045.31,2724.15,86873.89
LN00581,ENT0058,34,2026-06-01,3769.46,452.33,3317.12,1013.53,2755.93,84117.96
LN00581,ENT0058,35,2026-07-01,3769.46,452.33,3317.12,981.38,2788.08,81329.88
LN00582,ENT0058,1,2025-05-15,9596.02,0.0,9596.02,2788.75,6807.27,284192.73
LN00582,ENT0058,2,2025-06-15,9596.02,0.0,9596.02,2723.51,6872.5,277320.23
LN00582,ENT0058,3,2025-07-15,9596.02,1151.52,8444.5,2657.65,6938.37,270381.86
LN00582,ENT0058,4,2025-08-15,9596.02,1151.52,8444.5,2591.16,7004.86,263377.0
LN00582,ENT0058,5,2025-09-15,9596.02,1151.52,8444.5,2524.03,7071.99,256305.02
LN00582,ENT0058,6,2025-10-15,9596.02,1151.52,8444.5,2456.26,7139.76,249165.25
LN00582,ENT0058,7,2025-11-15,9596.02,1151.52,8444.5,2387.83,7208.18,241957.07
LN00582,ENT0058,8,2025-12-15,9596.02,1151.52,8444.5,2318.76,7277.26,234679.81
LN00582,ENT0058,9,2026-01-15,9596.02,1151.52,8444.5,2249.01,7347.0,227332.8
LN00582,ENT0058,10,2026-02-15,9596.02,1151.52,8444.5,2178.61,7417.41,219915.39
LN00582,ENT0058,11,2026-03-15,9596.02,1151.52,8444.5,2107.52,7488.5,212426.9
LN00582,ENT0058,12,2026-04-15,9596.02,1151.52,8444.5,2035.76,7560.26,204866.64
LN00582,ENT0058,13,2026-05-15,9596.02,1151.52,8444.5,1963.31,7632.71,197233.92
LN00582,ENT0058,14,2026-06-15,9596.02,1151.52,8444.5,1890.16,7705.86,189528.06
LN00582,ENT0058,15,2026-07-15,9596.02,1151.52,8444.5,1816.31,7779.71,181748.36
LN00591,ENT0059,2,2023-08-26,40524.04,0.0,40524.04,6545.54,33978.5,594393.29
LN00591,ENT0059,3,2023-09-26,40524.04,0.0,40524.04,6191.6,34332.45,560060.84
LN00591,ENT0059,4,2023-10-26,40524.04,0.0,40524.04,5833.97,34690.08,525370.77
LN00591,ENT0059,5,2023-11-26,40524.04,0.0,40524.04,5472.61,35051.43,490319.34
LN00591,ENT0059,6,2023-12-26,40524.04,0.0,40524.04,5107.49,35416.55,454902.79
LN00591,ENT0059,7,2024-01-26,40524.04,0.0,40524.04,4738.57,35785.47,419117.32
LN00591,ENT0059,8,2024-02-26,40524.04,0.0,40524.04,4365.81,36158.24,382959.08
LN00591,ENT0059,9,2024-03-26,40524.04,0.0,40524.04,3989.16,36534.89,346424.19
LN00591,ENT0059,10,2024-04-26,40524.04,0.0,40524.04,3608.59,36915.46,309508.74
LN00591,ENT0059,11,2024-05-26,40524.04,0.0,40524.04,3224.05,37299.99,272208.74
LN00591,ENT0059,12,2024-06-26,40524.04,0.0,40524.04,2835.51,37688.53,234520.21
LN00591,ENT0059,13,2024-07-26,40524.04,0.0,40524.04,2442.92,38081.12,196439.08
LN00591,ENT0059,14,2024-08-26,40524.04,0.0,40524.04,2046.24,38477.8,157961.28
LN00591,ENT0059,15,2024-09-26,40524.04,0.0,40524.04,1645.43,38878.61,119082.67
LN00591,ENT0059,16,2024-10-26,40524.04,0.0,40524.04,1240.44,39283.6,79799.07
LN00591,ENT0059,17,2024-11-26,40524.04,0.0,40524.04,831.24,39692.8,40106.27
LN00591,ENT0059,18,2024-12-26,40524.04,0.0,40524.04,417.77,40106.27,0.0
LN00592,ENT0059,1,2025-06-10,3626.37,0.0,3626.37,1332.08,2294.29,136705.71
LN00592,ENT0059,2,2025-07-10,3626.37,435.16,3191.21,1310.1,2316.28,134389.44
LN00592,ENT0059,3,2025-08-10,3626.37,435.16,3191.21,1287.9,2338.47,132050.96
LN00592,ENT0059,4,2025-09-10,3626.37,435.16,3191.21,1265.49,2360.88,129690.08
LN00592,ENT0059,5,2025-10-10,3626.37,435.16,3191.21,1242.86,2383.51,127306.57
LN00592,ENT0059,6,2025-11-10,3626.37,435.16,3191.21,1220.02,2406.35,124900.22
LN00592,ENT0059,7,2025-12-10,3626.37,435.16,3191.21,1196.96,2429.41,122470.81
LN00592,ENT0059,8,2026-01-10,3626.37,435.16,3191.21,1173.68,2452.69,120018.11
LN00592,ENT0059,9,2026-02-10,3626.37,435.16,3191.21,1150.17,2476.2,117541.91
LN00592,ENT0059,10,2026-03-10,3626.37,435.16,3191.21,1126.44,2499.93,115041.98
LN00592,ENT0059,11,2026-04-10,3626.37,435.16,3191.21,1102.49,2523.89,112518.1
LN00592,ENT0059,12,2026-05-10,3626.37,435.16,3191.21,1078.3,2548.07,109970.02
LN00592,ENT0059,13,2026-06-10,3626.37,435.16,3191.21,1053.88,2572.49,107397.53
LN00592,ENT0059,14,2026-07-10,3626.37,435.16,3191.21,1029.23,2597.15,104800.39
LN00601,ENT0060,3,2023-08-03,4114.8,0.0,4114.8,1221.91,2892.89,114410.51
LN00601,ENT0060,4,2023-09-03,4114.8,0.0,4114.8,1191.78,2923.02,111487.49
LN00601,ENT0060,5,2023-10-03,4114.8,0.0,4114.8,1161.33,2953.47,108534.02
LN00601,ENT0060,6,2023-11-03,4114.8,0.0,4114.8,1130.56,2984.23,105549.79
LN00601,ENT0060,7,2023-12-03,4114.8,0.0,4114.8,1099.48,3015.32,102534.47
LN00601,ENT0060,8,2024-01-03,4114.8,0.0,4114.8,1068.07,3046.73,99487.74
LN00601,ENT0060,9,2024-02-03,4114.8,0.0,4114.8,1036.33,3078.47,96409.27
LN00601,ENT0060,10,2024-03-03,4114.8,0.0,4114.8,1004.26,3110.53,93298.74
LN00601,ENT0060,11,2024-04-03,4114.8,0.0,4114.8,971.86,3142.93,90155.81
LN00601,ENT0060,12,2024-05-03,4114.8,0.0,4114.8,939.12,3175.67,86980.13
LN00601,ENT0060,13,2024-06-03,4114.8,0.0,4114.8,906.04,3208.75,83771.38
LN00601,ENT0060,14,2024-07-03,4114.8,0.0,4114.8,872.62,3242.18,80529.2
LN00601,ENT0060,15,2024-08-03,4114.8,0.0,4114.8,838.85,3275.95,77253.25
LN00601,ENT0060,16,2024-09-03,4114.8,0.0,4114.8,804.72,3310.07,73943.18
LN00601,ENT0060,17,2024-10-03,4114.8,0.0,4114.8,770.24,3344.55,70598.62
LN00601,ENT0060,18,2024-11-03,4114.8,0.0,4114.8,735.4,3379.39,67219.23
LN00601,ENT0060,19,2024-12-03,4114.8,0.0,4114.8,700.2,3414.6,63804.63
LN00601,ENT0060,20,2025-01-03,4114.8,0.0,4114.8,664.63,3450.16,60354.47
LN00601,ENT0060,21,2025-02-03,4114.8,0.0,4114.8,628.69,3486.1,56868.37
LN00601,ENT0060,22,2025-03-03,4114.8,0.0,4114.8,592.38,3522.42,53345.95
LN00601,ENT0060,23,2025-04-03,4114.8,0.0,4114.8,555.69,3559.11,49786.84
LN00601,ENT0060,24,2025-05-03,4114.8,0.0,4114.8,518.61,3596.18,46190.66
LN00601,ENT0060,25,2025-06-03,4114.8,0.0,4114.8,481.15,3633.64,42557.01
LN00601,ENT0060,26,2025-07-03,4114.8,0.0,4114.8,443.3,3671.49,38885.52
LN00601,ENT0060,27,2025-08-03,4114.8,0.0,4114.8,405.06,3709.74,35175.78
LN00601,ENT0060,28,2025-09-03,4114.8,0.0,4114.8,366.41,3748.38,31427.4
LN00601,ENT0060,29,2025-10-03,4114.8,0.0,4114.8,327.37,3787.43,27639.97
LN00601,ENT0060,30,2025-11-03,4114.8,0.0,4114.8,287.92,3826.88,23813.09
LN00601,ENT0060,31,2025-12-03,4114.8,0.0,4114.8,248.05,3866.74,19946.35
LN00601,ENT0060,32,2026-01-03,4114.8,0.0,4114.8,207.77,3907.02,16039.33
LN00601,ENT0060,33,2026-02-03,4114.8,0.0,4114.8,167.08,3947.72,12091.61
LN00601,ENT0060,34,2026-03-03,4114.8,0.0,4114.8,125.95,3988.84,8102.77
LN00601,ENT0060,35,2026-04-03,4114.8,0.0,4114.8,84.4,4030.39,4072.38
LN00601,ENT0060,36,2026-05-03,4114.8,0.0,4114.8,42.42,4072.38,0.0
LN00631,ENT0063,14,2023-08-30,1680.45,0.0,1680.45,201.29,1479.16,15774.69
LN00631,ENT0063,15,2023-09-30,1680.45,0.0,1680.45,184.04,1496.41,14278.28
LN00631,ENT0063,16,2023-10-30,1680.45,0.0,1680.45,166.58,1513.87,12764.41
LN00631,ENT0063,17,2023-11-30,1680.45,0.0,1680.45,148.92,1531.53,11232.88
LN00631,ENT0063,18,2023-12-30,1680.45,0.0,1680.45,131.05,1549.4,9683.48
LN00631,ENT0063,19,2024-01-30,1680.45,0.0,1680.45,112.97,1567.48,8116.0
LN00631,ENT0063,20,2024-02-29,1680.45,0.0,1680.45,94.69,1585.76,6530.23
LN00631,ENT0063,21,2024-03-30,1680.45,0.0,1680.45,76.19,1604.26,4925.97
LN00631,ENT0063,22,2024-04-30,1680.45,0.0,1680.45,57.47,1622.98,3302.99
LN00631,ENT0063,23,2024-05-30,1680.45,0.0,1680.45,38.53,1641.92,1661.07
LN00631,ENT0063,24,2024-06-30,1680.45,0.0,1680.45,19.38,1661.07,0.0
LN00661,ENT0066,6,2023-08-03,1004.93,0.0,1004.93,288.99,715.94,35787.85
LN00661,ENT0066,7,2023-09-03,1004.93,0.0,1004.93,283.32,721.6,35066.24
LN00661,ENT0066,8,2023-10-03,1004.93,0.0,1004.93,277.61,727.32,34338.93
LN00661,ENT0066,9,2023-11-03,1004.93,0.0,1004.93,271.85,733.08,33605.85
LN00661,ENT0066,10,2023-12-03,1004.93,0.0,1004.93,266.05,738.88,32866.97
LN00661,ENT0066,11,2024-01-03,1004.93,0.0,1004.93,260.2,744.73,32122.24
LN00661,ENT0066,12,2024-02-03,1004.93,0.0,1004.93,254.3,750.62,31371.62
LN00661,ENT0066,13,2024-03-03,1004.93,0.0,1004.93,248.36,756.57,30615.05
LN00661,ENT0066,14,2024-04-03,1004.93,0.0,1004.93,242.37,762.56,29852.49
LN00661,ENT0066,15,2024-05-03,1004.93,0.0,1004.93,236.33,768.59,29083.9
LN00661,ENT0066,16,2024-06-03,1004.93,0.0,1004.93,230.25,774.68,28309.22
LN00661,ENT0066,17,2024-07-03,1004.93,0.0,1004.93,224.11,780.81,27528.41
LN00661,ENT0066,18,2024-08-03,1004.93,0.0,1004.93,217.93,786.99,26741.42
LN00661,ENT0066,19,2024-09-03,1004.93,0.0,1004.93,211.7,793.22,25948.2
LN00661,ENT0066,20,2024-10-03,1004.93,0.0,1004.93,205.42,799.5,25148.7
LN00661,ENT0066,21,2024-11-03,1004.93,200.99,803.94,199.09,805.83,24342.86
LN00661,ENT0066,22,2024-12-03,1004.93,200.99,803.94,192.71,812.21,23530.65
LN00661,ENT0066,23,2025-01-03,1004.93,200.99,803.94,186.28,818.64,22712.01
LN00661,ENT0066,24,2025-02-03,1004.93,200.99,803.94,179.8,825.12,21886.89
LN00661,ENT0066,25,2025-03-03,1004.93,200.99,803.94,173.27,831.65,21055.24
LN00661,ENT0066,26,2025-04-03,1004.93,200.99,803.94,166.69,838.24,20217.0
LN00661,ENT0066,27,2025-05-03,1004.93,200.99,803.94,160.05,844.87,19372.12
LN00661,ENT0066,28,2025-06-03,1004.93,200.99,803.94,153.36,851.56,18520.56
LN00661,ENT0066,29,2025-07-03,1004.93,200.99,803.94,146.62,858.3,17662.26
LN00661,ENT0066,30,2025-08-03,1004.93,200.99,803.94,139.83,865.1,16797.16
LN00661,ENT0066,31,2025-09-03,1004.93,200.99,803.94,132.98,871.95,15925.21
LN00661,ENT0066,32,2025-10-03,1004.93,200.99,803.94,126.07,878.85,15046.36
LN00661,ENT0066,33,2025-11-03,1004.93,200.99,803.94,119.12,885.81,14160.55
LN00661,ENT0066,34,2025-12-03,1004.93,200.99,803.94,112.1,892.82,13267.73
LN00661,ENT0066,35,2026-01-03,1004.93,200.99,803.94,105.04,899.89,12367.84
LN00661,ENT0066,36,2026-02-03,1004.93,200.99,803.94,97.91,907.01,11460.83
LN00661,ENT0066,37,2026-03-03,1004.93,200.99,803.94,90.73,914.19,10546.63
LN00661,ENT0066,38,2026-04-03,1004.93,200.99,803.94,83.49,921.43,9625.2
LN00661,ENT0066,39,2026-05-03,1004.93,200.99,803.94,76.2,928.73,8696.47
LN00661,ENT0066,40,2026-06-03,1004.93,200.99,803.94,68.85,936.08,7760.4
LN00661,ENT0066,41,2026-07-03,1004.93,200.99,803.94,61.44,943.49,6816.91
LN00671,ENT0067,7,2023-08-19,5641.51,0.0,5641.51,287.32,5354.19,27481.96
LN00671,ENT0067,8,2023-09-19,5641.51,0.0,5641.51,240.47,5401.04,22080.92
LN00671,ENT0067,9,2023-10-19,5641.51,0.0,5641.51,193.21,5448.3,16632.62
LN00671,ENT0067,10,2023-11-19,5641.51,0.0,5641.51,145.54,5495.98,11136.64
LN00671,ENT0067,11,2023-12-19,5641.51,0.0,5641.51,97.45,5544.06,5592.58
LN00671,ENT0067,12,2024-01-19,5641.51,0.0,5641.51,48.94,5592.58,0.0
LN00701,ENT0070,6,2023-08-09,8286.11,0.0,8286.11,1673.04,6613.07,88989.04
LN00701,ENT0070,7,2023-09-09,8286.11,0.0,8286.11,1557.31,6728.8,82260.24
LN00701,ENT0070,8,2023-10-09,8286.11,0.0,8286.11,1439.55,6846.55,75413.69
LN00701,ENT0070,9,2023-11-09,8286.11,0.0,8286.11,1319.74,6966.37,68447.33
LN00701,ENT0070,10,2023-12-09,8286.11,0.0,8286.11,1197.83,7088.28,61359.05
LN00701,ENT0070,11,2024-01-09,8286.11,0.0,8286.11,1073.78,7212.32,54146.73
LN00701,ENT0070,12,2024-02-09,8286.11,0.0,8286.11,947.57,7338.54,46808.19
LN00701,ENT0070,13,2024-03-09,8286.11,0.0,8286.11,819.14,7466.96,39341.23
LN00701,ENT0070,14,2024-04-09,8286.11,0.0,8286.11,688.47,7597.63,31743.59
LN00701,ENT0070,15,2024-05-09,8286.11,0.0,8286.11,555.51,7730.59,24013.0
LN00701,ENT0070,16,2024-06-09,8286.11,0.0,8286.11,420.23,7865.88,16147.12
LN00701,ENT0070,17,2024-07-09,8286.11,0.0,8286.11,282.57,8003.53,8143.59
LN00701,ENT0070,18,2024-08-09,8286.11,0.0,8286.11,142.51,8143.59,0.0
LN00711,ENT0071,7,2023-08-27,5631.4,0.0,5631.4,2113.33,3518.07,238005.14
LN00711,ENT0071,8,2023-09-27,5631.4,0.0,5631.4,2082.54,3548.86,234456.28
LN00711,ENT0071,9,2023-10-27,5631.4,0.0,5631.4,2051.49,3579.91,230876.37
LN00711,ENT0071,10,2023-11-27,5631.4,0.0,5631.4,2020.17,3611.23,227265.14
LN00711,ENT0071,11,2023-12-27,5631.4,0.0,5631.4,1988.57,3642.83,223622.31
LN00711,ENT0071,12,2024-01-27,5631.4,0.0,5631.4,1956.7,3674.71,219947.6
LN00711,ENT0071,13,2024-02-27,5631.4,0.0,5631.4,1924.54,3706.86,216240.74
LN00711,ENT0071,14,2024-03-27,5631.4,0.0,5631.4,1892.11,3739.3,212501.44
LN00711,ENT0071,15,2024-04-27,5631.4,0.0,5631.4,1859.39,3772.01,208729.43
LN00711,ENT0071,16,2024-05-27,5631.4,0.0,5631.4,1826.38,3805.02,204924.41
LN00711,ENT0071,17,2024-06-27,5631.4,0.0,5631.4,1793.09,3838.31,201086.1
LN00711,ENT0071,18,2024-07-27,5631.4,0.0,5631.4,1759.5,3871.9,197214.2
LN00711,ENT0071,19,2024-08-27,5631.4,0.0,5631.4,1725.62,3905.78,193308.42
LN00711,ENT0071,20,2024-09-27,5631.4,0.0,5631.4,1691.45,3939.95,189368.47
LN00711,ENT0071,21,2024-10-27,5631.4,0.0,5631.4,1656.97,3974.43,185394.04
LN00711,ENT0071,22,2024-11-27,5631.4,0.0,5631.4,1622.2,4009.2,181384.83
LN00711,ENT0071,23,2024-12-27,5631.4,0.0,5631.4,1587.12,4044.28,177340.55
LN00711,ENT0071,24,2025-01-27,5631.4,0.0,5631.4,1551.73,4079.67,173260.88
LN00711,ENT0071,25,2025-02-27,5631.4,0.0,5631.4,1516.03,4115.37,169145.51
LN00711,ENT0071,26,2025-03-27,5631.4,0.0,5631.4,1480.02,4151.38,164994.13
LN00711,ENT0071,27,2025-04-27,5631.4,0.0,5631.4,1443.7,4187.7,160806.43
LN00711,ENT0071,28,2025-05-27,5631.4,0.0,5631.4,1407.06,4224.35,156582.08
LN00711,ENT0071,29,2025-06-27,5631.4,0.0,5631.4,1370.09,4261.31,152320.77
LN00711,ENT0071,30,2025-07-27,5631.4,0.0,5631.4,1332.81,4298.6,148022.18
LN00711,ENT0071,31,2025-08-27,5631.4,0.0,5631.4,1295.19,4336.21,143685.97
LN00711,ENT0071,32,2025-09-27,5631.4,0.0,5631.4,1257.25,4374.15,139311.82
LN00711,ENT0071,33,2025-10-27,5631.4,0.0,5631.4,1218.98,4412.42,134899.4
LN00711,ENT0071,34,2025-11-27,5631.4,0.0,5631.4,1180.37,4451.03,130448.36
LN00711,ENT0071,35,2025-12-27,5631.4,0.0,5631.4,1141.42,4489.98,125958.39
LN00711,ENT0071,36,2026-01-27,5631.4,0.0,5631.4,1102.14,4529.27,121429.12
LN00711,ENT0071,37,2026-02-27,5631.4,0.0,5631.4,1062.5,4568.9,116860.22
LN00711,ENT0071,38,2026-03-27,5631.4,0.0,5631.4,1022.53,4608.87,112251.35
LN00711,ENT0071,39,2026-04-27,5631.4,0.0,5631.4,982.2,4649.2,107602.14
LN00711,ENT0071,40,2026-05-27,5631.4,0.0,5631.4,941.52,4689.88,102912.26
LN00711,ENT0071,41,2026-06-27,5631.4,0.0,5631.4,900.48,4730.92,98181.34
LN00711,ENT0071,42,2026-07-27,5631.4,0.0,5631.4,859.09,4772.32,93409.03
LN00721,ENT0072,5,2023-08-16,1030.05,0.0,1030.05,301.98,728.07,37416.38
LN00721,ENT0072,6,2023-09-16,1030.05,0.0,1030.05,296.21,733.84,36682.54
LN00721,ENT0072,7,2023-10-16,1030.05,0.0,1030.05,290.4,739.65,35942.9
LN00721,ENT0072,8,2023-11-16,1030.05,0.0,1030.05,284.55,745.5,35197.4
LN00721,ENT0072,9,2023-12-16,1030.05,0.0,1030.05,278.65,751.4,34446.0
LN00721,ENT0072,10,2024-01-16,1030.05,0.0,1030.05,272.7,757.35,33688.65
LN00721,ENT0072,11,2024-02-16,1030.05,0.0,1030.05,266.7,763.35,32925.3
LN00721,ENT0072,12,2024-03-16,1030.05,0.0,1030.05,260.66,769.39,32155.91
LN00721,ENT0072,13,2024-04-16,1030.05,0.0,1030.05,254.57,775.48,31380.43
LN00721,ENT0072,14,2024-05-16,1030.05,0.0,1030.05,248.43,781.62,30598.81
LN00721,ENT0072,15,2024-06-16,1030.05,0.0,1030.05,242.24,787.81,29811.0
LN00721,ENT0072,16,2024-07-16,1030.05,0.0,1030.05,236.0,794.04,29016.95
LN00721,ENT0072,17,2024-08-16,1030.05,0.0,1030.05,229.72,800.33,28216.62
LN00721,ENT0072,18,2024-09-16,1030.05,0.0,1030.05,223.38,806.67,27409.96
LN00721,ENT0072,19,2024-10-16,1030.05,0.0,1030.05,217.0,813.05,26596.9
LN00721,ENT0072,20,2024-11-16,1030.05,0.0,1030.05,210.56,819.49,25777.41
LN00721,ENT0072,21,2024-12-16,1030.05,0.0,1030.05,204.07,825.98,24951.44
LN00721,ENT0072,22,2025-01-16,1030.05,0.0,1030.05,197.53,832.52,24118.92
LN00721,ENT0072,23,2025-02-16,1030.05,0.0,1030.05,190.94,839.11,23279.81
LN00721,ENT0072,24,2025-03-16,1030.05,0.0,1030.05,184.3,845.75,22434.06
LN00721,ENT0072,25,2025-04-16,1030.05,0.0,1030.05,177.6,852.45,21581.62
LN00721,ENT0072,26,2025-05-16,1030.05,0.0,1030.05,170.85,859.19,20722.42
LN00721,ENT0072,27,2025-06-16,1030.05,0.0,1030.05,164.05,866.0,19856.43
LN00721,ENT0072,28,2025-07-16,1030.05,0.0,1030.05,157.2,872.85,18983.57
LN00721,ENT0072,29,2025-08-16,1030.05,0.0,1030.05,150.29,879.76,18103.81
LN00721,ENT0072,30,2025-09-16,1030.05,0.0,1030.05,143.32,886.73,17217.09
LN00721,ENT0072,31,2025-10-16,1030.05,0.0,1030.05,136.3,893.75,16323.34
LN00721,ENT0072,32,2025-11-16,1030.05,0.0,1030.05,129.23,900.82,15422.52
LN00721,ENT0072,33,2025-12-16,1030.05,0.0,1030.05,122.09,907.95,14514.56
LN00721,ENT0072,34,2026-01-16,1030.05,0.0,1030.05,114.91,915.14,13599.42
LN00721,ENT0072,35,2026-02-16,1030.05,0.0,1030.05,107.66,922.39,12677.04
LN00721,ENT0072,36,2026-03-16,1030.05,0.0,1030.05,100.36,929.69,11747.35
LN00721,ENT0072,37,2026-04-16,1030.05,0.0,1030.05,93.0,937.05,10810.3
LN00721,ENT0072,38,2026-05-16,1030.05,0.0,1030.05,85.58,944.47,9865.83
LN00721,ENT0072,39,2026-06-16,1030.05,0.0,1030.05,78.1,951.94,8913.89
LN00721,ENT0072,40,2026-07-16,1030.05,0.0,1030.05,70.57,959.48,7954.41
LN00731,ENT0073,10,2023-08-27,21262.34,0.0,21262.34,2459.08,18803.27,160038.63
LN00731,ENT0073,11,2023-09-27,21262.34,0.0,21262.34,2200.53,19061.81,140976.81
LN00731,ENT0073,12,2023-10-27,21262.34,0.0,21262.34,1938.43,19323.91,121652.9
LN00731,ENT0073,13,2023-11-27,21262.34,0.0,21262.34,1672.73,19589.62,102063.28
LN00731,ENT0073,14,2023-12-27,21262.34,0.0,21262.34,1403.37,19858.97,82204.31
LN00731,ENT0073,15,2024-01-27,21262.34,0.0,21262.34,1130.31,20132.03,62072.27
LN00731,ENT0073,16,2024-02-27,21262.34,0.0,21262.34,853.49,20408.85,41663.42
LN00731,ENT0073,17,2024-03-27,21262.34,0.0,21262.34,572.87,20689.47,20973.95
LN00731,ENT0073,18,2024-04-27,21262.34,0.0,21262.34,288.39,20973.95,0.0
LN00751,ENT0075,9,2023-08-21,7322.57,0.0,7322.57,2154.58,5167.99,241069.67
LN00751,ENT0075,10,2023-09-21,7322.57,0.0,7322.57,2109.36,5213.21,235856.46
LN00751,ENT0075,11,2023-10-21,7322.57,0.0,7322.57,2063.74,5258.82,230597.64
LN00751,ENT0075,12,2023-11-21,7322.57,0.0,7322.57,2017.73,5304.84,225292.8
LN00751,ENT0075,13,2023-12-21,7322.57,0.0,7322.57,1971.31,5351.25,219941.55
LN00751,ENT0075,14,2024-01-21,7322.57,0.0,7322.57,1924.49,5398.08,214543.47
LN00751,ENT0075,15,2024-02-21,7322.57,0.0,7322.57,1877.26,5445.31,209098.16
LN00751,ENT0075,16,2024-03-21,7322.57,0.0,7322.57,1829.61,5492.96,203605.2
LN00751,ENT0075,17,2024-04-21,7322.57,0.0,7322.57,1781.55,5541.02,198064.18
LN00751,ENT0075,18,2024-05-21,7322.57,0.0,7322.57,1733.06,5589.51,192474.68
LN00751,ENT0075,19,2024-06-21,7322.57,0.0,7322.57,1684.15,5638.41,186836.26
LN00751,ENT0075,20,2024-07-21,7322.57,0.0,7322.57,1634.82,5687.75,181148.51
LN00751,ENT0075,21,2024-08-21,7322.57,0.0,7322.57,1585.05,5737.52,175411.0
LN00751,ENT0075,22,2024-09-21,7322.57,0.0,7322.57,1534.85,5787.72,169623.28
LN00751,ENT0075,23,2024-10-21,7322.57,0.0,7322.57,1484.2,5838.36,163784.91
LN00751,ENT0075,24,2024-11-21,7322.57,0.0,7322.57,1433.12,5889.45,157895.46
LN00751,ENT0075,25,2024-12-21,7322.57,0.0,7322.57,1381.59,5940.98,151954.48
LN00751,ENT0075,26,2025-01-21,7322.57,0.0,7322.57,1329.6,5992.96,145961.52
LN00751,ENT0075,27,2025-02-21,7322.57,0.0,7322.57,1277.16,6045.4,139916.11
LN00751,ENT0075,28,2025-03-21,7322.57,0.0,7322.57,1224.27,6098.3,133817.81
LN00751,ENT0075,29,2025-04-21,7322.57,0.0,7322.57,1170.91,6151.66,127666.15
LN00751,ENT0075,30,2025-05-21,7322.57,0.0,7322.57,1117.08,6205.49,121460.67
LN00751,ENT0075,31,2025-06-21,7322.57,0.0,7322.57,1062.78,6259.79,115200.88
LN00751,ENT0075,32,2025-07-21,7322.57,0.0,7322.57,1008.01,6314.56,108886.32
LN00751,ENT0075,33,2025-08-21,7322.57,0.0,7322.57,952.76,6369.81,102516.51
LN00751,ENT0075,34,2025-09-21,7322.57,0.0,7322.57,897.02,6425.55,96090.96
LN00751,ENT0075,35,2025-10-21,7322.57,0.0,7322.57,840.8,6481.77,89609.19
LN00751,ENT0075,36,2025-11-21,7322.57,0.0,7322.57,784.08,6538.49,83070.71
LN00751,ENT0075,37,2025-12-21,7322.57,0.0,7322.57,726.87,6595.7,76475.01
LN00751,ENT0075,38,2026-01-21,7322.57,0.0,7322.57,669.16,6653.41,69821.6
LN00751,ENT0075,39,2026-02-21,7322.57,0.0,7322.57,610.94,6711.63,63109.97
LN00751,ENT0075,40,2026-03-21,7322.57,0.0,7322.57,552.21,6770.35,56339.62
LN00751,ENT0075,41,2026-04-21,7322.57,0.0,7322.57,492.97,6829.59,49510.02
LN00751,ENT0075,42,2026-05-21,7322.57,0.0,7322.57,433.21,6889.35,42620.67
LN00751,ENT0075,43,2026-06-21,7322.57,0.0,7322.57,372.93,6949.64,35671.03
LN00751,ENT0075,44,2026-07-21,7322.57,0.0,7322.57,312.12,7010.45,28660.59
LN00761,ENT0076,9,2023-08-05,5589.0,0.0,5589.0,508.43,5080.57,47973.09
LN00761,ENT0076,10,2023-09-05,5589.0,0.0,5589.0,459.74,5129.26,42843.83
LN00761,ENT0076,11,2023-10-05,5589.0,0.0,5589.0,410.59,5178.42,37665.41
LN00761,ENT0076,12,2023-11-05,5589.0,0.0,5589.0,360.96,5228.04,32437.37
LN00761,ENT0076,13,2023-12-05,5589.0,0.0,5589.0,310.86,5278.15,27159.23
LN00761,ENT0076,14,2024-01-05,5589.0,0.0,5589.0,260.28,5328.73,21830.5
LN00761,ENT0076,15,2024-02-05,5589.0,0.0,5589.0,209.21,5379.79,16450.7
LN00761,ENT0076,16,2024-03-05,5589.0,0.0,5589.0,157.65,5431.35,11019.35
LN00761,ENT0076,17,2024-04-05,5589.0,0.0,5589.0,105.6,5483.4,5535.95
LN00761,ENT0076,18,2024-05-05,5589.0,0.0,5589.0,53.05,5535.95,0.0
LN00781,ENT0078,14,2023-08-03,2104.14,0.0,2104.14,702.09,1402.05,58776.86
LN00781,ENT0078,15,2023-09-03,2104.14,0.0,2104.14,685.73,1418.41,57358.45
LN00781,ENT0078,16,2023-10-03,2104.14,0.0,2104.14,669.18,1434.96,55923.49
LN00781,ENT0078,17,2023-11-03,2104.14,0.0,2104.14,652.44,1451.7,54471.8
LN00781,ENT0078,18,2023-12-03,2104.14,0.0,2104.14,635.5,1468.63,53003.16
LN00781,ENT0078,19,2024-01-03,2104.14,0.0,2104.14,618.37,1485.77,51517.39
LN00781,ENT0078,20,2024-02-03,2104.14,0.0,2104.14,601.04,1503.1,50014.29
LN00781,ENT0078,21,2024-03-03,2104.14,0.0,2104.14,583.5,1520.64,48493.65
LN00781,ENT0078,22,2024-04-03,2104.14,0.0,2104.14,565.76,1538.38,46955.27
LN00781,ENT0078,23,2024-05-03,2104.14,0.0,2104.14,547.81,1556.33,45398.94
LN00781,ENT0078,24,2024-06-03,2104.14,0.0,2104.14,529.65,1574.48,43824.46
LN00781,ENT0078,25,2024-07-03,2104.14,0.0,2104.14,511.29,1592.85,42231.61
LN00781,ENT0078,26,2024-08-03,2104.14,0.0,2104.14,492.7,1611.44,40620.17
LN00781,ENT0078,27,2024-09-03,2104.14,0.0,2104.14,473.9,1630.24,38989.93
LN00781,ENT0078,28,2024-10-03,2104.14,0.0,2104.14,454.88,1649.26,37340.68
LN00781,ENT0078,29,2024-11-03,2104.14,0.0,2104.14,435.64,1668.5,35672.18
LN00781,ENT0078,30,2024-12-03,2104.14,0.0,2104.14,416.18,1687.96,33984.22
LN00781,ENT0078,31,2025-01-03,2104.14,0.0,2104.14,396.48,1707.66,32276.56
LN00781,ENT0078,32,2025-02-03,2104.14,0.0,2104.14,376.56,1727.58,30548.98
LN00781,ENT0078,33,2025-03-03,2104.14,0.0,2104.14,356.4,1747.73,28801.25
LN00781,ENT0078,34,2025-04-03,2104.14,0.0,2104.14,336.01,1768.12,27033.12
LN00781,ENT0078,35,2025-05-03,2104.14,0.0,2104.14,315.39,1788.75,25244.37
LN00781,ENT0078,36,2025-06-03,2104.14,0.0,2104.14,294.52,1809.62,23434.75
LN00781,ENT0078,37,2025-07-03,2104.14,0.0,2104.14,273.41,1830.73,21604.02
LN00781,ENT0078,38,2025-08-03,2104.14,0.0,2104.14,252.05,1852.09,19751.93
LN00781,ENT0078,39,2025-09-03,2104.14,0.0,2104.14,230.44,1873.7,17878.23
LN00781,ENT0078,40,2025-10-03,2104.14,0.0,2104.14,208.58,1895.56,15982.67
LN00781,ENT0078,41,2025-11-03,2104.14,0.0,2104.14,186.46,1917.67,14064.99
LN00781,ENT0078,42,2025-12-03,2104.14,0.0,2104.14,164.09,1940.05,12124.94
LN00781,ENT0078,43,2026-01-03,2104.14,0.0,2104.14,141.46,1962.68,10162.26
LN00781,ENT0078,44,2026-02-03,2104.14,0.0,2104.14,118.56,1985.58,8176.69
LN00781,ENT0078,45,2026-03-03,2104.14,0.0,2104.14,95.39,2008.74,6167.94
LN00781,ENT0078,46,2026-04-03,2104.14,0.0,2104.14,71.96,2032.18,4135.76
LN00781,ENT0078,47,2026-05-03,2104.14,0.0,2104.14,48.25,2055.89,2079.87
LN00781,ENT0078,48,2026-06-03,2104.14,0.0,2104.14,24.27,2079.87,0.0
LN00791,ENT0079,14,2023-08-02,3343.93,0.0,3343.93,220.71,3123.22,12928.27
LN00791,ENT0079,15,2023-09-02,3343.93,0.0,3343.93,177.76,3166.17,9762.11
LN00791,ENT0079,16,2023-10-02,3343.93,0.0,3343.93,134.23,3209.7,6552.41
LN00791,ENT0079,17,2023-11-02,3343.93,0.0,3343.93,90.1,3253.83,3298.57
LN00791,ENT0079,18,2023-12-02,3343.93,0.0,3343.93,45.36,3298.57,0.0
LN00801,ENT0080,16,2023-08-06,3989.67,0.0,3989.67,1268.84,2720.83,106036.75
LN00801,ENT0080,17,2023-09-06,3989.67,0.0,3989.67,1237.1,2752.57,103284.18
LN00801,ENT0080,18,2023-10-06,3989.67,0.0,3989.67,1204.98,2784.68,100499.5
LN00801,ENT0080,19,2023-11-06,3989.67,0.0,3989.67,1172.49,2817.17,97682.33
LN00801,ENT0080,20,2023-12-06,3989.67,0.0,3989.67,1139.63,2850.04,94832.29
LN00801,ENT0080,21,2024-01-06,3989.67,0.0,3989.67,1106.38,2883.29,91949.0
LN00801,ENT0080,22,2024-02-06,3989.67,0.0,3989.67,1072.74,2916.93,89032.07
LN00801,ENT0080,23,2024-03-06,3989.67,0.0,3989.67,1038.71,2950.96,86081.12
LN00801,ENT0080,24,2024-04-06,3989.67,0.0,3989.67,1004.28,2985.39,83095.73
LN00801,ENT0080,25,2024-05-06,3989.67,0.0,3989.67,969.45,3020.22,80075.51
LN00801,ENT0080,26,2024-06-06,3989.67,0.0,3989.67,934.21,3055.45,77020.06
LN00801,ENT0080,27,2024-07-06,3989.67,0.0,3989.67,898.57,3091.1,73928.96
LN00801,ENT0080,28,2024-08-06,3989.67,0.0,3989.67,862.5,3127.16,70801.8
LN00801,ENT0080,29,2024-09-06,3989.67,0.0,3989.67,826.02,3163.64,67638.16
LN00801,ENT0080,30,2024-10-06,3989.67,0.0,3989.67,789.11,3200.55,64437.61
LN00801,ENT0080,31,2024-11-06,3989.67,797.93,3191.73,751.77,3237.89,61199.71
LN00801,ENT0080,32,2024-12-06,3989.67,797.93,3191.73,714.0,3275.67,57924.04
LN00801,ENT0080,33,2025-01-06,3989.67,797.93,3191.73,675.78,3313.89,54610.16
LN00801,ENT0080,34,2025-02-06,3989.67,797.93,3191.73,637.12,3352.55,51257.61
LN00801,ENT0080,35,2025-03-06,3989.67,797.93,3191.73,598.01,3391.66,47865.95
LN00801,ENT0080,36,2025-04-06,3989.67,797.93,3191.73,558.44,3431.23,44434.72
LN00801,ENT0080,37,2025-05-06,3989.67,797.93,3191.73,518.41,3471.26,40963.46
LN00801,ENT0080,38,2025-06-06,3989.67,797.93,3191.73,477.91,3511.76,37451.7
LN00801,ENT0080,39,2025-07-06,3989.67,797.93,3191.73,436.94,3552.73,33898.97
LN00801,ENT0080,40,2025-08-06,3989.67,797.93,3191.73,395.49,3594.18,30304.8
LN00801,ENT0080,41,2025-09-06,3989.67,797.93,3191.73,353.56,3636.11,26668.69
LN00801,ENT0080,42,2025-10-06,3989.67,797.93,3191.73,311.13,3678.53,22990.16
LN00801,ENT0080,43,2025-11-06,3989.67,797.93,3191.73,268.22,3721.45,19268.71
LN00801,ENT0080,44,2025-12-06,3989.67,797.93,3191.73,224.8,3764.86,15503.84
LN00801,ENT0080,45,2026-01-06,3989.67,797.93,3191.73,180.88,3808.79,11695.06
LN00801,ENT0080,46,2026-02-06,3989.67,797.93,3191.73,136.44,3853.22,7841.83
LN00801,ENT0080,47,2026-03-06,3989.67,797.93,3191.73,91.49,3898.18,3943.66
LN00801,ENT0080,48,2026-04-06,3989.67,797.93,3191.73,46.01,3943.66,0.0
LN00811,ENT0081,12,2023-08-06,5328.66,0.0,5328.66,1859.43,3469.23,155910.84
LN00811,ENT0081,13,2023-09-06,5328.66,0.0,5328.66,1818.96,3509.7,152401.14
LN00811,ENT0081,14,2023-10-06,5328.66,0.0,5328.66,1778.01,3550.65,148850.49
LN00811,ENT0081,15,2023-11-06,5328.66,0.0,5328.66,1736.59,3592.07,145258.41
LN00811,ENT0081,16,2023-12-06,5328.66,0.0,5328.66,1694.68,3633.98,141624.43
LN00811,ENT0081,17,2024-01-06,5328.66,0.0,5328.66,1652.29,3676.38,137948.05
LN00811,ENT0081,18,2024-02-06,5328.66,0.0,5328.66,1609.39,3719.27,134228.78
LN00811,ENT0081,19,2024-03-06,5328.66,0.0,5328.66,1566.0,3762.66,130466.12
LN00811,ENT0081,20,2024-04-06,5328.66,0.0,5328.66,1522.1,3806.56,126659.56
LN00811,ENT0081,21,2024-05-06,5328.66,0.0,5328.66,1477.69,3850.97,122808.6
LN00811,ENT0081,22,2024-06-06,5328.66,0.0,5328.66,1432.77,3895.9,118912.7
LN00811,ENT0081,23,2024-07-06,5328.66,0.0,5328.66,1387.31,3941.35,114971.35
LN00811,ENT0081,24,2024-08-06,5328.66,0.0,5328.66,1341.33,3987.33,110984.02
LN00811,ENT0081,25,2024-09-06,5328.66,0.0,5328.66,1294.81,4033.85,106950.17
LN00811,ENT0081,26,2024-10-06,5328.66,0.0,5328.66,1247.75,4080.91,102869.26
LN00811,ENT0081,27,2024-11-06,5328.66,1065.73,4262.93,1200.14,4128.52,98740.74
LN00811,ENT0081,28,2024-12-06,5328.66,1065.73,4262.93,1151.98,4176.69,94564.05
LN00811,ENT0081,29,2025-01-06,5328.66,1065.73,4262.93,1103.25,4225.42,90338.64
LN00811,ENT0081,30,2025-02-06,5328.66,1065.73,4262.93,1053.95,4274.71,86063.93
LN00811,ENT0081,31,2025-03-06,5328.66,1065.73,4262.93,1004.08,4324.58,81739.34
LN00811,ENT0081,32,2025-04-06,5328.66,1065.73,4262.93,953.63,4375.04,77364.3
LN00811,ENT0081,33,2025-05-06,5328.66,1065.73,4262.93,902.58,4426.08,72938.22
LN00811,ENT0081,34,2025-06-06,5328.66,1065.73,4262.93,850.95,4477.72,68460.51
LN00811,ENT0081,35,2025-07-06,5328.66,1065.73,4262.93,798.71,4529.96,63930.55
LN00811,ENT0081,36,2025-08-06,5328.66,1065.73,4262.93,745.86,4582.81,59347.74
LN00811,ENT0081,37,2025-09-06,5328.66,1065.73,4262.93,692.39,4636.27,54711.47
LN00811,ENT0081,38,2025-10-06,5328.66,1065.73,4262.93,638.3,4690.36,50021.11
LN00811,ENT0081,39,2025-11-06,5328.66,1065.73,4262.93,583.58,4745.08,45276.03
LN00811,ENT0081,40,2025-12-06,5328.66,1065.73,4262.93,528.22,4800.44,40475.58
LN00811,ENT0081,41,2026-01-06,5328.66,1065.73,4262.93,472.22,4856.45,35619.14
LN00811,ENT0081,42,2026-02-06,5328.66,1065.73,4262.93,415.56,4913.11,30706.03
LN00811,ENT0081,43,2026-03-06,5328.66,1065.73,4262.93,358.24,4970.43,25735.6
LN00811,ENT0081,44,2026-04-06,5328.66,1065.73,4262.93,300.25,5028.41,20707.19
LN00811,ENT0081,45,2026-05-06,5328.66,1065.73,4262.93,241.58,5087.08,15620.11
LN00811,ENT0081,46,2026-06-06,5328.66,1065.73,4262.93,182.23,5146.43,10473.68
LN00811,ENT0081,47,2026-07-06,5328.66,1065.73,4262.93,122.19,5206.47,5267.21
LN00821,ENT0082,9,2023-08-13,640.66,0.0,640.66,126.93,513.73,15519.04
LN00821,ENT0082,10,2023-09-13,640.66,0.0,640.66,122.86,517.8,15001.24
LN00821,ENT0082,11,2023-10-13,640.66,0.0,640.66,118.76,521.9,14479.34
LN00821,ENT0082,12,2023-11-13,640.66,0.0,640.66,114.63,526.03,13953.31
LN00821,ENT0082,13,2023-12-13,640.66,0.0,640.66,110.46,530.2,13423.11
LN00821,ENT0082,14,2024-01-13,640.66,0.0,640.66,106.27,534.39,12888.72
LN00821,ENT0082,15,2024-02-13,640.66,0.0,640.66,102.04,538.62,12350.1
LN00821,ENT0082,16,2024-03-13,640.66,0.0,640.66,97.77,542.89,11807.21
LN00821,ENT0082,17,2024-04-13,640.66,0.0,640.66,93.47,547.19,11260.02
LN00821,ENT0082,18,2024-05-13,640.66,0.0,640.66,89.14,551.52,10708.51
LN00821,ENT0082,19,2024-06-13,640.66,0.0,640.66,84.78,555.88,10152.62
LN00821,ENT0082,20,2024-07-13,640.66,0.0,640.66,80.37,560.28,9592.34
LN00821,ENT0082,21,2024-08-13,640.66,0.0,640.66,75.94,564.72,9027.62
LN00821,ENT0082,22,2024-09-13,640.66,0.0,640.66,71.47,569.19,8458.43
LN00821,ENT0082,23,2024-10-13,640.66,0.0,640.66,66.96,573.7,7884.73
LN00821,ENT0082,24,2024-11-13,640.66,128.13,512.53,62.42,578.24,7306.49
LN00821,ENT0082,25,2024-12-13,640.66,128.13,512.53,57.84,582.82,6723.68
LN00821,ENT0082,26,2025-01-13,640.66,128.13,512.53,53.23,587.43,6136.25
LN00821,ENT0082,27,2025-02-13,640.66,128.13,512.53,48.58,592.08,5544.17
LN00821,ENT0082,28,2025-03-13,640.66,128.13,512.53,43.89,596.77,4947.4
LN00821,ENT0082,29,2025-04-13,640.66,128.13,512.53,39.17,601.49,4345.91
LN00821,ENT0082,30,2025-05-13,640.66,128.13,512.53,34.41,606.25,3739.65
LN00821,ENT0082,31,2025-06-13,640.66,128.13,512.53,29.61,611.05,3128.6
LN00821,ENT0082,32,2025-07-13,640.66,128.13,512.53,24.77,615.89,2512.71
LN00821,ENT0082,33,2025-08-13,640.66,128.13,512.53,19.89,620.77,1891.94
LN00821,ENT0082,34,2025-09-13,640.66,128.13,512.53,14.98,625.68,1266.26
LN00821,ENT0082,35,2025-10-13,640.66,128.13,512.53,10.02,630.63,635.63
LN00821,ENT0082,36,2025-11-13,640.66,128.13,512.53,5.03,635.63,0.0
LN00831,ENT0083,13,2023-08-05,8004.28,0.0,8004.28,3417.32,4586.96,288325.97
LN00831,ENT0083,14,2023-09-05,8004.28,0.0,8004.28,3363.8,4640.48,283685.49
LN00831,ENT0083,15,2023-10-05,8004.28,0.0,8004.28,3309.66,4694.61,278990.88
LN00831,ENT0083,16,2023-11-05,8004.28,0.0,8004.28,3254.89,4749.38,274241.49
LN00831,ENT0083,17,2023-12-05,8004.28,0.0,8004.28,3199.48,4804.79,269436.7
LN00831,ENT0083,18,2024-01-05,8004.28,0.0,8004.28,3143.43,4860.85,264575.85
LN00831,ENT0083,19,2024-02-05,8004.28,0.0,8004.28,3086.72,4917.56,259658.29
LN00831,ENT0083,20,2024-03-05,8004.28,0.0,8004.28,3029.35,4974.93,254683.36
LN00831,ENT0083,21,2024-04-05,8004.28,0.0,8004.28,2971.31,5032.97,249650.39
LN00831,ENT0083,22,2024-05-05,8004.28,0.0,8004.28,2912.59,5091.69,244558.7
LN00831,ENT0083,23,2024-06-05,8004.28,0.0,8004.28,2853.18,5151.09,239407.6
LN00831,ENT0083,24,2024-07-05,8004.28,0.0,8004.28,2793.09,5211.19,234196.41
LN00831,ENT0083,25,2024-08-05,8004.28,0.0,8004.28,2732.29,5271.99,228924.43
LN00831,ENT0083,26,2024-09-05,8004.28,0.0,8004.28,2670.78,5333.49,223590.93
LN00831,ENT0083,27,2024-10-05,8004.28,0.0,8004.28,2608.56,5395.72,218195.22
LN00831,ENT0083,28,2024-11-05,8004.28,0.0,8004.28,2545.61,5458.67,212736.55
LN00831,ENT0083,29,2024-12-05,8004.28,0.0,8004.28,2481.93,5522.35,207214.2
LN00831,ENT0083,30,2025-01-05,8004.28,0.0,8004.28,2417.5,5586.78,201627.42
LN00831,ENT0083,31,2025-02-05,8004.28,0.0,8004.28,2352.32,5651.96,195975.46
LN00831,ENT0083,32,2025-03-05,8004.28,0.0,8004.28,2286.38,5717.9,190257.56
LN00831,ENT0083,33,2025-04-05,8004.28,0.0,8004.28,2219.67,5784.61,184472.95
LN00831,ENT0083,34,2025-05-05,8004.28,0.0,8004.28,2152.18,5852.09,178620.86
LN00831,ENT0083,35,2025-06-05,8004.28,0.0,8004.28,2083.91,5920.37,172700.49
LN00831,ENT0083,36,2025-07-05,8004.28,960.51,7043.76,2014.84,5989.44,166711.05
LN00831,ENT0083,37,2025-08-05,8004.28,960.51,7043.76,1944.96,6059.32,160651.74
LN00831,ENT0083,38,2025-09-05,8004.28,960.51,7043.76,1874.27,6130.01,154521.73
LN00831,ENT0083,39,2025-10-05,8004.28,960.51,7043.76,1802.75,6201.52,148320.2
LN00831,ENT0083,40,2025-11-05,8004.28,960.51,7043.76,1730.4,6273.88,142046.33
LN00831,ENT0083,41,2025-12-05,8004.28,960.51,7043.76,1657.21,6347.07,135699.26
LN00831,ENT0083,42,2026-01-05,8004.28,960.51,7043.76,1583.16,6421.12,129278.14
LN00831,ENT0083,43,2026-02-05,8004.28,960.51,7043.76,1508.24,6496.03,122782.1
LN00831,ENT0083,44,2026-03-05,8004.28,960.51,7043.76,1432.46,6571.82,116210.28
LN00831,ENT0083,45,2026-04-05,8004.28,960.51,7043.76,1355.79,6648.49,109561.79
LN00831,ENT0083,46,2026-05-05,8004.28,960.51,7043.76,1278.22,6726.06,102835.73
LN00831,ENT0083,47,2026-06-05,8004.28,960.51,7043.76,1199.75,6804.53,96031.21
LN00831,ENT0083,48,2026-07-05,8004.28,960.51,7043.76,1120.36,6883.91,89147.29
LN00851,ENT0085,11,2023-08-16,21508.26,0.0,21508.26,371.51,21136.75,21321.69
LN00851,ENT0085,12,2023-09-16,21508.26,0.0,21508.26,186.56,21321.69,0.0
LN00861,ENT0086,1,2023-08-07,6510.8,0.0,6510.8,1332.08,5178.72,133821.28
LN00861,ENT0086,2,2023-09-07,6510.8,0.0,6510.8,1282.45,5228.35,128592.93
LN00861,ENT0086,3,2023-10-07,6510.8,0.0,6510.8,1232.35,5278.45,123314.47
LN00861,ENT0086,4,2023-11-07,6510.8,0.0,6510.8,1181.76,5329.04,117985.43
LN00861,ENT0086,5,2023-12-07,6510.8,0.0,6510.8,1130.69,5380.11,112605.32
LN00861,ENT0086,6,2024-01-07,6510.8,0.0,6510.8,1079.13,5431.67,107173.66
LN00861,ENT0086,7,2024-02-07,6510.8,0.0,6510.8,1027.08,5483.72,101689.93
LN00861,ENT0086,8,2024-03-07,6510.8,0.0,6510.8,974.53,5536.28,96153.66
LN00861,ENT0086,9,2024-04-07,6510.8,0.0,6510.8,921.47,5589.33,90564.33
LN00861,ENT0086,10,2024-05-07,6510.8,0.0,6510.8,867.91,5642.9,84921.43
LN00861,ENT0086,11,2024-06-07,6510.8,0.0,6510.8,813.83,5696.97,79224.46
LN00861,ENT0086,12,2024-07-07,6510.8,0.0,6510.8,759.23,5751.57,73472.89
LN00861,ENT0086,13,2024-08-07,6510.8,0.0,6510.8,704.12,5806.69,67666.2
LN00861,ENT0086,14,2024-09-07,6510.8,0.0,6510.8,648.47,5862.34,61803.86
LN00861,ENT0086,15,2024-10-07,6510.8,0.0,6510.8,592.29,5918.52,55885.35
LN00861,ENT0086,16,2024-11-07,6510.8,1302.16,5208.64,535.57,5975.24,49910.11
LN00861,ENT0086,17,2024-12-07,6510.8,1302.16,5208.64,478.31,6032.5,43877.61
LN00861,ENT0086,18,2025-01-07,6510.8,1302.16,5208.64,420.49,6090.31,37787.3
LN00861,ENT0086,19,2025-02-07,6510.8,1302.16,5208.64,362.13,6148.68,31638.63
LN00861,ENT0086,20,2025-03-07,6510.8,1302.16,5208.64,303.2,6207.6,25431.02
LN00861,ENT0086,21,2025-04-07,6510.8,1302.16,5208.64,243.71,6267.09,19163.93
LN00861,ENT0086,22,2025-05-07,6510.8,1302.16,5208.64,183.65,6327.15,12836.79
LN00861,ENT0086,23,2025-06-07,6510.8,1302.16,5208.64,123.02,6387.78,6449.0
LN00861,ENT0086,24,2025-07-07,6510.8,1302.16,5208.64,61.8,6449.0,0.0
LN00871,ENT0087,12,2023-08-22,3870.67,0.0,3870.67,538.57,3332.11,64697.65
LN00871,ENT0087,13,2023-09-22,3870.67,0.0,3870.67,512.19,3358.48,61339.17
LN00871,ENT0087,14,2023-10-22,3870.67,0.0,3870.67,485.6,3385.07,57954.1
LN00871,ENT0087,15,2023-11-22,3870.67,0.0,3870.67,458.8,3411.87,54542.23
LN00871,ENT0087,16,2023-12-22,3870.67,0.0,3870.67,431.79,3438.88,51103.34
LN00871,ENT0087,17,2024-01-22,3870.67,0.0,3870.67,404.57,3466.11,47637.24
LN00871,ENT0087,18,2024-02-22,3870.67,0.0,3870.67,377.13,3493.55,44143.69
LN00871,ENT0087,19,2024-03-22,3870.67,0.0,3870.67,349.47,3521.2,40622.49
LN00871,ENT0087,20,2024-04-22,3870.67,0.0,3870.67,321.59,3549.08,37073.41
LN00871,ENT0087,21,2024-05-22,3870.67,0.0,3870.67,293.5,3577.18,33496.23
LN00871,ENT0087,22,2024-06-22,3870.67,0.0,3870.67,265.18,3605.5,29890.74
LN00871,ENT0087,23,2024-07-22,3870.67,0.0,3870.67,236.64,3634.04,26256.7
LN00871,ENT0087,24,2024-08-22,3870.67,0.0,3870.67,207.87,3662.81,22593.89
LN00871,ENT0087,25,2024-09-22,3870.67,0.0,3870.67,178.87,3691.81,18902.09
LN00871,ENT0087,26,2024-10-22,3870.67,0.0,3870.67,149.64,3721.03,15181.05
LN00871,ENT0087,27,2024-11-22,3870.67,774.13,3096.54,120.18,3750.49,11430.56
LN00871,ENT0087,28,2024-12-22,3870.67,774.13,3096.54,90.49,3780.18,7650.38
LN00871,ENT0087,29,2025-01-22,3870.67,774.13,3096.54,60.57,3810.11,3840.27
LN00871,ENT0087,30,2025-02-22,3870.67,774.13,3096.54,30.4,3840.27,0.0
LN00881,ENT0088,13,2023-08-30,10117.96,0.0,10117.96,5718.08,4399.88,322347.4
LN00881,ENT0088,14,2023-09-30,10117.96,0.0,10117.96,5641.08,4476.88,317870.52
LN00881,ENT0088,15,2023-10-30,10117.96,0.0,10117.96,5562.73,4555.22,313315.3
LN00881,ENT0088,16,2023-11-30,10117.96,0.0,10117.96,5483.02,4634.94,308680.36
LN00881,ENT0088,17,2023-12-30,10117.96,0.0,10117.96,5401.91,4716.05,303964.31
LN00881,ENT0088,18,2024-01-30,10117.96,0.0,10117.96,5319.38,4798.58,299165.73
LN00881,ENT0088,19,2024-02-29,10117.96,0.0,10117.96,5235.4,4882.56,294283.17
LN00881,ENT0088,20,2024-03-30,10117.96,0.0,10117.96,5149.96,4968.0,289315.17
LN00881,ENT0088,21,2024-04-30,10117.96,0.0,10117.96,5063.02,5054.94,284260.23
LN00881,ENT0088,22,2024-05-30,10117.96,0.0,10117.96,4974.55,5143.4,279116.83
LN00881,ENT0088,23,2024-06-30,10117.96,0.0,10117.96,4884.54,5233.41,273883.42
LN00881,ENT0088,24,2024-07-30,10117.96,0.0,10117.96,4792.96,5325.0,268558.42
LN00881,ENT0088,25,2024-08-30,10117.96,0.0,10117.96,4699.77,5418.18,263140.24
LN00881,ENT0088,26,2024-09-30,10117.96,0.0,10117.96,4604.95,5513.0,257627.23
LN00881,ENT0088,27,2024-10-30,10117.96,0.0,10117.96,4508.48,5609.48,252017.75
LN00881,ENT0088,28,2024-11-30,10117.96,0.0,10117.96,4410.31,5707.65,246310.11
LN00881,ENT0088,29,2024-12-30,10117.96,0.0,10117.96,4310.43,5807.53,240502.58
LN00881,ENT0088,30,2025-01-30,10117.96,0.0,10117.96,4208.8,5909.16,234593.42
LN00881,ENT0088,31,2025-02-28,10117.96,0.0,10117.96,4105.38,6012.57,228580.84
LN00881,ENT0088,32,2025-03-30,10117.96,0.0,10117.96,4000.16,6117.79,222463.05
LN00881,ENT0088,33,2025-04-30,10117.96,0.0,10117.96,3893.1,6224.85,216238.2
LN00881,ENT0088,34,2025-05-30,10117.96,0.0,10117.96,3784.17,6333.79,209904.41
LN00881,ENT0088,35,2025-06-30,10117.96,0.0,10117.96,3673.33,6444.63,203459.78
LN00881,ENT0088,36,2025-07-30,10117.96,0.0,10117.96,3560.55,6557.41,196902.37
LN00881,ENT0088,37,2025-08-30,10117.96,0.0,10117.96,3445.79,6672.17,190230.21
LN00881,ENT0088,38,2025-09-30,10117.96,0.0,10117.96,3329.03,6788.93,183441.28
LN00881,ENT0088,39,2025-10-30,10117.96,0.0,10117.96,3210.22,6907.73,176533.54
LN00881,ENT0088,40,2025-11-30,10117.96,0.0,10117.96,3089.34,7028.62,169504.93
LN00881,ENT0088,41,2025-12-30,10117.96,0.0,10117.96,2966.34,7151.62,162353.31
LN00881,ENT0088,42,2026-01-30,10117.96,0.0,10117.96,2841.18,7276.77,155076.53
LN00881,ENT0088,43,2026-02-28,10117.96,0.0,10117.96,2713.84,7404.12,147672.41
LN00881,ENT0088,44,2026-03-30,10117.96,0.0,10117.96,2584.27,7533.69,140138.72
LN00881,ENT0088,45,2026-04-30,10117.96,0.0,10117.96,2452.43,7665.53,132473.2
LN00881,ENT0088,46,2026-05-30,10117.96,0.0,10117.96,2318.28,7799.68,124673.52
LN00881,ENT0088,47,2026-06-30,10117.96,0.0,10117.96,2181.79,7936.17,116737.35
LN00881,ENT0088,48,2026-07-30,10117.96,0.0,10117.96,2042.9,8075.05,108662.3
LN00891,ENT0089,10,2023-08-14,3469.97,0.0,3469.97,237.73,3232.25,26796.38
LN00891,ENT0089,11,2023-09-14,3469.97,0.0,3469.97,212.14,3257.83,23538.54
LN00891,ENT0089,12,2023-10-14,3469.97,0.0,3469.97,186.35,3283.63,20254.92
LN00891,ENT0089,13,2023-11-14,3469.97,0.0,3469.97,160.35,3309.62,16945.3
LN00891,ENT0089,14,2023-12-14,3469.97,0.0,3469.97,134.15,3335.82,13609.47
LN00891,ENT0089,15,2024-01-14,3469.97,0.0,3469.97,107.74,3362.23,10247.24
LN00891,ENT0089,16,2024-02-14,3469.97,0.0,3469.97,81.12,3388.85,6858.39
LN00891,ENT0089,17,2024-03-14,3469.97,0.0,3469.97,54.3,3415.68,3442.72
LN00891,ENT0089,18,2024-04-14,3469.97,0.0,3469.97,27.25,3442.72,0.0
LN00901,ENT0090,14,2023-08-11,5110.05,0.0,5110.05,1705.07,3404.98,142743.8
LN00901,ENT0090,15,2023-09-11,5110.05,0.0,5110.05,1665.34,3444.71,139299.09
LN00901,ENT0090,16,2023-10-11,5110.05,0.0,5110.05,1625.16,3484.9,135814.2
LN00901,ENT0090,17,2023-11-11,5110.05,0.0,5110.05,1584.5,3525.55,132288.65
LN00901,ENT0090,18,2023-12-11,5110.05,0.0,5110.05,1543.37,3566.68,128721.96
LN00901,ENT0090,19,2024-01-11,5110.05,0.0,5110.05,1501.76,3608.29,125113.67
LN00901,ENT0090,20,2024-02-11,5110.05,0.0,5110.05,1459.66,3650.39,121463.28
LN00901,ENT0090,21,2024-03-11,5110.05,0.0,5110.05,1417.07,3692.98,117770.3
LN00901,ENT0090,22,2024-04-11,5110.05,0.0,5110.05,1373.99,3736.06,114034.23
LN00901,ENT0090,23,2024-05-11,5110.05,0.0,5110.05,1330.4,3779.65,110254.58
LN00901,ENT0090,24,2024-06-11,5110.05,0.0,5110.05,1286.3,3823.75,106430.83
LN00901,ENT0090,25,2024-07-11,5110.05,0.0,5110.05,1241.69,3868.36,102562.47
LN00901,ENT0090,26,2024-08-11,5110.05,0.0,5110.05,1196.56,3913.49,98648.98
LN00901,ENT0090,27,2024-09-11,5110.05,0.0,5110.05,1150.9,3959.15,94689.84
LN00901,ENT0090,28,2024-10-11,5110.05,0.0,5110.05,1104.71,4005.34,90684.5
LN00901,ENT0090,29,2024-11-11,5110.05,0.0,5110.05,1057.99,4052.07,86632.44
LN00901,ENT0090,30,2024-12-11,5110.05,0.0,5110.05,1010.71,4099.34,82533.1
LN00901,ENT0090,31,2025-01-11,5110.05,0.0,5110.05,962.89,4147.16,78385.93
LN00901,ENT0090,32,2025-02-11,5110.05,0.0,5110.05,914.5,4195.55,74190.38
LN00901,ENT0090,33,2025-03-11,5110.05,0.0,5110.05,865.55,4244.5,69945.89
LN00901,ENT0090,34,2025-04-11,5110.05,0.0,5110.05,816.04,4294.02,65651.87
LN00901,ENT0090,35,2025-05-11,5110.05,0.0,5110.05,765.94,4344.11,61307.76
LN00901,ENT0090,36,2025-06-11,5110.05,0.0,5110.05,715.26,4394.79,56912.97
LN00901,ENT0090,37,2025-07-11,5110.05,613.21,4496.84,663.98,4446.07,52466.9
LN00901,ENT0090,38,2025-08-11,5110.05,613.21,4496.84,612.11,4497.94,47968.96
LN00901,ENT0090,39,2025-09-11,5110.05,613.21,4496.84,559.64,4550.41,43418.55
LN00901,ENT0090,40,2025-10-11,5110.05,613.21,4496.84,506.55,4603.5,38815.05
LN00901,ENT0090,41,2025-11-11,5110.05,613.21,4496.84,452.84,4657.21,34157.84
LN00901,ENT0090,42,2025-12-11,5110.05,613.21,4496.84,398.51,4711.54,29446.29
LN00901,ENT0090,43,2026-01-11,5110.05,613.21,4496.84,343.54,4766.51,24679.78
LN00901,ENT0090,44,2026-02-11,5110.05,613.21,4496.84,287.93,4822.12,19857.66
LN00901,ENT0090,45,2026-03-11,5110.05,613.21,4496.84,231.67,4878.38,14979.29
LN00901,ENT0090,46,2026-04-11,5110.05,613.21,4496.84,174.76,4935.29,10043.99
LN00901,ENT0090,47,2026-05-11,5110.05,613.21,4496.84,117.18,4992.87,5051.12
LN00901,ENT0090,48,2026-06-11,5110.05,613.21,4496.84,58.93,5051.12,0.0
LN00911,ENT0091,11,2023-08-27,4451.18,0.0,4451.18,711.76,3739.42,77604.7
LN00911,ENT0091,12,2023-09-27,4451.18,0.0,4451.18,679.04,3772.14,73832.56
LN00911,ENT0091,13,2023-10-27,4451.18,0.0,4451.18,646.03,3805.15,70027.41
LN00911,ENT0091,14,2023-11-27,4451.18,0.0,4451.18,612.74,3838.44,66188.96
LN00911,ENT0091,15,2023-12-27,4451.18,0.0,4451.18,579.15,3872.03,62316.93
LN00911,ENT0091,16,2024-01-27,4451.18,0.0,4451.18,545.27,3905.91,58411.02
LN00911,ENT0091,17,2024-02-27,4451.18,0.0,4451.18,511.1,3940.09,54470.93
LN00911,ENT0091,18,2024-03-27,4451.18,0.0,4451.18,476.62,3974.56,50496.37
LN00911,ENT0091,19,2024-04-27,4451.18,0.0,4451.18,441.84,4009.34,46487.03
LN00911,ENT0091,20,2024-05-27,4451.18,0.0,4451.18,406.76,4044.42,42442.61
LN00911,ENT0091,21,2024-06-27,4451.18,0.0,4451.18,371.37,4079.81,38362.79
LN00911,ENT0091,22,2024-07-27,4451.18,0.0,4451.18,335.67,4115.51,34247.28
LN00911,ENT0091,23,2024-08-27,4451.18,0.0,4451.18,299.66,4151.52,30095.76
LN00911,ENT0091,24,2024-09-27,4451.18,0.0,4451.18,263.34,4187.85,25907.92
LN00911,ENT0091,25,2024-10-27,4451.18,0.0,4451.18,226.69,4224.49,21683.43
LN00911,ENT0091,26,2024-11-27,4451.18,890.24,3560.95,189.73,4261.45,17421.97
LN00911,ENT0091,27,2024-12-27,4451.18,890.24,3560.95,152.44,4298.74,13123.23
LN00911,ENT0091,28,2025-01-27,4451.18,890.24,3560.95,114.83,4336.36,8786.87
LN00911,ENT0091,29,2025-02-27,4451.18,890.24,3560.95,76.89,4374.3,4412.57
LN00911,ENT0091,30,2025-03-27,4451.18,890.24,3560.95,38.61,4412.57,0.0
LN00912,ENT0091,1,2024-09-30,2185.15,0.0,2185.15,1015.0,1170.15,56829.85
LN00912,ENT0091,2,2024-10-30,2185.15,0.0,2185.15,994.52,1190.63,55639.21
LN00912,ENT0091,3,2024-11-30,2185.15,437.03,1748.12,973.69,1211.47,54427.75
LN00912,ENT0091,4,2024-12-30,2185.15,437.03,1748.12,952.49,1232.67,53195.08
LN00912,ENT0091,5,2025-01-30,2185.15,437.03,1748.12,930.91,1254.24,51940.84
LN00912,ENT0091,6,2025-02-28,2185.15,437.03,1748.12,908.96,1276.19,50664.65
LN00912,ENT0091,7,2025-03-30,2185.15,437.03,1748.12,886.63,1298.52,49366.13
LN00912,ENT0091,8,2025-04-30,2185.15,437.03,1748.12,863.91,1321.25,48044.88
LN00912,ENT0091,9,2025-05-30,2185.15,437.03,1748.12,840.79,1344.37,46700.51
LN00912,ENT0091,10,2025-06-30,2185.15,437.03,1748.12,817.26,1367.89,45332.62
LN00912,ENT0091,11,2025-07-30,2185.15,437.03,1748.12,793.32,1391.83,43940.78
LN00912,ENT0091,12,2025-08-30,2185.15,437.03,1748.12,768.96,1416.19,42524.59
LN00912,ENT0091,13,2025-09-30,2185.15,437.03,1748.12,744.18,1440.97,41083.62
LN00912,ENT0091,14,2025-10-30,2185.15,437.03,1748.12,718.96,1466.19,39617.43
LN00912,ENT0091,15,2025-11-30,2185.15,437.03,1748.12,693.31,1491.85,38125.58
LN00912,ENT0091,16,2025-12-30,2185.15,437.03,1748.12,667.2,1517.96,36607.62
LN00912,ENT0091,17,2026-01-30,2185.15,437.03,1748.12,640.63,1544.52,35063.1
LN00912,ENT0091,18,2026-02-28,2185.15,437.03,1748.12,613.6,1571.55,33491.55
LN00912,ENT0091,19,2026-03-30,2185.15,437.03,1748.12,586.1,1599.05,31892.5
LN00912,ENT0091,20,2026-04-30,2185.15,437.03,1748.12,558.12,1627.04,30265.47
LN00912,ENT0091,21,2026-05-30,2185.15,437.03,1748.12,529.65,1655.51,28609.96
LN00912,ENT0091,22,2026-06-30,2185.15,437.03,1748.12,500.67,1684.48,26925.48
LN00912,ENT0091,23,2026-07-30,2185.15,437.03,1748.12,471.2,1713.96,25211.52
LN00931,ENT0093,1,2023-08-29,7800.59,0.0,7800.59,2100.0,5700.59,234299.41
LN00931,ENT0093,2,2023-09-29,7800.59,0.0,7800.59,2050.12,5750.47,228548.95
LN00931,ENT0093,3,2023-10-29,7800.59,0.0,7800.59,1999.8,5800.78,222748.16
LN00931,ENT0093,4,2023-11-29,7800.59,0.0,7800.59,1949.05,5851.54,216896.62
LN00931,ENT0093,5,2023-12-29,7800.59,0.0,7800.59,1897.85,5902.74,210993.88
LN00931,ENT0093,6,2024-01-29,7800.59,0.0,7800.59,1846.2,5954.39,205039.49
LN00931,ENT0093,7,2024-02-29,7800.59,0.0,7800.59,1794.1,6006.49,199033.0
LN00931,ENT0093,8,2024-03-29,7800.59,0.0,7800.59,1741.54,6059.05,192973.95
LN00931,ENT0093,9,2024-04-29,7800.59,0.0,7800.59,1688.52,6112.06,186861.89
LN00931,ENT0093,10,2024-05-29,7800.59,0.0,7800.59,1635.04,6165.54,180696.35
LN00931,ENT0093,11,2024-06-29,7800.59,0.0,7800.59,1581.09,6219.49,174476.85
LN00931,ENT0093,12,2024-07-29,7800.59,0.0,7800.59,1526.67,6273.91,168202.94
LN00931,ENT0093,13,2024-08-29,7800.59,0.0,7800.59,1471.78,6328.81,161874.13
LN00931,ENT0093,14,2024-09-29,7800.59,0.0,7800.59,1416.4,6384.19,155489.94
LN00931,ENT0093,15,2024-10-29,7800.59,0.0,7800.59,1360.54,6440.05,149049.89
LN00931,ENT0093,16,2024-11-29,7800.59,0.0,7800.59,1304.19,6496.4,142553.49
LN00931,ENT0093,17,2024-12-29,7800.59,0.0,7800.59,1247.34,6553.24,136000.25
LN00931,ENT0093,18,2025-01-29,7800.59,0.0,7800.59,1190.0,6610.58,129389.66
LN00931,ENT0093,19,2025-02-28,7800.59,0.0,7800.59,1132.16,6668.43,122721.24
LN00931,ENT0093,20,2025-03-29,7800.59,0.0,7800.59,1073.81,6726.78,115994.46
LN00931,ENT0093,21,2025-04-29,7800.59,0.0,7800.59,1014.95,6785.63,109208.82
LN00931,ENT0093,22,2025-05-29,7800.59,0.0,7800.59,955.58,6845.01,102363.82
LN00931,ENT0093,23,2025-06-29,7800.59,0.0,7800.59,895.68,6904.9,95458.91
LN00931,ENT0093,24,2025-07-29,7800.59,0.0,7800.59,835.27,6965.32,88493.59
LN00931,ENT0093,25,2025-08-29,7800.59,0.0,7800.59,774.32,7026.27,81467.32
LN00931,ENT0093,26,2025-09-29,7800.59,0.0,7800.59,712.84,7087.75,74379.58
LN00931,ENT0093,27,2025-10-29,7800.59,0.0,7800.59,650.82,7149.77,67229.81
LN00931,ENT0093,28,2025-11-29,7800.59,0.0,7800.59,588.26,7212.33,60017.49
LN00931,ENT0093,29,2025-12-29,7800.59,0.0,7800.59,525.15,7275.43,52742.05
LN00931,ENT0093,30,2026-01-29,7800.59,0.0,7800.59,461.49,7339.09,45402.96
LN00931,ENT0093,31,2026-02-28,7800.59,0.0,7800.59,397.28,7403.31,37999.65
LN00931,ENT0093,32,2026-03-29,7800.59,0.0,7800.59,332.5,7468.09,30531.56
LN00931,ENT0093,33,2026-04-29,7800.59,0.0,7800.59,267.15,7533.44,22998.12
LN00931,ENT0093,34,2026-05-29,7800.59,0.0,7800.59,201.23,7599.35,15398.77
LN00931,ENT0093,35,2026-06-29,7800.59,0.0,7800.59,134.74,7665.85,7732.92
LN00931,ENT0093,36,2026-07-29,7800.59,0.0,7800.59,67.66,7732.92,0.0
LN00961,ENT0096,16,2023-08-25,5314.75,0.0,5314.75,708.47,4606.28,69321.08
LN00961,ENT0096,17,2023-09-25,5314.75,0.0,5314.75,664.33,4650.42,64670.66
LN00961,ENT0096,18,2023-10-25,5314.75,0.0,5314.75,619.76,4694.99,59975.68
LN00961,ENT0096,19,2023-11-25,5314.75,0.0,5314.75,574.77,4739.98,55235.69
LN00961,ENT0096,20,2023-12-25,5314.75,0.0,5314.75,529.34,4785.41,50450.29
LN00961,ENT0096,21,2024-01-25,5314.75,0.0,5314.75,483.48,4831.27,45619.02
LN00961,ENT0096,22,2024-02-25,5314.75,0.0,5314.75,437.18,4877.57,40741.46
LN00961,ENT0096,23,2024-03-25,5314.75,0.0,5314.75,390.44,4924.31,35817.15
LN00961,ENT0096,24,2024-04-25,5314.75,0.0,5314.75,343.25,4971.5,30845.65
LN00961,ENT0096,25,2024-05-25,5314.75,0.0,5314.75,295.6,5019.14,25826.51
LN00961,ENT0096,26,2024-06-25,5314.75,0.0,5314.75,247.5,5067.24,20759.26
LN00961,ENT0096,27,2024-07-25,5314.75,0.0,5314.75,198.94,5115.8,15643.46
LN00961,ENT0096,28,2024-08-25,5314.75,0.0,5314.75,149.92,5164.83,10478.63
LN00961,ENT0096,29,2024-09-25,5314.75,0.0,5314.75,100.42,5214.33,5264.3
LN00961,ENT0096,30,2024-10-25,5314.75,0.0,5314.75,50.45,5264.3,0.0
LN00981,ENT0098,5,2023-08-22,15767.67,0.0,15767.67,1254.46,14513.21,105914.82
LN00981,ENT0098,6,2023-09-22,15767.67,0.0,15767.67,1103.28,14664.39,91250.43
LN00981,ENT0098,7,2023-10-22,15767.67,0.0,15767.67,950.53,14817.14,76433.29
LN00981,ENT0098,8,2023-11-22,15767.67,0.0,15767.67,796.18,14971.49,61461.81
LN00981,ENT0098,9,2023-12-22,15767.67,0.0,15767.67,640.23,15127.44,46334.37
LN00981,ENT0098,10,2024-01-22,15767.67,0.0,15767.67,482.65,15285.02,31049.35
LN00981,ENT0098,11,2024-02-22,15767.67,0.0,15767.67,323.43,15444.24,15605.11
LN00981,ENT0098,12,2024-03-22,15767.67,0.0,15767.67,162.55,15605.11,0.0
LN00991,ENT0099,17,2023-08-23,26922.2,0.0,26922.2,421.26,26500.94,26710.74
LN00991,ENT0099,18,2023-09-23,26922.2,0.0,26922.2,211.46,26710.74,0.0
LN00992,ENT0099,1,2024-11-03,17259.7,0.0,17259.7,5891.67,11368.04,493631.96
LN00992,ENT0099,2,2024-12-03,17259.7,0.0,17259.7,5759.04,11500.66,482131.3
LN00992,ENT0099,3,2025-01-03,17259.7,0.0,17259.7,5624.87,11634.84,470496.46
LN00992,ENT0099,4,2025-02-03,17259.7,0.0,17259.7,5489.13,11770.58,458725.88
LN00992,ENT0099,5,2025-03-03,17259.7,0.0,17259.7,5351.8,11907.9,446817.98
LN00992,ENT0099,6,2025-04-03,17259.7,0.0,17259.7,5212.88,12046.83,434771.16
LN00992,ENT0099,7,2025-05-03,17259.7,0.0,17259.7,5072.33,12187.37,422583.78
LN00992,ENT0099,8,2025-06-03,17259.7,0.0,17259.7,4930.14,12329.56,410254.23
LN00992,ENT0099,9,2025-07-03,17259.7,0.0,17259.7,4786.3,12473.4,397780.82
LN00992,ENT0099,10,2025-08-03,17259.7,0.0,17259.7,4640.78,12618.93,385161.89
LN00992,ENT0099,11,2025-09-03,17259.7,0.0,17259.7,4493.56,12766.15,372395.75
LN00992,ENT0099,12,2025-10-03,17259.7,0.0,17259.7,4344.62,12915.09,359480.66
LN00992,ENT0099,13,2025-11-03,17259.7,0.0,17259.7,4193.94,13065.76,346414.9
LN00992,ENT0099,14,2025-12-03,17259.7,0.0,17259.7,4041.51,13218.2,333196.7
LN00992,ENT0099,15,2026-01-03,17259.7,0.0,17259.7,3887.29,13372.41,319824.3
LN00992,ENT0099,16,2026-02-03,17259.7,0.0,17259.7,3731.28,13528.42,306295.88
LN00992,ENT0099,17,2026-03-03,17259.7,0.0,17259.7,3573.45,13686.25,292609.62
LN00992,ENT0099,18,2026-04-03,17259.7,0.0,17259.7,3413.78,13845.92,278763.7
LN00992,ENT0099,19,2026-05-03,17259.7,0.0,17259.7,3252.24,14007.46,264756.24
LN00992,ENT0099,20,2026-06-03,17259.7,0.0,17259.7,3088.82,14170.88,250585.36
LN00992,ENT0099,21,2026-07-03,17259.7,0.0,17259.7,2923.5,14336.21,236249.15
LN01001,ENT0100,9,2023-08-28,20091.79,0.0,20091.79,4869.92,15221.87,263059.4
LN01001,ENT0100,10,2023-09-28,20091.79,0.0,20091.79,4603.54,15488.25,247571.15
LN01001,ENT0100,11,2023-10-28,20091.79,0.0,20091.79,4332.5,15759.29,231811.85
LN01001,ENT0100,12,2023-11-28,20091.79,0.0,20091.79,4056.71,16035.08,215776.77
LN01001,ENT0100,13,2023-12-28,20091.79,0.0,20091.79,3776.09,16315.7,199461.08
LN01001,ENT0100,14,2024-01-28,20091.79,0.0,20091.79,3490.57,16601.22,182859.86
LN01001,ENT0100,15,2024-02-28,20091.79,0.0,20091.79,3200.05,16891.74,165968.11
LN01001,ENT0100,16,2024-03-28,20091.79,0.0,20091.79,2904.44,17187.35,148780.77
LN01001,ENT0100,17,2024-04-28,20091.79,0.0,20091.79,2603.66,17488.13,131292.64
LN01001,ENT0100,18,2024-05-28,20091.79,0.0,20091.79,2297.62,17794.17,113498.47
LN01001,ENT0100,19,2024-06-28,20091.79,0.0,20091.79,1986.22,18105.57,95392.9
LN01001,ENT0100,20,2024-07-28,20091.79,0.0,20091.79,1669.38,18422.41,76970.49
LN01001,ENT0100,21,2024-08-28,20091.79,0.0,20091.79,1346.98,18744.81,58225.69
LN01001,ENT0100,22,2024-09-28,20091.79,0.0,20091.79,1018.95,19072.84,39152.85
LN01001,ENT0100,23,2024-10-28,20091.79,0.0,20091.79,685.17,19406.61,19746.23
LN01001,ENT0100,24,2024-11-28,20091.79,0.0,20091.79,345.56,19746.23,0.0
LN01011,ENT0101,12,2023-08-30,2144.14,0.0,2144.14,383.2,1760.94,35026.67
LN01011,ENT0101,13,2023-09-30,2144.14,0.0,2144.14,364.86,1779.28,33247.39
LN01011,ENT0101,14,2023-10-30,2144.14,0.0,2144.14,346.33,1797.82,31449.57
LN01011,ENT0101,15,2023-11-30,2144.14,0.0,2144.14,327.6,1816.54,29633.03
LN01011,ENT0101,16,2023-12-30,2144.14,0.0,2144.14,308.68,1835.47,27797.57
LN01011,ENT0101,17,2024-01-30,2144.14,0.0,2144.14,289.56,1854.58,25942.98
LN01011,ENT0101,18,2024-02-29,2144.14,0.0,2144.14,270.24,1873.9,24069.08
LN01011,ENT0101,19,2024-03-30,2144.14,0.0,2144.14,250.72,1893.42,22175.66
LN01011,ENT0101,20,2024-04-30,2144.14,0.0,2144.14,231.0,1913.15,20262.51
LN01011,ENT0101,21,2024-05-30,2144.14,0.0,2144.14,211.07,1933.07,18329.44
LN01011,ENT0101,22,2024-06-30,2144.14,0.0,2144.14,190.93,1953.21,16376.22
LN01011,ENT0101,23,2024-07-30,2144.14,0.0,2144.14,170.59,1973.56,14402.67
LN01011,ENT0101,24,2024-08-30,2144.14,0.0,2144.14,150.03,1994.11,12408.55
LN01011,ENT0101,25,2024-09-30,2144.14,0.0,2144.14,129.26,2014.89,10393.67
LN01011,ENT0101,26,2024-10-30,2144.14,0.0,2144.14,108.27,2035.88,8357.79
LN01011,ENT0101,27,2024-11-30,2144.14,0.0,2144.14,87.06,2057.08,6300.71
LN01011,ENT0101,28,2024-12-30,2144.14,0.0,2144.14,65.63,2078.51,4222.2
LN01011,ENT0101,29,2025-01-30,2144.14,0.0,2144.14,43.98,2100.16,2122.04
LN01011,ENT0101,30,2025-02-28,2144.14,0.0,2144.14,22.1,2122.04,0.0
LN01021,ENT0102,8,2023-08-21,9779.72,0.0,9779.72,3616.63,6163.09,407166.44
LN01021,ENT0102,9,2023-09-21,9779.72,0.0,9779.72,3562.71,6217.02,400949.42
LN01021,ENT0102,10,2023-10-21,9779.72,0.0,9779.72,3508.31,6271.42,394678.01
LN01021,ENT0102,11,2023-11-21,9779.72,0.0,9779.72,3453.43,6326.29,388351.71
LN01021,ENT0102,12,2023-12-21,9779.72,0.0,9779.72,3398.08,6381.65,381970.07
LN01021,ENT0102,13,2024-01-21,9779.72,0.0,9779.72,3342.24,6437.49,375532.58
LN01021,ENT0102,14,2024-02-21,9779.72,0.0,9779.72,3285.91,6493.81,369038.77
LN01021,ENT0102,15,2024-03-21,9779.72,0.0,9779.72,3229.09,6550.64,362488.13
LN01021,ENT0102,16,2024-04-21,9779.72,0.0,9779.72,3171.77,6607.95,355880.18
LN01021,ENT0102,17,2024-05-21,9779.72,0.0,9779.72,3113.95,6665.77,349214.4
LN01021,ENT0102,18,2024-06-21,9779.72,0.0,9779.72,3055.63,6724.1,342490.3
LN01021,ENT0102,19,2024-07-21,9779.72,0.0,9779.72,2996.79,6782.93,335707.37
LN01021,ENT0102,20,2024-08-21,9779.72,0.0,9779.72,2937.44,6842.29,328865.09
LN01021,ENT0102,21,2024-09-21,9779.72,0.0,9779.72,2877.57,6902.16,321962.93
LN01021,ENT0102,22,2024-10-21,9779.72,0.0,9779.72,2817.18,6962.55,315000.38
LN01021,ENT0102,23,2024-11-21,9779.72,0.0,9779.72,2756.25,7023.47,307976.91
LN01021,ENT0102,24,2024-12-21,9779.72,0.0,9779.72,2694.8,7084.93,300891.98
LN01021,ENT0102,25,2025-01-21,9779.72,0.0,9779.72,2632.8,7146.92,293745.06
LN01021,ENT0102,26,2025-02-21,9779.72,0.0,9779.72,2570.27,7209.46,286535.61
LN01021,ENT0102,27,2025-03-21,9779.72,0.0,9779.72,2507.19,7272.54,279263.07
LN01021,ENT0102,28,2025-04-21,9779.72,0.0,9779.72,2443.55,7336.17,271926.9
LN01021,ENT0102,29,2025-05-21,9779.72,0.0,9779.72,2379.36,7400.36,264526.53
LN01021,ENT0102,30,2025-06-21,9779.72,0.0,9779.72,2314.61,7465.12,257061.41
LN01021,ENT0102,31,2025-07-21,9779.72,0.0,9779.72,2249.29,7530.44,249530.98
LN01021,ENT0102,32,2025-08-21,9779.72,0.0,9779.72,2183.4,7596.33,241934.65
LN01021,ENT0102,33,2025-09-21,9779.72,0.0,9779.72,2116.93,7662.8,234271.85
LN01021,ENT0102,34,2025-10-21,9779.72,0.0,9779.72,2049.88,7729.85,226542.01
LN01021,ENT0102,35,2025-11-21,9779.72,0.0,9779.72,1982.24,7797.48,218744.52
LN01021,ENT0102,36,2025-12-21,9779.72,0.0,9779.72,1914.01,7865.71,210878.81
LN01021,ENT0102,37,2026-01-21,9779.72,0.0,9779.72,1845.19,7934.54,202944.28
LN01021,ENT0102,38,2026-02-21,9779.72,0.0,9779.72,1775.76,8003.96,194940.32
LN01021,ENT0102,39,2026-03-21,9779.72,0.0,9779.72,1705.73,8074.0,186866.32
LN01021,ENT0102,40,2026-04-21,9779.72,0.0,9779.72,1635.08,8144.64,178721.68
LN01021,ENT0102,41,2026-05-21,9779.72,0.0,9779.72,1563.81,8215.91,170505.77
LN01021,ENT0102,42,2026-06-21,9779.72,0.0,9779.72,1491.93,8287.8,162217.97
LN01021,ENT0102,43,2026-07-21,9779.72,0.0,9779.72,1419.41,8360.32,153857.65
LN01031,ENT0103,12,2023-08-16,11956.17,0.0,11956.17,1944.86,10011.31,131433.24
LN01031,ENT0103,13,2023-09-16,11956.17,0.0,11956.17,1807.21,10148.96,121284.28
LN01031,ENT0103,14,2023-10-16,11956.17,0.0,11956.17,1667.66,10288.51,110995.77
LN01031,ENT0103,15,2023-11-16,11956.17,0.0,11956.17,1526.19,10429.98,100565.79
LN01031,ENT0103,16,2023-12-16,11956.17,0.0,11956.17,1382.78,10573.39,89992.39
LN01031,ENT0103,17,2024-01-16,11956.17,0.0,11956.17,1237.4,10718.78,79273.62
LN01031,ENT0103,18,2024-02-16,11956.17,0.0,11956.17,1090.01,10866.16,68407.46
LN01031,ENT0103,19,2024-03-16,11956.17,0.0,11956.17,940.6,11015.57,57391.89
LN01031,ENT0103,20,2024-04-16,11956.17,0.0,11956.17,789.14,11167.03,46224.86
LN01031,ENT0103,21,2024-05-16,11956.17,0.0,11956.17,635.59,11320.58,34904.28
LN01031,ENT0103,22,2024-06-16,11956.17,0.0,11956.17,479.93,11476.24,23428.04
LN01031,ENT0103,23,2024-07-16,11956.17,0.0,11956.17,322.14,11634.04,11794.0
LN01031,ENT0103,24,2024-08-16,11956.17,0.0,11956.17,162.17,11794.0,0.0
LN01032,ENT0103,1,2024-11-16,11340.88,0.0,11340.88,1955.42,9385.46,237614.54
LN01032,ENT0103,2,2024-12-16,11340.88,0.0,11340.88,1881.12,9459.76,228154.77
LN01032,ENT0103,3,2025-01-16,11340.88,0.0,11340.88,1806.23,9534.65,218620.12
LN01032,ENT0103,4,2025-02-16,11340.88,0.0,11340.88,1730.74,9610.14,209009.98
LN01032,ENT0103,5,2025-03-16,11340.88,0.0,11340.88,1654.66,9686.22,199323.76
LN01032,ENT0103,6,2025-04-16,11340.88,0.0,11340.88,1577.98,9762.9,189560.86
LN01032,ENT0103,7,2025-05-16,11340.88,0.0,11340.88,1500.69,9840.19,179720.67
LN01032,ENT0103,8,2025-06-16,11340.88,0.0,11340.88,1422.79,9918.09,169802.58
LN01032,ENT0103,9,2025-07-16,11340.88,0.0,11340.88,1344.27,9996.61,159805.97
LN01032,ENT0103,10,2025-08-16,11340.88,0.0,11340.88,1265.13,10075.75,149730.22
LN01032,ENT0103,11,2025-09-16,11340.88,0.0,11340.88,1185.36,10155.52,139574.71
LN01032,ENT0103,12,2025-10-16,11340.88,0.0,11340.88,1104.97,10235.91,129338.8
LN01032,ENT0103,13,2025-11-16,11340.88,0.0,11340.88,1023.93,10316.95,119021.85
LN01032,ENT0103,14,2025-12-16,11340.88,0.0,11340.88,942.26,10398.62,108623.22
LN01032,ENT0103,15,2026-01-16,11340.88,0.0,11340.88,859.93,10480.95,98142.28
LN01032,ENT0103,16,2026-02-16,11340.88,0.0,11340.88,776.96,10563.92,87578.36
LN01032,ENT0103,17,2026-03-16,11340.88,0.0,11340.88,693.33,10647.55,76930.81
LN01032,ENT0103,18,2026-04-16,11340.88,0.0,11340.88,609.04,10731.84,66198.96
LN01032,ENT0103,19,2026-05-16,11340.88,0.0,11340.88,524.08,10816.8,55382.16
LN01032,ENT0103,20,2026-06-16,11340.88,0.0,11340.88,438.44,10902.44,44479.72
LN01032,ENT0103,21,2026-07-16,11340.88,0.0,11340.88,352.13,10988.75,33490.97
LN01041,ENT0104,8,2023-08-21,16024.29,0.0,16024.29,4159.38,11864.9,387435.99
LN01041,ENT0104,9,2023-09-21,16024.29,0.0,16024.29,4035.79,11988.5,375447.49
LN01041,ENT0104,10,2023-10-21,16024.29,0.0,16024.29,3910.91,12113.38,363334.12
LN01041,ENT0104,11,2023-11-21,16024.29,0.0,16024.29,3784.73,12239.56,351094.56
LN01041,ENT0104,12,2023-12-21,16024.29,0.0,16024.29,3657.24,12367.05,338727.51
LN01041,ENT0104,13,2024-01-21,16024.29,0.0,16024.29,3528.41,12495.88,326231.63
LN01041,ENT0104,14,2024-02-21,16024.29,0.0,16024.29,3398.25,12626.04,313605.59
LN01041,ENT0104,15,2024-03-21,16024.29,0.0,16024.29,3266.72,12757.56,300848.03
LN01041,ENT0104,16,2024-04-21,16024.29,0.0,16024.29,3133.83,12890.45,287957.58
LN01041,ENT0104,17,2024-05-21,16024.29,0.0,16024.29,2999.56,13024.73,274932.85
LN01041,ENT0104,18,2024-06-21,16024.29,0.0,16024.29,2863.88,13160.4,261772.45
LN01041,ENT0104,19,2024-07-21,16024.29,0.0,16024.29,2726.8,13297.49,248474.96
LN01041,ENT0104,20,2024-08-21,16024.29,0.0,16024.29,2588.28,13436.01,235038.95
LN01041,ENT0104,21,2024-09-21,16024.29,0.0,16024.29,2448.32,13575.96,221462.99
LN01041,ENT0104,22,2024-10-21,16024.29,0.0,16024.29,2306.91,13717.38,207745.61
LN01041,ENT0104,23,2024-11-21,16024.29,0.0,16024.29,2164.02,13860.27,193885.34
LN01041,ENT0104,24,2024-12-21,16024.29,0.0,16024.29,2019.64,14004.65,179880.69
LN01041,ENT0104,25,2025-01-21,16024.29,0.0,16024.29,1873.76,14150.53,165730.16
LN01041,ENT0104,26,2025-02-21,16024.29,0.0,16024.29,1726.36,14297.93,151432.23
LN01041,ENT0104,27,2025-03-21,16024.29,0.0,16024.29,1577.42,14446.87,136985.36
LN01041,ENT0104,28,2025-04-21,16024.29,0.0,16024.29,1426.93,14597.36,122388.0
LN01041,ENT0104,29,2025-05-21,16024.29,0.0,16024.29,1274.88,14749.41,107638.59
LN01041,ENT0104,30,2025-06-21,16024.29,0.0,16024.29,1121.24,14903.05,92735.54
LN01041,ENT0104,31,2025-07-21,16024.29,0.0,16024.29,966.0,15058.29,77677.25
LN01041,ENT0104,32,2025-08-21,16024.29,0.0,16024.29,809.14,15215.15,62462.1
LN01041,ENT0104,33,2025-09-21,16024.29,0.0,16024.29,650.65,15373.64,47088.46
LN01041,ENT0104,34,2025-10-21,16024.29,0.0,16024.29,490.5,15533.78,31554.68
LN01041,ENT0104,35,2025-11-21,16024.29,0.0,16024.29,328.69,15695.59,15859.09
LN01041,ENT0104,36,2025-12-21,16024.29,0.0,16024.29,165.2,15859.09,0.0
LN01051,ENT0105,11,2023-08-11,4366.45,0.0,4366.45,117.65,4248.8,4307.22
LN01051,ENT0105,12,2023-09-11,4366.45,0.0,4366.45,59.22,4307.22,0.0
LN01061,ENT0106,9,2023-08-09,25827.54,0.0,25827.54,884.53,24943.01,76146.19
LN01061,ENT0106,10,2023-09-09,25827.54,0.0,25827.54,666.28,25161.26,50984.93
LN01061,ENT0106,11,2023-10-09,25827.54,0.0,25827.54,446.12,25381.42,25603.51
LN01061,ENT0106,12,2023-11-09,25827.54,0.0,25827.54,224.03,25603.51,0.0
LN01071,ENT0107,13,2023-08-27,6038.17,0.0,6038.17,1619.56,4418.61,88127.53
LN01071,ENT0107,14,2023-09-27,6038.17,0.0,6038.17,1542.23,4495.93,83631.59
LN01071,ENT0107,15,2023-10-27,6038.17,0.0,6038.17,1463.55,4574.61,79056.98
LN01071,ENT0107,16,2023-11-27,6038.17,0.0,6038.17,1383.5,4654.67,74402.31
LN01071,ENT0107,17,2023-12-27,6038.17,0.0,6038.17,1302.04,4736.13,69666.19
LN01071,ENT0107,18,2024-01-27,6038.17,0.0,6038.17,1219.16,4819.01,64847.18
LN01071,ENT0107,19,2024-02-27,6038.17,0.0,6038.17,1134.83,4903.34,59943.84
LN01071,ENT0107,20,2024-03-27,6038.17,0.0,6038.17,1049.02,4989.15,54954.69
LN01071,ENT0107,21,2024-04-27,6038.17,0.0,6038.17,961.71,5076.46,49878.23
LN01071,ENT0107,22,2024-05-27,6038.17,0.0,6038.17,872.87,5165.3,44712.94
LN01071,ENT0107,23,2024-06-27,6038.17,0.0,6038.17,782.48,5255.69,39457.25
LN01071,ENT0107,24,2024-07-27,6038.17,0.0,6038.17,690.5,5347.66,34109.58
LN01071,ENT0107,25,2024-08-27,6038.17,0.0,6038.17,596.92,5441.25,28668.34
LN01071,ENT0107,26,2024-09-27,6038.17,0.0,6038.17,501.7,5536.47,23131.87
LN01071,ENT0107,27,2024-10-27,6038.17,0.0,6038.17,404.81,5633.36,17498.51
LN01071,ENT0107,28,2024-11-27,6038.17,1207.63,4830.53,306.22,5731.94,11766.57
LN01071,ENT0107,29,2024-12-27,6038.17,1207.63,4830.53,205.91,5832.25,5934.32
LN01071,ENT0107,30,2025-01-27,6038.17,1207.63,4830.53,103.85,5934.32,0.0
LN01091,ENT0109,16,2023-08-27,6463.01,0.0,6463.01,1197.12,5265.89,81797.31
LN01091,ENT0109,17,2023-09-27,6463.01,0.0,6463.01,1124.71,5338.29,76459.02
LN01091,ENT0109,18,2023-10-27,6463.01,0.0,6463.01,1051.31,5411.7,71047.32
LN01091,ENT0109,19,2023-11-27,6463.01,0.0,6463.01,976.9,5486.11,65561.21
LN01091,ENT0109,20,2023-12-27,6463.01,0.0,6463.01,901.47,5561.54,59999.67
LN01091,ENT0109,21,2024-01-27,6463.01,0.0,6463.01,825.0,5638.01,54361.66
LN01091,ENT0109,22,2024-02-27,6463.01,0.0,6463.01,747.47,5715.53,48646.13
LN01091,ENT0109,23,2024-03-27,6463.01,0.0,6463.01,668.88,5794.12,42852.01
LN01091,ENT0109,24,2024-04-27,6463.01,0.0,6463.01,589.22,5873.79,36978.21
LN01091,ENT0109,25,2024-05-27,6463.01,0.0,6463.01,508.45,5954.56,31023.66
LN01091,ENT0109,26,2024-06-27,6463.01,0.0,6463.01,426.58,6036.43,24987.23
LN01091,ENT0109,27,2024-07-27,6463.01,0.0,6463.01,343.57,6119.43,18867.79
LN01091,ENT0109,28,2024-08-27,6463.01,0.0,6463.01,259.43,6203.57,12664.22
LN01091,ENT0109,29,2024-09-27,6463.01,0.0,6463.01,174.13,6288.87,6375.35
LN01091,ENT0109,30,2024-10-27,6463.01,0.0,6463.01,87.66,6375.35,0.0
LN01101,ENT0110,10,2023-08-30,2575.93,0.0,2575.93,628.69,1947.24,58406.53
LN01101,ENT0110,11,2023-09-30,2575.93,0.0,2575.93,608.4,1967.53,56439.0
LN01101,ENT0110,12,2023-10-30,2575.93,0.0,2575.93,587.91,1988.02,54450.98
LN01101,ENT0110,13,2023-11-30,2575.93,0.0,2575.93,567.2,2008.73,52442.25
LN01101,ENT0110,14,2023-12-30,2575.93,0.0,2575.93,546.27,2029.66,50412.59
LN01101,ENT0110,15,2024-01-30,2575.93,0.0,2575.93,525.13,2050.8,48361.79
LN01101,ENT0110,16,2024-02-29,2575.93,0.0,2575.93,503.77,2072.16,46289.63
LN01101,ENT0110,17,2024-03-30,2575.93,0.0,2575.93,482.18,2093.75,44195.89
LN01101,ENT0110,18,2024-04-30,2575.93,0.0,2575.93,460.37,2115.56,42080.33
LN01101,ENT0110,19,2024-05-30,2575.93,0.0,2575.93,438.34,2137.59,39942.74
LN01101,ENT0110,20,2024-06-30,2575.93,0.0,2575.93,416.07,2159.86,37782.88
LN01101,ENT0110,21,2024-07-30,2575.93,0.0,2575.93,393.57,2182.36,35600.52
LN01101,ENT0110,22,2024-08-30,2575.93,0.0,2575.93,370.84,2205.09,33395.43
LN01101,ENT0110,23,2024-09-30,2575.93,0.0,2575.93,347.87,2228.06,31167.37
LN01101,ENT0110,24,2024-10-30,2575.93,0.0,2575.93,324.66,2251.27,28916.1
LN01101,ENT0110,25,2024-11-30,2575.93,0.0,2575.93,301.21,2274.72,26641.38
LN01101,ENT0110,26,2024-12-30,2575.93,0.0,2575.93,277.51,2298.41,24342.97
LN01101,ENT0110,27,2025-01-30,2575.93,0.0,2575.93,253.57,2322.36,22020.61
LN01101,ENT0110,28,2025-02-28,2575.93,0.0,2575.93,229.38,2346.55,19674.06
LN01101,ENT0110,29,2025-03-30,2575.93,0.0,2575.93,204.94,2370.99,17303.07
LN01101,ENT0110,30,2025-04-30,2575.93,0.0,2575.93,180.24,2395.69,14907.38
LN01101,ENT0110,31,2025-05-30,2575.93,0.0,2575.93,155.29,2420.64,12486.74
LN01101,ENT0110,32,2025-06-30,2575.93,0.0,2575.93,130.07,2445.86,10040.88
LN01101,ENT0110,33,2025-07-30,2575.93,309.11,2266.82,104.59,2471.34,7569.54
LN01101,ENT0110,34,2025-08-30,2575.93,309.11,2266.82,78.85,2497.08,5072.46
LN01101,ENT0110,35,2025-09-30,2575.93,309.11,2266.82,52.84,2523.09,2549.37
LN01101,ENT0110,36,2025-10-30,2575.93,309.11,2266.82,26.56,2549.37,0.0
LN01111,ENT0111,9,2023-08-05,2249.78,0.0,2249.78,583.83,1665.95,40794.71
LN01111,ENT0111,10,2023-09-05,2249.78,0.0,2249.78,560.93,1688.85,39105.86
LN01111,ENT0111,11,2023-10-05,2249.78,0.0,2249.78,537.71,1712.08,37393.78
LN01111,ENT0111,12,2023-11-05,2249.78,0.0,2249.78,514.16,1735.62,35658.16
LN01111,ENT0111,13,2023-12-05,2249.78,0.0,2249.78,490.3,1759.48,33898.68
LN01111,ENT0111,14,2024-01-05,2249.78,0.0,2249.78,466.11,1783.67,32115.01
LN01111,ENT0111,15,2024-02-05,2249.78,0.0,2249.78,441.58,1808.2,30306.81
LN01111,ENT0111,16,2024-03-05,2249.78,0.0,2249.78,416.72,1833.06,28473.75
LN01111,ENT0111,17,2024-04-05,2249.78,0.0,2249.78,391.51,1858.27,26615.48
LN01111,ENT0111,18,2024-05-05,2249.78,0.0,2249.78,365.96,1883.82,24731.66
LN01111,ENT0111,19,2024-06-05,2249.78,0.0,2249.78,340.06,1909.72,22821.94
LN01111,ENT0111,20,2024-07-05,2249.78,0.0,2249.78,313.8,1935.98,20885.96
LN01111,ENT0111,21,2024-08-05,2249.78,0.0,2249.78,287.18,1962.6,18923.36
LN01111,ENT0111,22,2024-09-05,2249.78,0.0,2249.78,260.2,1989.58,16933.78
LN01111,ENT0111,23,2024-10-05,2249.78,0.0,2249.78,232.84,2016.94,14916.84
LN01111,ENT0111,24,2024-11-05,2249.78,0.0,2249.78,205.11,2044.67,12872.16
LN01111,ENT0111,25,2024-12-05,2249.78,0.0,2249.78,176.99,2072.79,10799.37
LN01111,ENT0111,26,2025-01-05,2249.78,0.0,2249.78,148.49,2101.29,8698.09
LN01111,ENT0111,27,2025-02-05,2249.78,0.0,2249.78,119.6,2130.18,6567.9
LN01111,ENT0111,28,2025-03-05,2249.78,0.0,2249.78,90.31,2159.47,4408.43
LN01111,ENT0111,29,2025-04-05,2249.78,0.0,2249.78,60.62,2189.16,2219.27
LN01111,ENT0111,30,2025-05-05,2249.78,0.0,2249.78,30.51,2219.27,0.0
LN01121,ENT0112,4,2023-08-05,56783.71,0.0,56783.71,10517.84,46265.87,718667.75
LN01121,ENT0112,5,2023-09-05,56783.71,0.0,56783.71,9881.68,46902.03,671765.72
LN01121,ENT0112,6,2023-10-05,56783.71,0.0,56783.71,9236.78,47546.93,624218.79
LN01121,ENT0112,7,2023-11-05,56783.71,0.0,56783.71,8583.01,48200.7,576018.09
LN01121,ENT0112,8,2023-12-05,56783.71,0.0,56783.71,7920.25,48863.46,527154.63
LN01121,ENT0112,9,2024-01-05,56783.71,0.0,56783.71,7248.38,49535.33,477619.3
LN01121,ENT0112,10,2024-02-05,56783.71,0.0,56783.71,6567.27,50216.44,427402.86
LN01121,ENT0112,11,2024-03-05,56783.71,0.0,56783.71,5876.79,50906.92,376495.94
LN01121,ENT0112,12,2024-04-05,56783.71,0.0,56783.71,5176.82,51606.89,324889.05
LN01121,ENT0112,13,2024-05-05,56783.71,0.0,56783.71,4467.22,52316.48,272572.57
LN01121,ENT0112,14,2024-06-05,56783.71,0.0,56783.71,3747.87,53035.84,219536.73
LN01121,ENT0112,15,2024-07-05,56783.71,0.0,56783.71,3018.63,53765.08,165771.65
LN01121,ENT0112,16,2024-08-05,56783.71,0.0,56783.71,2279.36,54504.35,111267.31
LN01121,ENT0112,17,2024-09-05,56783.71,0.0,56783.71,1529.93,55253.78,56013.52
LN01121,ENT0112,18,2024-10-05,56783.71,0.0,56783.71,770.19,56013.52,0.0
LN01131,ENT0113,9,2023-08-06,4884.23,0.0,4884.23,1230.12,3654.11,114437.02
LN01131,ENT0113,10,2023-09-06,4884.23,0.0,4884.23,1192.05,3692.18,110744.85
LN01131,ENT0113,11,2023-10-06,4884.23,0.0,4884.23,1153.59,3730.64,107014.21
LN01131,ENT0113,12,2023-11-06,4884.23,0.0,4884.23,1114.73,3769.5,103244.71
LN01131,ENT0113,13,2023-12-06,4884.23,0.0,4884.23,1075.47,3808.76,99435.95
LN01131,ENT0113,14,2024-01-06,4884.23,0.0,4884.23,1035.79,3848.44,95587.51
LN01131,ENT0113,15,2024-02-06,4884.23,0.0,4884.23,995.7,3888.53,91698.98
LN01131,ENT0113,16,2024-03-06,4884.23,0.0,4884.23,955.2,3929.03,87769.95
LN01131,ENT0113,17,2024-04-06,4884.23,0.0,4884.23,914.27,3969.96,83799.99
LN01131,ENT0113,18,2024-05-06,4884.23,0.0,4884.23,872.92,4011.31,79788.68
LN01131,ENT0113,19,2024-06-06,4884.23,0.0,4884.23,831.13,4053.1,75735.58
LN01131,ENT0113,20,2024-07-06,4884.23,0.0,4884.23,788.91,4095.32,71640.26
LN01131,ENT0113,21,2024-08-06,4884.23,0.0,4884.23,746.25,4137.98,67502.29
LN01131,ENT0113,22,2024-09-06,4884.23,0.0,4884.23,703.15,4181.08,63321.21
LN01131,ENT0113,23,2024-10-06,4884.23,0.0,4884.23,659.6,4224.63,59096.57
LN01131,ENT0113,24,2024-11-06,4884.23,0.0,4884.23,615.59,4268.64,54827.93
LN01131,ENT0113,25,2024-12-06,4884.23,0.0,4884.23,571.12,4313.11,50514.83
LN01131,ENT0113,26,2025-01-06,4884.23,0.0,4884.23,526.2,4358.03,46156.8
LN01131,ENT0113,27,2025-02-06,4884.23,0.0,4884.23,480.8,4403.43,41753.37
LN01131,ENT0113,28,2025-03-06,4884.23,0.0,4884.23,434.93,4449.3,37304.07
LN01131,ENT0113,29,2025-04-06,4884.23,0.0,4884.23,388.58,4495.65,32808.42
LN01131,ENT0113,30,2025-05-06,4884.23,0.0,4884.23,341.75,4542.47,28265.95
LN01131,ENT0113,31,2025-06-06,4884.23,0.0,4884.23,294.44,4589.79,23676.16
LN01131,ENT0113,32,2025-07-06,4884.23,0.0,4884.23,246.63,4637.6,19038.55
LN01131,ENT0113,33,2025-08-06,4884.23,0.0,4884.23,198.32,4685.91,14352.64
LN01131,ENT0113,34,2025-09-06,4884.23,0.0,4884.23,149.51,4734.72,9617.92
LN01131,ENT0113,35,2025-10-06,4884.23,0.0,4884.23,100.19,4784.04,4833.88
LN01131,ENT0113,36,2025-11-06,4884.23,0.0,4884.23,50.35,4833.88,0.0
LN01132,ENT0113,1,2026-02-05,13365.01,0.0,13365.01,2108.33,11256.68,208743.32
LN01132,ENT0113,2,2026-03-05,13365.01,0.0,13365.01,2000.46,11364.55,197378.77
LN01132,ENT0113,3,2026-04-05,13365.01,0.0,13365.01,1891.55,11473.46,185905.31
LN01132,ENT0113,4,2026-05-05,13365.01,0.0,13365.01,1781.59,11583.42,174321.89
LN01132,ENT0113,5,2026-06-05,13365.01,0.0,13365.01,1670.58,11694.42,162627.47
LN01132,ENT0113,6,2026-07-05,13365.01,0.0,13365.01,1558.51,11806.5,150820.97
LN01151,ENT0115,13,2023-08-27,5553.3,0.0,5553.3,1222.79,4330.51,113057.31
LN01151,ENT0115,14,2023-09-27,5553.3,0.0,5553.3,1177.68,4375.62,108681.69
LN01151,ENT0115,15,2023-10-27,5553.3,0.0,5553.3,1132.1,4421.2,104260.49
LN01151,ENT0115,16,2023-11-27,5553.3,0.0,5553.3,1086.05,4467.26,99793.23
LN01151,ENT0115,17,2023-12-27,5553.3,0.0,5553.3,1039.51,4513.79,95279.44
LN01151,ENT0115,18,2024-01-27,5553.3,0.0,5553.3,992.49,4560.81,90718.64
LN01151,ENT0115,19,2024-02-27,5553.3,0.0,5553.3,944.99,4608.32,86110.32
LN01151,ENT0115,20,2024-03-27,5553.3,0.0,5553.3,896.98,4656.32,81454.0
LN01151,ENT0115,21,2024-04-27,5553.3,0.0,5553.3,848.48,4704.82,76749.18
LN01151,ENT0115,22,2024-05-27,5553.3,0.0,5553.3,799.47,4753.83,71995.35
LN01151,ENT0115,23,2024-06-27,5553.3,0.0,5553.3,749.95,4803.35,67192.0
LN01151,ENT0115,24,2024-07-27,5553.3,0.0,5553.3,699.92,4853.39,62338.61
LN01151,ENT0115,25,2024-08-27,5553.3,0.0,5553.3,649.36,4903.94,57434.67
LN01151,ENT0115,26,2024-09-27,5553.3,0.0,5553.3,598.28,4955.02,52479.64
LN01151,ENT0115,27,2024-10-27,5553.3,0.0,5553.3,546.66,5006.64,47473.01
LN01151,ENT0115,28,2024-11-27,5553.3,1110.66,4442.64,494.51,5058.79,42414.21
LN01151,ENT0115,29,2024-12-27,5553.3,1110.66,4442.64,441.81,5111.49,37302.73
LN01151,ENT0115,30,2025-01-27,5553.3,1110.66,4442.64,388.57,5164.73,32138.0
LN01151,ENT0115,31,2025-02-27,5553.3,1110.66,4442.64,334.77,5218.53,26919.46
LN01151,ENT0115,32,2025-03-27,5553.3,1110.66,4442.64,280.41,5272.89,21646.57
LN01151,ENT0115,33,2025-04-27,5553.3,1110.66,4442.64,225.49,5327.82,16318.76
LN01151,ENT0115,34,2025-05-27,5553.3,1110.66,4442.64,169.99,5383.31,10935.44
LN01151,ENT0115,35,2025-06-27,5553.3,1110.66,4442.64,113.91,5439.39,5496.05
LN01151,ENT0115,36,2025-07-27,5553.3,1110.66,4442.64,57.25,5496.05,0.0
LN01152,ENT0115,1,2024-08-17,6797.31,0.0,6797.31,1277.5,5519.81,67480.19
LN01152,ENT0115,2,2024-09-17,6797.31,0.0,6797.31,1180.9,5616.4,61863.79
LN01152,ENT0115,3,2024-10-17,6797.31,0.0,6797.31,1082.62,5714.69,56149.1
LN01152,ENT0115,4,2024-11-17,6797.31,1359.46,5437.84,982.61,5814.7,50334.41
LN01152,ENT0115,5,2024-12-17,6797.31,1359.46,5437.84,880.85,5916.45,44417.95
LN01152,ENT0115,6,2025-01-17,6797.31,1359.46,5437.84,777.31,6019.99,38397.96
LN01152,ENT0115,7,2025-02-17,6797.31,1359.46,5437.84,671.96,6125.34,32272.62
LN01152,ENT0115,8,2025-03-17,6797.31,1359.46,5437.84,564.77,6232.53,26040.09
LN01152,ENT0115,9,2025-04-17,6797.31,1359.46,5437.84,455.7,6341.6,19698.48
LN01152,ENT0115,10,2025-05-17,6797.31,1359.46,5437.84,344.72,6452.58,13245.9
LN01152,ENT0115,11,2025-06-17,6797.31,1359.46,5437.84,231.8,6565.5,6680.4
LN01152,ENT0115,12,2025-07-17,6797.31,1359.46,5437.84,116.91,6680.4,0.0
LN01161,ENT0116,12,2023-08-20,11247.5,0.0,11247.5,604.02,10643.48,65653.87
LN01161,ENT0116,13,2023-09-20,11247.5,0.0,11247.5,519.76,10727.74,54926.14
LN01161,ENT0116,14,2023-10-20,11247.5,0.0,11247.5,434.83,10812.67,44113.47
LN01161,ENT0116,15,2023-11-20,11247.5,0.0,11247.5,349.23,10898.27,33215.2
LN01161,ENT0116,16,2023-12-20,11247.5,0.0,11247.5,262.95,10984.54,22230.66
LN01161,ENT0116,17,2024-01-20,11247.5,0.0,11247.5,175.99,11071.51,11159.15
LN01161,ENT0116,18,2024-02-20,11247.5,0.0,11247.5,88.34,11159.15,0.0
LN01171,ENT0117,7,2023-08-19,47992.53,0.0,47992.53,5190.18,42802.35,498782.06
LN01171,ENT0117,8,2023-09-19,47992.53,0.0,47992.53,4779.99,43212.54,455569.52
LN01171,ENT0117,9,2023-10-19,47992.53,0.0,47992.53,4365.87,43626.66,411942.87
LN01171,ENT0117,10,2023-11-19,47992.53,0.0,47992.53,3947.79,44044.75,367898.12
LN01171,ENT0117,11,2023-12-19,47992.53,0.0,47992.53,3525.69,44466.84,323431.28
LN01171,ENT0117,12,2024-01-19,47992.53,0.0,47992.53,3099.55,44892.98,278538.3
LN01171,ENT0117,13,2024-02-19,47992.53,0.0,47992.53,2669.33,45323.21,233215.09
LN01171,ENT0117,14,2024-03-19,47992.53,0.0,47992.53,2234.98,45757.55,187457.54
LN01171,ENT0117,15,2024-04-19,47992.53,0.0,47992.53,1796.47,46196.06,141261.48
LN01171,ENT0117,16,2024-05-19,47992.53,0.0,47992.53,1353.76,46638.78,94622.7
LN01171,ENT0117,17,2024-06-19,47992.53,0.0,47992.53,906.8,47085.73,47536.97
LN01171,ENT0117,18,2024-07-19,47992.53,0.0,47992.53,455.56,47536.97,0.0
LN01181,ENT0118,8,2023-08-31,5683.91,0.0,5683.91,2151.17,3532.74,180852.85
LN01181,ENT0118,9,2023-09-30,5683.91,0.0,5683.91,2109.95,3573.96,177278.89
LN01181,ENT0118,10,2023-10-31,5683.91,0.0,5683.91,2068.25,3615.65,173663.24
LN01181,ENT0118,11,2023-11-30,5683.91,0.0,5683.91,2026.07,3657.84,170005.41
LN01181,ENT0118,12,2023-12-31,5683.91,0.0,5683.91,1983.4,3700.51,166304.89
LN01181,ENT0118,13,2024-01-31,5683.91,0.0,5683.91,1940.22,3743.68,162561.21
LN01181,ENT0118,14,2024-02-29,5683.91,0.0,5683.91,1896.55,3787.36,158773.85
LN01181,ENT0118,15,2024-03-31,5683.91,0.0,5683.91,1852.36,3831.55,154942.31
LN01181,ENT0118,16,2024-04-30,5683.91,0.0,5683.91,1807.66,3876.25,151066.06
LN01181,ENT0118,17,2024-05-31,5683.91,0.0,5683.91,1762.44,3921.47,147144.59
LN01181,ENT0118,18,2024-06-30,5683.91,0.0,5683.91,1716.69,3967.22,143177.37
LN01181,ENT0118,19,2024-07-31,5683.91,0.0,5683.91,1670.4,4013.5,139163.86
LN01181,ENT0118,20,2024-08-31,5683.91,0.0,5683.91,1623.58,4060.33,135103.54
LN01181,ENT0118,21,2024-09-30,5683.91,0.0,5683.91,1576.21,4107.7,130995.84
LN01181,ENT0118,22,2024-10-31,5683.91,0.0,5683.91,1528.28,4155.62,126840.21
LN01181,ENT0118,23,2024-11-30,5683.91,0.0,5683.91,1479.8,4204.1,122636.11
LN01181,ENT0118,24,2024-12-31,5683.91,0.0,5683.91,1430.75,4253.15,118382.96
LN01181,ENT0118,25,2025-01-31,5683.91,0.0,5683.91,1381.13,4302.77,114080.18
LN01181,ENT0118,26,2025-02-28,5683.91,0.0,5683.91,1330.94,4352.97,109727.21
LN01181,ENT0118,27,2025-03-31,5683.91,0.0,5683.91,1280.15,4403.76,105323.46
LN01181,ENT0118,28,2025-04-30,5683.91,0.0,5683.91,1228.77,4455.13,100868.32
LN01181,ENT0118,29,2025-05-31,5683.91,0.0,5683.91,1176.8,4507.11,96361.21
LN01181,ENT0118,30,2025-06-30,5683.91,0.0,5683.91,1124.21,4559.69,91801.52
LN01181,ENT0118,31,2025-07-31,5683.91,0.0,5683.91,1071.02,4612.89,87188.63
LN01181,ENT0118,32,2025-08-31,5683.91,0.0,5683.91,1017.2,4666.71,82521.92
LN01181,ENT0118,33,2025-09-30,5683.91,0.0,5683.91,962.76,4721.15,77800.77
LN01181,ENT0118,34,2025-10-31,5683.91,0.0,5683.91,907.68,4776.23,73024.54
LN01181,ENT0118,35,2025-11-30,5683.91,0.0,5683.91,851.95,4831.95,68192.59
LN01181,ENT0118,36,2025-12-31,5683.91,0.0,5683.91,795.58,4888.33,63304.26
LN01181,ENT0118,37,2026-01-31,5683.91,0.0,5683.91,738.55,4945.36,58358.9
LN01181,ENT0118,38,2026-02-28,5683.91,0.0,5683.91,680.85,5003.05,53355.85
LN01181,ENT0118,39,2026-03-31,5683.91,0.0,5683.91,622.48,5061.42,48294.43
LN01181,ENT0118,40,2026-04-30,5683.91,0.0,5683.91,563.43,5120.47,43173.96
LN01181,ENT0118,41,2026-05-31,5683.91,0.0,5683.91,503.7,5180.21,37993.74
LN01181,ENT0118,42,2026-06-30,5683.91,0.0,5683.91,443.26,5240.65,32753.1
LN01181,ENT0118,43,2026-07-31,5683.91,0.0,5683.91,382.12,5301.79,27451.31
LN01211,ENT0121,16,2023-08-21,2863.36,0.0,2863.36,530.37,2332.99,36239.31
LN01211,ENT0121,17,2023-09-21,2863.36,0.0,2863.36,498.29,2365.07,33874.25
LN01211,ENT0121,18,2023-10-21,2863.36,0.0,2863.36,465.77,2397.59,31476.66
LN01211,ENT0121,19,2023-11-21,2863.36,0.0,2863.36,432.8,2430.55,29046.11
LN01211,ENT0121,20,2023-12-21,2863.36,0.0,2863.36,399.38,2463.97,26582.13
LN01211,ENT0121,21,2024-01-21,2863.36,0.0,2863.36,365.5,2497.85,24084.28
LN01211,ENT0121,22,2024-02-21,2863.36,0.0,2863.36,331.16,2532.2,21552.08
LN01211,ENT0121,23,2024-03-21,2863.36,0.0,2863.36,296.34,2567.02,18985.07
LN01211,ENT0121,24,2024-04-21,2863.36,0.0,2863.36,261.04,2602.31,16382.75
LN01211,ENT0121,25,2024-05-21,2863.36,0.0,2863.36,225.26,2638.09,13744.66
LN01211,ENT0121,26,2024-06-21,2863.36,0.0,2863.36,188.99,2674.37,11070.29
LN01211,ENT0121,27,2024-07-21,2863.36,0.0,2863.36,152.22,2711.14,8359.15
LN01211,ENT0121,28,2024-08-21,2863.36,0.0,2863.36,114.94,2748.42,5610.73
LN01211,ENT0121,29,2024-09-21,2863.36,0.0,2863.36,77.15,2786.21,2824.52
LN01211,ENT0121,30,2024-10-21,2863.36,0.0,2863.36,38.84,2824.52,0.0
LN01212,ENT0121,1,2025-03-14,9273.2,1854.64,7418.56,1227.08,8046.12,146953.88
LN01212,ENT0121,2,2025-04-14,9273.2,1854.64,7418.56,1163.38,8109.82,138844.06
LN01212,ENT0121,3,2025-05-14,9273.2,1854.64,7418.56,1099.18,8174.02,130670.04
LN01212,ENT0121,4,2025-06-14,9273.2,1854.64,7418.56,1034.47,8238.73,122431.31
LN01212,ENT0121,5,2025-07-14,9273.2,1854.64,7418.56,969.25,8303.96,114127.35
LN01212,ENT0121,6,2025-08-14,9273.2,1854.64,7418.56,903.51,8369.69,105757.66
LN01212,ENT0121,7,2025-09-14,9273.2,1854.64,7418.56,837.25,8435.95,97321.7
LN01212,ENT0121,8,2025-10-14,9273.2,1854.64,7418.56,770.46,8502.74,88818.97
LN01212,ENT0121,9,2025-11-14,9273.2,1854.64,7418.56,703.15,8570.05,80248.91
LN01212,ENT0121,10,2025-12-14,9273.2,1854.64,7418.56,635.3,8637.9,71611.01
LN01212,ENT0121,11,2026-01-14,9273.2,1854.64,7418.56,566.92,8706.28,62904.73
LN01212,ENT0121,12,2026-02-14,9273.2,1854.64,7418.56,498.0,8775.21,54129.52
LN01212,ENT0121,13,2026-03-14,9273.2,1854.64,7418.56,428.53,8844.68,45284.85
LN01212,ENT0121,14,2026-04-14,9273.2,1854.64,7418.56,358.51,8914.7,36370.15
LN01212,ENT0121,15,2026-05-14,9273.2,1854.64,7418.56,287.93,8985.27,27384.88
LN01212,ENT0121,16,2026-06-14,9273.2,1854.64,7418.56,216.8,9056.41,18328.47
LN01212,ENT0121,17,2026-07-14,9273.2,1854.64,7418.56,145.1,9128.1,9200.37
LN01221,ENT0122,16,2023-08-21,12057.51,0.0,12057.51,311.05,11746.46,23802.17
LN01221,ENT0122,17,2023-09-21,12057.51,0.0,12057.51,208.27,11849.24,11952.92
LN01221,ENT0122,18,2023-10-21,12057.51,0.0,12057.51,104.59,11952.92,0.0
LN01251,ENT0125,12,2023-08-28,5639.99,0.0,5639.99,76.5,5563.5,0.0
LN01261,ENT0126,15,2023-08-02,1377.43,0.0,1377.43,104.45,1272.99,11920.11
LN01261,ENT0126,16,2023-09-02,1377.43,0.0,1377.43,94.37,1283.07,10637.05
LN01261,ENT0126,17,2023-10-02,1377.43,0.0,1377.43,84.21,1293.22,9343.82
LN01261,ENT0126,18,2023-11-02,1377.43,0.0,1377.43,73.97,1303.46,8040.36
LN01261,ENT0126,19,2023-12-02,1377.43,0.0,1377.43,63.65,1313.78,6726.58
LN01261,ENT0126,20,2024-01-02,1377.43,0.0,1377.43,53.25,1324.18,5402.4
LN01261,ENT0126,21,2024-02-02,1377.43,0.0,1377.43,42.77,1334.67,4067.73
LN01261,ENT0126,22,2024-03-02,1377.43,0.0,1377.43,32.2,1345.23,2722.5
LN01261,ENT0126,23,2024-04-02,1377.43,0.0,1377.43,21.55,1355.88,1366.62
LN01261,ENT0126,24,2024-05-02,1377.43,0.0,1377.43,10.82,1366.62,0.0
LN01271,ENT0127,12,2023-08-16,55827.48,0.0,55827.48,529.93,55297.55,0.0
LN01272,ENT0127,1,2024-08-07,25044.0,0.0,25044.0,6998.75,18045.25,490954.75
LN01272,ENT0127,2,2024-09-07,25044.0,0.0,25044.0,6750.63,18293.37,472661.38
LN01272,ENT0127,3,2024-10-07,25044.0,0.0,25044.0,6499.09,18544.9,454116.48
LN01272,ENT0127,4,2024-11-07,25044.0,0.0,25044.0,6244.1,18799.9,435316.59
LN01272,ENT0127,5,2024-12-07,25044.0,0.0,25044.0,5985.6,19058.39,416258.19
LN01272,ENT0127,6,2025-01-07,25044.0,0.0,25044.0,5723.55,19320.45,396937.75
LN01272,ENT0127,7,2025-02-07,25044.0,0.0,25044.0,5457.89,19586.1,377351.64
LN01272,ENT0127,8,2025-03-07,25044.0,0.0,25044.0,5188.59,19855.41,357496.23
LN01272,ENT0127,9,2025-04-07,25044.0,0.0,25044.0,4915.57,20128.42,337367.81
LN01272,ENT0127,10,2025-05-07,25044.0,0.0,25044.0,4638.81,20405.19,316962.62
LN01272,ENT0127,11,2025-06-07,25044.0,0.0,25044.0,4358.24,20685.76,296276.86
LN01272,ENT0127,12,2025-07-07,25044.0,3005.28,22038.72,4073.81,20970.19,275306.67
LN01272,ENT0127,13,2025-08-07,25044.0,3005.28,22038.72,3785.47,21258.53,254048.14
LN01272,ENT0127,14,2025-09-07,25044.0,3005.28,22038.72,3493.16,21550.83,232497.3
LN01272,ENT0127,15,2025-10-07,25044.0,3005.28,22038.72,3196.84,21847.16,210650.14
LN01272,ENT0127,16,2025-11-07,25044.0,3005.28,22038.72,2896.44,22147.56,188502.59
LN01272,ENT0127,17,2025-12-07,25044.0,3005.28,22038.72,2591.91,22452.09,166050.5
LN01272,ENT0127,18,2026-01-07,25044.0,3005.28,22038.72,2283.19,22760.8,143289.7
LN01272,ENT0127,19,2026-02-07,25044.0,3005.28,22038.72,1970.23,23073.76,120215.93
LN01272,ENT0127,20,2026-03-07,25044.0,3005.28,22038.72,1652.97,23391.03,96824.91
LN01272,ENT0127,21,2026-04-07,25044.0,3005.28,22038.72,1331.34,23712.65,73112.25
LN01272,ENT0127,22,2026-05-07,25044.0,3005.28,22038.72,1005.29,24038.7,49073.55
LN01272,ENT0127,23,2026-06-07,25044.0,3005.28,22038.72,674.76,24369.24,24704.31
LN01272,ENT0127,24,2026-07-07,25044.0,3005.28,22038.72,339.68,24704.31,0.0
LN01281,ENT0128,4,2023-08-23,5677.83,0.0,5677.83,1696.08,3981.75,210259.66
LN01281,ENT0128,5,2023-09-23,5677.83,0.0,5677.83,1664.56,4013.27,206246.39
LN01281,ENT0128,6,2023-10-23,5677.83,0.0,5677.83,1632.78,4045.04,202201.34
LN01281,ENT0128,7,2023-11-23,5677.83,0.0,5677.83,1600.76,4077.07,198124.28
LN01281,ENT0128,8,2023-12-23,5677.83,0.0,5677.83,1568.48,4109.35,194014.93
LN01281,ENT0128,9,2024-01-23,5677.83,0.0,5677.83,1535.95,4141.88,189873.05
LN01281,ENT0128,10,2024-02-23,5677.83,0.0,5677.83,1503.16,4174.67,185698.39
LN01281,ENT0128,11,2024-03-23,5677.83,0.0,5677.83,1470.11,4207.72,181490.67
LN01281,ENT0128,12,2024-04-23,5677.83,0.0,5677.83,1436.8,4241.03,177249.64
LN01281,ENT0128,13,2024-05-23,5677.83,0.0,5677.83,1403.23,4274.6,172975.04
LN01281,ENT0128,14,2024-06-23,5677.83,0.0,5677.83,1369.39,4308.44,168666.6
LN01281,ENT0128,15,2024-07-23,5677.83,0.0,5677.83,1335.28,4342.55,164324.05
LN01281,ENT0128,16,2024-08-23,5677.83,0.0,5677.83,1300.9,4376.93,159947.11
LN01281,ENT0128,17,2024-09-23,5677.83,0.0,5677.83,1266.25,4411.58,155535.53
LN01281,ENT0128,18,2024-10-23,5677.83,0.0,5677.83,1231.32,4446.51,151089.03
LN01281,ENT0128,19,2024-11-23,5677.83,0.0,5677.83,1196.12,4481.71,146607.32
LN01281,ENT0128,20,2024-12-23,5677.83,0.0,5677.83,1160.64,4517.19,142090.13
LN01281,ENT0128,21,2025-01-23,5677.83,0.0,5677.83,1124.88,4552.95,137537.18
LN01281,ENT0128,22,2025-02-23,5677.83,0.0,5677.83,1088.84,4588.99,132948.19
LN01281,ENT0128,23,2025-03-23,5677.83,0.0,5677.83,1052.51,4625.32,128322.87
LN01281,ENT0128,24,2025-04-23,5677.83,0.0,5677.83,1015.89,4661.94,123660.93
LN01281,ENT0128,25,2025-05-23,5677.83,0.0,5677.83,978.98,4698.85,118962.08
LN01281,ENT0128,26,2025-06-23,5677.83,0.0,5677.83,941.78,4736.05,114226.04
LN01281,ENT0128,27,2025-07-23,5677.83,0.0,5677.83,904.29,4773.54,109452.5
LN01281,ENT0128,28,2025-08-23,5677.83,0.0,5677.83,866.5,4811.33,104641.17
LN01281,ENT0128,29,2025-09-23,5677.83,0.0,5677.83,828.41,4849.42,99791.75
LN01281,ENT0128,30,2025-10-23,5677.83,0.0,5677.83,790.02,4887.81,94903.94
LN01281,ENT0128,31,2025-11-23,5677.83,0.0,5677.83,751.32,4926.51,89977.43
LN01281,ENT0128,32,2025-12-23,5677.83,0.0,5677.83,712.32,4965.51,85011.92
LN01281,ENT0128,33,2026-01-23,5677.83,0.0,5677.83,673.01,5004.82,80007.11
LN01281,ENT0128,34,2026-02-23,5677.83,0.0,5677.83,633.39,5044.44,74962.67
LN01281,ENT0128,35,2026-03-23,5677.83,0.0,5677.83,593.45,5084.37,69878.29
LN01281,ENT0128,36,2026-04-23,5677.83,0.0,5677.83,553.2,5124.63,64753.67
LN01281,ENT0128,37,2026-05-23,5677.83,0.0,5677.83,512.63,5165.2,59588.47
LN01281,ENT0128,38,2026-06-23,5677.83,0.0,5677.83,471.74,5206.09,54382.38
LN01281,ENT0128,39,2026-07-23,5677.83,0.0,5677.83,430.53,5247.3,49135.08
LN01282,ENT0128,1,2025-02-28,13736.9,0.0,13736.9,5335.0,8401.9,379598.1
LN01282,ENT0128,2,2025-03-30,13736.9,0.0,13736.9,5219.47,8517.43,371080.67
LN01282,ENT0128,3,2025-04-30,13736.9,0.0,13736.9,5102.36,8634.54,362446.13
LN01282,ENT0128,4,2025-05-30,13736.9,0.0,13736.9,4983.63,8753.27,353692.87
LN01282,ENT0128,5,2025-06-30,13736.9,0.0,13736.9,4863.28,8873.62,344819.24
LN01282,ENT0128,6,2025-07-30,13736.9,0.0,13736.9,4741.26,8995.64,335823.61
LN01282,ENT0128,7,2025-08-30,13736.9,0.0,13736.9,4617.57,9119.33,326704.28
LN01282,ENT0128,8,2025-09-30,13736.9,0.0,13736.9,4492.18,9244.72,317459.56
LN01282,ENT0128,9,2025-10-30,13736.9,0.0,13736.9,4365.07,9371.83,308087.73
LN01282,ENT0128,10,2025-11-30,13736.9,0.0,13736.9,4236.21,9500.69,298587.04
LN01282,ENT0128,11,2025-12-30,13736.9,0.0,13736.9,4105.57,9631.33,288955.71
LN01282,ENT0128,12,2026-01-30,13736.9,0.0,13736.9,3973.14,9763.76,279191.95
LN01282,ENT0128,13,2026-02-28,13736.9,0.0,13736.9,3838.89,9898.01,269293.94
LN01282,ENT0128,14,2026-03-30,13736.9,0.0,13736.9,3702.79,10034.11,259259.83
LN01282,ENT0128,15,2026-04-30,13736.9,0.0,13736.9,3564.82,10172.08,249087.75
LN01282,ENT0128,16,2026-05-30,13736.9,0.0,13736.9,3424.96,10311.94,238775.81
LN01282,ENT0128,17,2026-06-30,13736.9,0.0,13736.9,3283.17,10453.73,228322.08
LN01282,ENT0128,18,2026-07-30,13736.9,0.0,13736.9,3139.43,10597.47,217724.6
LN01301,ENT0130,8,2023-08-02,13911.57,0.0,13911.57,2082.27,11829.31,205450.62
LN01301,ENT0130,9,2023-09-02,13911.57,0.0,13911.57,1968.9,11942.67,193507.95
LN01301,ENT0130,10,2023-10-02,13911.57,0.0,13911.57,1854.45,12057.12,181450.82
LN01301,ENT0130,11,2023-11-02,13911.57,0.0,13911.57,1738.9,12172.67,169278.15
LN01301,ENT0130,12,2023-12-02,13911.57,0.0,13911.57,1622.25,12289.32,156988.83
LN01301,ENT0130,13,2024-01-02,13911.57,0.0,13911.57,1504.48,12407.1,144581.73
LN01301,ENT0130,14,2024-02-02,13911.57,0.0,13911.57,1385.57,12526.0,132055.73
LN01301,ENT0130,15,2024-03-02,13911.57,0.0,13911.57,1265.53,12646.04,119409.69
LN01301,ENT0130,16,2024-04-02,13911.57,0.0,13911.57,1144.34,12767.23,106642.46
LN01301,ENT0130,17,2024-05-02,13911.57,0.0,13911.57,1021.99,12889.58,93752.88
LN01301,ENT0130,18,2024-06-02,13911.57,0.0,13911.57,898.47,13013.11,80739.77
LN01301,ENT0130,19,2024-07-02,13911.57,0.0,13911.57,773.76,13137.82,67601.95
LN01301,ENT0130,20,2024-08-02,13911.57,0.0,13911.57,647.85,13263.72,54338.23
LN01301,ENT0130,21,2024-09-02,13911.57,0.0,13911.57,520.74,13390.83,40947.4
LN01301,ENT0130,22,2024-10-02,13911.57,0.0,13911.57,392.41,13519.16,27428.24
LN01301,ENT0130,23,2024-11-02,13911.57,0.0,13911.57,262.85,13648.72,13779.52
LN01301,ENT0130,24,2024-12-02,13911.57,0.0,13911.57,132.05,13779.52,0.0
LN01311,ENT0131,6,2023-08-08,17284.72,0.0,17284.72,4970.6,12314.12,615551.0
LN01311,ENT0131,7,2023-09-08,17284.72,0.0,17284.72,4873.11,12411.61,603139.39
LN01311,ENT0131,8,2023-10-08,17284.72,0.0,17284.72,4774.85,12509.86,590629.53
LN01311,ENT0131,9,2023-11-08,17284.72,0.0,17284.72,4675.82,12608.9,578020.62
LN01311,ENT0131,10,2023-12-08,17284.72,0.0,17284.72,4576.0,12708.72,565311.9
LN01311,ENT0131,11,2024-01-08,17284.72,0.0,17284.72,4475.39,12809.33,552502.57
LN01311,ENT0131,12,2024-02-08,17284.72,0.0,17284.72,4373.98,12910.74,539591.83
LN01311,ENT0131,13,2024-03-08,17284.72,0.0,17284.72,4271.77,13012.95,526578.88
LN01311,ENT0131,14,2024-04-08,17284.72,0.0,17284.72,4168.75,13115.97,513462.91
LN01311,ENT0131,15,2024-05-08,17284.72,0.0,17284.72,4064.91,13219.8,500243.11
LN01311,ENT0131,16,2024-06-08,17284.72,0.0,17284.72,3960.26,13324.46,486918.65
LN01311,ENT0131,17,2024-07-08,17284.72,0.0,17284.72,3854.77,13429.95,473488.71
LN01311,ENT0131,18,2024-08-08,17284.72,0.0,17284.72,3748.45,13536.27,459952.44
LN01311,ENT0131,19,2024-09-08,17284.72,0.0,17284.72,3641.29,13643.43,446309.01
LN01311,ENT0131,20,2024-10-08,17284.72,0.0,17284.72,3533.28,13751.44,432557.57
LN01311,ENT0131,21,2024-11-08,17284.72,0.0,17284.72,3424.41,13860.3,418697.27
LN01311,ENT0131,22,2024-12-08,17284.72,0.0,17284.72,3314.69,13970.03,404727.24
LN01311,ENT0131,23,2025-01-08,17284.72,0.0,17284.72,3204.09,14080.63,390646.61
LN01311,ENT0131,24,2025-02-08,17284.72,0.0,17284.72,3092.62,14192.1,376454.51
LN01311,ENT0131,25,2025-03-08,17284.72,0.0,17284.72,2980.26,14304.45,362150.06
LN01311,ENT0131,26,2025-04-08,17284.72,0.0,17284.72,2867.02,14417.7,347732.36
LN01311,ENT0131,27,2025-05-08,17284.72,0.0,17284.72,2752.88,14531.84,333200.52
LN01311,ENT0131,28,2025-06-08,17284.72,0.0,17284.72,2637.84,14646.88,318553.64
LN01311,ENT0131,29,2025-07-08,17284.72,0.0,17284.72,2521.88,14762.84,303790.81
LN01311,ENT0131,30,2025-08-08,17284.72,0.0,17284.72,2405.01,14879.71,288911.1
LN01311,ENT0131,31,2025-09-08,17284.72,0.0,17284.72,2287.21,14997.51,273913.6
LN01311,ENT0131,32,2025-10-08,17284.72,0.0,17284.72,2168.48,15116.24,258797.36
LN01311,ENT0131,33,2025-11-08,17284.72,0.0,17284.72,2048.81,15235.91,243561.46
LN01311,ENT0131,34,2025-12-08,17284.72,0.0,17284.72,1928.19,15356.52,228204.93
LN01311,ENT0131,35,2026-01-08,17284.72,0.0,17284.72,1806.62,15478.1,212726.84
LN01311,ENT0131,36,2026-02-08,17284.72,0.0,17284.72,1684.09,15600.63,197126.21
LN01311,ENT0131,37,2026-03-08,17284.72,0.0,17284.72,1560.58,15724.14,181402.07
LN01311,ENT0131,38,2026-04-08,17284.72,0.0,17284.72,1436.1,15848.62,165553.45
LN01311,ENT0131,39,2026-05-08,17284.72,0.0,17284.72,1310.63,15974.09,149579.37
LN01311,ENT0131,40,2026-06-08,17284.72,0.0,17284.72,1184.17,16100.55,133478.82
LN01311,ENT0131,41,2026-07-08,17284.72,0.0,17284.72,1056.71,16228.01,117250.81
LN01321,ENT0132,5,2023-08-17,8140.12,0.0,8140.12,2432.85,5707.27,171227.35
LN01321,ENT0132,6,2023-09-17,8140.12,0.0,8140.12,2354.38,5785.74,165441.61
LN01321,ENT0132,7,2023-10-17,8140.12,0.0,8140.12,2274.82,5865.29,159576.32
LN01321,ENT0132,8,2023-11-17,8140.12,0.0,8140.12,2194.17,5945.94,153630.37
LN01321,ENT0132,9,2023-12-17,8140.12,0.0,8140.12,2112.42,6027.7,147602.68
LN01321,ENT0132,10,2024-01-17,8140.12,0.0,8140.12,2029.54,6110.58,141492.1
LN01321,ENT0132,11,2024-02-17,8140.12,0.0,8140.12,1945.52,6194.6,135297.5
LN01321,ENT0132,12,2024-03-17,8140.12,0.0,8140.12,1860.34,6279.78,129017.72
LN01321,ENT0132,13,2024-04-17,8140.12,0.0,8140.12,1773.99,6366.12,122651.6
LN01321,ENT0132,14,2024-05-17,8140.12,0.0,8140.12,1686.46,6453.66,116197.94
LN01321,ENT0132,15,2024-06-17,8140.12,0.0,8140.12,1597.72,6542.39,109655.55
LN01321,ENT0132,16,2024-07-17,8140.12,0.0,8140.12,1507.76,6632.35,103023.19
LN01321,ENT0132,17,2024-08-17,8140.12,0.0,8140.12,1416.57,6723.55,96299.65
LN01321,ENT0132,18,2024-09-17,8140.12,0.0,8140.12,1324.12,6816.0,89483.65
LN01321,ENT0132,19,2024-10-17,8140.12,0.0,8140.12,1230.4,6909.72,82573.93
LN01321,ENT0132,20,2024-11-17,8140.12,0.0,8140.12,1135.39,7004.72,75569.21
LN01321,ENT0132,21,2024-12-17,8140.12,0.0,8140.12,1039.08,7101.04,68468.17
LN01321,ENT0132,22,2025-01-17,8140.12,0.0,8140.12,941.44,7198.68,61269.49
LN01321,ENT0132,23,2025-02-17,8140.12,0.0,8140.12,842.46,7297.66,53971.83
LN01321,ENT0132,24,2025-03-17,8140.12,0.0,8140.12,742.11,7398.0,46573.83
LN01321,ENT0132,25,2025-04-17,8140.12,0.0,8140.12,640.39,7499.73,39074.1
LN01321,ENT0132,26,2025-05-17,8140.12,0.0,8140.12,537.27,7602.85,31471.25
LN01321,ENT0132,27,2025-06-17,8140.12,0.0,8140.12,432.73,7707.39,23763.87
LN01321,ENT0132,28,2025-07-17,8140.12,0.0,8140.12,326.75,7813.36,15950.5
LN01321,ENT0132,29,2025-08-17,8140.12,0.0,8140.12,219.32,7920.8,8029.71
LN01321,ENT0132,30,2025-09-17,8140.12,0.0,8140.12,110.41,8029.71,0.0
LN01322,ENT0132,1,2025-09-17,12067.01,0.0,12067.01,4056.25,8010.76,286989.24
LN01322,ENT0132,2,2025-10-17,12067.01,0.0,12067.01,3946.1,8120.9,278868.34
LN01322,ENT0132,3,2025-11-17,12067.01,0.0,12067.01,3834.44,8232.57,270635.77
LN01322,ENT0132,4,2025-12-17,12067.01,0.0,12067.01,3721.24,8345.76,262290.01
LN01322,ENT0132,5,2026-01-17,12067.01,0.0,12067.01,3606.49,8460.52,253829.49
LN01322,ENT0132,6,2026-02-17,12067.01,0.0,12067.01,3490.16,8576.85,245252.64
LN01322,ENT0132,7,2026-03-17,12067.01,0.0,12067.01,3372.22,8694.78,236557.86
LN01322,ENT0132,8,2026-04-17,12067.01,0.0,12067.01,3252.67,8814.34,227743.52
LN01322,ENT0132,9,2026-05-17,12067.01,0.0,12067.01,3131.47,8935.53,218807.99
LN01322,ENT0132,10,2026-06-17,12067.01,0.0,12067.01,3008.61,9058.4,209749.59
LN01322,ENT0132,11,2026-07-17,12067.01,0.0,12067.01,2884.06,9182.95,200566.64
LN01341,ENT0134,13,2023-08-12,10786.07,0.0,10786.07,1261.24,9524.83,111554.2
LN01341,ENT0134,14,2023-09-12,10786.07,0.0,10786.07,1162.02,9624.04,101930.16
LN01341,ENT0134,15,2023-10-12,10786.07,0.0,10786.07,1061.77,9724.29,92205.86
LN01341,ENT0134,16,2023-11-12,10786.07,0.0,10786.07,960.48,9825.59,82380.27
LN01341,ENT0134,17,2023-12-12,10786.07,0.0,10786.07,858.13,9927.94,72452.34
LN01341,ENT0134,18,2024-01-12,10786.07,0.0,10786.07,754.71,10031.35,62420.98
LN01341,ENT0134,19,2024-02-12,10786.07,0.0,10786.07,650.22,10135.85,52285.13
LN01341,ENT0134,20,2024-03-12,10786.07,0.0,10786.07,544.64,10241.43,42043.7
LN01341,ENT0134,21,2024-04-12,10786.07,0.0,10786.07,437.96,10348.11,31695.59
LN01341,ENT0134,22,2024-05-12,10786.07,0.0,10786.07,330.16,10455.9,21239.69
LN01341,ENT0134,23,2024-06-12,10786.07,0.0,10786.07,221.25,10564.82,10674.87
LN01341,ENT0134,24,2024-07-12,10786.07,0.0,10786.07,111.2,10674.87,0.0
LN01342,ENT0134,1,2024-08-30,17132.93,0.0,17132.93,3220.0,13912.93,170087.07
LN01342,ENT0134,2,2024-09-30,17132.93,0.0,17132.93,2976.52,14156.41,155930.65
LN01342,ENT0134,3,2024-10-30,17132.93,0.0,17132.93,2728.79,14404.15,141526.51
LN01342,ENT0134,4,2024-11-30,17132.93,0.0,17132.93,2476.71,14656.22,126870.29
LN01342,ENT0134,5,2024-12-30,17132.93,0.0,17132.93,2220.23,14912.7,111957.58
LN01342,ENT0134,6,2025-01-30,17132.93,0.0,17132.93,1959.26,15173.68,96783.91
LN01342,ENT0134,7,2025-02-28,17132.93,0.0,17132.93,1693.72,15439.22,81344.69
LN01342,ENT0134,8,2025-03-30,17132.93,0.0,17132.93,1423.53,15709.4,65635.29
LN01342,ENT0134,9,2025-04-30,17132.93,0.0,17132.93,1148.62,15984.32,49650.97
LN01342,ENT0134,10,2025-05-30,17132.93,0.0,17132.93,868.89,16264.04,33386.93
LN01342,ENT0134,11,2025-06-30,17132.93,0.0,17132.93,584.27,16548.66,16838.26
LN01342,ENT0134,12,2025-07-30,17132.93,2055.95,15076.98,294.67,16838.26,0.0
LN01361,ENT0136,6,2023-08-18,3190.6,0.0,3190.6,922.82,2267.78,64846.46
LN01361,ENT0136,7,2023-09-18,3190.6,0.0,3190.6,891.64,2298.96,62547.5
LN01361,ENT0136,8,2023-10-18,3190.6,0.0,3190.6,860.03,2330.57,60216.93
LN01361,ENT0136,9,2023-11-18,3190.6,0.0,3190.6,827.98,2362.62,57854.32
LN01361,ENT0136,10,2023-12-18,3190.6,0.0,3190.6,795.5,2395.1,55459.21
LN01361,ENT0136,11,2024-01-18,3190.6,0.0,3190.6,762.56,2428.03,53031.18
LN01361,ENT0136,12,2024-02-18,3190.6,0.0,3190.6,729.18,2461.42,50569.76
LN01361,ENT0136,13,2024-03-18,3190.6,0.0,3190.6,695.33,2495.26,48074.5
LN01361,ENT0136,14,2024-04-18,3190.6,0.0,3190.6,661.02,2529.57,45544.92
LN01361,ENT0136,15,2024-05-18,3190.6,0.0,3190.6,626.24,2564.36,42980.57
LN01361,ENT0136,16,2024-06-18,3190.6,0.0,3190.6,590.98,2599.62,40380.95
LN01361,ENT0136,17,2024-07-18,3190.6,0.0,3190.6,555.24,2635.36,37745.59
LN01361,ENT0136,18,2024-08-18,3190.6,0.0,3190.6,519.0,2671.6,35073.99
LN01361,ENT0136,19,2024-09-18,3190.6,0.0,3190.6,482.27,2708.33,32365.66
LN01361,ENT0136,20,2024-10-18,3190.6,0.0,3190.6,445.03,2745.57,29620.09
LN01361,ENT0136,21,2024-11-18,3190.6,638.12,2552.48,407.28,2783.32,26836.77
LN01361,ENT0136,22,2024-12-18,3190.6,638.12,2552.48,369.01,2821.59,24015.18
LN01361,ENT0136,23,2025-01-18,3190.6,638.12,2552.48,330.21,2860.39,21154.79
LN01361,ENT0136,24,2025-02-18,3190.6,638.12,2552.48,290.88,2899.72,18255.07
LN01361,ENT0136,25,2025-03-18,3190.6,638.12,2552.48,251.01,2939.59,15315.48
LN01361,ENT0136,26,2025-04-18,3190.6,638.12,2552.48,210.59,2980.01,12335.47
LN01361,ENT0136,27,2025-05-18,3190.6,638.12,2552.48,169.61,3020.99,9314.48
LN01361,ENT0136,28,2025-06-18,3190.6,638.12,2552.48,128.07,3062.52,6251.96
LN01361,ENT0136,29,2025-07-18,3190.6,638.12,2552.48,85.96,3104.63,3147.32
LN01361,ENT0136,30,2025-08-18,3190.6,638.12,2552.48,43.28,3147.32,0.0
LN01381,ENT0138,1,2023-08-14,5552.18,0.0,5552.18,1210.0,4342.18,83657.82
LN01381,ENT0138,2,2023-09-14,5552.18,0.0,5552.18,1150.29,4401.89,79255.93
LN01381,ENT0138,3,2023-10-14,5552.18,0.0,5552.18,1089.77,4462.42,74793.51
LN01381,ENT0138,4,2023-11-14,5552.18,0.0,5552.18,1028.41,4523.77,70269.74
LN01381,ENT0138,5,2023-12-14,5552.18,0.0,5552.18,966.21,4585.98,65683.76
LN01381,ENT0138,6,2024-01-14,5552.18,0.0,5552.18,903.15,4649.03,61034.73
LN01381,ENT0138,7,2024-02-14,5552.18,0.0,5552.18,839.23,4712.96,56321.77
LN01381,ENT0138,8,2024-03-14,5552.18,0.0,5552.18,774.42,4777.76,51544.01
LN01381,ENT0138,9,2024-04-14,5552.18,0.0,5552.18,708.73,4843.45,46700.55
LN01381,ENT0138,10,2024-05-14,5552.18,0.0,5552.18,642.13,4910.05,41790.5
LN01381,ENT0138,11,2024-06-14,5552.18,0.0,5552.18,574.62,4977.57,36812.94
LN01381,ENT0138,12,2024-07-14,5552.18,0.0,5552.18,506.18,5046.01,31766.93
LN01381,ENT0138,13,2024-08-14,5552.18,0.0,5552.18,436.8,5115.39,26651.54
LN01381,ENT0138,14,2024-09-14,5552.18,0.0,5552.18,366.46,5185.73,21465.81
LN01381,ENT0138,15,2024-10-14,5552.18,0.0,5552.18,295.15,5257.03,16208.78
LN01381,ENT0138,16,2024-11-14,5552.18,0.0,5552.18,222.87,5329.31,10879.47
LN01381,ENT0138,17,2024-12-14,5552.18,0.0,5552.18,149.59,5402.59,5476.88
LN01381,ENT0138,18,2025-01-14,5552.18,0.0,5552.18,75.31,5476.88,0.0
LN01391,ENT0139,8,2023-08-12,3363.55,0.0,3363.55,812.76,2550.79,82258.9
LN01391,ENT0139,9,2023-09-12,3363.55,0.0,3363.55,788.31,2575.24,79683.66
LN01391,ENT0139,10,2023-10-12,3363.55,0.0,3363.55,763.64,2599.92,77083.75
LN01391,ENT0139,11,2023-11-12,3363.55,0.0,3363.55,738.72,2624.83,74458.91
LN01391,ENT0139,12,2023-12-12,3363.55,0.0,3363.55,713.56,2649.99,71808.92
LN01391,ENT0139,13,2024-01-12,3363.55,0.0,3363.55,688.17,2675.38,69133.54
LN01391,ENT0139,14,2024-02-12,3363.55,0.0,3363.55,662.53,2701.02,66432.52
LN01391,ENT0139,15,2024-03-12,3363.55,0.0,3363.55,636.64,2726.91,63705.61
LN01391,ENT0139,16,2024-04-12,3363.55,0.0,3363.55,610.51,2753.04,60952.57
LN01391,ENT0139,17,2024-05-12,3363.55,0.0,3363.55,584.13,2779.42,58173.15
LN01391,ENT0139,18,2024-06-12,3363.55,0.0,3363.55,557.49,2806.06,55367.09
LN01391,ENT0139,19,2024-07-12,3363.55,0.0,3363.55,530.6,2832.95,52534.13
LN01391,ENT0139,20,2024-08-12,3363.55,0.0,3363.55,503.45,2860.1,49674.03
LN01391,ENT0139,21,2024-09-12,3363.55,0.0,3363.55,476.04,2887.51,46786.52
LN01391,ENT0139,22,2024-10-12,3363.55,0.0,3363.55,448.37,2915.18,43871.34
LN01391,ENT0139,23,2024-11-12,3363.55,0.0,3363.55,420.43,2943.12,40928.22
LN01391,ENT0139,24,2024-12-12,3363.55,0.0,3363.55,392.23,2971.32,37956.9
LN01391,ENT0139,25,2025-01-12,3363.55,0.0,3363.55,363.75,2999.8,34957.1
LN01391,ENT0139,26,2025-02-12,3363.55,0.0,3363.55,335.01,3028.55,31928.55
LN01391,ENT0139,27,2025-03-12,3363.55,0.0,3363.55,305.98,3057.57,28870.98
LN01391,ENT0139,28,2025-04-12,3363.55,0.0,3363.55,276.68,3086.87,25784.11
LN01391,ENT0139,29,2025-05-12,3363.55,0.0,3363.55,247.1,3116.45,22667.65
LN01391,ENT0139,30,2025-06-12,3363.55,0.0,3363.55,217.23,3146.32,19521.33
LN01391,ENT0139,31,2025-07-12,3363.55,0.0,3363.55,187.08,3176.47,16344.86
LN01391,ENT0139,32,2025-08-12,3363.55,0.0,3363.55,156.64,3206.91,13137.95
LN01391,ENT0139,33,2025-09-12,3363.55,0.0,3363.55,125.91,3237.65,9900.3
LN01391,ENT0139,34,2025-10-12,3363.55,0.0,3363.55,94.88,3268.67,6631.62
LN01391,ENT0139,35,2025-11-12,3363.55,0.0,3363.55,63.55,3300.0,3331.62
LN01391,ENT0139,36,2025-12-12,3363.55,0.0,3363.55,31.93,3331.62,0.0
LN01401,ENT0140,3,2023-08-10,1377.42,0.0,1377.42,323.93,1053.48,39864.31
LN01401,ENT0140,4,2023-09-10,1377.42,0.0,1377.42,315.59,1061.82,38802.48
LN01401,ENT0140,5,2023-10-10,1377.42,0.0,1377.42,307.19,1070.23,37732.25
LN01401,ENT0140,6,2023-11-10,1377.42,0.0,1377.42,298.71,1078.7,36653.55
LN01401,ENT0140,7,2023-12-10,1377.42,0.0,1377.42,290.17,1087.24,35566.3
LN01401,ENT0140,8,2024-01-10,1377.42,0.0,1377.42,281.57,1095.85,34470.45
LN01401,ENT0140,9,2024-02-10,1377.42,0.0,1377.42,272.89,1104.53,33365.93
LN01401,ENT0140,10,2024-03-10,1377.42,0.0,1377.42,264.15,1113.27,32252.66
LN01401,ENT0140,11,2024-04-10,1377.42,0.0,1377.42,255.33,1122.08,31130.58
LN01401,ENT0140,12,2024-05-10,1377.42,0.0,1377.42,246.45,1130.97,29999.61
LN01401,ENT0140,13,2024-06-10,1377.42,0.0,1377.42,237.5,1139.92,28859.69
LN01401,ENT0140,14,2024-07-10,1377.42,0.0,1377.42,228.47,1148.94,27710.74
LN01401,ENT0140,15,2024-08-10,1377.42,0.0,1377.42,219.38,1158.04,26552.7
LN01401,ENT0140,16,2024-09-10,1377.42,0.0,1377.42,210.21,1167.21,25385.5
LN01401,ENT0140,17,2024-10-10,1377.42,0.0,1377.42,200.97,1176.45,24209.05
LN01401,ENT0140,18,2024-11-10,1377.42,0.0,1377.42,191.65,1185.76,23023.29
LN01401,ENT0140,19,2024-12-10,1377.42,0.0,1377.42,182.27,1195.15,21828.14
LN01401,ENT0140,20,2025-01-10,1377.42,0.0,1377.42,172.81,1204.61,20623.53
LN01401,ENT0140,21,2025-02-10,1377.42,0.0,1377.42,163.27,1214.15,19409.38
LN01401,ENT0140,22,2025-03-10,1377.42,0.0,1377.42,153.66,1223.76,18185.62
LN01401,ENT0140,23,2025-04-10,1377.42,0.0,1377.42,143.97,1233.45,16952.17
LN01401,ENT0140,24,2025-05-10,1377.42,0.0,1377.42,134.2,1243.21,15708.96
LN01401,ENT0140,25,2025-06-10,1377.42,0.0,1377.42,124.36,1253.05,14455.91
LN01401,ENT0140,26,2025-07-10,1377.42,0.0,1377.42,114.44,1262.97,13192.93
LN01401,ENT0140,27,2025-08-10,1377.42,0.0,1377.42,104.44,1272.97,11919.96
LN01401,ENT0140,28,2025-09-10,1377.42,0.0,1377.42,94.37,1283.05,10636.91
LN01401,ENT0140,29,2025-10-10,1377.42,0.0,1377.42,84.21,1293.21,9343.7
LN01401,ENT0140,30,2025-11-10,1377.42,0.0,1377.42,73.97,1303.45,8040.26
LN01401,ENT0140,31,2025-12-10,1377.42,0.0,1377.42,63.65,1313.76,6726.49
LN01401,ENT0140,32,2026-01-10,1377.42,0.0,1377.42,53.25,1324.17,5402.32
LN01401,ENT0140,33,2026-02-10,1377.42,0.0,1377.42,42.77,1334.65,4067.68
LN01401,ENT0140,34,2026-03-10,1377.42,0.0,1377.42,32.2,1345.21,2722.46
LN01401,ENT0140,35,2026-04-10,1377.42,0.0,1377.42,21.55,1355.86,1366.6
LN01401,ENT0140,36,2026-05-10,1377.42,0.0,1377.42,10.82,1366.6,0.0
LN01411,ENT0141,15,2023-08-01,4891.11,0.0,4891.11,692.24,4198.87,68034.6
LN01411,ENT0141,16,2023-09-01,4891.11,0.0,4891.11,652.0,4239.11,63795.49
LN01411,ENT0141,17,2023-10-01,4891.11,0.0,4891.11,611.37,4279.73,59515.75
LN01411,ENT0141,18,2023-11-01,4891.11,0.0,4891.11,570.36,4320.75,55195.01
LN01411,ENT0141,19,2023-12-01,4891.11,0.0,4891.11,528.95,4362.16,50832.85
LN01411,ENT0141,20,2024-01-01,4891.11,0.0,4891.11,487.15,4403.96,46428.89
LN01411,ENT0141,21,2024-02-01,4891.11,0.0,4891.11,444.94,4446.16,41982.72
LN01411,ENT0141,22,2024-03-01,4891.11,0.0,4891.11,402.33,4488.77,37493.95
LN01411,ENT0141,23,2024-04-01,4891.11,0.0,4891.11,359.32,4531.79,32962.16
LN01411,ENT0141,24,2024-05-01,4891.11,0.0,4891.11,315.89,4575.22,28386.94
LN01411,ENT0141,25,2024-06-01,4891.11,0.0,4891.11,272.04,4619.07,23767.87
LN01411,ENT0141,26,2024-07-01,4891.11,0.0,4891.11,227.78,4663.33,19104.54
LN01411,ENT0141,27,2024-08-01,4891.11,0.0,4891.11,183.09,4708.02,14396.51
LN01411,ENT0141,28,2024-09-01,4891.11,0.0,4891.11,137.97,4753.14,9643.37
LN01411,ENT0141,29,2024-10-01,4891.11,0.0,4891.11,92.42,4798.69,4844.68
LN01411,ENT0141,30,2024-11-01,4891.11,0.0,4891.11,46.43,4844.68,0.0
LN01421,ENT0142,10,2023-08-20,1780.7,0.0,1780.7,404.28,1376.43,40809.04
LN01421,ENT0142,11,2023-09-20,1780.7,0.0,1780.7,391.09,1389.62,39419.42
LN01421,ENT0142,12,2023-10-20,1780.7,0.0,1780.7,377.77,1402.93,38016.49
LN01421,ENT0142,13,2023-11-20,1780.7,0.0,1780.7,364.32,1416.38,36600.11
LN01421,ENT0142,14,2023-12-20,1780.7,0.0,1780.7,350.75,1429.95,35170.16
LN01421,ENT0142,15,2024-01-20,1780.7,0.0,1780.7,337.05,1443.66,33726.5
LN01421,ENT0142,16,2024-02-20,1780.7,0.0,1780.7,323.21,1457.49,32269.01
LN01421,ENT0142,17,2024-03-20,1780.7,0.0,1780.7,309.24,1471.46,30797.55
LN01421,ENT0142,18,2024-04-20,1780.7,0.0,1780.7,295.14,1485.56,29311.99
LN01421,ENT0142,19,2024-05-20,1780.7,0.0,1780.7,280.91,1499.8,27812.19
LN01421,ENT0142,20,2024-06-20,1780.7,0.0,1780.7,266.53,1514.17,26298.02
LN01421,ENT0142,21,2024-07-20,1780.7,0.0,1780.7,252.02,1528.68,24769.34
LN01421,ENT0142,22,2024-08-20,1780.7,0.0,1780.7,237.37,1543.33,23226.0
LN01421,ENT0142,23,2024-09-20,1780.7,0.0,1780.7,222.58,1558.12,21667.88
LN01421,ENT0142,24,2024-10-20,1780.7,0.0,1780.7,207.65,1573.05,20094.83
LN01421,ENT0142,25,2024-11-20,1780.7,0.0,1780.7,192.58,1588.13,18506.7
LN01421,ENT0142,26,2024-12-20,1780.7,0.0,1780.7,177.36,1603.35,16903.35
LN01421,ENT0142,27,2025-01-20,1780.7,0.0,1780.7,161.99,1618.71,15284.64
LN01421,ENT0142,28,2025-02-20,1780.7,0.0,1780.7,146.48,1634.23,13650.41
LN01421,ENT0142,29,2025-03-20,1780.7,0.0,1780.7,130.82,1649.89,12000.52
LN01421,ENT0142,30,2025-04-20,1780.7,0.0,1780.7,115.01,1665.7,10334.82
LN01421,ENT0142,31,2025-05-20,1780.7,0.0,1780.7,99.04,1681.66,8653.16
LN01421,ENT0142,32,2025-06-20,1780.7,0.0,1780.7,82.93,1697.78,6955.38
LN01421,ENT0142,33,2025-07-20,1780.7,213.68,1567.02,66.66,1714.05,5241.33
LN01421,ENT0142,34,2025-08-20,1780.7,213.68,1567.02,50.23,1730.47,3510.86
LN01421,ENT0142,35,2025-09-20,1780.7,213.68,1567.02,33.65,1747.06,1763.8
LN01421,ENT0142,36,2025-10-20,1780.7,213.68,1567.02,16.9,1763.8,0.0
LN01431,ENT0143,1,2023-08-10,1115.28,0.0,1115.28,536.25,579.03,38420.97
LN01431,ENT0143,2,2023-09-10,1115.28,0.0,1115.28,528.29,587.0,37833.97
LN01431,ENT0143,3,2023-10-10,1115.28,0.0,1115.28,520.22,595.07,37238.91
LN01431,ENT0143,4,2023-11-10,1115.28,0.0,1115.28,512.03,603.25,36635.66
LN01431,ENT0143,5,2023-12-10,1115.28,0.0,1115.28,503.74,611.54,36024.11
LN01431,ENT0143,6,2024-01-10,1115.28,0.0,1115.28,495.33,619.95,35404.16
LN01431,ENT0143,7,2024-02-10,1115.28,0.0,1115.28,486.81,628.48,34775.69
LN01431,ENT0143,8,2024-03-10,1115.28,0.0,1115.28,478.17,637.12,34138.57
LN01431,ENT0143,9,2024-04-10,1115.28,0.0,1115.28,469.41,645.88,33492.69
LN01431,ENT0143,10,2024-05-10,1115.28,0.0,1115.28,460.52,654.76,32837.93
LN01431,ENT0143,11,2024-06-10,1115.28,0.0,1115.28,451.52,663.76,32174.17
LN01431,ENT0143,12,2024-07-10,1115.28,0.0,1115.28,442.39,672.89,31501.28
LN01431,ENT0143,13,2024-08-10,1115.28,0.0,1115.28,433.14,682.14,30819.14
LN01431,ENT0143,14,2024-09-10,1115.28,0.0,1115.28,423.76,691.52,30127.62
LN01431,ENT0143,15,2024-10-10,1115.28,0.0,1115.28,414.25,701.03,29426.59
LN01431,ENT0143,16,2024-11-10,1115.28,0.0,1115.28,404.62,710.67,28715.92
LN01431,ENT0143,17,2024-12-10,1115.28,0.0,1115.28,394.84,720.44,27995.48
LN01431,ENT0143,18,2025-01-10,1115.28,0.0,1115.28,384.94,730.35,27265.14
LN01431,ENT0143,19,2025-02-10,1115.28,0.0,1115.28,374.9,740.39,26524.75
LN01431,ENT0143,20,2025-03-10,1115.28,0.0,1115.28,364.72,750.57,25774.18
LN01431,ENT0143,21,2025-04-10,1115.28,0.0,1115.28,354.4,760.89,25013.29
LN01431,ENT0143,22,2025-05-10,1115.28,0.0,1115.28,343.93,771.35,24241.94
LN01431,ENT0143,23,2025-06-10,1115.28,0.0,1115.28,333.33,781.96,23459.99
LN01431,ENT0143,24,2025-07-10,1115.28,0.0,1115.28,322.57,792.71,22667.28
LN01431,ENT0143,25,2025-08-10,1115.28,0.0,1115.28,311.68,803.61,21863.67
LN01431,ENT0143,26,2025-09-10,1115.28,0.0,1115.28,300.63,814.66,21049.01
LN01431,ENT0143,27,2025-10-10,1115.28,0.0,1115.28,289.42,825.86,20223.15
LN01431,ENT0143,28,2025-11-10,1115.28,0.0,1115.28,278.07,837.22,19385.94
LN01431,ENT0143,29,2025-12-10,1115.28,0.0,1115.28,266.56,848.73,18537.21
LN01431,ENT0143,30,2026-01-10,1115.28,0.0,1115.28,254.89,860.4,17676.81
LN01431,ENT0143,31,2026-02-10,1115.28,0.0,1115.28,243.06,872.23,16804.59
LN01431,ENT0143,32,2026-03-10,1115.28,0.0,1115.28,231.06,884.22,15920.37
LN01431,ENT0143,33,2026-04-10,1115.28,0.0,1115.28,218.91,896.38,15023.99
LN01431,ENT0143,34,2026-05-10,1115.28,0.0,1115.28,206.58,908.7,14115.28
LN01431,ENT0143,35,2026-06-10,1115.28,0.0,1115.28,194.09,921.2,13194.09
LN01431,ENT0143,36,2026-07-10,1115.28,0.0,1115.28,181.42,933.86,12260.22
LN01441,ENT0144,7,2023-08-29,5333.24,0.0,5333.24,774.06,4559.19,83904.25
LN01441,ENT0144,8,2023-09-29,5333.24,0.0,5333.24,734.16,4599.08,79305.17
LN01441,ENT0144,9,2023-10-29,5333.24,0.0,5333.24,693.92,4639.32,74665.85
LN01441,ENT0144,10,2023-11-29,5333.24,0.0,5333.24,653.33,4679.92,69985.93
LN01441,ENT0144,11,2023-12-29,5333.24,0.0,5333.24,612.38,4720.87,65265.06
LN01441,ENT0144,12,2024-01-29,5333.24,0.0,5333.24,571.07,4762.18,60502.89
LN01441,ENT0144,13,2024-02-29,5333.24,0.0,5333.24,529.4,4803.84,55699.04
LN01441,ENT0144,14,2024-03-29,5333.24,0.0,5333.24,487.37,4845.88,50853.16
LN01441,ENT0144,15,2024-04-29,5333.24,0.0,5333.24,444.97,4888.28,45964.88
LN01441,ENT0144,16,2024-05-29,5333.24,0.0,5333.24,402.19,4931.05,41033.83
LN01441,ENT0144,17,2024-06-29,5333.24,0.0,5333.24,359.05,4974.2,36059.63
LN01441,ENT0144,18,2024-07-29,5333.24,0.0,5333.24,315.52,5017.72,31041.91
LN01441,ENT0144,19,2024-08-29,5333.24,0.0,5333.24,271.62,5061.63,25980.28
LN01441,ENT0144,20,2024-09-29,5333.24,0.0,5333.24,227.33,5105.92,20874.36
LN01441,ENT0144,21,2024-10-29,5333.24,0.0,5333.24,182.65,5150.59,15723.77
LN01441,ENT0144,22,2024-11-29,5333.24,1066.65,4266.6,137.58,5195.66,10528.11
LN01441,ENT0144,23,2024-12-29,5333.24,1066.65,4266.6,92.12,5241.12,5286.98
LN01441,ENT0144,24,2025-01-29,5333.24,1066.65,4266.6,46.26,5286.98,0.0
LN01461,ENT0146,7,2023-08-14,6219.88,0.0,6219.88,3244.69,2975.2,233002.17
LN01461,ENT0146,8,2023-09-14,6219.88,0.0,6219.88,3203.78,3016.1,229986.07
LN01461,ENT0146,9,2023-10-14,6219.88,0.0,6219.88,3162.31,3057.58,226928.49
LN01461,ENT0146,10,2023-11-14,6219.88,0.0,6219.88,3120.27,3099.62,223828.87
LN01461,ENT0146,11,2023-12-14,6219.88,0.0,6219.88,3077.65,3142.24,220686.64
LN01461,ENT0146,12,2024-01-14,6219.88,0.0,6219.88,3034.44,3185.44,217501.19
LN01461,ENT0146,13,2024-02-14,6219.88,0.0,6219.88,2990.64,3229.24,214271.95
LN01461,ENT0146,14,2024-03-14,6219.88,0.0,6219.88,2946.24,3273.64,210998.31
LN01461,ENT0146,15,2024-04-14,6219.88,0.0,6219.88,2901.23,3318.66,207679.65
LN01461,ENT0146,16,2024-05-14,6219.88,0.0,6219.88,2855.6,3364.29,204315.36
LN01461,ENT0146,17,2024-06-14,6219.88,0.0,6219.88,2809.34,3410.55,200904.81
LN01461,ENT0146,18,2024-07-14,6219.88,0.0,6219.88,2762.44,3457.44,197447.37
LN01461,ENT0146,19,2024-08-14,6219.88,0.0,6219.88,2714.9,3504.98,193942.39
LN01461,ENT0146,20,2024-09-14,6219.88,0.0,6219.88,2666.71,3553.18,190389.21
LN01461,ENT0146,21,2024-10-14,6219.88,0.0,6219.88,2617.85,3602.03,186787.18
LN01461,ENT0146,22,2024-11-14,6219.88,0.0,6219.88,2568.32,3651.56,183135.62
LN01461,ENT0146,23,2024-12-14,6219.88,0.0,6219.88,2518.11,3701.77,179433.85
LN01461,ENT0146,24,2025-01-14,6219.88,0.0,6219.88,2467.22,3752.67,175681.18
LN01461,ENT0146,25,2025-02-14,6219.88,0.0,6219.88,2415.62,3804.27,171876.92
LN01461,ENT0146,26,2025-03-14,6219.88,0.0,6219.88,2363.31,3856.58,168020.34
LN01461,ENT0146,27,2025-04-14,6219.88,0.0,6219.88,2310.28,3909.6,164110.74
LN01461,ENT0146,28,2025-05-14,6219.88,0.0,6219.88,2256.52,3963.36,160147.37
LN01461,ENT0146,29,2025-06-14,6219.88,0.0,6219.88,2202.03,4017.86,156129.52
LN01461,ENT0146,30,2025-07-14,6219.88,746.39,5473.5,2146.78,4073.1,152056.41
LN01461,ENT0146,31,2025-08-14,6219.88,746.39,5473.5,2090.78,4129.11,147927.31
LN01461,ENT0146,32,2025-09-14,6219.88,746.39,5473.5,2034.0,4185.88,143741.42
LN01461,ENT0146,33,2025-10-14,6219.88,746.39,5473.5,1976.44,4243.44,139497.98
LN01461,ENT0146,34,2025-11-14,6219.88,746.39,5473.5,1918.1,4301.79,135196.2
LN01461,ENT0146,35,2025-12-14,6219.88,746.39,5473.5,1858.95,4360.94,130835.26
LN01461,ENT0146,36,2026-01-14,6219.88,746.39,5473.5,1798.98,4420.9,126414.36
LN01461,ENT0146,37,2026-02-14,6219.88,746.39,5473.5,1738.2,4481.69,121932.68
LN01461,ENT0146,38,2026-03-14,6219.88,746.39,5473.5,1676.57,4543.31,117389.37
LN01461,ENT0146,39,2026-04-14,6219.88,746.39,5473.5,1614.1,4605.78,112783.59
LN01461,ENT0146,40,2026-05-14,6219.88,746.39,5473.5,1550.77,4669.11,108114.48
LN01461,ENT0146,41,2026-06-14,6219.88,746.39,5473.5,1486.57,4733.31,103381.17
LN01461,ENT0146,42,2026-07-14,6219.88,746.39,5473.5,1421.49,4798.39,98582.77
LN01481,ENT0148,10,2023-08-24,13061.26,0.0,13061.26,1074.4,11986.86,100124.17
LN01481,ENT0148,11,2023-09-24,13061.26,0.0,13061.26,959.52,12101.74,88022.44
LN01481,ENT0148,12,2023-10-24,13061.26,0.0,13061.26,843.55,12217.71,75804.73
LN01481,ENT0148,13,2023-11-24,13061.26,0.0,13061.26,726.46,12334.8,63469.93
LN01481,ENT0148,14,2023-12-24,13061.26,0.0,13061.26,608.25,12453.01,51016.93
LN01481,ENT0148,15,2024-01-24,13061.26,0.0,13061.26,488.91,12572.35,38444.58
LN01481,ENT0148,16,2024-02-24,13061.26,0.0,13061.26,368.43,12692.83,25751.75
LN01481,ENT0148,17,2024-03-24,13061.26,0.0,13061.26,246.79,12814.47,12937.28
LN01481,ENT0148,18,2024-04-24,13061.26,0.0,13061.26,123.98,12937.28,0.0
LN01511,ENT0151,7,2023-08-30,2679.71,0.0,2679.71,1397.91,1281.8,100384.33
LN01511,ENT0151,8,2023-09-30,2679.71,0.0,2679.71,1380.28,1299.43,99084.91
LN01511,ENT0151,9,2023-10-30,2679.71,0.0,2679.71,1362.42,1317.3,97767.61
LN01511,ENT0151,10,2023-11-30,2679.71,0.0,2679.71,1344.3,1335.41,96432.2
LN01511,ENT0151,11,2023-12-30,2679.71,0.0,2679.71,1325.94,1353.77,95078.43
LN01511,ENT0151,12,2024-01-30,2679.71,0.0,2679.71,1307.33,1372.38,93706.05
LN01511,ENT0151,13,2024-02-29,2679.71,0.0,2679.71,1288.46,1391.25,92314.79
LN01511,ENT0151,14,2024-03-30,2679.71,0.0,2679.71,1269.33,1410.38,90904.41
LN01511,ENT0151,15,2024-04-30,2679.71,0.0,2679.71,1249.94,1429.78,89474.63
LN01511,ENT0151,16,2024-05-30,2679.71,0.0,2679.71,1230.28,1449.44,88025.2
LN01511,ENT0151,17,2024-06-30,2679.71,0.0,2679.71,1210.35,1469.37,86555.83
LN01511,ENT0151,18,2024-07-30,2679.71,0.0,2679.71,1190.14,1489.57,85066.26
LN01511,ENT0151,19,2024-08-30,2679.71,0.0,2679.71,1169.66,1510.05,83556.21
LN01511,ENT0151,20,2024-09-30,2679.71,0.0,2679.71,1148.9,1530.81,82025.39
LN01511,ENT0151,21,2024-10-30,2679.71,0.0,2679.71,1127.85,1551.86,80473.53
LN01511,ENT0151,22,2024-11-30,2679.71,0.0,2679.71,1106.51,1573.2,78900.33
LN01511,ENT0151,23,2024-12-30,2679.71,0.0,2679.71,1084.88,1594.83,77305.49
LN01511,ENT0151,24,2025-01-30,2679.71,0.0,2679.71,1062.95,1616.76,75688.73
LN01511,ENT0151,25,2025-02-28,2679.71,0.0,2679.71,1040.72,1638.99,74049.74
LN01511,ENT0151,26,2025-03-30,2679.71,0.0,2679.71,1018.18,1661.53,72388.21
LN01511,ENT0151,27,2025-04-30,2679.71,0.0,2679.71,995.34,1684.37,70703.83
LN01511,ENT0151,28,2025-05-30,2679.71,0.0,2679.71,972.18,1707.54,68996.3
LN01511,ENT0151,29,2025-06-30,2679.71,0.0,2679.71,948.7,1731.01,67265.29
LN01511,ENT0151,30,2025-07-30,2679.71,0.0,2679.71,924.9,1754.82,65510.47
LN01511,ENT0151,31,2025-08-30,2679.71,0.0,2679.71,900.77,1778.94,63731.53
LN01511,ENT0151,32,2025-09-30,2679.71,0.0,2679.71,876.31,1803.4,61928.12
LN01511,ENT0151,33,2025-10-30,2679.71,0.0,2679.71,851.51,1828.2,60099.92
LN01511,ENT0151,34,2025-11-30,2679.71,0.0,2679.71,826.37,1853.34,58246.58
LN01511,ENT0151,35,2025-12-30,2679.71,0.0,2679.71,800.89,1878.82,56367.76
LN01511,ENT0151,36,2026-01-30,2679.71,0.0,2679.71,775.06,1904.66,54463.1
LN01511,ENT0151,37,2026-02-28,2679.71,0.0,2679.71,748.87,1930.85,52532.26
LN01511,ENT0151,38,2026-03-30,2679.71,0.0,2679.71,722.32,1957.39,50574.87
LN01511,ENT0151,39,2026-04-30,2679.71,0.0,2679.71,695.4,1984.31,48590.56
LN01511,ENT0151,40,2026-05-30,2679.71,0.0,2679.71,668.12,2011.59,46578.96
LN01511,ENT0151,41,2026-06-30,2679.71,0.0,2679.71,640.46,2039.25,44539.71
LN01511,ENT0151,42,2026-07-30,2679.71,0.0,2679.71,612.42,2067.29,42472.42
LN01521,ENT0152,10,2023-08-19,8759.14,0.0,8759.14,1167.62,7591.52,114246.82
LN01521,ENT0152,11,2023-09-19,8759.14,0.0,8759.14,1094.87,7664.27,106582.54
LN01521,ENT0152,12,2023-10-19,8759.14,0.0,8759.14,1021.42,7737.72,98844.82
LN01521,ENT0152,13,2023-11-19,8759.14,0.0,8759.14,947.26,7811.88,91032.94
LN01521,ENT0152,14,2023-12-19,8759.14,0.0,8759.14,872.4,7886.74,83146.2
LN01521,ENT0152,15,2024-01-19,8759.14,0.0,8759.14,796.82,7962.32,75183.88
LN01521,ENT0152,16,2024-02-19,8759.14,0.0,8759.14,720.51,8038.63,67145.26
LN01521,ENT0152,17,2024-03-19,8759.14,0.0,8759.14,643.48,8115.66,59029.59
LN01521,ENT0152,18,2024-04-19,8759.14,0.0,8759.14,565.7,8193.44,50836.15
LN01521,ENT0152,19,2024-05-19,8759.14,0.0,8759.14,487.18,8271.96,42564.19
LN01521,ENT0152,20,2024-06-19,8759.14,0.0,8759.14,407.91,8351.23,34212.96
LN01521,ENT0152,21,2024-07-19,8759.14,0.0,8759.14,327.87,8431.26,25781.7
LN01521,ENT0152,22,2024-08-19,8759.14,0.0,8759.14,247.07,8512.06,17269.63
LN01521,ENT0152,23,2024-09-19,8759.14,0.0,8759.14,165.5,8593.64,8675.99
LN01521,ENT0152,24,2024-10-19,8759.14,0.0,8759.14,83.14,8675.99,0.0
LN01531,ENT0153,14,2023-08-25,8831.76,0.0,8831.76,1872.94,6958.82,172843.17
LN01531,ENT0153,15,2023-09-25,8831.76,0.0,8831.76,1800.45,7031.31,165811.86
LN01531,ENT0153,16,2023-10-25,8831.76,0.0,8831.76,1727.21,7104.55,158707.31
LN01531,ENT0153,17,2023-11-25,8831.76,0.0,8831.76,1653.2,7178.56,151528.75
LN01531,ENT0153,18,2023-12-25,8831.76,0.0,8831.76,1578.42,7253.33,144275.42
LN01531,ENT0153,19,2024-01-25,8831.76,0.0,8831.76,1502.87,7328.89,136946.53
LN01531,ENT0153,20,2024-02-25,8831.76,0.0,8831.76,1426.53,7405.23,129541.3
LN01531,ENT0153,21,2024-03-25,8831.76,0.0,8831.76,1349.39,7482.37,122058.93
LN01531,ENT0153,22,2024-04-25,8831.76,0.0,8831.76,1271.45,7560.31,114498.62
LN01531,ENT0153,23,2024-05-25,8831.76,0.0,8831.76,1192.69,7639.06,106859.56
LN01531,ENT0153,24,2024-06-25,8831.76,0.0,8831.76,1113.12,7718.64,99140.92
LN01531,ENT0153,25,2024-07-25,8831.76,0.0,8831.76,1032.72,7799.04,91341.88
LN01531,ENT0153,26,2024-08-25,8831.76,0.0,8831.76,951.48,7880.28,83461.6
LN01531,ENT0153,27,2024-09-25,8831.76,0.0,8831.76,869.39,7962.37,75499.24
LN01531,ENT0153,28,2024-10-25,8831.76,0.0,8831.76,786.45,8045.31,67453.93
LN01531,ENT0153,29,2024-11-25,8831.76,0.0,8831.76,702.65,8129.11,59324.82
LN01531,ENT0153,30,2024-12-25,8831.76,0.0,8831.76,617.97,8213.79,51111.03
LN01531,ENT0153,31,2025-01-25,8831.76,0.0,8831.76,532.41,8299.35,42811.68
LN01531,ENT0153,32,2025-02-25,8831.76,0.0,8831.76,445.95,8385.8,34425.88
LN01531,ENT0153,33,2025-03-25,8831.76,0.0,8831.76,358.6,8473.15,25952.72
LN01531,ENT0153,34,2025-04-25,8831.76,0.0,8831.76,270.34,8561.42,17391.31
LN01531,ENT0153,35,2025-05-25,8831.76,0.0,8831.76,181.16,8650.6,8740.71
LN01531,ENT0153,36,2025-06-25,8831.76,0.0,8831.76,91.05,8740.71,0.0
LN01541,ENT0154,7,2023-08-21,21131.73,0.0,21131.73,976.52,20155.2,103194.87
LN01541,ENT0154,8,2023-09-21,21131.73,0.0,21131.73,816.96,20314.77,82880.1
LN01541,ENT0154,9,2023-10-21,21131.73,0.0,21131.73,656.13,20475.59,62404.51
LN01541,ENT0154,10,2023-11-21,21131.73,0.0,21131.73,494.04,20637.69,41766.82
LN01541,ENT0154,11,2023-12-21,21131.73,0.0,21131.73,330.65,20801.07,20965.75
LN01541,ENT0154,12,2024-01-21,21131.73,0.0,21131.73,165.98,20965.75,0.0
LN01551,ENT0155,9,2023-08-30,954.0,0.0,954.0,432.08,521.92,36513.7
LN01551,ENT0155,10,2023-09-30,954.0,0.0,954.0,425.99,528.01,35985.7
LN01551,ENT0155,11,2023-10-30,954.0,0.0,954.0,419.83,534.17,35451.53
LN01551,ENT0155,12,2023-11-30,954.0,0.0,954.0,413.6,540.4,34911.13
LN01551,ENT0155,13,2023-12-30,954.0,0.0,954.0,407.3,546.7,34364.43
LN01551,ENT0155,14,2024-01-30,954.0,0.0,954.0,400.92,553.08,33811.35
LN01551,ENT0155,15,2024-02-29,954.0,0.0,954.0,394.47,559.53,33251.82
LN01551,ENT0155,16,2024-03-30,954.0,0.0,954.0,387.94,566.06,32685.76
LN01551,ENT0155,17,2024-04-30,954.0,0.0,954.0,381.33,572.66,32113.1
LN01551,ENT0155,18,2024-05-30,954.0,0.0,954.0,374.65,579.35,31533.75
LN01551,ENT0155,19,2024-06-30,954.0,0.0,954.0,367.89,586.1,30947.65
LN01551,ENT0155,20,2024-07-30,954.0,0.0,954.0,361.06,592.94,30354.7
LN01551,ENT0155,21,2024-08-30,954.0,0.0,954.0,354.14,599.86,29754.84
LN01551,ENT0155,22,2024-09-30,954.0,0.0,954.0,347.14,606.86,29147.98
LN01551,ENT0155,23,2024-10-30,954.0,0.0,954.0,340.06,613.94,28534.05
LN01551,ENT0155,24,2024-11-30,954.0,190.8,763.2,332.9,621.1,27912.94
LN01551,ENT0155,25,2024-12-30,954.0,190.8,763.2,325.65,628.35,27284.6
LN01551,ENT0155,26,2025-01-30,954.0,190.8,763.2,318.32,635.68,26648.92
LN01551,ENT0155,27,2025-02-28,954.0,190.8,763.2,310.9,643.09,26005.83
LN01551,ENT0155,28,2025-03-30,954.0,190.8,763.2,303.4,650.6,25355.23
LN01551,ENT0155,29,2025-04-30,954.0,190.8,763.2,295.81,658.19,24697.04
LN01551,ENT0155,30,2025-05-30,954.0,190.8,763.2,288.13,665.87,24031.17
LN01551,ENT0155,31,2025-06-30,954.0,190.8,763.2,280.36,673.63,23357.54
LN01551,ENT0155,32,2025-07-30,954.0,190.8,763.2,272.5,681.49,22676.05
LN01551,ENT0155,33,2025-08-30,954.0,190.8,763.2,264.55,689.44,21986.6
LN01551,ENT0155,34,2025-09-30,954.0,190.8,763.2,256.51,697.49,21289.11
LN01551,ENT0155,35,2025-10-30,954.0,190.8,763.2,248.37,705.63,20583.49
LN01551,ENT0155,36,2025-11-30,954.0,190.8,763.2,240.14,713.86,19869.63
LN01551,ENT0155,37,2025-12-30,954.0,190.8,763.2,231.81,722.19,19147.45
LN01551,ENT0155,38,2026-01-30,954.0,190.8,763.2,223.39,730.61,18416.83
LN01551,ENT0155,39,2026-02-28,954.0,190.8,763.2,214.86,739.14,17677.7
LN01551,ENT0155,40,2026-03-30,954.0,190.8,763.2,206.24,747.76,16929.94
LN01551,ENT0155,41,2026-04-30,954.0,190.8,763.2,197.52,756.48,16173.46
LN01551,ENT0155,42,2026-05-30,954.0,190.8,763.2,188.69,765.31,15408.15
LN01551,ENT0155,43,2026-06-30,954.0,190.8,763.2,179.76,774.24,14633.91
LN01551,ENT0155,44,2026-07-30,954.0,190.8,763.2,170.73,783.27,13850.64
LN01552,ENT0155,1,2024-12-02,1345.37,269.07,1076.29,522.5,822.87,37177.13
LN01552,ENT0155,2,2025-01-02,1345.37,269.07,1076.29,511.19,834.18,36342.95
LN01552,ENT0155,3,2025-02-02,1345.37,269.07,1076.29,499.72,845.65,35497.3
LN01552,ENT0155,4,2025-03-02,1345.37,269.07,1076.29,488.09,857.28,34640.02
LN01552,ENT0155,5,2025-04-02,1345.37,269.07,1076.29,476.3,869.07,33770.96
LN01552,ENT0155,6,2025-05-02,1345.37,269.07,1076.29,464.35,881.02,32889.94
LN01552,ENT0155,7,2025-06-02,1345.37,269.07,1076.29,452.24,893.13,31996.81
LN01552,ENT0155,8,2025-07-02,1345.37,269.07,1076.29,439.96,905.41,31091.4
LN01552,ENT0155,9,2025-08-02,1345.37,269.07,1076.29,427.51,917.86,30173.54
LN01552,ENT0155,10,2025-09-02,1345.37,269.07,1076.29,414.89,930.48,29243.06
LN01552,ENT0155,11,2025-10-02,1345.37,269.07,1076.29,402.09,943.27,28299.79
LN01552,ENT0155,12,2025-11-02,1345.37,269.07,1076.29,389.12,956.24,27343.54
LN01552,ENT0155,13,2025-12-02,1345.37,269.07,1076.29,375.97,969.39,26374.15
LN01552,ENT0155,14,2026-01-02,1345.37,269.07,1076.29,362.64,982.72,25391.43
LN01552,ENT0155,15,2026-02-02,1345.37,269.07,1076.29,349.13,996.23,24395.19
LN01552,ENT0155,16,2026-03-02,1345.37,269.07,1076.29,335.43,1009.93,23385.26
LN01552,ENT0155,17,2026-04-02,1345.37,269.07,1076.29,321.55,1023.82,22361.44
LN01552,ENT0155,18,2026-05-02,1345.37,269.07,1076.29,307.47,1037.9,21323.54
LN01552,ENT0155,19,2026-06-02,1345.37,269.07,1076.29,293.2,1052.17,20271.38
LN01552,ENT0155,20,2026-07-02,1345.37,269.07,1076.29,278.73,1066.64,19204.74
LN01571,ENT0157,9,2023-08-08,41323.04,0.0,41323.04,4898.15,36424.89,582288.97
LN01571,ENT0157,10,2023-09-08,41323.04,0.0,41323.04,4609.79,36713.26,545575.71
LN01571,ENT0157,11,2023-10-08,41323.04,0.0,41323.04,4319.14,37003.9,508571.81
LN01571,ENT0157,12,2023-11-08,41323.04,0.0,41323.04,4026.19,37296.85,471274.96
LN01571,ENT0157,13,2023-12-08,41323.04,0.0,41323.04,3730.93,37592.12,433682.85
LN01571,ENT0157,14,2024-01-08,41323.04,0.0,41323.04,3433.32,37889.72,395793.12
LN01571,ENT0157,15,2024-02-08,41323.04,0.0,41323.04,3133.36,38189.68,357603.44
LN01571,ENT0157,16,2024-03-08,41323.04,0.0,41323.04,2831.03,38492.02,319111.43
LN01571,ENT0157,17,2024-04-08,41323.04,0.0,41323.04,2526.3,38796.74,280314.68
LN01571,ENT0157,18,2024-05-08,41323.04,0.0,41323.04,2219.16,39103.89,241210.8
LN01571,ENT0157,19,2024-06-08,41323.04,0.0,41323.04,1909.59,39413.46,201797.34
LN01571,ENT0157,20,2024-07-08,41323.04,0.0,41323.04,1597.56,39725.48,162071.86
LN01571,ENT0157,21,2024-08-08,41323.04,0.0,41323.04,1283.07,40039.97,122031.88
LN01571,ENT0157,22,2024-09-08,41323.04,0.0,41323.04,966.09,40356.96,81674.92
LN01571,ENT0157,23,2024-10-08,41323.04,0.0,41323.04,646.59,40676.45,40998.47
LN01571,ENT0157,24,2024-11-08,41323.04,0.0,41323.04,324.57,40998.47,0.0
LN01591,ENT0159,17,2023-08-27,5957.17,0.0,5957.17,1847.17,4110.0,154218.85
LN01591,ENT0159,18,2023-09-27,5957.17,0.0,5957.17,1799.22,4157.95,150060.9
LN01591,ENT0159,19,2023-10-27,5957.17,0.0,5957.17,1750.71,4206.46,145854.44
LN01591,ENT0159,20,2023-11-27,5957.17,0.0,5957.17,1701.64,4255.54,141598.9
LN01591,ENT0159,21,2023-12-27,5957.17,0.0,5957.17,1651.99,4305.18,137293.71
LN01591,ENT0159,22,2024-01-27,5957.17,0.0,5957.17,1601.76,4355.41,132938.3
LN01591,ENT0159,23,2024-02-27,5957.17,0.0,5957.17,1550.95,4406.23,128532.08
LN01591,ENT0159,24,2024-03-27,5957.17,0.0,5957.17,1499.54,4457.63,124074.45
LN01591,ENT0159,25,2024-04-27,5957.17,0.0,5957.17,1447.54,4509.64,119564.81
LN01591,ENT0159,26,2024-05-27,5957.17,0.0,5957.17,1394.92,4562.25,115002.56
LN01591,ENT0159,27,2024-06-27,5957.17,0.0,5957.17,1341.7,4615.48,110387.08
LN01591,ENT0159,28,2024-07-27,5957.17,0.0,5957.17,1287.85,4669.32,105717.76
LN01591,ENT0159,29,2024-08-27,5957.17,0.0,5957.17,1233.37,4723.8,100993.96
LN01591,ENT0159,30,2024-09-27,5957.17,0.0,5957.17,1178.26,4778.91,96215.06
LN01591,ENT0159,31,2024-10-27,5957.17,0.0,5957.17,1122.51,4834.66,91380.39
LN01591,ENT0159,32,2024-11-27,5957.17,0.0,5957.17,1066.1,4891.07,86489.32
LN01591,ENT0159,33,2024-12-27,5957.17,0.0,5957.17,1009.04,4948.13,81541.2
LN01591,ENT0159,34,2025-01-27,5957.17,0.0,5957.17,951.31,5005.86,76535.34
LN01591,ENT0159,35,2025-02-27,5957.17,0.0,5957.17,892.91,5064.26,71471.08
LN01591,ENT0159,36,2025-03-27,5957.17,0.0,5957.17,833.83,5123.34,66347.73
LN01591,ENT0159,37,2025-04-27,5957.17,0.0,5957.17,774.06,5183.11,61164.62
LN01591,ENT0159,38,2025-05-27,5957.17,0.0,5957.17,713.59,5243.58,55921.04
LN01591,ENT0159,39,2025-06-27,5957.17,0.0,5957.17,652.41,5304.76,50616.28
LN01591,ENT0159,40,2025-07-27,5957.17,0.0,5957.17,590.52,5366.65,45249.63
LN01591,ENT0159,41,2025-08-27,5957.17,0.0,5957.17,527.91,5429.26,39820.37
LN01591,ENT0159,42,2025-09-27,5957.17,0.0,5957.17,464.57,5492.6,34327.77
LN01591,ENT0159,43,2025-10-27,5957.17,0.0,5957.17,400.49,5556.68,28771.09
LN01591,ENT0159,44,2025-11-27,5957.17,0.0,5957.17,335.66,5621.51,23149.58
LN01591,ENT0159,45,2025-12-27,5957.17,0.0,5957.17,270.08,5687.09,17462.48
LN01591,ENT0159,46,2026-01-27,5957.17,0.0,5957.17,203.73,5753.44,11709.04
LN01591,ENT0159,47,2026-02-27,5957.17,0.0,5957.17,136.61,5820.57,5888.47
LN01591,ENT0159,48,2026-03-27,5957.17,0.0,5957.17,68.7,5888.47,0.0
LN01601,ENT0160,8,2023-08-23,6411.91,0.0,6411.91,2709.7,3702.21,256429.25
LN01601,ENT0160,9,2023-09-23,6411.91,0.0,6411.91,2671.14,3740.77,252688.47
LN01601,ENT0160,10,2023-10-23,6411.91,0.0,6411.91,2632.17,3779.74,248908.73
LN01601,ENT0160,11,2023-11-23,6411.91,0.0,6411.91,2592.8,3819.11,245089.62
LN01601,ENT0160,12,2023-12-23,6411.91,0.0,6411.91,2553.02,3858.9,241230.72
LN01601,ENT0160,13,2024-01-23,6411.91,0.0,6411.91,2512.82,3899.09,237331.63
LN01601,ENT0160,14,2024-02-23,6411.91,0.0,6411.91,2472.2,3939.71,233391.92
LN01601,ENT0160,15,2024-03-23,6411.91,0.0,6411.91,2431.17,3980.75,229411.18
LN01601,ENT0160,16,2024-04-23,6411.91,0.0,6411.91,2389.7,4022.21,225388.97
LN01601,ENT0160,17,2024-05-23,6411.91,0.0,6411.91,2347.8,4064.11,221324.85
LN01601,ENT0160,18,2024-06-23,6411.91,0.0,6411.91,2305.47,4106.45,217218.41
LN01601,ENT0160,19,2024-07-23,6411.91,0.0,6411.91,2262.69,4149.22,213069.19
LN01601,ENT0160,20,2024-08-23,6411.91,0.0,6411.91,2219.47,4192.44,208876.75
LN01601,ENT0160,21,2024-09-23,6411.91,0.0,6411.91,2175.8,4236.11,204640.63
LN01601,ENT0160,22,2024-10-23,6411.91,0.0,6411.91,2131.67,4280.24,200360.4
LN01601,ENT0160,23,2024-11-23,6411.91,0.0,6411.91,2087.09,4324.82,196035.57
LN01601,ENT0160,24,2024-12-23,6411.91,0.0,6411.91,2042.04,4369.88,191665.69
LN01601,ENT0160,25,2025-01-23,6411.91,0.0,6411.91,1996.52,4415.39,187250.3
LN01601,ENT0160,26,2025-02-23,6411.91,0.0,6411.91,1950.52,4461.39,182788.91
LN01601,ENT0160,27,2025-03-23,6411.91,0.0,6411.91,1904.05,4507.86,178281.05
LN01601,ENT0160,28,2025-04-23,6411.91,0.0,6411.91,1857.09,4554.82,173726.23
LN01601,ENT0160,29,2025-05-23,6411.91,0.0,6411.91,1809.65,4602.26,169123.97
LN01601,ENT0160,30,2025-06-23,6411.91,0.0,6411.91,1761.71,4650.2,164473.76
LN01601,ENT0160,31,2025-07-23,6411.91,769.43,5642.48,1713.27,4698.64,159775.12
LN01601,ENT0160,32,2025-08-23,6411.91,769.43,5642.48,1664.32,4747.59,155027.53
LN01601,ENT0160,33,2025-09-23,6411.91,769.43,5642.48,1614.87,4797.04,150230.49
LN01601,ENT0160,34,2025-10-23,6411.91,769.43,5642.48,1564.9,4847.01,145383.48
LN01601,ENT0160,35,2025-11-23,6411.91,769.43,5642.48,1514.41,4897.5,140485.98
LN01601,ENT0160,36,2025-12-23,6411.91,769.43,5642.48,1463.4,4948.52,135537.46
LN01601,ENT0160,37,2026-01-23,6411.91,769.43,5642.48,1411.85,5000.06,130537.4
LN01601,ENT0160,38,2026-02-23,6411.91,769.43,5642.48,1359.76,5052.15,125485.25
LN01601,ENT0160,39,2026-03-23,6411.91,769.43,5642.48,1307.14,5104.77,120380.47
LN01601,ENT0160,40,2026-04-23,6411.91,769.43,5642.48,1253.96,5157.95,115222.52
LN01601,ENT0160,41,2026-05-23,6411.91,769.43,5642.48,1200.23,5211.68,110010.85
LN01601,ENT0160,42,2026-06-23,6411.91,769.43,5642.48,1145.95,5265.97,104744.88
LN01601,ENT0160,43,2026-07-23,6411.91,769.43,5642.48,1091.09,5320.82,99424.06
LN01611,ENT0161,3,2023-08-25,6399.85,0.0,6399.85,2719.21,3680.64,280062.55
LN01611,ENT0161,4,2023-09-25,6399.85,0.0,6399.85,2683.93,3715.92,276346.64
LN01611,ENT0161,5,2023-10-25,6399.85,0.0,6399.85,2648.32,3751.53,272595.11
LN01611,ENT0161,6,2023-11-25,6399.85,0.0,6399.85,2612.37,3787.48,268807.63
LN01611,ENT0161,7,2023-12-25,6399.85,0.0,6399.85,2576.07,3823.78,264983.86
LN01611,ENT0161,8,2024-01-25,6399.85,0.0,6399.85,2539.43,3860.42,261123.44
LN01611,ENT0161,9,2024-02-25,6399.85,0.0,6399.85,2502.43,3897.42,257226.02
LN01611,ENT0161,10,2024-03-25,6399.85,0.0,6399.85,2465.08,3934.77,253291.25
LN01611,ENT0161,11,2024-04-25,6399.85,0.0,6399.85,2427.37,3972.47,249318.78
LN01611,ENT0161,12,2024-05-25,6399.85,0.0,6399.85,2389.3,4010.54,245308.24
LN01611,ENT0161,13,2024-06-25,6399.85,0.0,6399.85,2350.87,4048.98,241259.26
LN01611,ENT0161,14,2024-07-25,6399.85,0.0,6399.85,2312.07,4087.78,237171.48
LN01611,ENT0161,15,2024-08-25,6399.85,0.0,6399.85,2272.89,4126.96,233044.52
LN01611,ENT0161,16,2024-09-25,6399.85,0.0,6399.85,2233.34,4166.51,228878.02
LN01611,ENT0161,17,2024-10-25,6399.85,0.0,6399.85,2193.41,4206.43,224671.58
LN01611,ENT0161,18,2024-11-25,6399.85,0.0,6399.85,2153.1,4246.75,220424.84
LN01611,ENT0161,19,2024-12-25,6399.85,0.0,6399.85,2112.4,4287.44,216137.39
LN01611,ENT0161,20,2025-01-25,6399.85,0.0,6399.85,2071.32,4328.53,211808.86
LN01611,ENT0161,21,2025-02-25,6399.85,0.0,6399.85,2029.83,4370.01,207438.85
LN01611,ENT0161,22,2025-03-25,6399.85,0.0,6399.85,1987.96,4411.89,203026.95
LN01611,ENT0161,23,2025-04-25,6399.85,0.0,6399.85,1945.67,4454.17,198572.78
LN01611,ENT0161,24,2025-05-25,6399.85,0.0,6399.85,1902.99,4496.86,194075.92
LN01611,ENT0161,25,2025-06-25,6399.85,0.0,6399.85,1859.89,4539.95,189535.96
LN01611,ENT0161,26,2025-07-25,6399.85,767.98,5631.87,1816.39,4583.46,184952.5
LN01611,ENT0161,27,2025-08-25,6399.85,767.98,5631.87,1772.46,4627.39,180325.11
LN01611,ENT0161,28,2025-09-25,6399.85,767.98,5631.87,1728.12,4671.73,175653.38
LN01611,ENT0161,29,2025-10-25,6399.85,767.98,5631.87,1683.34,4716.5,170936.88
LN01611,ENT0161,30,2025-11-25,6399.85,767.98,5631.87,1638.15,4761.7,166175.17
LN01611,ENT0161,31,2025-12-25,6399.85,767.98,5631.87,1592.51,4807.34,161367.84
LN01611,ENT0161,32,2026-01-25,6399.85,767.98,5631.87,1546.44,4853.41,156514.43
LN01611,ENT0161,33,2026-02-25,6399.85,767.98,5631.87,1499.93,4899.92,151614.51
LN01611,ENT0161,34,2026-03-25,6399.85,767.98,5631.87,1452.97,4946.88,146667.64
LN01611,ENT0161,35,2026-04-25,6399.85,767.98,5631.87,1405.56,4994.28,141673.35
LN01611,ENT0161,36,2026-05-25,6399.85,767.98,5631.87,1357.7,5042.15,136631.21
LN01611,ENT0161,37,2026-06-25,6399.85,767.98,5631.87,1309.38,5090.47,131540.74
LN01611,ENT0161,38,2026-07-25,6399.85,767.98,5631.87,1260.6,5139.25,126401.49
LN01621,ENT0162,7,2023-08-25,2024.81,0.0,2024.81,867.75,1157.07,82146.78
LN01621,ENT0162,8,2023-09-25,2024.81,0.0,2024.81,855.7,1169.12,80977.66
LN01621,ENT0162,9,2023-10-25,2024.81,0.0,2024.81,843.52,1181.3,79796.36
LN01621,ENT0162,10,2023-11-25,2024.81,0.0,2024.81,831.21,1193.6,78602.76
LN01621,ENT0162,11,2023-12-25,2024.81,0.0,2024.81,818.78,1206.04,77396.72
LN01621,ENT0162,12,2024-01-25,2024.81,0.0,2024.81,806.22,1218.6,76178.12
LN01621,ENT0162,13,2024-02-25,2024.81,0.0,2024.81,793.52,1231.29,74946.83
LN01621,ENT0162,14,2024-03-25,2024.81,0.0,2024.81,780.7,1244.12,73702.71
LN01621,ENT0162,15,2024-04-25,2024.81,0.0,2024.81,767.74,1257.08,72445.64
LN01621,ENT0162,16,2024-05-25,2024.81,0.0,2024.81,754.64,1270.17,71175.46
LN01621,ENT0162,17,2024-06-25,2024.81,0.0,2024.81,741.41,1283.4,69892.06
LN01621,ENT0162,18,2024-07-25,2024.81,0.0,2024.81,728.04,1296.77,68595.29
LN01621,ENT0162,19,2024-08-25,2024.81,0.0,2024.81,714.53,1310.28,67285.01
LN01621,ENT0162,20,2024-09-25,2024.81,0.0,2024.81,700.89,1323.93,65961.08
LN01621,ENT0162,21,2024-10-25,2024.81,0.0,2024.81,687.09,1337.72,64623.36
LN01621,ENT0162,22,2024-11-25,2024.81,404.96,1619.85,673.16,1351.65,63271.7
LN01621,ENT0162,23,2024-12-25,2024.81,404.96,1619.85,659.08,1365.73,61905.97
LN01621,ENT0162,24,2025-01-25,2024.81,404.96,1619.85,644.85,1379.96,60526.01
LN01621,ENT0162,25,2025-02-25,2024.81,404.96,1619.85,630.48,1394.34,59131.67
LN01621,ENT0162,26,2025-03-25,2024.81,404.96,1619.85,615.95,1408.86,57722.81
LN01621,ENT0162,27,2025-04-25,2024.81,404.96,1619.85,601.28,1423.54,56299.28
LN01621,ENT0162,28,2025-05-25,2024.81,404.96,1619.85,586.45,1438.36,54860.92
LN01621,ENT0162,29,2025-06-25,2024.81,404.96,1619.85,571.47,1453.35,53407.57
LN01621,ENT0162,30,2025-07-25,2024.81,404.96,1619.85,556.33,1468.49,51939.08
LN01621,ENT0162,31,2025-08-25,2024.81,404.96,1619.85,541.03,1483.78,50455.3
LN01621,ENT0162,32,2025-09-25,2024.81,404.96,1619.85,525.58,1499.24,48956.06
LN01621,ENT0162,33,2025-10-25,2024.81,404.96,1619.85,509.96,1514.86,47441.21
LN01621,ENT0162,34,2025-11-25,2024.81,404.96,1619.85,494.18,1530.64,45910.57
LN01621,ENT0162,35,2025-12-25,2024.81,404.96,1619.85,478.24,1546.58,44363.99
LN01621,ENT0162,36,2026-01-25,2024.81,404.96,1619.85,462.12,1562.69,42801.3
LN01621,ENT0162,37,2026-02-25,2024.81,404.96,1619.85,445.85,1578.97,41222.34
LN01621,ENT0162,38,2026-03-25,2024.81,404.96,1619.85,429.4,1595.42,39626.92
LN01621,ENT0162,39,2026-04-25,2024.81,404.96,1619.85,412.78,1612.03,38014.89
LN01621,ENT0162,40,2026-05-25,2024.81,404.96,1619.85,395.99,1628.83,36386.06
LN01621,ENT0162,41,2026-06-25,2024.81,404.96,1619.85,379.02,1645.79,34740.27
LN01621,ENT0162,42,2026-07-25,2024.81,404.96,1619.85,361.88,1662.94,33077.33
LN01631,ENT0163,5,2023-08-24,405.8,0.0,405.8,252.2,153.6,14257.98
LN01631,ENT0163,6,2023-09-24,405.8,0.0,405.8,249.51,156.29,14101.69
LN01631,ENT0163,7,2023-10-24,405.8,0.0,405.8,246.78,159.02,13942.67
LN01631,ENT0163,8,2023-11-24,405.8,0.0,405.8,244.0,161.8,13780.87
LN01631,ENT0163,9,2023-12-24,405.8,0.0,405.8,241.17,164.64,13616.23
LN01631,ENT0163,10,2024-01-24,405.8,0.0,405.8,238.28,167.52,13448.72
LN01631,ENT0163,11,2024-02-24,405.8,0.0,405.8,235.35,170.45,13278.27
LN01631,ENT0163,12,2024-03-24,405.8,0.0,405.8,232.37,173.43,13104.84
LN01631,ENT0163,13,2024-04-24,405.8,0.0,405.8,229.33,176.47,12928.37
LN01631,ENT0163,14,2024-05-24,405.8,0.0,405.8,226.25,179.55,12748.82
LN01631,ENT0163,15,2024-06-24,405.8,0.0,405.8,223.1,182.7,12566.12
LN01631,ENT0163,16,2024-07-24,405.8,0.0,405.8,219.91,185.89,12380.23
LN01631,ENT0163,17,2024-08-24,405.8,0.0,405.8,216.65,189.15,12191.08
LN01631,ENT0163,18,2024-09-24,405.8,0.0,405.8,213.34,192.46,11998.63
LN01631,ENT0163,19,2024-10-24,405.8,0.0,405.8,209.98,195.82,11802.8
LN01631,ENT0163,20,2024-11-24,405.8,0.0,405.8,206.55,199.25,11603.55
LN01631,ENT0163,21,2024-12-24,405.8,0.0,405.8,203.06,202.74,11400.81
LN01631,ENT0163,22,2025-01-24,405.8,0.0,405.8,199.51,206.29,11194.53
LN01631,ENT0163,23,2025-02-24,405.8,0.0,405.8,195.9,209.9,10984.63
LN01631,ENT0163,24,2025-03-24,405.8,0.0,405.8,192.23,213.57,10771.06
LN01631,ENT0163,25,2025-04-24,405.8,0.0,405.8,188.49,217.31,10553.75
LN01631,ENT0163,26,2025-05-24,405.8,0.0,405.8,184.69,221.11,10332.64
LN01631,ENT0163,27,2025-06-24,405.8,0.0,405.8,180.82,224.98,10107.66
LN01631,ENT0163,28,2025-07-24,405.8,0.0,405.8,176.88,228.92,9878.75
LN01631,ENT0163,29,2025-08-24,405.8,0.0,405.8,172.88,232.92,9645.83
LN01631,ENT0163,30,2025-09-24,405.8,0.0,405.8,168.8,237.0,9408.83
LN01631,ENT0163,31,2025-10-24,405.8,0.0,405.8,164.65,241.15,9167.68
LN01631,ENT0163,32,2025-11-24,405.8,0.0,405.8,160.43,245.37,8922.31
LN01631,ENT0163,33,2025-12-24,405.8,0.0,405.8,156.14,249.66,8672.66
LN01631,ENT0163,34,2026-01-24,405.8,0.0,405.8,151.77,254.03,8418.63
LN01631,ENT0163,35,2026-02-24,405.8,0.0,405.8,147.33,258.47,8160.15
LN01631,ENT0163,36,2026-03-24,405.8,0.0,405.8,142.8,263.0,7897.15
LN01631,ENT0163,37,2026-04-24,405.8,0.0,405.8,138.2,267.6,7629.55
LN01631,ENT0163,38,2026-05-24,405.8,0.0,405.8,133.52,272.28,7357.27
LN01631,ENT0163,39,2026-06-24,405.8,0.0,405.8,128.75,277.05,7080.22
LN01631,ENT0163,40,2026-07-24,405.8,0.0,405.8,123.9,281.9,6798.33
LN01651,ENT0165,16,2023-08-01,15252.75,0.0,15252.75,393.48,14859.27,30109.74
LN01651,ENT0165,17,2023-09-01,15252.75,0.0,15252.75,263.46,14989.29,15120.45
LN01651,ENT0165,18,2023-10-01,15252.75,0.0,15252.75,132.3,15120.45,0.0
LN01661,ENT0166,17,2023-08-29,5653.66,0.0,5653.66,1058.3,4595.36,97001.36
LN01661,ENT0166,18,2023-09-29,5653.66,0.0,5653.66,1010.43,4643.23,92358.13
LN01661,ENT0166,19,2023-10-29,5653.66,0.0,5653.66,962.06,4691.6,87666.53
LN01661,ENT0166,20,2023-11-29,5653.66,0.0,5653.66,913.19,4740.47,82926.06
LN01661,ENT0166,21,2023-12-29,5653.66,0.0,5653.66,863.81,4789.85,78136.21
LN01661,ENT0166,22,2024-01-29,5653.66,0.0,5653.66,813.92,4839.74,73296.47
LN01661,ENT0166,23,2024-02-29,5653.66,0.0,5653.66,763.5,4890.16,68406.31
LN01661,ENT0166,24,2024-03-29,5653.66,0.0,5653.66,712.57,4941.1,63465.21
LN01661,ENT0166,25,2024-04-29,5653.66,0.0,5653.66,661.1,4992.57,58472.64
LN01661,ENT0166,26,2024-05-29,5653.66,0.0,5653.66,609.09,5044.57,53428.07
LN01661,ENT0166,27,2024-06-29,5653.66,0.0,5653.66,556.54,5097.12,48330.95
LN01661,ENT0166,28,2024-07-29,5653.66,0.0,5653.66,503.45,5150.22,43180.74
LN01661,ENT0166,29,2024-08-29,5653.66,0.0,5653.66,449.8,5203.86,37976.87
LN01661,ENT0166,30,2024-09-29,5653.66,0.0,5653.66,395.59,5258.07,32718.8
LN01661,ENT0166,31,2024-10-29,5653.66,0.0,5653.66,340.82,5312.84,27405.96
LN01661,ENT0166,32,2024-11-29,5653.66,0.0,5653.66,285.48,5368.18,22037.78
LN01661,ENT0166,33,2024-12-29,5653.66,0.0,5653.66,229.56,5424.1,16613.67
LN01661,ENT0166,34,2025-01-29,5653.66,0.0,5653.66,173.06,5480.6,11133.07
LN01661,ENT0166,35,2025-02-28,5653.66,0.0,5653.66,115.97,5537.69,5595.38
LN01661,ENT0166,36,2025-03-29,5653.66,0.0,5653.66,58.29,5595.38,0.0
LN01681,ENT0168,15,2023-08-13,1081.72,0.0,1081.72,504.56,577.16,36118.2
LN01681,ENT0168,16,2023-09-13,1081.72,0.0,1081.72,496.63,585.09,35533.11
LN01681,ENT0168,17,2023-10-13,1081.72,0.0,1081.72,488.58,593.14,34939.97
LN01681,ENT0168,18,2023-11-13,1081.72,0.0,1081.72,480.42,601.29,34338.67
LN01681,ENT0168,19,2023-12-13,1081.72,0.0,1081.72,472.16,609.56,33729.11
LN01681,ENT0168,20,2024-01-13,1081.72,0.0,1081.72,463.78,617.94,33111.17
LN01681,ENT0168,21,2024-02-13,1081.72,0.0,1081.72,455.28,626.44,32484.73
LN01681,ENT0168,22,2024-03-13,1081.72,0.0,1081.72,446.66,635.05,31849.67
LN01681,ENT0168,23,2024-04-13,1081.72,0.0,1081.72,437.93,643.79,31205.89
LN01681,ENT0168,24,2024-05-13,1081.72,0.0,1081.72,429.08,652.64,30553.25
LN01681,ENT0168,25,2024-06-13,1081.72,0.0,1081.72,420.11,661.61,29891.64
LN01681,ENT0168,26,2024-07-13,1081.72,0.0,1081.72,411.01,670.71,29220.93
LN01681,ENT0168,27,2024-08-13,1081.72,0.0,1081.72,401.79,679.93,28541.0
LN01681,ENT0168,28,2024-09-13,1081.72,0.0,1081.72,392.44,689.28,27851.72
LN01681,ENT0168,29,2024-10-13,1081.72,0.0,1081.72,382.96,698.76,27152.96
LN01681,ENT0168,30,2024-11-13,1081.72,216.34,865.38,373.35,708.37,26444.59
LN01681,ENT0168,31,2024-12-13,1081.72,216.34,865.38,363.61,718.11,25726.49
LN01681,ENT0168,32,2025-01-13,1081.72,216.34,865.38,353.74,727.98,24998.51
LN01681,ENT0168,33,2025-02-13,1081.72,216.34,865.38,343.73,737.99,24260.52
LN01681,ENT0168,34,2025-03-13,1081.72,216.34,865.38,333.58,748.14,23512.38
LN01681,ENT0168,35,2025-04-13,1081.72,216.34,865.38,323.3,758.42,22753.96
LN01681,ENT0168,36,2025-05-13,1081.72,216.34,865.38,312.87,768.85,21985.11
LN01681,ENT0168,37,2025-06-13,1081.72,216.34,865.38,302.3,779.42,21205.68
LN01681,ENT0168,38,2025-07-13,1081.72,216.34,865.38,291.58,790.14,20415.54
LN01681,ENT0168,39,2025-08-13,1081.72,216.34,865.38,280.71,801.01,19614.54
LN01681,ENT0168,40,2025-09-13,1081.72,216.34,865.38,269.7,812.02,18802.52
LN01681,ENT0168,41,2025-10-13,1081.72,216.34,865.38,258.53,823.18,17979.33
LN01681,ENT0168,42,2025-11-13,1081.72,216.34,865.38,247.22,834.5,17144.83
LN01681,ENT0168,43,2025-12-13,1081.72,216.34,865.38,235.74,845.98,16298.85
LN01681,ENT0168,44,2026-01-13,1081.72,216.34,865.38,224.11,857.61,15441.24
LN01681,ENT0168,45,2026-02-13,1081.72,216.34,865.38,212.32,869.4,14571.84
LN01681,ENT0168,46,2026-03-13,1081.72,216.34,865.38,200.36,881.36,13690.49
LN01681,ENT0168,47,2026-04-13,1081.72,216.34,865.38,188.24,893.47,12797.01
LN01681,ENT0168,48,2026-05-13,1081.72,216.34,865.38,175.96,905.76,11891.25
LN01681,ENT0168,49,2026-06-13,1081.72,216.34,865.38,163.5,918.21,10973.04
LN01681,ENT0168,50,2026-07-13,1081.72,216.34,865.38,150.88,930.84,10042.2
LN01691,ENT0169,6,2023-08-09,18988.41,0.0,18988.41,8433.34,10555.08,602778.55
LN01691,ENT0169,7,2023-09-09,18988.41,0.0,18988.41,8288.21,10700.21,592078.34
LN01691,ENT0169,8,2023-10-09,18988.41,0.0,18988.41,8141.08,10847.34,581231.0
LN01691,ENT0169,9,2023-11-09,18988.41,0.0,18988.41,7991.93,10996.49,570234.52
LN01691,ENT0169,10,2023-12-09,18988.41,0.0,18988.41,7840.72,11147.69,559086.83
LN01691,ENT0169,11,2024-01-09,18988.41,0.0,18988.41,7687.44,11300.97,547785.85
LN01691,ENT0169,12,2024-02-09,18988.41,0.0,18988.41,7532.06,11456.36,536329.5
LN01691,ENT0169,13,2024-03-09,18988.41,0.0,18988.41,7374.53,11613.88,524715.61
LN01691,ENT0169,14,2024-04-09,18988.41,0.0,18988.41,7214.84,11773.57,512942.04
LN01691,ENT0169,15,2024-05-09,18988.41,0.0,18988.41,7052.95,11935.46,501006.57
LN01691,ENT0169,16,2024-06-09,18988.41,0.0,18988.41,6888.84,12099.57,488907.0
LN01691,ENT0169,17,2024-07-09,18988.41,0.0,18988.41,6722.47,12265.94,476641.06
LN01691,ENT0169,18,2024-08-09,18988.41,0.0,18988.41,6553.81,12434.6,464206.46
LN01691,ENT0169,19,2024-09-09,18988.41,0.0,18988.41,6382.84,12605.58,451600.88
LN01691,ENT0169,20,2024-10-09,18988.41,0.0,18988.41,6209.51,12778.9,438821.98
LN01691,ENT0169,21,2024-11-09,18988.41,0.0,18988.41,6033.8,12954.61,425867.37
LN01691,ENT0169,22,2024-12-09,18988.41,0.0,18988.41,5855.68,13132.74,412734.63
LN01691,ENT0169,23,2025-01-09,18988.41,0.0,18988.41,5675.1,13313.31,399421.31
LN01691,ENT0169,24,2025-02-09,18988.41,0.0,18988.41,5492.04,13496.37,385924.94
LN01691,ENT0169,25,2025-03-09,18988.41,0.0,18988.41,5306.47,13681.95,372243.0
LN01691,ENT0169,26,2025-04-09,18988.41,0.0,18988.41,5118.34,13870.07,358372.92
LN01691,ENT0169,27,2025-05-09,18988.41,0.0,18988.41,4927.63,14060.79,344312.14
LN01691,ENT0169,28,2025-06-09,18988.41,0.0,18988.41,4734.29,14254.12,330058.01
LN01691,ENT0169,29,2025-07-09,18988.41,2278.61,16709.8,4538.3,14450.12,315607.9
LN01691,ENT0169,30,2025-08-09,18988.41,2278.61,16709.8,4339.61,14648.81,300959.09
LN01691,ENT0169,31,2025-09-09,18988.41,2278.61,16709.8,4138.19,14850.23,286108.86
LN01691,ENT0169,32,2025-10-09,18988.41,2278.61,16709.8,3934.0,15054.42,271054.45
LN01691,ENT0169,33,2025-11-09,18988.41,2278.61,16709.8,3727.0,15261.42,255793.03
LN01691,ENT0169,34,2025-12-09,18988.41,2278.61,16709.8,3517.15,15471.26,240321.77
LN01691,ENT0169,35,2026-01-09,18988.41,2278.61,16709.8,3304.42,15683.99,224637.78
LN01691,ENT0169,36,2026-02-09,18988.41,2278.61,16709.8,3088.77,15899.65,208738.13
LN01691,ENT0169,37,2026-03-09,18988.41,2278.61,16709.8,2870.15,16118.27,192619.87
LN01691,ENT0169,38,2026-04-09,18988.41,2278.61,16709.8,2648.52,16339.89,176279.98
LN01691,ENT0169,39,2026-05-09,18988.41,2278.61,16709.8,2423.85,16564.56,159715.41
LN01691,ENT0169,40,2026-06-09,18988.41,2278.61,16709.8,2196.09,16792.33,142923.08
LN01691,ENT0169,41,2026-07-09,18988.41,2278.61,16709.8,1965.19,17023.22,125899.86
LN01701,ENT0170,10,2023-08-11,9392.04,0.0,9392.04,2917.41,6474.64,297950.46
LN01701,ENT0170,11,2023-09-11,9392.04,0.0,9392.04,2855.36,6536.68,291413.78
LN01701,ENT0170,12,2023-10-11,9392.04,0.0,9392.04,2792.72,6599.33,284814.45
LN01701,ENT0170,13,2023-11-11,9392.04,0.0,9392.04,2729.47,6662.57,278151.88
LN01701,ENT0170,14,2023-12-11,9392.04,0.0,9392.04,2665.62,6726.42,271425.46
LN01701,ENT0170,15,2024-01-11,9392.04,0.0,9392.04,2601.16,6790.88,264634.58
LN01701,ENT0170,16,2024-02-11,9392.04,0.0,9392.04,2536.08,6855.96,257778.62
LN01701,ENT0170,17,2024-03-11,9392.04,0.0,9392.04,2470.38,6921.66,250856.95
LN01701,ENT0170,18,2024-04-11,9392.04,0.0,9392.04,2404.05,6988.0,243868.95
LN01701,ENT0170,19,2024-05-11,9392.04,0.0,9392.04,2337.08,7054.97,236813.99
LN01701,ENT0170,20,2024-06-11,9392.04,0.0,9392.04,2269.47,7122.58,229691.41
LN01701,ENT0170,21,2024-07-11,9392.04,0.0,9392.04,2201.21,7190.83,222500.58
LN01701,ENT0170,22,2024-08-11,9392.04,0.0,9392.04,2132.3,7259.75,215240.83
LN01701,ENT0170,23,2024-09-11,9392.04,0.0,9392.04,2062.72,7329.32,207911.51
LN01701,ENT0170,24,2024-10-11,9392.04,0.0,9392.04,1992.49,7399.56,200511.96
LN01701,ENT0170,25,2024-11-11,9392.04,0.0,9392.04,1921.57,7470.47,193041.48
LN01701,ENT0170,26,2024-12-11,9392.04,0.0,9392.04,1849.98,7542.06,185499.42
LN01701,ENT0170,27,2025-01-11,9392.04,0.0,9392.04,1777.7,7614.34,177885.08
LN01701,ENT0170,28,2025-02-11,9392.04,0.0,9392.04,1704.73,7687.31,170197.77
LN01701,ENT0170,29,2025-03-11,9392.04,0.0,9392.04,1631.06,7760.98,162436.79
LN01701,ENT0170,30,2025-04-11,9392.04,0.0,9392.04,1556.69,7835.36,154601.43
LN01701,ENT0170,31,2025-05-11,9392.04,0.0,9392.04,1481.6,7910.45,146690.99
LN01701,ENT0170,32,2025-06-11,9392.04,0.0,9392.04,1405.79,7986.25,138704.73
LN01701,ENT0170,33,2025-07-11,9392.04,0.0,9392.04,1329.25,8062.79,130641.94
LN01701,ENT0170,34,2025-08-11,9392.04,0.0,9392.04,1251.99,8140.06,122501.88
LN01701,ENT0170,35,2025-09-11,9392.04,0.0,9392.04,1173.98,8218.07,114283.82
LN01701,ENT0170,36,2025-10-11,9392.04,0.0,9392.04,1095.22,8296.82,105986.99
LN01701,ENT0170,37,2025-11-11,9392.04,0.0,9392.04,1015.71,8376.33,97610.66
LN01701,ENT0170,38,2025-12-11,9392.04,0.0,9392.04,935.44,8456.61,89154.05
LN01701,ENT0170,39,2026-01-11,9392.04,0.0,9392.04,854.39,8537.65,80616.4
LN01701,ENT0170,40,2026-02-11,9392.04,0.0,9392.04,772.57,8619.47,71996.93
LN01701,ENT0170,41,2026-03-11,9392.04,0.0,9392.04,689.97,8702.07,63294.86
LN01701,ENT0170,42,2026-04-11,9392.04,0.0,9392.04,606.58,8785.47,54509.39
LN01701,ENT0170,43,2026-05-11,9392.04,0.0,9392.04,522.38,8869.66,45639.73
LN01701,ENT0170,44,2026-06-11,9392.04,0.0,9392.04,437.38,8954.66,36685.07
LN01701,ENT0170,45,2026-07-11,9392.04,0.0,9392.04,351.57,9040.48,27644.59
LN01702,ENT0170,1,2024-06-07,9835.37,0.0,9835.37,3062.5,6772.87,287227.13
LN01702,ENT0170,2,2024-07-07,9835.37,0.0,9835.37,2991.95,6843.42,280383.72
LN01702,ENT0170,3,2024-08-07,9835.37,0.0,9835.37,2920.66,6914.7,273469.02
LN01702,ENT0170,4,2024-09-07,9835.37,0.0,9835.37,2848.64,6986.73,266482.28
LN01702,ENT0170,5,2024-10-07,9835.37,0.0,9835.37,2775.86,7059.51,259422.78
LN01702,ENT0170,6,2024-11-07,9835.37,0.0,9835.37,2702.32,7133.05,252289.73
LN01702,ENT0170,7,2024-12-07,9835.37,0.0,9835.37,2628.02,7207.35,245082.38
LN01702,ENT0170,8,2025-01-07,9835.37,0.0,9835.37,2552.94,7282.42,237799.96
LN01702,ENT0170,9,2025-02-07,9835.37,0.0,9835.37,2477.08,7358.28,230441.68
LN01702,ENT0170,10,2025-03-07,9835.37,0.0,9835.37,2400.43,7434.93,223006.74
LN01702,ENT0170,11,2025-04-07,9835.37,0.0,9835.37,2322.99,7512.38,215494.36
LN01702,ENT0170,12,2025-05-07,9835.37,0.0,9835.37,2244.73,7590.63,207903.73
LN01702,ENT0170,13,2025-06-07,9835.37,0.0,9835.37,2165.66,7669.7,200234.03
LN01702,ENT0170,14,2025-07-07,9835.37,0.0,9835.37,2085.77,7749.59,192484.43
LN01702,ENT0170,15,2025-08-07,9835.37,0.0,9835.37,2005.05,7830.32,184654.12
LN01702,ENT0170,16,2025-09-07,9835.37,0.0,9835.37,1923.48,7911.89,176742.23
LN01702,ENT0170,17,2025-10-07,9835.37,0.0,9835.37,1841.06,7994.3,168747.93
LN01702,ENT0170,18,2025-11-07,9835.37,0.0,9835.37,1757.79,8077.57,160670.35
LN01702,ENT0170,19,2025-12-07,9835.37,0.0,9835.37,1673.65,8161.72,152508.64
LN01702,ENT0170,20,2026-01-07,9835.37,0.0,9835.37,1588.63,8246.73,144261.9
LN01702,ENT0170,21,2026-02-07,9835.37,0.0,9835.37,1502.73,8332.64,135929.27
LN01702,ENT0170,22,2026-03-07,9835.37,0.0,9835.37,1415.93,8419.44,127509.83
LN01702,ENT0170,23,2026-04-07,9835.37,0.0,9835.37,1328.23,8507.14,119002.69
LN01702,ENT0170,24,2026-05-07,9835.37,0.0,9835.37,1239.61,8595.75,110406.94
LN01702,ENT0170,25,2026-06-07,9835.37,0.0,9835.37,1150.07,8685.29,101721.64
LN01702,ENT0170,26,2026-07-07,9835.37,0.0,9835.37,1059.6,8775.77,92945.88
LN01711,ENT0171,6,2023-08-09,7560.52,0.0,7560.52,2077.29,5483.23,193937.0
LN01711,ENT0171,7,2023-09-09,7560.52,0.0,7560.52,2020.18,5540.34,188396.66
LN01711,ENT0171,8,2023-10-09,7560.52,0.0,7560.52,1962.47,5598.05,182798.61
LN01711,ENT0171,9,2023-11-09,7560.52,0.0,7560.52,1904.15,5656.37,177142.24
LN01711,ENT0171,10,2023-12-09,7560.52,0.0,7560.52,1845.23,5715.29,171426.95
LN01711,ENT0171,11,2024-01-09,7560.52,0.0,7560.52,1785.7,5774.82,165652.13
LN01711,ENT0171,12,2024-02-09,7560.52,0.0,7560.52,1725.54,5834.98,159817.15
LN01711,ENT0171,13,2024-03-09,7560.52,0.0,7560.52,1664.76,5895.76,153921.4
LN01711,ENT0171,14,2024-04-09,7560.52,0.0,7560.52,1603.35,5957.17,147964.23
LN01711,ENT0171,15,2024-05-09,7560.52,0.0,7560.52,1541.29,6019.23,141945.0
LN01711,ENT0171,16,2024-06-09,7560.52,0.0,7560.52,1478.59,6081.93,135863.07
LN01711,ENT0171,17,2024-07-09,7560.52,0.0,7560.52,1415.24,6145.28,129717.8
LN01711,ENT0171,18,2024-08-09,7560.52,0.0,7560.52,1351.23,6209.29,123508.5
LN01711,ENT0171,19,2024-09-09,7560.52,0.0,7560.52,1286.55,6273.97,117234.53
LN01711,ENT0171,20,2024-10-09,7560.52,0.0,7560.52,1221.19,6339.33,110895.2
LN01711,ENT0171,21,2024-11-09,7560.52,0.0,7560.52,1155.16,6405.36,104489.84
LN01711,ENT0171,22,2024-12-09,7560.52,0.0,7560.52,1088.44,6472.08,98017.76
LN01711,ENT0171,23,2025-01-09,7560.52,0.0,7560.52,1021.02,6539.5,91478.26
LN01711,ENT0171,24,2025-02-09,7560.52,0.0,7560.52,952.9,6607.62,84870.64
LN01711,ENT0171,25,2025-03-09,7560.52,0.0,7560.52,884.07,6676.45,78194.19
LN01711,ENT0171,26,2025-04-09,7560.52,0.0,7560.52,814.52,6746.0,71448.19
LN01711,ENT0171,27,2025-05-09,7560.52,0.0,7560.52,744.25,6816.27,64631.92
LN01711,ENT0171,28,2025-06-09,7560.52,0.0,7560.52,673.25,6887.27,57744.65
LN01711,ENT0171,29,2025-07-09,7560.52,0.0,7560.52,601.51,6959.01,50785.64
LN01711,ENT0171,30,2025-08-09,7560.52,0.0,7560.52,529.02,7031.5,43754.14
LN01711,ENT0171,31,2025-09-09,7560.52,0.0,7560.52,455.77,7104.75,36649.39
LN01711,ENT0171,32,2025-10-09,7560.52,0.0,7560.52,381.76,7178.75,29470.64
LN01711,ENT0171,33,2025-11-09,7560.52,0.0,7560.52,306.99,7253.53,22217.1
LN01711,ENT0171,34,2025-12-09,7560.52,0.0,7560.52,231.43,7329.09,14888.01
LN01711,ENT0171,35,2026-01-09,7560.52,0.0,7560.52,155.08,7405.44,7482.58
LN01711,ENT0171,36,2026-02-09,7560.52,0.0,7560.52,77.94,7482.58,0.0
LN01721,ENT0172,17,2023-08-31,3033.84,0.0,3033.84,69.57,2964.27,2998.86
LN01721,ENT0172,18,2023-09-30,3033.84,0.0,3033.84,34.99,2998.86,0.0
LN01722,ENT0172,1,2025-11-08,608.71,0.0,608.71,140.0,468.71,15531.29
LN01722,ENT0172,2,2025-12-08,608.71,0.0,608.71,135.9,472.81,15058.48
LN01722,ENT0172,3,2026-01-08,608.71,0.0,608.71,131.76,476.95,14581.53
LN01722,ENT0172,4,2026-02-08,608.71,0.0,608.71,127.59,481.12,14100.41
LN01722,ENT0172,5,2026-03-08,608.71,0.0,608.71,123.38,485.33,13615.08
LN01722,ENT0172,6,2026-04-08,608.71,0.0,608.71,119.13,489.58,13125.51
LN01722,ENT0172,7,2026-05-08,608.71,0.0,608.71,114.85,493.86,12631.64
LN01722,ENT0172,8,2026-06-08,608.71,0.0,608.71,110.53,498.18,12133.46
LN01722,ENT0172,9,2026-07-08,608.71,0.0,608.71,106.17,502.54,11630.92
LN01741,ENT0174,16,2023-08-10,11119.73,0.0,11119.73,1286.04,9833.69,83696.63
LN01741,ENT0174,17,2023-09-10,11119.73,0.0,11119.73,1150.83,9968.9,73727.73
LN01741,ENT0174,18,2023-10-10,11119.73,0.0,11119.73,1013.76,10105.98,63621.75
LN01741,ENT0174,19,2023-11-10,11119.73,0.0,11119.73,874.8,10244.93,53376.82
LN01741,ENT0174,20,2023-12-10,11119.73,0.0,11119.73,733.93,10385.8,42991.02
LN01741,ENT0174,21,2024-01-10,11119.73,0.0,11119.73,591.13,10528.6,32462.41
LN01741,ENT0174,22,2024-02-10,11119.73,0.0,11119.73,446.36,10673.37,21789.04
LN01741,ENT0174,23,2024-03-10,11119.73,0.0,11119.73,299.6,10820.13,10968.91
LN01741,ENT0174,24,2024-04-10,11119.73,0.0,11119.73,150.82,10968.91,0.0
LN01742,ENT0174,1,2024-10-26,23937.6,0.0,23937.6,2161.25,21776.35,251223.65
LN01742,ENT0174,2,2024-11-26,23937.6,0.0,23937.6,1988.85,21948.74,229274.91
LN01742,ENT0174,3,2024-12-26,23937.6,0.0,23937.6,1815.09,22122.51,207152.4
LN01742,ENT0174,4,2025-01-26,23937.6,0.0,23937.6,1639.96,22297.64,184854.76
LN01742,ENT0174,5,2025-02-26,23937.6,0.0,23937.6,1463.43,22474.17,162380.59
LN01742,ENT0174,6,2025-03-26,23937.6,0.0,23937.6,1285.51,22652.09,139728.51
LN01742,ENT0174,7,2025-04-26,23937.6,0.0,23937.6,1106.18,22831.41,116897.09
LN01742,ENT0174,8,2025-05-26,23937.6,0.0,23937.6,925.44,23012.16,93884.93
LN01742,ENT0174,9,2025-06-26,23937.6,0.0,23937.6,743.26,23194.34,70690.59
LN01742,ENT0174,10,2025-07-26,23937.6,0.0,23937.6,559.63,23377.96,47312.62
LN01742,ENT0174,11,2025-08-26,23937.6,0.0,23937.6,374.56,23563.04,23749.58
LN01742,ENT0174,12,2025-09-26,23937.6,0.0,23937.6,188.02,23749.58,0.0
LN01751,ENT0175,8,2023-08-28,56783.71,0.0,56783.71,7920.25,48863.46,527154.63
LN01751,ENT0175,9,2023-09-28,56783.71,0.0,56783.71,7248.38,49535.33,477619.3
LN01751,ENT0175,10,2023-10-28,56783.71,0.0,56783.71,6567.27,50216.44,427402.86
LN01751,ENT0175,11,2023-11-28,56783.71,0.0,56783.71,5876.79,50906.92,376495.94
LN01751,ENT0175,12,2023-12-28,56783.71,0.0,56783.71,5176.82,51606.89,324889.05
LN01751,ENT0175,13,2024-01-28,56783.71,0.0,56783.71,4467.22,52316.48,272572.57
LN01751,ENT0175,14,2024-02-28,56783.71,0.0,56783.71,3747.87,53035.84,219536.73
LN01751,ENT0175,15,2024-03-28,56783.71,0.0,56783.71,3018.63,53765.08,165771.65
LN01751,ENT0175,16,2024-04-28,56783.71,0.0,56783.71,2279.36,54504.35,111267.31
LN01751,ENT0175,17,2024-05-28,56783.71,0.0,56783.71,1529.93,55253.78,56013.52
LN01751,ENT0175,18,2024-06-28,56783.71,0.0,56783.71,770.19,56013.52,0.0
LN01761,ENT0176,9,2023-08-30,6556.91,0.0,6556.91,1651.39,4905.52,153627.78
LN01761,ENT0176,10,2023-09-30,6556.91,0.0,6556.91,1600.29,4956.62,148671.16
LN01761,ENT0176,11,2023-10-30,6556.91,0.0,6556.91,1548.66,5008.25,143662.91
LN01761,ENT0176,12,2023-11-30,6556.91,0.0,6556.91,1496.49,5060.42,138602.49
LN01761,ENT0176,13,2023-12-30,6556.91,0.0,6556.91,1443.78,5113.13,133489.35
LN01761,ENT0176,14,2024-01-30,6556.91,0.0,6556.91,1390.51,5166.4,128322.96
LN01761,ENT0176,15,2024-02-29,6556.91,0.0,6556.91,1336.7,5220.21,123102.74
LN01761,ENT0176,16,2024-03-30,6556.91,0.0,6556.91,1282.32,5274.59,117828.15
LN01761,ENT0176,17,2024-04-30,6556.91,0.0,6556.91,1227.38,5329.53,112498.62
LN01761,ENT0176,18,2024-05-30,6556.91,0.0,6556.91,1171.86,5385.05,107113.57
LN01761,ENT0176,19,2024-06-30,6556.91,0.0,6556.91,1115.77,5441.14,101672.42
LN01761,ENT0176,20,2024-07-30,6556.91,0.0,6556.91,1059.09,5497.82,96174.6
LN01761,ENT0176,21,2024-08-30,6556.91,0.0,6556.91,1001.82,5555.09,90619.51
LN01761,ENT0176,22,2024-09-30,6556.91,0.0,6556.91,943.95,5612.96,85006.55
LN01761,ENT0176,23,2024-10-30,6556.91,0.0,6556.91,885.48,5671.43,79335.13
LN01761,ENT0176,24,2024-11-30,6556.91,0.0,6556.91,826.41,5730.5,73604.62
LN01761,ENT0176,25,2024-12-30,6556.91,0.0,6556.91,766.71,5790.2,67814.43
LN01761,ENT0176,26,2025-01-30,6556.91,0.0,6556.91,706.4,5850.51,61963.92
LN01761,ENT0176,27,2025-02-28,6556.91,0.0,6556.91,645.46,5911.45,56052.46
LN01761,ENT0176,28,2025-03-30,6556.91,0.0,6556.91,583.88,5973.03,50079.43
LN01761,ENT0176,29,2025-04-30,6556.91,0.0,6556.91,521.66,6035.25,44044.18
LN01761,ENT0176,30,2025-05-30,6556.91,0.0,6556.91,458.79,6098.12,37946.07
LN01761,ENT0176,31,2025-06-30,6556.91,0.0,6556.91,395.27,6161.64,31784.43
LN01761,ENT0176,32,2025-07-30,6556.91,0.0,6556.91,331.09,6225.82,25558.61
LN01761,ENT0176,33,2025-08-30,6556.91,0.0,6556.91,266.24,6290.68,19267.93
LN01761,ENT0176,34,2025-09-30,6556.91,0.0,6556.91,200.71,6356.2,12911.73
LN01761,ENT0176,35,2025-10-30,6556.91,0.0,6556.91,134.5,6422.41,6489.31
LN01761,ENT0176,36,2025-11-30,6556.91,0.0,6556.91,67.6,6489.31,0.0
LN01771,ENT0177,10,2023-08-09,7215.24,0.0,7215.24,1101.12,6114.11,132975.27
LN01771,ENT0177,11,2023-09-09,7215.24,0.0,7215.24,1052.72,6162.52,126812.75
LN01771,ENT0177,12,2023-10-09,7215.24,0.0,7215.24,1003.93,6211.3,120601.45
LN01771,ENT0177,13,2023-11-09,7215.24,0.0,7215.24,954.76,6260.48,114340.98
LN01771,ENT0177,14,2023-12-09,7215.24,0.0,7215.24,905.2,6310.04,108030.94
LN01771,ENT0177,15,2024-01-09,7215.24,0.0,7215.24,855.24,6359.99,101670.95
LN01771,ENT0177,16,2024-02-09,7215.24,0.0,7215.24,804.89,6410.34,95260.6
LN01771,ENT0177,17,2024-03-09,7215.24,0.0,7215.24,754.15,6461.09,88799.51
LN01771,ENT0177,18,2024-04-09,7215.24,0.0,7215.24,703.0,6512.24,82287.27
LN01771,ENT0177,19,2024-05-09,7215.24,0.0,7215.24,651.44,6563.8,75723.48
LN01771,ENT0177,20,2024-06-09,7215.24,0.0,7215.24,599.48,6615.76,69107.72
LN01771,ENT0177,21,2024-07-09,7215.24,0.0,7215.24,547.1,6668.13,62439.58
LN01771,ENT0177,22,2024-08-09,7215.24,0.0,7215.24,494.31,6720.92,55718.66
LN01771,ENT0177,23,2024-09-09,7215.24,0.0,7215.24,441.11,6774.13,48944.53
LN01771,ENT0177,24,2024-10-09,7215.24,0.0,7215.24,387.48,6827.76,42116.77
LN01771,ENT0177,25,2024-11-09,7215.24,0.0,7215.24,333.42,6881.81,35234.96
LN01771,ENT0177,26,2024-12-09,7215.24,0.0,7215.24,278.94,6936.29,28298.66
LN01771,ENT0177,27,2025-01-09,7215.24,0.0,7215.24,224.03,6991.21,21307.46
LN01771,ENT0177,28,2025-02-09,7215.24,0.0,7215.24,168.68,7046.55,14260.9
LN01771,ENT0177,29,2025-03-09,7215.24,0.0,7215.24,112.9,7102.34,7158.57
LN01771,ENT0177,30,2025-04-09,7215.24,0.0,7215.24,56.67,7158.57,0.0
LN01781,ENT0178,12,2023-08-17,15433.61,0.0,15433.61,913.07,14520.54,89830.65
LN01781,ENT0178,13,2023-09-17,15433.61,0.0,15433.61,786.02,14647.6,75183.05
LN01781,ENT0178,14,2023-10-17,15433.61,0.0,15433.61,657.85,14775.76,60407.29
LN01781,ENT0178,15,2023-11-17,15433.61,0.0,15433.61,528.56,14905.05,45502.24
LN01781,ENT0178,16,2023-12-17,15433.61,0.0,15433.61,398.14,15035.47,30466.77
LN01781,ENT0178,17,2024-01-17,15433.61,0.0,15433.61,266.58,15167.03,15299.74
LN01781,ENT0178,18,2024-02-17,15433.61,0.0,15433.61,133.87,15299.74,0.0
LN01791,ENT0179,2,2023-08-26,2507.29,0.0,2507.29,531.72,1975.57,49069.23
LN01791,ENT0179,3,2023-09-26,2507.29,0.0,2507.29,511.14,1996.15,47073.08
LN01791,ENT0179,4,2023-10-26,2507.29,0.0,2507.29,490.34,2016.94,45056.13
LN01791,ENT0179,5,2023-11-26,2507.29,0.0,2507.29,469.33,2037.95,43018.18
LN01791,ENT0179,6,2023-12-26,2507.29,0.0,2507.29,448.11,2059.18,40959.0
LN01791,ENT0179,7,2024-01-26,2507.29,0.0,2507.29,426.66,2080.63,38878.37
LN01791,ENT0179,8,2024-02-26,2507.29,0.0,2507.29,404.98,2102.3,36776.06
LN01791,ENT0179,9,2024-03-26,2507.29,0.0,2507.29,383.08,2124.2,34651.86
LN01791,ENT0179,10,2024-04-26,2507.29,0.0,2507.29,360.96,2146.33,32505.53
LN01791,ENT0179,11,2024-05-26,2507.29,0.0,2507.29,338.6,2168.69,30336.84
LN01791,ENT0179,12,2024-06-26,2507.29,0.0,2507.29,316.01,2191.28,28145.56
LN01791,ENT0179,13,2024-07-26,2507.29,0.0,2507.29,293.18,2214.1,25931.46
LN01791,ENT0179,14,2024-08-26,2507.29,0.0,2507.29,270.12,2237.17,23694.29
LN01791,ENT0179,15,2024-09-26,2507.29,0.0,2507.29,246.82,2260.47,21433.82
LN01791,ENT0179,16,2024-10-26,2507.29,0.0,2507.29,223.27,2284.02,19149.8
LN01791,ENT0179,17,2024-11-26,2507.29,0.0,2507.29,199.48,2307.81,16841.99
LN01791,ENT0179,18,2024-12-26,2507.29,0.0,2507.29,175.44,2331.85,14510.14
LN01791,ENT0179,19,2025-01-26,2507.29,0.0,2507.29,151.15,2356.14,12154.0
LN01791,ENT0179,20,2025-02-26,2507.29,0.0,2507.29,126.6,2380.68,9773.32
LN01791,ENT0179,21,2025-03-26,2507.29,0.0,2507.29,101.81,2405.48,7367.84
LN01791,ENT0179,22,2025-04-26,2507.29,0.0,2507.29,76.75,2430.54,4937.3
LN01791,ENT0179,23,2025-05-26,2507.29,0.0,2507.29,51.43,2455.86,2481.44
LN01791,ENT0179,24,2025-06-26,2507.29,0.0,2507.29,25.85,2481.44,0.0
LN01801,ENT0180,7,2023-08-13,14096.58,0.0,14096.58,947.69,13148.89,68081.61
LN01801,ENT0180,8,2023-09-13,14096.58,0.0,14096.58,794.29,13302.29,54779.31
LN01801,ENT0180,9,2023-10-13,14096.58,0.0,14096.58,639.09,13457.49,41321.83
LN01801,ENT0180,10,2023-11-13,14096.58,0.0,14096.58,482.09,13614.49,27707.34
LN01801,ENT0180,11,2023-12-13,14096.58,0.0,14096.58,323.25,13773.33,13934.01
LN01801,ENT0180,12,2024-01-13,14096.58,0.0,14096.58,162.56,13934.01,0.0
LN01811,ENT0181,15,2023-08-30,651.51,0.0,651.51,269.39,382.12,22708.56
LN01811,ENT0181,16,2023-09-30,651.51,0.0,651.51,264.93,386.58,22321.98
LN01811,ENT0181,17,2023-10-30,651.51,0.0,651.51,260.42,391.09,21930.89
LN01811,ENT0181,18,2023-11-30,651.51,0.0,651.51,255.86,395.65,21535.24
LN01811,ENT0181,19,2023-12-30,651.51,0.0,651.51,251.24,400.27,21134.98
LN01811,ENT0181,20,2024-01-30,651.51,0.0,651.51,246.57,404.94,20730.04
LN01811,ENT0181,21,2024-02-29,651.51,0.0,651.51,241.85,409.66,20320.38
LN01811,ENT0181,22,2024-03-30,651.51,0.0,651.51,237.07,414.44,19905.94
LN01811,ENT0181,23,2024-04-30,651.51,0.0,651.51,232.24,419.28,19486.67
LN01811,ENT0181,24,2024-05-30,651.51,0.0,651.51,227.34,424.17,19062.5
LN01811,ENT0181,25,2024-06-30,651.51,0.0,651.51,222.4,429.12,18633.38
LN01811,ENT0181,26,2024-07-30,651.51,0.0,651.51,217.39,434.12,18199.26
LN01811,ENT0181,27,2024-08-30,651.51,0.0,651.51,212.32,439.19,17760.08
LN01811,ENT0181,28,2024-09-30,651.51,0.0,651.51,207.2,444.31,17315.77
LN01811,ENT0181,29,2024-10-30,651.51,0.0,651.51,202.02,449.49,16866.27
LN01811,ENT0181,30,2024-11-30,651.51,0.0,651.51,196.77,454.74,16411.53
LN01811,ENT0181,31,2024-12-30,651.51,0.0,651.51,191.47,460.04,15951.49
LN01811,ENT0181,32,2025-01-30,651.51,0.0,651.51,186.1,465.41,15486.08
LN01811,ENT0181,33,2025-02-28,651.51,0.0,651.51,180.67,470.84,15015.24
LN01811,ENT0181,34,2025-03-30,651.51,0.0,651.51,175.18,476.33,14538.91
LN01811,ENT0181,35,2025-04-30,651.51,0.0,651.51,169.62,481.89,14057.02
LN01811,ENT0181,36,2025-05-30,651.51,0.0,651.51,164.0,487.51,13569.5
LN01811,ENT0181,37,2025-06-30,651.51,0.0,651.51,158.31,493.2,13076.3
LN01811,ENT0181,38,2025-07-30,651.51,0.0,651.51,152.56,498.95,12577.35
LN01811,ENT0181,39,2025-08-30,651.51,0.0,651.51,146.74,504.78,12072.57
LN01811,ENT0181,40,2025-09-30,651.51,0.0,651.51,140.85,510.66,11561.91
LN01811,ENT0181,41,2025-10-30,651.51,0.0,651.51,134.89,516.62,11045.29
LN01811,ENT0181,42,2025-11-30,651.51,0.0,651.51,128.86,522.65,10522.64
LN01811,ENT0181,43,2025-12-30,651.51,0.0,651.51,122.76,528.75,9993.89
LN01811,ENT0181,44,2026-01-30,651.51,0.0,651.51,116.6,534.92,9458.98
LN01811,ENT0181,45,2026-02-28,651.51,0.0,651.51,110.35,541.16,8917.82
LN01811,ENT0181,46,2026-03-30,651.51,0.0,651.51,104.04,547.47,8370.35
LN01811,ENT0181,47,2026-04-30,651.51,0.0,651.51,97.65,553.86,7816.49
LN01811,ENT0181,48,2026-05-30,651.51,0.0,651.51,91.19,560.32,7256.17
LN01811,ENT0181,49,2026-06-30,651.51,0.0,651.51,84.66,566.86,6689.32
LN01811,ENT0181,50,2026-07-30,651.51,0.0,651.51,78.04,573.47,6115.85
LN01821,ENT0182,17,2023-08-21,1780.7,0.0,1780.7,309.24,1471.46,30797.55
LN01821,ENT0182,18,2023-09-21,1780.7,0.0,1780.7,295.14,1485.56,29311.99
LN01821,ENT0182,19,2023-10-21,1780.7,0.0,1780.7,280.91,1499.8,27812.19
LN01821,ENT0182,20,2023-11-21,1780.7,0.0,1780.7,266.53,1514.17,26298.02
LN01821,ENT0182,21,2023-12-21,1780.7,0.0,1780.7,252.02,1528.68,24769.34
LN01821,ENT0182,22,2024-01-21,1780.7,0.0,1780.7,237.37,1543.33,23226.0
LN01821,ENT0182,23,2024-02-21,1780.7,0.0,1780.7,222.58,1558.12,21667.88
LN01821,ENT0182,24,2024-03-21,1780.7,0.0,1780.7,207.65,1573.05,20094.83
LN01821,ENT0182,25,2024-04-21,1780.7,0.0,1780.7,192.58,1588.13,18506.7
LN01821,ENT0182,26,2024-05-21,1780.7,0.0,1780.7,177.36,1603.35,16903.35
LN01821,ENT0182,27,2024-06-21,1780.7,0.0,1780.7,161.99,1618.71,15284.64
LN01821,ENT0182,28,2024-07-21,1780.7,0.0,1780.7,146.48,1634.23,13650.41
LN01821,ENT0182,29,2024-08-21,1780.7,0.0,1780.7,130.82,1649.89,12000.52
LN01821,ENT0182,30,2024-09-21,1780.7,0.0,1780.7,115.01,1665.7,10334.82
LN01821,ENT0182,31,2024-10-21,1780.7,0.0,1780.7,99.04,1681.66,8653.16
LN01821,ENT0182,32,2024-11-21,1780.7,356.14,1424.56,82.93,1697.78,6955.38
LN01821,ENT0182,33,2024-12-21,1780.7,356.14,1424.56,66.66,1714.05,5241.33
LN01821,ENT0182,34,2025-01-21,1780.7,356.14,1424.56,50.23,1730.47,3510.86
LN01821,ENT0182,35,2025-02-21,1780.7,356.14,1424.56,33.65,1747.06,1763.8
LN01821,ENT0182,36,2025-03-21,1780.7,356.14,1424.56,16.9,1763.8,0.0
LN01831,ENT0183,5,2023-08-11,4374.43,0.0,4374.43,2089.75,2284.68,176837.06
LN01831,ENT0183,6,2023-09-11,4374.43,0.0,4374.43,2063.1,2311.33,174525.73
LN01831,ENT0183,7,2023-10-11,4374.43,0.0,4374.43,2036.13,2338.3,172187.43
LN01831,ENT0183,8,2023-11-11,4374.43,0.0,4374.43,2008.85,2365.58,169821.86
LN01831,ENT0183,9,2023-12-11,4374.43,0.0,4374.43,1981.25,2393.18,167428.68
LN01831,ENT0183,10,2024-01-11,4374.43,0.0,4374.43,1953.33,2421.1,165007.58
LN01831,ENT0183,11,2024-02-11,4374.43,0.0,4374.43,1925.09,2449.34,162558.24
LN01831,ENT0183,12,2024-03-11,4374.43,0.0,4374.43,1896.51,2477.92,160080.32
LN01831,ENT0183,13,2024-04-11,4374.43,0.0,4374.43,1867.6,2506.83,157573.49
LN01831,ENT0183,14,2024-05-11,4374.43,0.0,4374.43,1838.36,2536.07,155037.42
LN01831,ENT0183,15,2024-06-11,4374.43,0.0,4374.43,1808.77,2565.66,152471.76
LN01831,ENT0183,16,2024-07-11,4374.43,0.0,4374.43,1778.84,2595.59,149876.17
LN01831,ENT0183,17,2024-08-11,4374.43,0.0,4374.43,1748.56,2625.88,147250.29
LN01831,ENT0183,18,2024-09-11,4374.43,0.0,4374.43,1717.92,2656.51,144593.78
LN01831,ENT0183,19,2024-10-11,4374.43,0.0,4374.43,1686.93,2687.5,141906.28
LN01831,ENT0183,20,2024-11-11,4374.43,0.0,4374.43,1655.57,2718.86,139187.42
LN01831,ENT0183,21,2024-12-11,4374.43,0.0,4374.43,1623.85,2750.58,136436.84
LN01831,ENT0183,22,2025-01-11,4374.43,0.0,4374.43,1591.76,2782.67,133654.17
LN01831,ENT0183,23,2025-02-11,4374.43,0.0,4374.43,1559.3,2815.13,130839.04
LN01831,ENT0183,24,2025-03-11,4374.43,0.0,4374.43,1526.46,2847.98,127991.06
LN01831,ENT0183,25,2025-04-11,4374.43,0.0,4374.43,1493.23,2881.2,125109.86
LN01831,ENT0183,26,2025-05-11,4374.43,0.0,4374.43,1459.62,2914.82,122195.04
LN01831,ENT0183,27,2025-06-11,4374.43,0.0,4374.43,1425.61,2948.82,119246.22
LN01831,ENT0183,28,2025-07-11,4374.43,0.0,4374.43,1391.21,2983.23,116263.0
LN01831,ENT0183,29,2025-08-11,4374.43,0.0,4374.43,1356.4,3018.03,113244.97
LN01831,ENT0183,30,2025-09-11,4374.43,0.0,4374.43,1321.19,3053.24,110191.73
LN01831,ENT0183,31,2025-10-11,4374.43,0.0,4374.43,1285.57,3088.86,107102.87
LN01831,ENT0183,32,2025-11-11,4374.43,0.0,4374.43,1249.53,3124.9,103977.97
LN01831,ENT0183,33,2025-12-11,4374.43,0.0,4374.43,1213.08,3161.35,100816.61
LN01831,ENT0183,34,2026-01-11,4374.43,0.0,4374.43,1176.19,3198.24,97618.38
LN01831,ENT0183,35,2026-02-11,4374.43,0.0,4374.43,1138.88,3235.55,94382.83
LN01831,ENT0183,36,2026-03-11,4374.43,0.0,4374.43,1101.13,3273.3,91109.53
LN01831,ENT0183,37,2026-04-11,4374.43,0.0,4374.43,1062.94,3311.49,87798.04
LN01831,ENT0183,38,2026-05-11,4374.43,0.0,4374.43,1024.31,3350.12,84447.92
LN01831,ENT0183,39,2026-06-11,4374.43,0.0,4374.43,985.23,3389.21,81058.72
LN01831,ENT0183,40,2026-07-11,4374.43,0.0,4374.43,945.69,3428.75,77629.97
LN01841,ENT0184,2,2023-08-21,19420.06,0.0,19420.06,2092.2,17327.87,183522.9
LN01841,ENT0184,3,2023-09-21,19420.06,0.0,19420.06,1911.7,17508.37,166014.53
LN01841,ENT0184,4,2023-10-21,19420.06,0.0,19420.06,1729.32,17690.75,148323.79
LN01841,ENT0184,5,2023-11-21,19420.06,0.0,19420.06,1545.04,17875.02,130448.76
LN01841,ENT0184,6,2023-12-21,19420.06,0.0,19420.06,1358.84,18061.22,112387.54
LN01841,ENT0184,7,2024-01-21,19420.06,0.0,19420.06,1170.7,18249.36,94138.18
LN01841,ENT0184,8,2024-02-21,19420.06,0.0,19420.06,980.61,18439.46,75698.72
LN01841,ENT0184,9,2024-03-21,19420.06,0.0,19420.06,788.53,18631.54,57067.19
LN01841,ENT0184,10,2024-04-21,19420.06,0.0,19420.06,594.45,18825.61,38241.57
LN01841,ENT0184,11,2024-05-21,19420.06,0.0,19420.06,398.35,19021.71,19219.86
LN01841,ENT0184,12,2024-06-21,19420.06,0.0,19420.06,200.21,19219.86,0.0
LN01851,ENT0185,4,2023-08-20,6291.34,0.0,6291.34,2888.4,3402.94,206662.68
LN01851,ENT0185,5,2023-09-20,6291.34,0.0,6291.34,2841.61,3449.73,203212.95
LN01851,ENT0185,6,2023-10-20,6291.34,0.0,6291.34,2794.18,3497.16,199715.78
LN01851,ENT0185,7,2023-11-20,6291.34,0.0,6291.34,2746.09,3545.25,196170.53
LN01851,ENT0185,8,2023-12-20,6291.34,0.0,6291.34,2697.34,3594.0,192576.54
LN01851,ENT0185,9,2024-01-20,6291.34,0.0,6291.34,2647.93,3643.41,188933.12
LN01851,ENT0185,10,2024-02-20,6291.34,0.0,6291.34,2597.83,3693.51,185239.61
LN01851,ENT0185,11,2024-03-20,6291.34,0.0,6291.34,2547.04,3744.3,181495.31
LN01851,ENT0185,12,2024-04-20,6291.34,0.0,6291.34,2495.56,3795.78,177699.53
LN01851,ENT0185,13,2024-05-20,6291.34,0.0,6291.34,2443.37,3847.97,173851.56
LN01851,ENT0185,14,2024-06-20,6291.34,0.0,6291.34,2390.46,3900.88,169950.67
LN01851,ENT0185,15,2024-07-20,6291.34,0.0,6291.34,2336.82,3954.52,165996.15
LN01851,ENT0185,16,2024-08-20,6291.34,0.0,6291.34,2282.45,4008.9,161987.26
LN01851,ENT0185,17,2024-09-20,6291.34,0.0,6291.34,2227.32,4064.02,157923.24
LN01851,ENT0185,18,2024-10-20,6291.34,0.0,6291.34,2171.44,4119.9,153803.34
LN01851,ENT0185,19,2024-11-20,6291.34,0.0,6291.34,2114.8,4176.55,149626.8
LN01851,ENT0185,20,2024-12-20,6291.34,0.0,6291.34,2057.37,4233.97,145392.82
LN01851,ENT0185,21,2025-01-20,6291.34,0.0,6291.34,1999.15,4292.19,141100.63
LN01851,ENT0185,22,2025-02-20,6291.34,0.0,6291.34,1940.13,4351.21,136749.42
LN01851,ENT0185,23,2025-03-20,6291.34,0.0,6291.34,1880.3,4411.04,132338.39
LN01851,ENT0185,24,2025-04-20,6291.34,0.0,6291.34,1819.65,4471.69,127866.7
LN01851,ENT0185,25,2025-05-20,6291.34,0.0,6291.34,1758.17,4533.18,123333.52
LN01851,ENT0185,26,2025-06-20,6291.34,0.0,6291.34,1695.84,4595.51,118738.02
LN01851,ENT0185,27,2025-07-20,6291.34,0.0,6291.34,1632.65,4658.69,114079.32
LN01851,ENT0185,28,2025-08-20,6291.34,0.0,6291.34,1568.59,4722.75,109356.57
LN01851,ENT0185,29,2025-09-20,6291.34,0.0,6291.34,1503.65,4787.69,104568.88
LN01851,ENT0185,30,2025-10-20,6291.34,0.0,6291.34,1437.82,4853.52,99715.36
LN01851,ENT0185,31,2025-11-20,6291.34,0.0,6291.34,1371.09,4920.26,94795.11
LN01851,ENT0185,32,2025-12-20,6291.34,0.0,6291.34,1303.43,4987.91,89807.2
LN01851,ENT0185,33,2026-01-20,6291.34,0.0,6291.34,1234.85,5056.49,84750.7
LN01851,ENT0185,34,2026-02-20,6291.34,0.0,6291.34,1165.32,5126.02,79624.68
LN01851,ENT0185,35,2026-03-20,6291.34,0.0,6291.34,1094.84,5196.5,74428.18
LN01851,ENT0185,36,2026-04-20,6291.34,0.0,6291.34,1023.39,5267.95,69160.22
LN01851,ENT0185,37,2026-05-20,6291.34,0.0,6291.34,950.95,5340.39,63819.84
LN01851,ENT0185,38,2026-06-20,6291.34,0.0,6291.34,877.52,5413.82,58406.02
LN01851,ENT0185,39,2026-07-20,6291.34,0.0,6291.34,803.08,5488.26,52917.76
LN01861,ENT0186,6,2023-08-23,5553.36,0.0,5553.36,328.54,5224.82,32323.09
LN01861,ENT0186,7,2023-09-23,5553.36,0.0,5553.36,282.83,5270.53,27052.56
LN01861,ENT0186,8,2023-10-23,5553.36,0.0,5553.36,236.71,5316.65,21735.9
LN01861,ENT0186,9,2023-11-23,5553.36,0.0,5553.36,190.19,5363.17,16372.73
LN01861,ENT0186,10,2023-12-23,5553.36,0.0,5553.36,143.26,5410.1,10962.63
LN01861,ENT0186,11,2024-01-23,5553.36,0.0,5553.36,95.92,5457.44,5505.19
LN01861,ENT0186,12,2024-02-23,5553.36,0.0,5553.36,48.17,5505.19,0.0
LN01881,ENT0188,7,2023-08-20,1560.12,0.0,1560.12,358.82,1201.3,39806.6
LN01881,ENT0188,8,2023-09-20,1560.12,0.0,1560.12,348.31,1211.81,38594.79
LN01881,ENT0188,9,2023-10-20,1560.12,0.0,1560.12,337.7,1222.41,37372.38
LN01881,ENT0188,10,2023-11-20,1560.12,0.0,1560.12,327.01,1233.11,36139.27
LN01881,ENT0188,11,2023-12-20,1560.12,0.0,1560.12,316.22,1243.9,34895.37
LN01881,ENT0188,12,2024-01-20,1560.12,0.0,1560.12,305.33,1254.78,33640.59
LN01881,ENT0188,13,2024-02-20,1560.12,0.0,1560.12,294.36,1265.76,32374.83
LN01881,ENT0188,14,2024-03-20,1560.12,0.0,1560.12,283.28,1276.84,31097.99
LN01881,ENT0188,15,2024-04-20,1560.12,0.0,1560.12,272.11,1288.01,29809.98
LN01881,ENT0188,16,2024-05-20,1560.12,0.0,1560.12,260.84,1299.28,28510.7
LN01881,ENT0188,17,2024-06-20,1560.12,0.0,1560.12,249.47,1310.65,27200.05
LN01881,ENT0188,18,2024-07-20,1560.12,0.0,1560.12,238.0,1322.12,25877.93
LN01881,ENT0188,19,2024-08-20,1560.12,0.0,1560.12,226.43,1333.69,24544.25
LN01881,ENT0188,20,2024-09-20,1560.12,0.0,1560.12,214.76,1345.36,23198.89
LN01881,ENT0188,21,2024-10-20,1560.12,0.0,1560.12,202.99,1357.13,21841.76
LN01881,ENT0188,22,2024-11-20,1560.12,0.0,1560.12,191.12,1369.0,20472.76
LN01881,ENT0188,23,2024-12-20,1560.12,0.0,1560.12,179.14,1380.98,19091.78
LN01881,ENT0188,24,2025-01-20,1560.12,0.0,1560.12,167.05,1393.06,17698.72
LN01881,ENT0188,25,2025-02-20,1560.12,0.0,1560.12,154.86,1405.25,16293.46
LN01881,ENT0188,26,2025-03-20,1560.12,0.0,1560.12,142.57,1417.55,14875.92
LN01881,ENT0188,27,2025-04-20,1560.12,0.0,1560.12,130.16,1429.95,13445.96
LN01881,ENT0188,28,2025-05-20,1560.12,0.0,1560.12,117.65,1442.47,12003.5
LN01881,ENT0188,29,2025-06-20,1560.12,0.0,1560.12,105.03,1455.09,10548.41
LN01881,ENT0188,30,2025-07-20,1560.12,0.0,1560.12,92.3,1467.82,9080.59
LN01881,ENT0188,31,2025-08-20,1560.12,0.0,1560.12,79.46,1480.66,7599.93
LN01881,ENT0188,32,2025-09-20,1560.12,0.0,1560.12,66.5,1493.62,6106.31
LN01881,ENT0188,33,2025-10-20,1560.12,0.0,1560.12,53.43,1506.69,4599.62
LN01881,ENT0188,34,2025-11-20,1560.12,0.0,1560.12,40.25,1519.87,3079.75
LN01881,ENT0188,35,2025-12-20,1560.12,0.0,1560.12,26.95,1533.17,1546.58
LN01881,ENT0188,36,2026-01-20,1560.12,0.0,1560.12,13.53,1546.58,0.0
LN01891,ENT0189,1,2023-08-11,5110.53,0.0,5110.53,1113.75,3996.78,77003.22
LN01891,ENT0189,2,2023-09-11,5110.53,0.0,5110.53,1058.79,4051.74,72951.48
LN01891,ENT0189,3,2023-10-11,5110.53,0.0,5110.53,1003.08,4107.45,68844.03
LN01891,ENT0189,4,2023-11-11,5110.53,0.0,5110.53,946.61,4163.93,64680.1
LN01891,ENT0189,5,2023-12-11,5110.53,0.0,5110.53,889.35,4221.18,60458.92
LN01891,ENT0189,6,2024-01-11,5110.53,0.0,5110.53,831.31,4279.22,56179.69
LN01891,ENT0189,7,2024-02-11,5110.53,0.0,5110.53,772.47,4338.06,51841.63
LN01891,ENT0189,8,2024-03-11,5110.53,0.0,5110.53,712.82,4397.71,47443.92
LN01891,ENT0189,9,2024-04-11,5110.53,0.0,5110.53,652.35,4458.18,42985.74
LN01891,ENT0189,10,2024-05-11,5110.53,0.0,5110.53,591.05,4519.48,38466.26
LN01891,ENT0189,11,2024-06-11,5110.53,0.0,5110.53,528.91,4581.62,33884.63
LN01891,ENT0189,12,2024-07-11,5110.53,0.0,5110.53,465.91,4644.62,29240.01
LN01891,ENT0189,13,2024-08-11,5110.53,0.0,5110.53,402.05,4708.48,24531.53
LN01891,ENT0189,14,2024-09-11,5110.53,0.0,5110.53,337.31,4773.23,19758.31
LN01891,ENT0189,15,2024-10-11,5110.53,0.0,5110.53,271.68,4838.86,14919.45
LN01891,ENT0189,16,2024-11-11,5110.53,1022.11,4088.43,205.14,4905.39,10014.06
LN01891,ENT0189,17,2024-12-11,5110.53,1022.11,4088.43,137.69,4972.84,5041.22
LN01891,ENT0189,18,2025-01-11,5110.53,1022.11,4088.43,69.32,5041.22,0.0
LN01901,ENT0190,12,2023-08-11,6611.69,0.0,6611.69,644.19,5967.5,75403.99
LN01901,ENT0190,13,2023-09-11,6611.69,0.0,6611.69,596.95,6014.74,69389.26
LN01901,ENT0190,14,2023-10-11,6611.69,0.0,6611.69,549.33,6062.36,63326.9
LN01901,ENT0190,15,2023-11-11,6611.69,0.0,6611.69,501.34,6110.35,57216.55
LN01901,ENT0190,16,2023-12-11,6611.69,0.0,6611.69,452.96,6158.72,51057.83
LN01901,ENT0190,17,2024-01-11,6611.69,0.0,6611.69,404.21,6207.48,44850.35
LN01901,ENT0190,18,2024-02-11,6611.69,0.0,6611.69,355.07,6256.62,38593.73
LN01901,ENT0190,19,2024-03-11,6611.69,0.0,6611.69,305.53,6306.15,32287.57
LN01901,ENT0190,20,2024-04-11,6611.69,0.0,6611.69,255.61,6356.08,25931.5
LN01901,ENT0190,21,2024-05-11,6611.69,0.0,6611.69,205.29,6406.4,19525.1
LN01901,ENT0190,22,2024-06-11,6611.69,0.0,6611.69,154.57,6457.11,13067.99
LN01901,ENT0190,23,2024-07-11,6611.69,0.0,6611.69,103.45,6508.23,6559.76
LN01901,ENT0190,24,2024-08-11,6611.69,0.0,6611.69,51.93,6559.76,0.0
LN01911,ENT0191,2,2023-08-21,19793.35,0.0,19793.35,8517.97,11275.38,877556.28
LN01911,ENT0191,3,2023-09-21,19793.35,0.0,19793.35,8409.91,11383.43,866172.84
LN01911,ENT0191,4,2023-10-21,19793.35,0.0,19793.35,8300.82,11492.52,854680.32
LN01911,ENT0191,5,2023-11-21,19793.35,0.0,19793.35,8190.69,11602.66,843077.66
LN01911,ENT0191,6,2023-12-21,19793.35,0.0,19793.35,8079.49,11713.85,831363.81
LN01911,ENT0191,7,2024-01-21,19793.35,0.0,19793.35,7967.24,11826.11,819537.7
LN01911,ENT0191,8,2024-02-21,19793.35,0.0,19793.35,7853.9,11939.44,807598.25
LN01911,ENT0191,9,2024-03-21,19793.35,0.0,19793.35,7739.48,12053.86,795544.39
LN01911,ENT0191,10,2024-04-21,19793.35,0.0,19793.35,7623.97,12169.38,783375.01
LN01911,ENT0191,11,2024-05-21,19793.35,0.0,19793.35,7507.34,12286.0,771089.01
LN01911,ENT0191,12,2024-06-21,19793.35,0.0,19793.35,7389.6,12403.74,758685.27
LN01911,ENT0191,13,2024-07-21,19793.35,0.0,19793.35,7270.73,12522.61,746162.65
LN01911,ENT0191,14,2024-08-21,19793.35,0.0,19793.35,7150.73,12642.62,733520.03
LN01911,ENT0191,15,2024-09-21,19793.35,0.0,19793.35,7029.57,12763.78,720756.25
LN01911,ENT0191,16,2024-10-21,19793.35,0.0,19793.35,6907.25,12886.1,707870.15
LN01911,ENT0191,17,2024-11-21,19793.35,0.0,19793.35,6783.76,13009.59,694860.56
LN01911,ENT0191,18,2024-12-21,19793.35,0.0,19793.35,6659.08,13134.27,681726.29
LN01911,ENT0191,19,2025-01-21,19793.35,0.0,19793.35,6533.21,13260.14,668466.16
LN01911,ENT0191,20,2025-02-21,19793.35,0.0,19793.35,6406.13,13387.21,655078.95
LN01911,ENT0191,21,2025-03-21,19793.35,0.0,19793.35,6277.84,13515.51,641563.44
LN01911,ENT0191,22,2025-04-21,19793.35,0.0,19793.35,6148.32,13645.03,627918.41
LN01911,ENT0191,23,2025-05-21,19793.35,0.0,19793.35,6017.55,13775.8,614142.61
LN01911,ENT0191,24,2025-06-21,19793.35,0.0,19793.35,5885.53,13907.81,600234.8
LN01911,ENT0191,25,2025-07-21,19793.35,0.0,19793.35,5752.25,14041.1,586193.7
LN01911,ENT0191,26,2025-08-21,19793.35,0.0,19793.35,5617.69,14175.66,572018.05
LN01911,ENT0191,27,2025-09-21,19793.35,0.0,19793.35,5481.84,14311.51,557706.54
LN01911,ENT0191,28,2025-10-21,19793.35,0.0,19793.35,5344.69,14448.66,543257.88
LN01911,ENT0191,29,2025-11-21,19793.35,0.0,19793.35,5206.22,14587.13,528670.76
LN01911,ENT0191,30,2025-12-21,19793.35,0.0,19793.35,5066.43,14726.92,513943.84
LN01911,ENT0191,31,2026-01-21,19793.35,0.0,19793.35,4925.3,14868.05,499075.79
LN01911,ENT0191,32,2026-02-21,19793.35,0.0,19793.35,4782.81,15010.54,484065.25
LN01911,ENT0191,33,2026-03-21,19793.35,0.0,19793.35,4638.96,15154.39,468910.86
LN01911,ENT0191,34,2026-04-21,19793.35,0.0,19793.35,4493.73,15299.62,453611.24
LN01911,ENT0191,35,2026-05-21,19793.35,0.0,19793.35,4347.11,15446.24,438165.0
LN01911,ENT0191,36,2026-06-21,19793.35,0.0,19793.35,4199.08,15594.27,422570.74
LN01911,ENT0191,37,2026-07-21,19793.35,0.0,19793.35,4049.64,15743.71,406827.03
LN01921,ENT0192,5,2023-08-06,12189.66,0.0,12189.66,1261.56,10928.1,80821.75
LN01921,ENT0192,6,2023-09-06,12189.66,0.0,12189.66,1111.3,11078.36,69743.39
LN01921,ENT0192,7,2023-10-06,12189.66,0.0,12189.66,958.97,11230.69,58512.7
LN01921,ENT0192,8,2023-11-06,12189.66,0.0,12189.66,804.55,11385.11,47127.58
LN01921,ENT0192,9,2023-12-06,12189.66,0.0,12189.66,648.0,11541.66,35585.92
LN01921,ENT0192,10,2024-01-06,12189.66,0.0,12189.66,489.31,11700.36,23885.57
LN01921,ENT0192,11,2024-02-06,12189.66,0.0,12189.66,328.43,11861.24,12024.33
LN01921,ENT0192,12,2024-03-06,12189.66,0.0,12189.66,165.33,12024.33,0.0
LN01931,ENT0193,15,2023-08-29,4683.98,0.0,4683.98,390.8,4293.18,40369.16
LN01931,ENT0193,16,2023-09-29,4683.98,0.0,4683.98,353.23,4330.75,36038.41
LN01931,ENT0193,17,2023-10-29,4683.98,0.0,4683.98,315.34,4368.64,31669.76
LN01931,ENT0193,18,2023-11-29,4683.98,0.0,4683.98,277.11,4406.87,27262.89
LN01931,ENT0193,19,2023-12-29,4683.98,0.0,4683.98,238.55,4445.43,22817.46
LN01931,ENT0193,20,2024-01-29,4683.98,0.0,4683.98,199.65,4484.33,18333.14
LN01931,ENT0193,21,2024-02-29,4683.98,0.0,4683.98,160.41,4523.57,13809.57
LN01931,ENT0193,22,2024-03-29,4683.98,0.0,4683.98,120.83,4563.15,9246.42
LN01931,ENT0193,23,2024-04-29,4683.98,0.0,4683.98,80.91,4603.07,4643.35
LN01931,ENT0193,24,2024-05-29,4683.98,0.0,4683.98,40.63,4643.35,0.0
LN01941,ENT0194,7,2023-08-10,2512.74,0.0,2512.74,226.87,2285.87,26371.04
LN01941,ENT0194,8,2023-09-10,2512.74,0.0,2512.74,208.77,2303.97,24067.07
LN01941,ENT0194,9,2023-10-10,2512.74,0.0,2512.74,190.53,2322.21,21744.87
LN01941,ENT0194,10,2023-11-10,2512.74,0.0,2512.74,172.15,2340.59,19404.27
LN01941,ENT0194,11,2023-12-10,2512.74,0.0,2512.74,153.62,2359.12,17045.15
LN01941,ENT0194,12,2024-01-10,2512.74,0.0,2512.74,134.94,2377.8,14667.35
LN01941,ENT0194,13,2024-02-10,2512.74,0.0,2512.74,116.12,2396.62,12270.73
LN01941,ENT0194,14,2024-03-10,2512.74,0.0,2512.74,97.14,2415.6,9855.14
LN01941,ENT0194,15,2024-04-10,2512.74,0.0,2512.74,78.02,2434.72,7420.42
LN01941,ENT0194,16,2024-05-10,2512.74,0.0,2512.74,58.74,2453.99,4966.42
LN01941,ENT0194,17,2024-06-10,2512.74,0.0,2512.74,39.32,2473.42,2493.0
LN01941,ENT0194,18,2024-07-10,2512.74,0.0,2512.74,19.74,2493.0,0.0
LN01951,ENT0195,12,2023-08-02,41391.86,0.0,41391.86,477.34,40914.53,0.0
LN01961,ENT0196,11,2023-08-27,1919.37,0.0,1919.37,170.09,1749.28,12829.92
LN01961,ENT0196,12,2023-09-27,1919.37,0.0,1919.37,149.68,1769.69,11060.23
LN01961,ENT0196,13,2023-10-27,1919.37,0.0,1919.37,129.04,1790.33,9269.9
LN01961,ENT0196,14,2023-11-27,1919.37,0.0,1919.37,108.15,1811.22,7458.68
LN01961,ENT0196,15,2023-12-27,1919.37,0.0,1919.37,87.02,1832.35,5626.32
LN01961,ENT0196,16,2024-01-27,1919.37,0.0,1919.37,65.64,1853.73,3772.59
LN01961,ENT0196,17,2024-02-27,1919.37,0.0,1919.37,44.01,1875.36,1897.24
LN01961,ENT0196,18,2024-03-27,1919.37,0.0,1919.37,22.13,1897.24,0.0
LN01981,ENT0198,3,2023-08-31,3842.48,0.0,3842.48,831.75,3010.73,92045.93
LN01981,ENT0198,4,2023-09-30,3842.48,0.0,3842.48,805.4,3037.07,89008.86
LN01981,ENT0198,5,2023-10-31,3842.48,0.0,3842.48,778.83,3063.65,85945.21
LN01981,ENT0198,6,2023-11-30,3842.48,0.0,3842.48,752.02,3090.45,82854.75
LN01981,ENT0198,7,2023-12-31,3842.48,0.0,3842.48,724.98,3117.5,79737.26
LN01981,ENT0198,8,2024-01-31,3842.48,0.0,3842.48,697.7,3144.77,76592.48
LN01981,ENT0198,9,2024-02-29,3842.48,0.0,3842.48,670.18,3172.29,73420.19
LN01981,ENT0198,10,2024-03-31,3842.48,0.0,3842.48,642.43,3200.05,70220.14
LN01981,ENT0198,11,2024-04-30,3842.48,0.0,3842.48,614.43,3228.05,66992.09
LN01981,ENT0198,12,2024-05-31,3842.48,0.0,3842.48,586.18,3256.29,63735.8
LN01981,ENT0198,13,2024-06-30,3842.48,0.0,3842.48,557.69,3284.79,60451.01
LN01981,ENT0198,14,2024-07-31,3842.48,0.0,3842.48,528.95,3313.53,57137.48
LN01981,ENT0198,15,2024-08-31,3842.48,0.0,3842.48,499.95,3342.52,53794.96
LN01981,ENT0198,16,2024-09-30,3842.48,0.0,3842.48,470.71,3371.77,50423.19
LN01981,ENT0198,17,2024-10-31,3842.48,0.0,3842.48,441.2,3401.27,47021.92
LN01981,ENT0198,18,2024-11-30,3842.48,768.5,3073.98,411.44,3431.03,43590.88
LN01981,ENT0198,19,2024-12-31,3842.48,768.5,3073.98,381.42,3461.06,40129.83
LN01981,ENT0198,20,2025-01-31,3842.48,768.5,3073.98,351.14,3491.34,36638.49
LN01981,ENT0198,21,2025-02-28,3842.48,768.5,3073.98,320.59,3521.89,33116.6
LN01981,ENT0198,22,2025-03-31,3842.48,768.5,3073.98,289.77,3552.71,29563.9
LN01981,ENT0198,23,2025-04-30,3842.48,768.5,3073.98,258.68,3583.79,25980.1
LN01981,ENT0198,24,2025-05-31,3842.48,768.5,3073.98,227.33,3615.15,22364.95
LN01981,ENT0198,25,2025-06-30,3842.48,768.5,3073.98,195.69,3646.78,18718.17
LN01981,ENT0198,26,2025-07-31,3842.48,768.5,3073.98,163.78,3678.69,15039.48
LN01981,ENT0198,27,2025-08-31,3842.48,768.5,3073.98,131.6,3710.88,11328.6
LN01981,ENT0198,28,2025-09-30,3842.48,768.5,3073.98,99.13,3743.35,7585.25
LN01981,ENT0198,29,2025-10-31,3842.48,768.5,3073.98,66.37,3776.1,3809.15
LN01981,ENT0198,30,2025-11-30,3842.48,768.5,3073.98,33.33,3809.15,0.0
LN02001,ENT0200,8,2023-08-14,4529.88,0.0,4529.88,488.02,4041.86,42808.11
LN02001,ENT0200,9,2023-09-14,4529.88,0.0,4529.88,445.92,4083.96,38724.15
LN02001,ENT0200,10,2023-10-14,4529.88,0.0,4529.88,403.38,4126.5,34597.65
LN02001,ENT0200,11,2023-11-14,4529.88,0.0,4529.88,360.39,4169.49,30428.17
LN02001,ENT0200,12,2023-12-14,4529.88,0.0,4529.88,316.96,4212.92,26215.25
LN02001,ENT0200,13,2024-01-14,4529.88,0.0,4529.88,273.08,4256.8,21958.45
LN02001,ENT0200,14,2024-02-14,4529.88,0.0,4529.88,228.73,4301.14,17657.3
LN02001,ENT0200,15,2024-03-14,4529.88,0.0,4529.88,183.93,4345.95,13311.36
LN02001,ENT0200,16,2024-04-14,4529.88,0.0,4529.88,138.66,4391.22,8920.14
LN02001,ENT0200,17,2024-05-14,4529.88,0.0,4529.88,92.92,4436.96,4483.18
LN02001,ENT0200,18,2024-06-14,4529.88,0.0,4529.88,46.7,4483.18,0.0
LN02021,ENT0202,1,2023-08-13,10409.92,0.0,10409.92,1377.5,9032.42,164967.58
LN02021,ENT0202,2,2023-09-13,10409.92,0.0,10409.92,1305.99,9103.92,155863.66
LN02021,ENT0202,3,2023-10-13,10409.92,0.0,10409.92,1233.92,9176.0,146687.66
LN02021,ENT0202,4,2023-11-13,10409.92,0.0,10409.92,1161.28,9248.64,137439.02
LN02021,ENT0202,5,2023-12-13,10409.92,0.0,10409.92,1088.06,9321.86,128117.16
LN02021,ENT0202,6,2024-01-13,10409.92,0.0,10409.92,1014.26,9395.66,118721.5
LN02021,ENT0202,7,2024-02-13,10409.92,0.0,10409.92,939.88,9470.04,109251.46
LN02021,ENT0202,8,2024-03-13,10409.92,0.0,10409.92,864.91,9545.01,99706.45
LN02021,ENT0202,9,2024-04-13,10409.92,0.0,10409.92,789.34,9620.58,90085.88
LN02021,ENT0202,10,2024-05-13,10409.92,0.0,10409.92,713.18,9696.74,80389.14
LN02021,ENT0202,11,2024-06-13,10409.92,0.0,10409.92,636.41,9773.5,70615.63
LN02021,ENT0202,12,2024-07-13,10409.92,0.0,10409.92,559.04,9850.88,60764.76
LN02021,ENT0202,13,2024-08-13,10409.92,0.0,10409.92,481.05,9928.86,50835.89
LN02021,ENT0202,14,2024-09-13,10409.92,0.0,10409.92,402.45,10007.47,40828.42
LN02021,ENT0202,15,2024-10-13,10409.92,0.0,10409.92,323.23,10086.69,30741.73
LN02021,ENT0202,16,2024-11-13,10409.92,0.0,10409.92,243.37,10166.55,20575.18
LN02021,ENT0202,17,2024-12-13,10409.92,0.0,10409.92,162.89,10247.03,10328.15
LN02021,ENT0202,18,2025-01-13,10409.92,0.0,10409.92,81.76,10328.15,0.0
LN02031,ENT0203,5,2023-08-04,9449.72,0.0,9449.72,2107.44,7342.28,258860.79
LN02031,ENT0203,6,2023-09-04,9449.72,0.0,9449.72,2049.31,7400.41,251460.38
LN02031,ENT0203,7,2023-10-04,9449.72,0.0,9449.72,1990.73,7458.99,244001.39
LN02031,ENT0203,8,2023-11-04,9449.72,0.0,9449.72,1931.68,7518.04,236483.35
LN02031,ENT0203,9,2023-12-04,9449.72,0.0,9449.72,1872.16,7577.56,228905.79
LN02031,ENT0203,10,2024-01-04,9449.72,0.0,9449.72,1812.17,7637.55,221268.24
LN02031,ENT0203,11,2024-02-04,9449.72,0.0,9449.72,1751.71,7698.01,213570.23
LN02031,ENT0203,12,2024-03-04,9449.72,0.0,9449.72,1690.76,7758.96,205811.27
LN02031,ENT0203,13,2024-04-04,9449.72,0.0,9449.72,1629.34,7820.38,197990.89
LN02031,ENT0203,14,2024-05-04,9449.72,0.0,9449.72,1567.43,7882.29,190108.6
LN02031,ENT0203,15,2024-06-04,9449.72,0.0,9449.72,1505.03,7944.69,182163.9
LN02031,ENT0203,16,2024-07-04,9449.72,0.0,9449.72,1442.13,8007.59,174156.32
LN02031,ENT0203,17,2024-08-04,9449.72,0.0,9449.72,1378.74,8070.98,166085.33
LN02031,ENT0203,18,2024-09-04,9449.72,0.0,9449.72,1314.84,8134.88,157950.45
LN02031,ENT0203,19,2024-10-04,9449.72,0.0,9449.72,1250.44,8199.28,149751.18
LN02031,ENT0203,20,2024-11-04,9449.72,0.0,9449.72,1185.53,8264.19,141486.99
LN02031,ENT0203,21,2024-12-04,9449.72,0.0,9449.72,1120.11,8329.61,133157.37
LN02031,ENT0203,22,2025-01-04,9449.72,0.0,9449.72,1054.16,8395.56,124761.81
LN02031,ENT0203,23,2025-02-04,9449.72,0.0,9449.72,987.7,8462.02,116299.79
LN02031,ENT0203,24,2025-03-04,9449.72,0.0,9449.72,920.71,8529.01,107770.78
LN02031,ENT0203,25,2025-04-04,9449.72,0.0,9449.72,853.19,8596.53,99174.24
LN02031,ENT0203,26,2025-05-04,9449.72,0.0,9449.72,785.13,8664.59,90509.65
LN02031,ENT0203,27,2025-06-04,9449.72,0.0,9449.72,716.53,8733.19,81776.47
LN02031,ENT0203,28,2025-07-04,9449.72,0.0,9449.72,647.4,8802.32,72974.14
LN02031,ENT0203,29,2025-08-04,9449.72,0.0,9449.72,577.71,8872.01,64102.13
LN02031,ENT0203,30,2025-09-04,9449.72,0.0,9449.72,507.48,8942.24,55159.89
LN02031,ENT0203,31,2025-10-04,9449.72,0.0,9449.72,436.68,9013.04,46146.85
LN02031,ENT0203,32,2025-11-04,9449.72,0.0,9449.72,365.33,9084.39,37062.46
LN02031,ENT0203,33,2025-12-04,9449.72,0.0,9449.72,293.41,9156.31,27906.15
LN02031,ENT0203,34,2026-01-04,9449.72,0.0,9449.72,220.92,9228.8,18677.36
LN02031,ENT0203,35,2026-02-04,9449.72,0.0,9449.72,147.86,9301.86,9375.5
LN02031,ENT0203,36,2026-03-04,9449.72,0.0,9449.72,74.22,9375.5,0.0
LN02041,ENT0204,15,2023-08-02,7686.68,0.0,7686.68,2338.5,5348.18,290041.4
LN02041,ENT0204,16,2023-09-02,7686.68,0.0,7686.68,2296.16,5390.52,284650.88
LN02041,ENT0204,17,2023-10-02,7686.68,0.0,7686.68,2253.49,5433.2,279217.69
LN02041,ENT0204,18,2023-11-02,7686.68,0.0,7686.68,2210.47,5476.21,273741.48
LN02041,ENT0204,19,2023-12-02,7686.68,0.0,7686.68,2167.12,5519.56,268221.92
LN02041,ENT0204,20,2024-01-02,7686.68,0.0,7686.68,2123.42,5563.26,262658.66
LN02041,ENT0204,21,2024-02-02,7686.68,0.0,7686.68,2079.38,5607.3,257051.36
LN02041,ENT0204,22,2024-03-02,7686.68,0.0,7686.68,2034.99,5651.69,251399.67
LN02041,ENT0204,23,2024-04-02,7686.68,0.0,7686.68,1990.25,5696.43,245703.24
LN02041,ENT0204,24,2024-05-02,7686.68,0.0,7686.68,1945.15,5741.53,239961.71
LN02041,ENT0204,25,2024-06-02,7686.68,0.0,7686.68,1899.7,5786.98,234174.72
LN02041,ENT0204,26,2024-07-02,7686.68,0.0,7686.68,1853.88,5832.8,228341.92
LN02041,ENT0204,27,2024-08-02,7686.68,0.0,7686.68,1807.71,5878.97,222462.95
LN02041,ENT0204,28,2024-09-02,7686.68,0.0,7686.68,1761.17,5925.52,216537.43
LN02041,ENT0204,29,2024-10-02,7686.68,0.0,7686.68,1714.25,5972.43,210565.01
LN02041,ENT0204,30,2024-11-02,7686.68,0.0,7686.68,1666.97,6019.71,204545.3
LN02041,ENT0204,31,2024-12-02,7686.68,0.0,7686.68,1619.32,6067.36,198477.93
LN02041,ENT0204,32,2025-01-02,7686.68,0.0,7686.68,1571.28,6115.4,192362.54
LN02041,ENT0204,33,2025-02-02,7686.68,0.0,7686.68,1522.87,6163.81,186198.72
LN02041,ENT0204,34,2025-03-02,7686.68,0.0,7686.68,1474.07,6212.61,179986.12
LN02041,ENT0204,35,2025-04-02,7686.68,0.0,7686.68,1424.89,6261.79,173724.32
LN02041,ENT0204,36,2025-05-02,7686.68,0.0,7686.68,1375.32,6311.36,167412.96
LN02041,ENT0204,37,2025-06-02,7686.68,0.0,7686.68,1325.35,6361.33,161051.63
LN02041,ENT0204,38,2025-07-02,7686.68,0.0,7686.68,1274.99,6411.69,154639.94
LN02041,ENT0204,39,2025-08-02,7686.68,0.0,7686.68,1224.23,6462.45,148177.5
LN02041,ENT0204,40,2025-09-02,7686.68,0.0,7686.68,1173.07,6513.61,141663.89
LN02041,ENT0204,41,2025-10-02,7686.68,0.0,7686.68,1121.51,6565.18,135098.71
LN02041,ENT0204,42,2025-11-02,7686.68,0.0,7686.68,1069.53,6617.15,128481.56
LN02041,ENT0204,43,2025-12-02,7686.68,0.0,7686.68,1017.15,6669.54,121812.02
LN02041,ENT0204,44,2026-01-02,7686.68,0.0,7686.68,964.35,6722.34,115089.69
LN02041,ENT0204,45,2026-02-02,7686.68,0.0,7686.68,911.13,6775.55,108314.13
LN02041,ENT0204,46,2026-03-02,7686.68,0.0,7686.68,857.49,6829.19,101484.94
LN02041,ENT0204,47,2026-04-02,7686.68,0.0,7686.68,803.42,6883.26,94601.68
LN02041,ENT0204,48,2026-05-02,7686.68,0.0,7686.68,748.93,6937.75,87663.93
LN02041,ENT0204,49,2026-06-02,7686.68,0.0,7686.68,694.01,6992.68,80671.25
LN02041,ENT0204,50,2026-07-02,7686.68,0.0,7686.68,638.65,7048.03,73623.22
LN02051,ENT0205,15,2023-08-12,7375.36,0.0,7375.36,3440.19,3935.17,246260.46
LN02051,ENT0205,16,2023-09-12,7375.36,0.0,7375.36,3386.08,3989.28,242271.18
LN02051,ENT0205,17,2023-10-12,7375.36,0.0,7375.36,3331.23,4044.13,238227.05
LN02051,ENT0205,18,2023-11-12,7375.36,0.0,7375.36,3275.62,4099.73,234127.32
LN02051,ENT0205,19,2023-12-12,7375.36,0.0,7375.36,3219.25,4156.11,229971.21
LN02051,ENT0205,20,2024-01-12,7375.36,0.0,7375.36,3162.1,4213.25,225757.96
LN02051,ENT0205,21,2024-02-12,7375.36,0.0,7375.36,3104.17,4271.18,221486.78
LN02051,ENT0205,22,2024-03-12,7375.36,0.0,7375.36,3045.44,4329.91,217156.86
LN02051,ENT0205,23,2024-04-12,7375.36,0.0,7375.36,2985.91,4389.45,212767.41
LN02051,ENT0205,24,2024-05-12,7375.36,0.0,7375.36,2925.55,4449.8,208317.61
LN02051,ENT0205,25,2024-06-12,7375.36,0.0,7375.36,2864.37,4510.99,203806.62
LN02051,ENT0205,26,2024-07-12,7375.36,0.0,7375.36,2802.34,4573.02,199233.6
LN02051,ENT0205,27,2024-08-12,7375.36,0.0,7375.36,2739.46,4635.89,194597.71
LN02051,ENT0205,28,2024-09-12,7375.36,0.0,7375.36,2675.72,4699.64,189898.07
LN02051,ENT0205,29,2024-10-12,7375.36,0.0,7375.36,2611.1,4764.26,185133.81
LN02051,ENT0205,30,2024-11-12,7375.36,1475.07,5900.29,2545.59,4829.77,180304.05
LN02051,ENT0205,31,2024-12-12,7375.36,1475.07,5900.29,2479.18,4896.18,175407.87
LN02051,ENT0205,32,2025-01-12,7375.36,1475.07,5900.29,2411.86,4963.5,170444.37
LN02051,ENT0205,33,2025-02-12,7375.36,1475.07,5900.29,2343.61,5031.75,165412.63
LN02051,ENT0205,34,2025-03-12,7375.36,1475.07,5900.29,2274.42,5100.93,160311.7
LN02051,ENT0205,35,2025-04-12,7375.36,1475.07,5900.29,2204.29,5171.07,155140.63
LN02051,ENT0205,36,2025-05-12,7375.36,1475.07,5900.29,2133.18,5242.17,149898.45
LN02051,ENT0205,37,2025-06-12,7375.36,1475.07,5900.29,2061.1,5314.25,144584.2
LN02051,ENT0205,38,2025-07-12,7375.36,1475.07,5900.29,1988.03,5387.32,139196.88
LN02051,ENT0205,39,2025-08-12,7375.36,1475.07,5900.29,1913.96,5461.4,133735.48
LN02051,ENT0205,40,2025-09-12,7375.36,1475.07,5900.29,1838.86,5536.49,128198.98
LN02051,ENT0205,41,2025-10-12,7375.36,1475.07,5900.29,1762.74,5612.62,122586.36
LN02051,ENT0205,42,2025-11-12,7375.36,1475.07,5900.29,1685.56,5689.79,116896.57
LN02051,ENT0205,43,2025-12-12,7375.36,1475.07,5900.29,1607.33,5768.03,111128.54
LN02051,ENT0205,44,2026-01-12,7375.36,1475.07,5900.29,1528.02,5847.34,105281.2
LN02051,ENT0205,45,2026-02-12,7375.36,1475.07,5900.29,1447.62,5927.74,99353.46
LN02051,ENT0205,46,2026-03-12,7375.36,1475.07,5900.29,1366.11,6009.25,93344.22
LN02051,ENT0205,47,2026-04-12,7375.36,1475.07,5900.29,1283.48,6091.87,87252.34
LN02051,ENT0205,48,2026-05-12,7375.36,1475.07,5900.29,1199.72,6175.64,81076.71
LN02051,ENT0205,49,2026-06-12,7375.36,1475.07,5900.29,1114.8,6260.55,74816.15
LN02051,ENT0205,50,2026-07-12,7375.36,1475.07,5900.29,1028.72,6346.63,68469.52
LN02061,ENT0206,16,2023-08-14,2529.38,0.0,2529.38,208.06,2321.31,19389.54
LN02061,ENT0206,17,2023-09-14,2529.38,0.0,2529.38,185.82,2343.56,17045.98
LN02061,ENT0206,18,2023-10-14,2529.38,0.0,2529.38,163.36,2366.02,14679.96
LN02061,ENT0206,19,2023-11-14,2529.38,0.0,2529.38,140.68,2388.69,12291.26
LN02061,ENT0206,20,2023-12-14,2529.38,0.0,2529.38,117.79,2411.59,9879.68
LN02061,ENT0206,21,2024-01-14,2529.38,0.0,2529.38,94.68,2434.7,7444.98
LN02061,ENT0206,22,2024-02-14,2529.38,0.0,2529.38,71.35,2458.03,4986.95
LN02061,ENT0206,23,2024-03-14,2529.38,0.0,2529.38,47.79,2481.59,2505.37
LN02061,ENT0206,24,2024-04-14,2529.38,0.0,2529.38,24.01,2505.37,0.0
LN02071,ENT0207,6,2023-08-16,3795.52,0.0,3795.52,679.1,3116.41,82664.86
LN02071,ENT0207,7,2023-09-16,3795.52,0.0,3795.52,654.43,3141.09,79523.78
LN02071,ENT0207,8,2023-10-16,3795.52,0.0,3795.52,629.56,3165.95,76357.83
LN02071,ENT0207,9,2023-11-16,3795.52,0.0,3795.52,604.5,3191.02,73166.81
LN02071,ENT0207,10,2023-12-16,3795.52,0.0,3795.52,579.24,3216.28,69950.53
LN02071,ENT0207,11,2024-01-16,3795.52,0.0,3795.52,553.78,3241.74,66708.79
LN02071,ENT0207,12,2024-02-16,3795.52,0.0,3795.52,528.11,3267.4,63441.39
LN02071,ENT0207,13,2024-03-16,3795.52,0.0,3795.52,502.24,3293.27,60148.12
LN02071,ENT0207,14,2024-04-16,3795.52,0.0,3795.52,476.17,3319.34,56828.77
LN02071,ENT0207,15,2024-05-16,3795.52,0.0,3795.52,449.89,3345.62,53483.15
LN02071,ENT0207,16,2024-06-16,3795.52,0.0,3795.52,423.41,3372.11,50111.05
LN02071,ENT0207,17,2024-07-16,3795.52,0.0,3795.52,396.71,3398.8,46712.24
LN02071,ENT0207,18,2024-08-16,3795.52,0.0,3795.52,369.81,3425.71,43286.53
LN02071,ENT0207,19,2024-09-16,3795.52,0.0,3795.52,342.69,3452.83,39833.7
LN02071,ENT0207,20,2024-10-16,3795.52,0.0,3795.52,315.35,3480.17,36353.54
LN02071,ENT0207,21,2024-11-16,3795.52,0.0,3795.52,287.8,3507.72,32845.82
LN02071,ENT0207,22,2024-12-16,3795.52,0.0,3795.52,260.03,3535.49,29310.34
LN02071,ENT0207,23,2025-01-16,3795.52,0.0,3795.52,232.04,3563.48,25746.86
LN02071,ENT0207,24,2025-02-16,3795.52,0.0,3795.52,203.83,3591.69,22155.18
LN02071,ENT0207,25,2025-03-16,3795.52,0.0,3795.52,175.4,3620.12,18535.05
LN02071,ENT0207,26,2025-04-16,3795.52,0.0,3795.52,146.74,3648.78,14886.28
LN02071,ENT0207,27,2025-05-16,3795.52,0.0,3795.52,117.85,3677.67,11208.61
LN02071,ENT0207,28,2025-06-16,3795.52,0.0,3795.52,88.73,3706.78,7501.83
LN02071,ENT0207,29,2025-07-16,3795.52,455.46,3340.05,59.39,3736.13,3765.7
LN02071,ENT0207,30,2025-08-16,3795.52,455.46,3340.05,29.81,3765.7,0.0
LN02081,ENT0208,4,2023-08-14,13187.93,0.0,13187.93,2106.01,11081.92,169433.22
LN02081,ENT0208,5,2023-09-14,13187.93,0.0,13187.93,1976.72,11211.21,158222.01
LN02081,ENT0208,6,2023-10-14,13187.93,0.0,13187.93,1845.92,11342.01,146880.0
LN02081,ENT0208,7,2023-11-14,13187.93,0.0,13187.93,1713.6,11474.33,135405.67
LN02081,ENT0208,8,2023-12-14,13187.93,0.0,13187.93,1579.73,11608.2,123797.47
LN02081,ENT0208,9,2024-01-14,13187.93,0.0,13187.93,1444.3,11743.63,112053.84
LN02081,ENT0208,10,2024-02-14,13187.93,0.0,13187.93,1307.29,11880.64,100173.21
LN02081,ENT0208,11,2024-03-14,13187.93,0.0,13187.93,1168.69,12019.24,88153.96
LN02081,ENT0208,12,2024-04-14,13187.93,0.0,13187.93,1028.46,12159.47,75994.49
LN02081,ENT0208,13,2024-05-14,13187.93,0.0,13187.93,886.6,12301.33,63693.16
LN02081,ENT0208,14,2024-06-14,13187.93,0.0,13187.93,743.09,12444.85,51248.32
LN02081,ENT0208,15,2024-07-14,13187.93,0.0,13187.93,597.9,12590.04,38658.28
LN02081,ENT0208,16,2024-08-14,13187.93,0.0,13187.93,451.01,12736.92,25921.36
LN02081,ENT0208,17,2024-09-14,13187.93,0.0,13187.93,302.42,12885.52,13035.85
LN02081,ENT0208,18,2024-10-14,13187.93,0.0,13187.93,152.08,13035.85,0.0
LN02082,ENT0208,1,2024-10-16,19241.9,0.0,19241.9,2250.0,16991.9,199008.1
LN02082,ENT0208,2,2024-11-16,19241.9,0.0,19241.9,2073.0,17168.9,181839.2
LN02082,ENT0208,3,2024-12-16,19241.9,0.0,19241.9,1894.16,17347.74,164491.46
LN02082,ENT0208,4,2025-01-16,19241.9,0.0,19241.9,1713.45,17528.45,146963.02
LN02082,ENT0208,5,2025-02-16,19241.9,0.0,19241.9,1530.86,17711.03,129251.99
LN02082,ENT0208,6,2025-03-16,19241.9,0.0,19241.9,1346.37,17895.52,111356.46
LN02082,ENT0208,7,2025-04-16,19241.9,0.0,19241.9,1159.96,18081.94,93274.53
LN02082,ENT0208,8,2025-05-16,19241.9,0.0,19241.9,971.61,18270.29,75004.24
LN02082,ENT0208,9,2025-06-16,19241.9,0.0,19241.9,781.29,18460.6,56543.63
LN02082,ENT0208,10,2025-07-16,19241.9,0.0,19241.9,589.0,18652.9,37890.73
LN02082,ENT0208,11,2025-08-16,19241.9,0.0,19241.9,394.7,18847.2,19043.53
LN02082,ENT0208,12,2025-09-16,19241.9,0.0,19241.9,198.37,19043.53,0.0
LN02091,ENT0209,15,2023-08-05,9057.25,0.0,9057.25,2195.33,6861.92,118585.47
LN02091,ENT0209,16,2023-09-05,9057.25,0.0,9057.25,2075.25,6982.0,111603.47
LN02091,ENT0209,17,2023-10-05,9057.25,0.0,9057.25,1953.06,7104.19,104499.28
LN02091,ENT0209,18,2023-11-05,9057.25,0.0,9057.25,1828.74,7228.51,97270.77
LN02091,ENT0209,19,2023-12-05,9057.25,0.0,9057.25,1702.24,7355.01,89915.76
LN02091,ENT0209,20,2024-01-05,9057.25,0.0,9057.25,1573.53,7483.72,82432.04
LN02091,ENT0209,21,2024-02-05,9057.25,0.0,9057.25,1442.56,7614.69,74817.35
LN02091,ENT0209,22,2024-03-05,9057.25,0.0,9057.25,1309.3,7747.94,67069.41
LN02091,ENT0209,23,2024-04-05,9057.25,0.0,9057.25,1173.71,7883.53,59185.87
LN02091,ENT0209,24,2024-05-05,9057.25,0.0,9057.25,1035.75,8021.5,51164.38
LN02091,ENT0209,25,2024-06-05,9057.25,0.0,9057.25,895.38,8161.87,43002.5
LN02091,ENT0209,26,2024-07-05,9057.25,0.0,9057.25,752.54,8304.7,34697.8
LN02091,ENT0209,27,2024-08-05,9057.25,0.0,9057.25,607.21,8450.04,26247.76
LN02091,ENT0209,28,2024-09-05,9057.25,0.0,9057.25,459.34,8597.91,17649.85
LN02091,ENT0209,29,2024-10-05,9057.25,0.0,9057.25,308.87,8748.38,8901.47
LN02091,ENT0209,30,2024-11-05,9057.25,0.0,9057.25,155.78,8901.47,0.0
LN02101,ENT0210,6,2023-08-24,6839.31,0.0,6839.31,367.29,6472.02,39922.43
LN02101,ENT0210,7,2023-09-24,6839.31,0.0,6839.31,316.05,6523.26,33399.17
LN02101,ENT0210,8,2023-10-24,6839.31,0.0,6839.31,264.41,6574.9,26824.27
LN02101,ENT0210,9,2023-11-24,6839.31,0.0,6839.31,212.36,6626.96,20197.31
LN02101,ENT0210,10,2023-12-24,6839.31,0.0,6839.31,159.9,6679.42,13517.89
LN02101,ENT0210,11,2024-01-24,6839.31,0.0,6839.31,107.02,6732.3,6785.59
LN02101,ENT0210,12,2024-02-24,6839.31,0.0,6839.31,53.72,6785.59,0.0
LN02121,ENT0212,4,2023-08-29,8337.74,0.0,8337.74,3018.56,5319.18,375972.65
LN02121,ENT0212,5,2023-09-29,8337.74,0.0,8337.74,2976.45,5361.29,370611.36
LN02121,ENT0212,6,2023-10-29,8337.74,0.0,8337.74,2934.01,5403.73,365207.63
LN02121,ENT0212,7,2023-11-29,8337.74,0.0,8337.74,2891.23,5446.51,359761.12
LN02121,ENT0212,8,2023-12-29,8337.74,0.0,8337.74,2848.11,5489.63,354271.49
LN02121,ENT0212,9,2024-01-29,8337.74,0.0,8337.74,2804.65,5533.09,348738.4
LN02121,ENT0212,10,2024-02-29,8337.74,0.0,8337.74,2760.85,5576.89,343161.51
LN02121,ENT0212,11,2024-03-29,8337.74,0.0,8337.74,2716.7,5621.04,337540.46
LN02121,ENT0212,12,2024-04-29,8337.74,0.0,8337.74,2672.2,5665.54,331874.92
LN02121,ENT0212,13,2024-05-29,8337.74,0.0,8337.74,2627.34,5710.4,326164.52
LN02121,ENT0212,14,2024-06-29,8337.74,0.0,8337.74,2582.14,5755.6,320408.92
LN02121,ENT0212,15,2024-07-29,8337.74,0.0,8337.74,2536.57,5801.17,314607.75
LN02121,ENT0212,16,2024-08-29,8337.74,0.0,8337.74,2490.64,5847.09,308760.66
LN02121,ENT0212,17,2024-09-29,8337.74,0.0,8337.74,2444.36,5893.38,302867.27
LN02121,ENT0212,18,2024-10-29,8337.74,0.0,8337.74,2397.7,5940.04,296927.23
LN02121,ENT0212,19,2024-11-29,8337.74,0.0,8337.74,2350.67,5987.07,290940.17
LN02121,ENT0212,20,2024-12-29,8337.74,0.0,8337.74,2303.28,6034.46,284905.71
LN02121,ENT0212,21,2025-01-29,8337.74,0.0,8337.74,2255.5,6082.24,278823.47
LN02121,ENT0212,22,2025-02-28,8337.74,0.0,8337.74,2207.35,6130.39,272693.08
LN02121,ENT0212,23,2025-03-29,8337.74,0.0,8337.74,2158.82,6178.92,266514.17
LN02121,ENT0212,24,2025-04-29,8337.74,0.0,8337.74,2109.9,6227.84,260286.33
LN02121,ENT0212,25,2025-05-29,8337.74,0.0,8337.74,2060.6,6277.14,254009.19
LN02121,ENT0212,26,2025-06-29,8337.74,0.0,8337.74,2010.91,6326.83,247682.36
LN02121,ENT0212,27,2025-07-29,8337.74,1000.53,7337.21,1960.82,6376.92,241305.44
LN02121,ENT0212,28,2025-08-29,8337.74,1000.53,7337.21,1910.33,6427.4,234878.03
LN02121,ENT0212,29,2025-09-29,8337.74,1000.53,7337.21,1859.45,6478.29,228399.75
LN02121,ENT0212,30,2025-10-29,8337.74,1000.53,7337.21,1808.16,6529.57,221870.17
LN02121,ENT0212,31,2025-11-29,8337.74,1000.53,7337.21,1756.47,6581.27,215288.91
LN02121,ENT0212,32,2025-12-29,8337.74,1000.53,7337.21,1704.37,6633.37,208655.54
LN02121,ENT0212,33,2026-01-29,8337.74,1000.53,7337.21,1651.86,6685.88,201969.65
LN02121,ENT0212,34,2026-02-28,8337.74,1000.53,7337.21,1598.93,6738.81,195230.84
LN02121,ENT0212,35,2026-03-29,8337.74,1000.53,7337.21,1545.58,6792.16,188438.68
LN02121,ENT0212,36,2026-04-29,8337.74,1000.53,7337.21,1491.81,6845.93,181592.75
LN02121,ENT0212,37,2026-05-29,8337.74,1000.53,7337.21,1437.61,6900.13,174692.62
LN02121,ENT0212,38,2026-06-29,8337.74,1000.53,7337.21,1382.98,6954.76,167737.86
LN02121,ENT0212,39,2026-07-29,8337.74,1000.53,7337.21,1327.92,7009.81,160728.05
LN02131,ENT0213,11,2023-08-22,2543.02,0.0,2543.02,1474.88,1068.14,83210.48
LN02131,ENT0213,12,2023-09-22,2543.02,0.0,2543.02,1456.18,1086.83,82123.65
LN02131,ENT0213,13,2023-10-22,2543.02,0.0,2543.02,1437.16,1105.85,81017.8
LN02131,ENT0213,14,2023-11-22,2543.02,0.0,2543.02,1417.81,1125.2,79892.59
LN02131,ENT0213,15,2023-12-22,2543.02,0.0,2543.02,1398.12,1144.9,78747.7
LN02131,ENT0213,16,2024-01-22,2543.02,0.0,2543.02,1378.08,1164.93,77582.76
LN02131,ENT0213,17,2024-02-22,2543.02,0.0,2543.02,1357.7,1185.32,76397.45
LN02131,ENT0213,18,2024-03-22,2543.02,0.0,2543.02,1336.96,1206.06,75191.39
LN02131,ENT0213,19,2024-04-22,2543.02,0.0,2543.02,1315.85,1227.17,73964.22
LN02131,ENT0213,20,2024-05-22,2543.02,0.0,2543.02,1294.37,1248.64,72715.58
LN02131,ENT0213,21,2024-06-22,2543.02,0.0,2543.02,1272.52,1270.49,71445.08
LN02131,ENT0213,22,2024-07-22,2543.02,0.0,2543.02,1250.29,1292.73,70152.36
LN02131,ENT0213,23,2024-08-22,2543.02,0.0,2543.02,1227.67,1315.35,68837.01
LN02131,ENT0213,24,2024-09-22,2543.02,0.0,2543.02,1204.65,1338.37,67498.64
LN02131,ENT0213,25,2024-10-22,2543.02,0.0,2543.02,1181.23,1361.79,66136.85
LN02131,ENT0213,26,2024-11-22,2543.02,0.0,2543.02,1157.39,1385.62,64751.23
LN02131,ENT0213,27,2024-12-22,2543.02,0.0,2543.02,1133.15,1409.87,63341.36
LN02131,ENT0213,28,2025-01-22,2543.02,0.0,2543.02,1108.47,1434.54,61906.82
LN02131,ENT0213,29,2025-02-22,2543.02,0.0,2543.02,1083.37,1459.65,60447.17
LN02131,ENT0213,30,2025-03-22,2543.02,0.0,2543.02,1057.83,1485.19,58961.98
LN02131,ENT0213,31,2025-04-22,2543.02,0.0,2543.02,1031.83,1511.18,57450.8
LN02131,ENT0213,32,2025-05-22,2543.02,0.0,2543.02,1005.39,1537.63,55913.17
LN02131,ENT0213,33,2025-06-22,2543.02,0.0,2543.02,978.48,1564.54,54348.64
LN02131,ENT0213,34,2025-07-22,2543.02,0.0,2543.02,951.1,1591.91,52756.72
LN02131,ENT0213,35,2025-08-22,2543.02,0.0,2543.02,923.24,1619.77,51136.95
LN02131,ENT0213,36,2025-09-22,2543.02,0.0,2543.02,894.9,1648.12,49488.83
LN02131,ENT0213,37,2025-10-22,2543.02,0.0,2543.02,866.05,1676.96,47811.87
LN02131,ENT0213,38,2025-11-22,2543.02,0.0,2543.02,836.71,1706.31,46105.56
LN02131,ENT0213,39,2025-12-22,2543.02,0.0,2543.02,806.85,1736.17,44369.39
LN02131,ENT0213,40,2026-01-22,2543.02,0.0,2543.02,776.46,1766.55,42602.84
LN02131,ENT0213,41,2026-02-22,2543.02,0.0,2543.02,745.55,1797.47,40805.38
LN02131,ENT0213,42,2026-03-22,2543.02,0.0,2543.02,714.09,1828.92,38976.45
LN02131,ENT0213,43,2026-04-22,2543.02,0.0,2543.02,682.09,1860.93,37115.53
LN02131,ENT0213,44,2026-05-22,2543.02,0.0,2543.02,649.52,1893.49,35222.03
LN02131,ENT0213,45,2026-06-22,2543.02,0.0,2543.02,616.39,1926.63,33295.4
LN02131,ENT0213,46,2026-07-22,2543.02,0.0,2543.02,582.67,1960.35,31335.06
LN02141,ENT0214,5,2023-08-20,601.83,0.0,601.83,232.35,369.48,26184.36
LN02141,ENT0214,6,2023-09-20,601.83,0.0,601.83,229.11,372.72,25811.64
LN02141,ENT0214,7,2023-10-20,601.83,0.0,601.83,225.85,375.98,25435.66
LN02141,ENT0214,8,2023-11-20,601.83,0.0,601.83,222.56,379.27,25056.4
LN02141,ENT0214,9,2023-12-20,601.83,0.0,601.83,219.24,382.59,24673.81
LN02141,ENT0214,10,2024-01-20,601.83,0.0,601.83,215.9,385.93,24287.88
LN02141,ENT0214,11,2024-02-20,601.83,0.0,601.83,212.52,389.31,23898.57
LN02141,ENT0214,12,2024-03-20,601.83,0.0,601.83,209.11,392.72,23505.85
LN02141,ENT0214,13,2024-04-20,601.83,0.0,601.83,205.68,396.15,23109.7
LN02141,ENT0214,14,2024-05-20,601.83,0.0,601.83,202.21,399.62,22710.08
LN02141,ENT0214,15,2024-06-20,601.83,0.0,601.83,198.71,403.12,22306.96
LN02141,ENT0214,16,2024-07-20,601.83,0.0,601.83,195.19,406.64,21900.32
LN02141,ENT0214,17,2024-08-20,601.83,0.0,601.83,191.63,410.2,21490.12
LN02141,ENT0214,18,2024-09-20,601.83,0.0,601.83,188.04,413.79,21076.33
LN02141,ENT0214,19,2024-10-20,601.83,0.0,601.83,184.42,417.41,20658.92
LN02141,ENT0214,20,2024-11-20,601.83,0.0,601.83,180.77,421.06,20237.85
LN02141,ENT0214,21,2024-12-20,601.83,0.0,601.83,177.08,424.75,19813.1
LN02141,ENT0214,22,2025-01-20,601.83,0.0,601.83,173.36,428.46,19384.64
LN02141,ENT0214,23,2025-02-20,601.83,0.0,601.83,169.62,432.21,18952.43
LN02141,ENT0214,24,2025-03-20,601.83,0.0,601.83,165.83,436.0,18516.43
LN02141,ENT0214,25,2025-04-20,601.83,0.0,601.83,162.02,439.81,18076.62
LN02141,ENT0214,26,2025-05-20,601.83,0.0,601.83,158.17,443.66,17632.96
LN02141,ENT0214,27,2025-06-20,601.83,0.0,601.83,154.29,447.54,17185.42
LN02141,ENT0214,28,2025-07-20,601.83,0.0,601.83,150.37,451.46,16733.96
LN02141,ENT0214,29,2025-08-20,601.83,0.0,601.83,146.42,455.41,16278.56
LN02141,ENT0214,30,2025-09-20,601.83,0.0,601.83,142.44,459.39,15819.16
LN02141,ENT0214,31,2025-10-20,601.83,0.0,601.83,138.42,463.41,15355.75
LN02141,ENT0214,32,2025-11-20,601.83,0.0,601.83,134.36,467.47,14888.29
LN02141,ENT0214,33,2025-12-20,601.83,0.0,601.83,130.27,471.56,14416.73
LN02141,ENT0214,34,2026-01-20,601.83,0.0,601.83,126.15,475.68,13941.05
LN02141,ENT0214,35,2026-02-20,601.83,0.0,601.83,121.98,479.85,13461.2
LN02141,ENT0214,36,2026-03-20,601.83,0.0,601.83,117.79,484.04,12977.16
LN02141,ENT0214,37,2026-04-20,601.83,0.0,601.83,113.55,488.28,12488.88
LN02141,ENT0214,38,2026-05-20,601.83,0.0,601.83,109.28,492.55,11996.33
LN02141,ENT0214,39,2026-06-20,601.83,0.0,601.83,104.97,496.86,11499.47
LN02141,ENT0214,40,2026-07-20,601.83,0.0,601.83,100.62,501.21,10998.26
LN02151,ENT0215,14,2023-08-11,3190.64,0.0,3190.64,769.52,2421.12,94781.67
LN02151,ENT0215,15,2023-09-11,3190.64,0.0,3190.64,750.35,2440.28,92341.39
LN02151,ENT0215,16,2023-10-11,3190.64,0.0,3190.64,731.04,2459.6,89881.79
LN02151,ENT0215,17,2023-11-11,3190.64,0.0,3190.64,711.56,2479.07,87402.71
LN02151,ENT0215,18,2023-12-11,3190.64,0.0,3190.64,691.94,2498.7,84904.01
LN02151,ENT0215,19,2024-01-11,3190.64,0.0,3190.64,672.16,2518.48,82385.53
LN02151,ENT0215,20,2024-02-11,3190.64,0.0,3190.64,652.22,2538.42,79847.11
LN02151,ENT0215,21,2024-03-11,3190.64,0.0,3190.64,632.12,2558.52,77288.59
LN02151,ENT0215,22,2024-04-11,3190.64,0.0,3190.64,611.87,2578.77,74709.82
LN02151,ENT0215,23,2024-05-11,3190.64,0.0,3190.64,591.45,2599.19,72110.64
LN02151,ENT0215,24,2024-06-11,3190.64,0.0,3190.64,570.88,2619.76,69490.88
LN02151,ENT0215,25,2024-07-11,3190.64,0.0,3190.64,550.14,2640.5,66850.37
LN02151,ENT0215,26,2024-08-11,3190.64,0.0,3190.64,529.23,2661.41,64188.97
LN02151,ENT0215,27,2024-09-11,3190.64,0.0,3190.64,508.16,2682.48,61506.49
LN02151,ENT0215,28,2024-10-11,3190.64,0.0,3190.64,486.93,2703.71,58802.78
LN02151,ENT0215,29,2024-11-11,3190.64,0.0,3190.64,465.52,2725.12,56077.66
LN02151,ENT0215,30,2024-12-11,3190.64,0.0,3190.64,443.95,2746.69,53330.97
LN02151,ENT0215,31,2025-01-11,3190.64,0.0,3190.64,422.2,2768.43,50562.54
LN02151,ENT0215,32,2025-02-11,3190.64,0.0,3190.64,400.29,2790.35,47772.19
LN02151,ENT0215,33,2025-03-11,3190.64,0.0,3190.64,378.2,2812.44,44959.75
LN02151,ENT0215,34,2025-04-11,3190.64,0.0,3190.64,355.93,2834.71,42125.04
LN02151,ENT0215,35,2025-05-11,3190.64,0.0,3190.64,333.49,2857.15,39267.89
LN02151,ENT0215,36,2025-06-11,3190.64,0.0,3190.64,310.87,2879.77,36388.12
LN02151,ENT0215,37,2025-07-11,3190.64,0.0,3190.64,288.07,2902.57,33485.56
LN02151,ENT0215,38,2025-08-11,3190.64,0.0,3190.64,265.09,2925.54,30560.01
LN02151,ENT0215,39,2025-09-11,3190.64,0.0,3190.64,241.93,2948.7,27611.31
LN02151,ENT0215,40,2025-10-11,3190.64,0.0,3190.64,218.59,2972.05,24639.26
LN02151,ENT0215,41,2025-11-11,3190.64,0.0,3190.64,195.06,2995.58,21643.68
LN02151,ENT0215,42,2025-12-11,3190.64,0.0,3190.64,171.35,3019.29,18624.39
LN02151,ENT0215,43,2026-01-11,3190.64,0.0,3190.64,147.44,3043.2,15581.19
LN02151,ENT0215,44,2026-02-11,3190.64,0.0,3190.64,123.35,3067.29,12513.91
LN02151,ENT0215,45,2026-03-11,3190.64,0.0,3190.64,99.07,3091.57,9422.34
LN02151,ENT0215,46,2026-04-11,3190.64,0.0,3190.64,74.59,3116.04,6306.29
LN02151,ENT0215,47,2026-05-11,3190.64,0.0,3190.64,49.92,3140.71,3165.58
LN02151,ENT0215,48,2026-06-11,3190.64,0.0,3190.64,25.06,3165.58,0.0
LN02161,ENT0216,1,2023-08-04,14584.48,0.0,14584.48,7012.5,7571.98,502428.02
LN02161,ENT0216,2,2023-09-04,14584.48,0.0,14584.48,6908.39,7676.09,494751.94
LN02161,ENT0216,3,2023-10-04,14584.48,0.0,14584.48,6802.84,7781.64,486970.3
LN02161,ENT0216,4,2023-11-04,14584.48,0.0,14584.48,6695.84,7888.63,479081.67
LN02161,ENT0216,5,2023-12-04,14584.48,0.0,14584.48,6587.37,7997.1,471084.56
LN02161,ENT0216,6,2024-01-04,14584.48,0.0,14584.48,6477.41,8107.06,462977.5
LN02161,ENT0216,7,2024-02-04,14584.48,0.0,14584.48,6365.94,8218.53,454758.97
LN02161,ENT0216,8,2024-03-04,14584.48,0.0,14584.48,6252.94,8331.54,446427.43
LN02161,ENT0216,9,2024-04-04,14584.48,0.0,14584.48,6138.38,8446.1,437981.33
LN02161,ENT0216,10,2024-05-04,14584.48,0.0,14584.48,6022.24,8562.23,429419.1
LN02161,ENT0216,11,2024-06-04,14584.48,0.0,14584.48,5904.51,8679.96,420739.14
LN02161,ENT0216,12,2024-07-04,14584.48,0.0,14584.48,5785.16,8799.31,411939.82
LN02161,ENT0216,13,2024-08-04,14584.48,0.0,14584.48,5664.17,8920.3,403019.52
LN02161,ENT0216,14,2024-09-04,14584.48,0.0,14584.48,5541.52,9042.96,393976.56
LN02161,ENT0216,15,2024-10-04,14584.48,0.0,14584.48,5417.18,9167.3,384809.27
LN02161,ENT0216,16,2024-11-04,14584.48,0.0,14584.48,5291.13,9293.35,375515.92
LN02161,ENT0216,17,2024-12-04,14584.48,0.0,14584.48,5163.34,9421.13,366094.79
LN02161,ENT0216,18,2025-01-04,14584.48,0.0,14584.48,5033.8,9550.67,356544.12
LN02161,ENT0216,19,2025-02-04,14584.48,0.0,14584.48,4902.48,9681.99,346862.12
LN02161,ENT0216,20,2025-03-04,14584.48,0.0,14584.48,4769.35,9815.12,337047.0
LN02161,ENT0216,21,2025-04-04,14584.48,0.0,14584.48,4634.4,9950.08,327096.92
LN02161,ENT0216,22,2025-05-04,14584.48,0.0,14584.48,4497.58,10086.89,317010.03
LN02161,ENT0216,23,2025-06-04,14584.48,0.0,14584.48,4358.89,10225.59,306784.44
LN02161,ENT0216,24,2025-07-04,14584.48,1750.14,12834.34,4218.29,10366.19,296418.25
LN02161,ENT0216,25,2025-08-04,14584.48,1750.14,12834.34,4075.75,10508.72,285909.53
LN02161,ENT0216,26,2025-09-04,14584.48,1750.14,12834.34,3931.26,10653.22,275256.31
LN02161,ENT0216,27,2025-10-04,14584.48,1750.14,12834.34,3784.77,10799.7,264456.61
LN02161,ENT0216,28,2025-11-04,14584.48,1750.14,12834.34,3636.28,10948.2,253508.41
LN02161,ENT0216,29,2025-12-04,14584.48,1750.14,12834.34,3485.74,11098.73,242409.68
LN02161,ENT0216,30,2026-01-04,14584.48,1750.14,12834.34,3333.13,11251.34,231158.34
LN02161,ENT0216,31,2026-02-04,14584.48,1750.14,12834.34,3178.43,11406.05,219752.29
LN02161,ENT0216,32,2026-03-04,14584.48,1750.14,12834.34,3021.59,11562.88,208189.41
LN02161,ENT0216,33,2026-04-04,14584.48,1750.14,12834.34,2862.6,11721.87,196467.54
LN02161,ENT0216,34,2026-05-04,14584.48,1750.14,12834.34,2701.43,11883.05,184584.49
LN02161,ENT0216,35,2026-06-04,14584.48,1750.14,12834.34,2538.04,12046.44,172538.05
LN02161,ENT0216,36,2026-07-04,14584.48,1750.14,12834.34,2372.4,12212.08,160325.98
LN02162,ENT0216,1,2025-06-13,6195.3,0.0,6195.3,3465.0,2730.3,249269.7
LN02162,ENT0216,2,2025-07-13,6195.3,743.44,5451.86,3427.46,2767.84,246501.86
LN02162,ENT0216,3,2025-08-13,6195.3,743.44,5451.86,3389.4,2805.9,243695.96
LN02162,ENT0216,4,2025-09-13,6195.3,743.44,5451.86,3350.82,2844.48,240851.48
LN02162,ENT0216,5,2025-10-13,6195.3,743.44,5451.86,3311.71,2883.59,237967.89
LN02162,ENT0216,6,2025-11-13,6195.3,743.44,5451.86,3272.06,2923.24,235044.65
LN02162,ENT0216,7,2025-12-13,6195.3,743.44,5451.86,3231.86,2963.44,232081.21
LN02162,ENT0216,8,2026-01-13,6195.3,743.44,5451.86,3191.12,3004.18,229077.03
LN02162,ENT0216,9,2026-02-13,6195.3,743.44,5451.86,3149.81,3045.49,226031.54
LN02162,ENT0216,10,2026-03-13,6195.3,743.44,5451.86,3107.93,3087.37,222944.18
LN02162,ENT0216,11,2026-04-13,6195.3,743.44,5451.86,3065.48,3129.82,219814.36
LN02162,ENT0216,12,2026-05-13,6195.3,743.44,5451.86,3022.45,3172.85,216641.51
LN02162,ENT0216,13,2026-06-13,6195.3,743.44,5451.86,2978.82,3216.48,213425.03
LN02162,ENT0216,14,2026-07-13,6195.3,743.44,5451.86,2934.59,3260.71,210164.32
LN02171,ENT0217,15,2023-08-10,8935.58,0.0,8935.58,2290.78,6644.8,255158.24
LN02171,ENT0217,16,2023-09-10,8935.58,0.0,8935.58,2232.63,6702.94,248455.3
LN02171,ENT0217,17,2023-10-10,8935.58,0.0,8935.58,2173.98,6761.6,241693.7
LN02171,ENT0217,18,2023-11-10,8935.58,0.0,8935.58,2114.82,6820.76,234872.94
LN02171,ENT0217,19,2023-12-10,8935.58,0.0,8935.58,2055.14,6880.44,227992.5
LN02171,ENT0217,20,2024-01-10,8935.58,0.0,8935.58,1994.93,6940.65,221051.86
LN02171,ENT0217,21,2024-02-10,8935.58,0.0,8935.58,1934.2,7001.38,214050.48
LN02171,ENT0217,22,2024-03-10,8935.58,0.0,8935.58,1872.94,7062.64,206987.84
LN02171,ENT0217,23,2024-04-10,8935.58,0.0,8935.58,1811.14,7124.44,199863.41
LN02171,ENT0217,24,2024-05-10,8935.58,0.0,8935.58,1748.8,7186.77,192676.63
LN02171,ENT0217,25,2024-06-10,8935.58,0.0,8935.58,1685.92,7249.66,185426.97
LN02171,ENT0217,26,2024-07-10,8935.58,0.0,8935.58,1622.49,7313.09,178113.88
LN02171,ENT0217,27,2024-08-10,8935.58,0.0,8935.58,1558.5,7377.08,170736.8
LN02171,ENT0217,28,2024-09-10,8935.58,0.0,8935.58,1493.95,7441.63,163295.16
LN02171,ENT0217,29,2024-10-10,8935.58,0.0,8935.58,1428.83,7506.75,155788.42
LN02171,ENT0217,30,2024-11-10,8935.58,0.0,8935.58,1363.15,7572.43,148215.99
LN02171,ENT0217,31,2024-12-10,8935.58,0.0,8935.58,1296.89,7638.69,140577.3
LN02171,ENT0217,32,2025-01-10,8935.58,0.0,8935.58,1230.05,7705.53,132871.77
LN02171,ENT0217,33,2025-02-10,8935.58,0.0,8935.58,1162.63,7772.95,125098.82
LN02171,ENT0217,34,2025-03-10,8935.58,0.0,8935.58,1094.61,7840.96,117257.85
LN02171,ENT0217,35,2025-04-10,8935.58,0.0,8935.58,1026.01,7909.57,109348.28
LN02171,ENT0217,36,2025-05-10,8935.58,0.0,8935.58,956.8,7978.78,101369.5
LN02171,ENT0217,37,2025-06-10,8935.58,0.0,8935.58,886.98,8048.6,93320.9
LN02171,ENT0217,38,2025-07-10,8935.58,1072.27,7863.31,816.56,8119.02,85201.88
LN02171,ENT0217,39,2025-08-10,8935.58,1072.27,7863.31,745.52,8190.06,77011.82
LN02171,ENT0217,40,2025-09-10,8935.58,1072.27,7863.31,673.85,8261.73,68750.09
LN02171,ENT0217,41,2025-10-10,8935.58,1072.27,7863.31,601.56,8334.02,60416.07
LN02171,ENT0217,42,2025-11-10,8935.58,1072.27,7863.31,528.64,8406.94,52009.13
LN02171,ENT0217,43,2025-12-10,8935.58,1072.27,7863.31,455.08,8480.5,43528.63
LN02171,ENT0217,44,2026-01-10,8935.58,1072.27,7863.31,380.88,8554.7,34973.93
LN02171,ENT0217,45,2026-02-10,8935.58,1072.27,7863.31,306.02,8629.56,26344.37
LN02171,ENT0217,46,2026-03-10,8935.58,1072.27,7863.31,230.51,8705.07,17639.31
LN02171,ENT0217,47,2026-04-10,8935.58,1072.27,7863.31,154.34,8781.24,8858.07
LN02171,ENT0217,48,2026-05-10,8935.58,1072.27,7863.31,77.51,8858.07,0.0
LN02181,ENT0218,3,2023-08-23,9836.47,0.0,9836.47,1861.82,7974.64,186302.44
LN02181,ENT0218,4,2023-09-23,9836.47,0.0,9836.47,1785.4,8051.07,178251.38
LN02181,ENT0218,5,2023-10-23,9836.47,0.0,9836.47,1708.24,8128.22,170123.15
LN02181,ENT0218,6,2023-11-23,9836.47,0.0,9836.47,1630.35,8206.12,161917.03
LN02181,ENT0218,7,2023-12-23,9836.47,0.0,9836.47,1551.7,8284.76,153632.27
LN02181,ENT0218,8,2024-01-23,9836.47,0.0,9836.47,1472.31,8364.16,145268.11
LN02181,ENT0218,9,2024-02-23,9836.47,0.0,9836.47,1392.15,8444.31,136823.8
LN02181,ENT0218,10,2024-03-23,9836.47,0.0,9836.47,1311.23,8525.24,128298.56
LN02181,ENT0218,11,2024-04-23,9836.47,0.0,9836.47,1229.53,8606.94,119691.62
LN02181,ENT0218,12,2024-05-23,9836.47,0.0,9836.47,1147.04,8689.42,111002.2
LN02181,ENT0218,13,2024-06-23,9836.47,0.0,9836.47,1063.77,8772.7,102229.51
LN02181,ENT0218,14,2024-07-23,9836.47,0.0,9836.47,979.7,8856.77,93372.74
LN02181,ENT0218,15,2024-08-23,9836.47,0.0,9836.47,894.82,8941.64,84431.1
LN02181,ENT0218,16,2024-09-23,9836.47,0.0,9836.47,809.13,9027.33,75403.76
LN02181,ENT0218,17,2024-10-23,9836.47,0.0,9836.47,722.62,9113.85,66289.92
LN02181,ENT0218,18,2024-11-23,9836.47,0.0,9836.47,635.28,9201.19,57088.73
LN02181,ENT0218,19,2024-12-23,9836.47,0.0,9836.47,547.1,9289.37,47799.36
LN02181,ENT0218,20,2025-01-23,9836.47,0.0,9836.47,458.08,9378.39,38420.97
LN02181,ENT0218,21,2025-02-23,9836.47,0.0,9836.47,368.2,9468.27,28952.71
LN02181,ENT0218,22,2025-03-23,9836.47,0.0,9836.47,277.46,9559.0,19393.7
LN02181,ENT0218,23,2025-04-23,9836.47,0.0,9836.47,185.86,9650.61,9743.09
LN02181,ENT0218,24,2025-05-23,9836.47,0.0,9836.47,93.37,9743.09,0.0
LN02191,ENT0219,3,2023-08-26,10213.92,0.0,10213.92,2572.42,7641.49,239311.04
LN02191,ENT0219,4,2023-09-26,10213.92,0.0,10213.92,2492.82,7721.09,231589.95
LN02191,ENT0219,5,2023-10-26,10213.92,0.0,10213.92,2412.4,7801.52,223788.43
LN02191,ENT0219,6,2023-11-26,10213.92,0.0,10213.92,2331.13,7882.79,215905.65
LN02191,ENT0219,7,2023-12-26,10213.92,0.0,10213.92,2249.02,7964.9,207940.75
LN02191,ENT0219,8,2024-01-26,10213.92,0.0,10213.92,2166.05,8047.87,199892.88
LN02191,ENT0219,9,2024-02-26,10213.92,0.0,10213.92,2082.22,8131.7,191761.19
LN02191,ENT0219,10,2024-03-26,10213.92,0.0,10213.92,1997.51,8216.4,183544.78
LN02191,ENT0219,11,2024-04-26,10213.92,0.0,10213.92,1911.92,8301.99,175242.79
LN02191,ENT0219,12,2024-05-26,10213.92,0.0,10213.92,1825.45,8388.47,166854.32
LN02191,ENT0219,13,2024-06-26,10213.92,0.0,10213.92,1738.07,8475.85,158378.48
LN02191,ENT0219,14,2024-07-26,10213.92,0.0,10213.92,1649.78,8564.14,149814.34
LN02191,ENT0219,15,2024-08-26,10213.92,0.0,10213.92,1560.57,8653.35,141160.99
LN02191,ENT0219,16,2024-09-26,10213.92,0.0,10213.92,1470.43,8743.49,132417.5
LN02191,ENT0219,17,2024-10-26,10213.92,0.0,10213.92,1379.35,8834.57,123582.93
LN02191,ENT0219,18,2024-11-26,10213.92,0.0,10213.92,1287.32,8926.59,114656.34
LN02191,ENT0219,19,2024-12-26,10213.92,0.0,10213.92,1194.34,9019.58,105636.76
LN02191,ENT0219,20,2025-01-26,10213.92,0.0,10213.92,1100.38,9113.53,96523.23
LN02191,ENT0219,21,2025-02-26,10213.92,0.0,10213.92,1005.45,9208.46,87314.77
LN02191,ENT0219,22,2025-03-26,10213.92,0.0,10213.92,909.53,9304.39,78010.38
LN02191,ENT0219,23,2025-04-26,10213.92,0.0,10213.92,812.61,9401.31,68609.07
LN02191,ENT0219,24,2025-05-26,10213.92,0.0,10213.92,714.68,9499.24,59109.84
LN02191,ENT0219,25,2025-06-26,10213.92,0.0,10213.92,615.73,9598.19,49511.65
LN02191,ENT0219,26,2025-07-26,10213.92,1225.67,8988.25,515.75,9698.17,39813.48
LN02191,ENT0219,27,2025-08-26,10213.92,1225.67,8988.25,414.72,9799.19,30014.29
LN02191,ENT0219,28,2025-09-26,10213.92,1225.67,8988.25,312.65,9901.27,20113.02
LN02191,ENT0219,29,2025-10-26,10213.92,1225.67,8988.25,209.51,10004.4,10108.62
LN02191,ENT0219,30,2025-11-26,10213.92,1225.67,8988.25,105.3,10108.62,0.0
LN02211,ENT0221,9,2023-08-10,41323.04,0.0,41323.04,4898.15,36424.89,582288.97
LN02211,ENT0221,10,2023-09-10,41323.04,0.0,41323.04,4609.79,36713.26,545575.71
LN02211,ENT0221,11,2023-10-10,41323.04,0.0,41323.04,4319.14,37003.9,508571.81
LN02211,ENT0221,12,2023-11-10,41323.04,0.0,41323.04,4026.19,37296.85,471274.96
LN02211,ENT0221,13,2023-12-10,41323.04,0.0,41323.04,3730.93,37592.12,433682.85
LN02211,ENT0221,14,2024-01-10,41323.04,0.0,41323.04,3433.32,37889.72,395793.12
LN02211,ENT0221,15,2024-02-10,41323.04,0.0,41323.04,3133.36,38189.68,357603.44
LN02211,ENT0221,16,2024-03-10,41323.04,0.0,41323.04,2831.03,38492.02,319111.43
LN02211,ENT0221,17,2024-04-10,41323.04,0.0,41323.04,2526.3,38796.74,280314.68
LN02211,ENT0221,18,2024-05-10,41323.04,0.0,41323.04,2219.16,39103.89,241210.8
LN02211,ENT0221,19,2024-06-10,41323.04,0.0,41323.04,1909.59,39413.46,201797.34
LN02211,ENT0221,20,2024-07-10,41323.04,0.0,41323.04,1597.56,39725.48,162071.86
LN02211,ENT0221,21,2024-08-10,41323.04,0.0,41323.04,1283.07,40039.97,122031.88
LN02211,ENT0221,22,2024-09-10,41323.04,0.0,41323.04,966.09,40356.96,81674.92
LN02211,ENT0221,23,2024-10-10,41323.04,0.0,41323.04,646.59,40676.45,40998.47
LN02211,ENT0221,24,2024-11-10,41323.04,0.0,41323.04,324.57,40998.47,0.0
LN02221,ENT0222,13,2023-08-11,6664.64,0.0,6664.64,1619.44,5045.2,133764.17
LN02221,ENT0222,14,2023-09-11,6664.64,0.0,6664.64,1560.58,5104.06,128660.11
LN02221,ENT0222,15,2023-10-11,6664.64,0.0,6664.64,1501.03,5163.6,123496.51
LN02221,ENT0222,16,2023-11-11,6664.64,0.0,6664.64,1440.79,5223.85,118272.66
LN02221,ENT0222,17,2023-12-11,6664.64,0.0,6664.64,1379.85,5284.79,112987.87
LN02221,ENT0222,18,2024-01-11,6664.64,0.0,6664.64,1318.19,5346.45,107641.43
LN02221,ENT0222,19,2024-02-11,6664.64,0.0,6664.64,1255.82,5408.82,102232.61
LN02221,ENT0222,20,2024-03-11,6664.64,0.0,6664.64,1192.71,5471.92,96760.68
LN02221,ENT0222,21,2024-04-11,6664.64,0.0,6664.64,1128.87,5535.76,91224.92
LN02221,ENT0222,22,2024-05-11,6664.64,0.0,6664.64,1064.29,5600.35,85624.57
LN02221,ENT0222,23,2024-06-11,6664.64,0.0,6664.64,998.95,5665.68,79958.89
LN02221,ENT0222,24,2024-07-11,6664.64,0.0,6664.64,932.85,5731.78,74227.1
LN02221,ENT0222,25,2024-08-11,6664.64,0.0,6664.64,865.98,5798.65,68428.45
LN02221,ENT0222,26,2024-09-11,6664.64,0.0,6664.64,798.33,5866.31,62562.14
LN02221,ENT0222,27,2024-10-11,6664.64,0.0,6664.64,729.89,5934.75,56627.4
LN02221,ENT0222,28,2024-11-11,6664.64,0.0,6664.64,660.65,6003.98,50623.41
LN02221,ENT0222,29,2024-12-11,6664.64,0.0,6664.64,590.61,6074.03,44549.38
LN02221,ENT0222,30,2025-01-11,6664.64,0.0,6664.64,519.74,6144.9,38404.49
LN02221,ENT0222,31,2025-02-11,6664.64,0.0,6664.64,448.05,6216.59,32187.9
LN02221,ENT0222,32,2025-03-11,6664.64,0.0,6664.64,375.53,6289.11,25898.79
LN02221,ENT0222,33,2025-04-11,6664.64,0.0,6664.64,302.15,6362.49,19536.3
LN02221,ENT0222,34,2025-05-11,6664.64,0.0,6664.64,227.92,6436.71,13099.59
LN02221,ENT0222,35,2025-06-11,6664.64,0.0,6664.64,152.83,6511.81,6587.78
LN02221,ENT0222,36,2025-07-11,6664.64,0.0,6664.64,76.86,6587.78,0.0
LN02231,ENT0223,13,2023-08-25,3099.75,0.0,3099.75,468.54,2631.21,31444.07
LN02231,ENT0223,14,2023-09-25,3099.75,0.0,3099.75,432.36,2667.39,28776.68
LN02231,ENT0223,15,2023-10-25,3099.75,0.0,3099.75,395.68,2704.07,26072.61
LN02231,ENT0223,16,2023-11-25,3099.75,0.0,3099.75,358.5,2741.25,23331.36
LN02231,ENT0223,17,2023-12-25,3099.75,0.0,3099.75,320.81,2778.94,20552.42
LN02231,ENT0223,18,2024-01-25,3099.75,0.0,3099.75,282.6,2817.15,17735.27
LN02231,ENT0223,19,2024-02-25,3099.75,0.0,3099.75,243.86,2855.89,14879.38
LN02231,ENT0223,20,2024-03-25,3099.75,0.0,3099.75,204.59,2895.16,11984.22
LN02231,ENT0223,21,2024-04-25,3099.75,0.0,3099.75,164.78,2934.97,9049.26
LN02231,ENT0223,22,2024-05-25,3099.75,0.0,3099.75,124.43,2975.32,6073.94
LN02231,ENT0223,23,2024-06-25,3099.75,0.0,3099.75,83.52,3016.23,3057.7
LN02231,ENT0223,24,2024-07-25,3099.75,0.0,3099.75,42.04,3057.7,0.0
LN02251,ENT0225,16,2023-08-03,16286.02,0.0,16286.02,4060.52,12225.5,283084.72
LN02251,ENT0225,17,2023-09-03,16286.02,0.0,16286.02,3892.41,12393.6,270691.12
LN02251,ENT0225,18,2023-10-03,16286.02,0.0,16286.02,3722.0,12564.01,258127.11
LN02251,ENT0225,19,2023-11-03,16286.02,0.0,16286.02,3549.25,12736.77,245390.34
LN02251,ENT0225,20,2023-12-03,16286.02,0.0,16286.02,3374.12,12911.9,232478.44
LN02251,ENT0225,21,2024-01-03,16286.02,0.0,16286.02,3196.58,13089.44,219389.0
LN02251,ENT0225,22,2024-02-03,16286.02,0.0,16286.02,3016.6,13269.42,206119.59
LN02251,ENT0225,23,2024-03-03,16286.02,0.0,16286.02,2834.14,13451.87,192667.71
LN02251,ENT0225,24,2024-04-03,16286.02,0.0,16286.02,2649.18,13636.83,179030.88
LN02251,ENT0225,25,2024-05-03,16286.02,0.0,16286.02,2461.67,13824.34,165206.54
LN02251,ENT0225,26,2024-06-03,16286.02,0.0,16286.02,2271.59,14014.43,151192.11
LN02251,ENT0225,27,2024-07-03,16286.02,0.0,16286.02,2078.89,14207.12,136984.99
LN02251,ENT0225,28,2024-08-03,16286.02,0.0,16286.02,1883.54,14402.47,122582.52
LN02251,ENT0225,29,2024-09-03,16286.02,0.0,16286.02,1685.51,14600.51,107982.01
LN02251,ENT0225,30,2024-10-03,16286.02,0.0,16286.02,1484.75,14801.26,93180.75
LN02251,ENT0225,31,2024-11-03,16286.02,0.0,16286.02,1281.24,15004.78,78175.96
LN02251,ENT0225,32,2024-12-03,16286.02,0.0,16286.02,1074.92,15211.1,62964.87
LN02251,ENT0225,33,2025-01-03,16286.02,0.0,16286.02,865.77,15420.25,47544.62
LN02251,ENT0225,34,2025-02-03,16286.02,0.0,16286.02,653.74,15632.28,31912.34
LN02251,ENT0225,35,2025-03-03,16286.02,0.0,16286.02,438.79,15847.22,16065.12
LN02251,ENT0225,36,2025-04-03,16286.02,0.0,16286.02,220.9,16065.12,0.0
LN02271,ENT0227,10,2023-08-14,28127.27,0.0,28127.27,2313.7,25813.57,215616.24
LN02271,ENT0227,11,2023-09-14,28127.27,0.0,28127.27,2066.32,26060.95,189555.29
LN02271,ENT0227,12,2023-10-14,28127.27,0.0,28127.27,1816.57,26310.7,163244.6
LN02271,ENT0227,13,2023-11-14,28127.27,0.0,28127.27,1564.43,26562.84,136681.76
LN02271,ENT0227,14,2023-12-14,28127.27,0.0,28127.27,1309.87,26817.4,109864.36
LN02271,ENT0227,15,2024-01-14,28127.27,0.0,28127.27,1052.87,27074.4,82789.95
LN02271,ENT0227,16,2024-02-14,28127.27,0.0,28127.27,793.4,27333.86,55456.09
LN02271,ENT0227,17,2024-03-14,28127.27,0.0,28127.27,531.45,27595.81,27860.27
LN02271,ENT0227,18,2024-04-14,28127.27,0.0,28127.27,266.99,27860.27,0.0
LN02281,ENT0228,5,2023-08-31,8750.19,0.0,8750.19,1773.57,6976.62,195716.81
LN02281,ENT0228,6,2023-09-30,8750.19,0.0,8750.19,1712.52,7037.67,188679.14
LN02281,ENT0228,7,2023-10-31,8750.19,0.0,8750.19,1650.94,7099.25,181579.89
LN02281,ENT0228,8,2023-11-30,8750.19,0.0,8750.19,1588.82,7161.37,174418.53
LN02281,ENT0228,9,2023-12-31,8750.19,0.0,8750.19,1526.16,7224.03,167194.5
LN02281,ENT0228,10,2024-01-31,8750.19,0.0,8750.19,1462.95,7287.24,159907.26
LN02281,ENT0228,11,2024-02-29,8750.19,0.0,8750.19,1399.19,7351.0,152556.25
LN02281,ENT0228,12,2024-03-31,8750.19,0.0,8750.19,1334.87,7415.32,145140.93
LN02281,ENT0228,13,2024-04-30,8750.19,0.0,8750.19,1269.98,7480.21,137660.72
LN02281,ENT0228,14,2024-05-31,8750.19,0.0,8750.19,1204.53,7545.66,130115.06
LN02281,ENT0228,15,2024-06-30,8750.19,0.0,8750.19,1138.51,7611.68,122503.37
LN02281,ENT0228,16,2024-07-31,8750.19,0.0,8750.19,1071.9,7678.29,114825.09
LN02281,ENT0228,17,2024-08-31,8750.19,0.0,8750.19,1004.72,7745.47,107079.61
LN02281,ENT0228,18,2024-09-30,8750.19,0.0,8750.19,936.95,7813.25,99266.37
LN02281,ENT0228,19,2024-10-31,8750.19,0.0,8750.19,868.58,7881.61,91384.76
LN02281,ENT0228,20,2024-11-30,8750.19,0.0,8750.19,799.62,7950.58,83434.18
LN02281,ENT0228,21,2024-12-31,8750.19,0.0,8750.19,730.05,8020.14,75414.04
LN02281,ENT0228,22,2025-01-31,8750.19,0.0,8750.19,659.87,8090.32,67323.72
LN02281,ENT0228,23,2025-02-28,8750.19,0.0,8750.19,589.08,8161.11,59162.61
LN02281,ENT0228,24,2025-03-31,8750.19,0.0,8750.19,517.67,8232.52,50930.09
LN02281,ENT0228,25,2025-04-30,8750.19,0.0,8750.19,445.64,8304.55,42625.54
LN02281,ENT0228,26,2025-05-31,8750.19,0.0,8750.19,372.97,8377.22,34248.32
LN02281,ENT0228,27,2025-06-30,8750.19,0.0,8750.19,299.67,8450.52,25797.8
LN02281,ENT0228,28,2025-07-31,8750.19,0.0,8750.19,225.73,8524.46,17273.34
LN02281,ENT0228,29,2025-08-31,8750.19,0.0,8750.19,151.14,8599.05,8674.29
LN02281,ENT0228,30,2025-09-30,8750.19,0.0,8750.19,75.9,8674.29,0.0
LN02291,ENT0229,8,2023-08-22,3942.92,0.0,3942.92,1184.3,2758.62,132589.51
LN02291,ENT0229,9,2023-09-22,3942.92,0.0,3942.92,1160.16,2782.76,129806.75
LN02291,ENT0229,10,2023-10-22,3942.92,0.0,3942.92,1135.81,2807.11,126999.63
LN02291,ENT0229,11,2023-11-22,3942.92,0.0,3942.92,1111.25,2831.67,124167.96
LN02291,ENT0229,12,2023-12-22,3942.92,0.0,3942.92,1086.47,2856.45,121311.51
LN02291,ENT0229,13,2024-01-22,3942.92,0.0,3942.92,1061.48,2881.44,118430.06
LN02291,ENT0229,14,2024-02-22,3942.92,0.0,3942.92,1036.26,2906.66,115523.41
LN02291,ENT0229,15,2024-03-22,3942.92,0.0,3942.92,1010.83,2932.09,112591.32
LN02291,ENT0229,16,2024-04-22,3942.92,0.0,3942.92,985.17,2957.75,109633.57
LN02291,ENT0229,17,2024-05-22,3942.92,0.0,3942.92,959.29,2983.63,106649.94
LN02291,ENT0229,18,2024-06-22,3942.92,0.0,3942.92,933.19,3009.73,103640.21
LN02291,ENT0229,19,2024-07-22,3942.92,0.0,3942.92,906.85,3036.07,100604.14
LN02291,ENT0229,20,2024-08-22,3942.92,0.0,3942.92,880.29,3062.63,97541.51
LN02291,ENT0229,21,2024-09-22,3942.92,0.0,3942.92,853.49,3089.43,94452.07
LN02291,ENT0229,22,2024-10-22,3942.92,0.0,3942.92,826.46,3116.46,91335.61
LN02291,ENT0229,23,2024-11-22,3942.92,0.0,3942.92,799.19,3143.73,88191.88
LN02291,ENT0229,24,2024-12-22,3942.92,0.0,3942.92,771.68,3171.24,85020.63
LN02291,ENT0229,25,2025-01-22,3942.92,0.0,3942.92,743.93,3198.99,81821.64
LN02291,ENT0229,26,2025-02-22,3942.92,0.0,3942.92,715.94,3226.98,78594.66
LN02291,ENT0229,27,2025-03-22,3942.92,0.0,3942.92,687.7,3255.22,75339.45
LN02291,ENT0229,28,2025-04-22,3942.92,0.0,3942.92,659.22,3283.7,72055.75
LN02291,ENT0229,29,2025-05-22,3942.92,0.0,3942.92,630.49,3312.43,68743.31
LN02291,ENT0229,30,2025-06-22,3942.92,0.0,3942.92,601.5,3341.42,65401.9
LN02291,ENT0229,31,2025-07-22,3942.92,473.15,3469.77,572.27,3370.65,62031.24
LN02291,ENT0229,32,2025-08-22,3942.92,473.15,3469.77,542.77,3400.15,58631.1
LN02291,ENT0229,33,2025-09-22,3942.92,473.15,3469.77,513.02,3429.9,55201.2
LN02291,ENT0229,34,2025-10-22,3942.92,473.15,3469.77,483.01,3459.91,51741.29
LN02291,ENT0229,35,2025-11-22,3942.92,473.15,3469.77,452.74,3490.18,48251.1
LN02291,ENT0229,36,2025-12-22,3942.92,473.15,3469.77,422.2,3520.72,44730.38
LN02291,ENT0229,37,2026-01-22,3942.92,473.15,3469.77,391.39,3551.53,41178.85
LN02291,ENT0229,38,2026-02-22,3942.92,473.15,3469.77,360.31,3582.61,37596.24
LN02291,ENT0229,39,2026-03-22,3942.92,473.15,3469.77,328.97,3613.95,33982.29
LN02291,ENT0229,40,2026-04-22,3942.92,473.15,3469.77,297.35,3645.58,30336.72
LN02291,ENT0229,41,2026-05-22,3942.92,473.15,3469.77,265.45,3677.47,26659.24
LN02291,ENT0229,42,2026-06-22,3942.92,473.15,3469.77,233.27,3709.65,22949.59
LN02291,ENT0229,43,2026-07-22,3942.92,473.15,3469.77,200.81,3742.11,19207.48
LN02301,ENT0230,12,2023-08-13,24363.4,0.0,24363.4,1704.73,22658.67,140995.53
LN02301,ENT0230,13,2023-09-13,24363.4,0.0,24363.4,1468.7,22894.69,118100.84
LN02301,ENT0230,14,2023-10-13,24363.4,0.0,24363.4,1230.22,23133.18,94967.66
LN02301,ENT0230,15,2023-11-13,24363.4,0.0,24363.4,989.25,23374.15,71593.51
LN02301,ENT0230,16,2023-12-13,24363.4,0.0,24363.4,745.77,23617.63,47975.88
LN02301,ENT0230,17,2024-01-13,24363.4,0.0,24363.4,499.75,23863.65,24112.23
LN02301,ENT0230,18,2024-02-13,24363.4,0.0,24363.4,251.17,24112.23,0.0
LN02311,ENT0231,15,2023-08-04,10023.83,0.0,10023.83,911.87,9111.96,86039.31
LN02311,ENT0231,16,2023-09-04,10023.83,0.0,10023.83,824.54,9199.28,76840.02
LN02311,ENT0231,17,2023-10-04,10023.83,0.0,10023.83,736.38,9287.44,67552.58
LN02311,ENT0231,18,2023-11-04,10023.83,0.0,10023.83,647.38,9376.45,58176.13
LN02311,ENT0231,19,2023-12-04,10023.83,0.0,10023.83,557.52,9466.31,48709.83
LN02311,ENT0231,20,2024-01-04,10023.83,0.0,10023.83,466.8,9557.02,39152.8
LN02311,ENT0231,21,2024-02-04,10023.83,0.0,10023.83,375.21,9648.61,29504.19
LN02311,ENT0231,22,2024-03-04,10023.83,0.0,10023.83,282.75,9741.08,19763.11
LN02311,ENT0231,23,2024-04-04,10023.83,0.0,10023.83,189.4,9834.43,9928.68
LN02311,ENT0231,24,2024-05-04,10023.83,0.0,10023.83,95.15,9928.68,0.0
LN02322,ENT0232,1,2024-12-19,12721.49,0.0,12721.49,4276.25,8445.24,302554.76
LN02322,ENT0232,2,2025-01-19,12721.49,0.0,12721.49,4160.13,8561.36,293993.4
LN02322,ENT0232,3,2025-02-19,12721.49,0.0,12721.49,4042.41,8679.08,285314.32
LN02322,ENT0232,4,2025-03-19,12721.49,0.0,12721.49,3923.07,8798.42,276515.91
LN02322,ENT0232,5,2025-04-19,12721.49,0.0,12721.49,3802.09,8919.39,267596.51
LN02322,ENT0232,6,2025-05-19,12721.49,0.0,12721.49,3679.45,9042.04,258554.48
LN02322,ENT0232,7,2025-06-19,12721.49,0.0,12721.49,3555.12,9166.36,249388.11
LN02322,ENT0232,8,2025-07-19,12721.49,0.0,12721.49,3429.09,9292.4,240095.71
LN02322,ENT0232,9,2025-08-19,12721.49,0.0,12721.49,3301.32,9420.17,230675.54
LN02322,ENT0232,10,2025-09-19,12721.49,0.0,12721.49,3171.79,9549.7,221125.84
LN02322,ENT0232,11,2025-10-19,12721.49,0.0,12721.49,3040.48,9681.01,211444.83
LN02322,ENT0232,12,2025-11-19,12721.49,0.0,12721.49,2907.37,9814.12,201630.71
LN02322,ENT0232,13,2025-12-19,12721.49,0.0,12721.49,2772.42,9949.07,191681.64
LN02322,ENT0232,14,2026-01-19,12721.49,0.0,12721.49,2635.62,10085.87,181595.78
LN02322,ENT0232,15,2026-02-19,12721.49,0.0,12721.49,2496.94,10224.55,171371.23
LN02322,ENT0232,16,2026-03-19,12721.49,0.0,12721.49,2356.35,10365.13,161006.1
LN02322,ENT0232,17,2026-04-19,12721.49,0.0,12721.49,2213.83,10507.65,150498.44
LN02322,ENT0232,18,2026-05-19,12721.49,0.0,12721.49,2069.35,10652.13,139846.31
LN02322,ENT0232,19,2026-06-19,12721.49,0.0,12721.49,1922.89,10798.6,129047.71
LN02322,ENT0232,20,2026-07-19,12721.49,0.0,12721.49,1774.41,10947.08,118100.62
LN02331,ENT0233,3,2023-08-05,23533.69,0.0,23533.69,4619.13,18914.56,317022.49
LN02331,ENT0233,4,2023-09-05,23533.69,0.0,23533.69,4359.06,19174.63,297847.86
LN02331,ENT0233,5,2023-10-05,23533.69,0.0,23533.69,4095.41,19438.28,278409.57
LN02331,ENT0233,6,2023-11-05,23533.69,0.0,23533.69,3828.13,19705.56,258704.01
LN02331,ENT0233,7,2023-12-05,23533.69,0.0,23533.69,3557.18,19976.51,238727.5
LN02331,ENT0233,8,2024-01-05,23533.69,0.0,23533.69,3282.5,20251.19,218476.31
LN02331,ENT0233,9,2024-02-05,23533.69,0.0,23533.69,3004.05,20529.64,197946.67
LN02331,ENT0233,10,2024-03-05,23533.69,0.0,23533.69,2721.77,20811.93,177134.74
LN02331,ENT0233,11,2024-04-05,23533.69,0.0,23533.69,2435.6,21098.09,156036.65
LN02331,ENT0233,12,2024-05-05,23533.69,0.0,23533.69,2145.5,21388.19,134648.46
LN02331,ENT0233,13,2024-06-05,23533.69,0.0,23533.69,1851.42,21682.28,112966.19
LN02331,ENT0233,14,2024-07-05,23533.69,0.0,23533.69,1553.29,21980.41,90985.78
LN02331,ENT0233,15,2024-08-05,23533.69,0.0,23533.69,1251.05,22282.64,68703.14
LN02331,ENT0233,16,2024-09-05,23533.69,0.0,23533.69,944.67,22589.02,46114.12
LN02331,ENT0233,17,2024-10-05,23533.69,0.0,23533.69,634.07,22899.62,23214.49
LN02331,ENT0233,18,2024-11-05,23533.69,0.0,23533.69,319.2,23214.49,0.0
LN02341,ENT0234,7,2023-08-15,25477.7,0.0,25477.7,1535.88,23941.82,123502.38
LN02341,ENT0234,8,2023-09-15,25477.7,0.0,25477.7,1286.48,24191.22,99311.17
LN02341,ENT0234,9,2023-10-15,25477.7,0.0,25477.7,1034.49,24443.21,74867.96
LN02341,ENT0234,10,2023-11-15,25477.7,0.0,25477.7,779.87,24697.82,50170.14
LN02341,ENT0234,11,2023-12-15,25477.7,0.0,25477.7,522.61,24955.09,25215.04
LN02341,ENT0234,12,2024-01-15,25477.7,0.0,25477.7,262.66,25215.04,0.0
LN02361,ENT0236,2,2023-08-02,5112.62,0.0,5112.62,467.21,4645.41,48749.47
LN02361,ENT0236,3,2023-09-02,5112.62,0.0,5112.62,426.56,4686.06,44063.41
LN02361,ENT0236,4,2023-10-02,5112.62,0.0,5112.62,385.55,4727.06,39336.34
LN02361,ENT0236,5,2023-11-02,5112.62,0.0,5112.62,344.19,4768.43,34567.92
LN02361,ENT0236,6,2023-12-02,5112.62,0.0,5112.62,302.47,4810.15,29757.77
LN02361,ENT0236,7,2024-01-02,5112.62,0.0,5112.62,260.38,4852.24,24905.53
LN02361,ENT0236,8,2024-02-02,5112.62,0.0,5112.62,217.92,4894.7,20010.83
LN02361,ENT0236,9,2024-03-02,5112.62,0.0,5112.62,175.09,4937.52,15073.31
LN02361,ENT0236,10,2024-04-02,5112.62,0.0,5112.62,131.89,4980.73,10092.58
LN02361,ENT0236,11,2024-05-02,5112.62,0.0,5112.62,88.31,5024.31,5068.27
LN02361,ENT0236,12,2024-06-02,5112.62,0.0,5112.62,44.35,5068.27,0.0
LN02371,ENT0237,12,2023-08-11,52981.74,0.0,52981.74,911.23,52070.5,0.0
LN02381,ENT0238,15,2023-08-10,2015.93,0.0,2015.93,940.32,1075.61,67311.19
LN02381,ENT0238,16,2023-09-10,2015.93,0.0,2015.93,925.53,1090.4,66220.79
LN02381,ENT0238,17,2023-10-10,2015.93,0.0,2015.93,910.54,1105.39,65115.39
LN02381,ENT0238,18,2023-11-10,2015.93,0.0,2015.93,895.34,1120.59,63994.8
LN02381,ENT0238,19,2023-12-10,2015.93,0.0,2015.93,879.93,1136.0,62858.8
LN02381,ENT0238,20,2024-01-10,2015.93,0.0,2015.93,864.31,1151.62,61707.18
LN02381,ENT0238,21,2024-02-10,2015.93,0.0,2015.93,848.47,1167.46,60539.72
LN02381,ENT0238,22,2024-03-10,2015.93,0.0,2015.93,832.42,1183.51,59356.21
LN02381,ENT0238,23,2024-04-10,2015.93,0.0,2015.93,816.15,1199.78,58156.43
LN02381,ENT0238,24,2024-05-10,2015.93,0.0,2015.93,799.65,1216.28,56940.15
LN02381,ENT0238,25,2024-06-10,2015.93,0.0,2015.93,782.93,1233.0,55707.14
LN02381,ENT0238,26,2024-07-10,2015.93,0.0,2015.93,765.97,1249.96,54457.19
LN02381,ENT0238,27,2024-08-10,2015.93,0.0,2015.93,748.79,1267.14,53190.04
LN02381,ENT0238,28,2024-09-10,2015.93,0.0,2015.93,731.36,1284.57,51905.47
LN02381,ENT0238,29,2024-10-10,2015.93,0.0,2015.93,713.7,1302.23,50603.24
LN02381,ENT0238,30,2024-11-10,2015.93,0.0,2015.93,695.79,1320.14,49283.11
LN02381,ENT0238,31,2024-12-10,2015.93,0.0,2015.93,677.64,1338.29,47944.82
LN02381,ENT0238,32,2025-01-10,2015.93,0.0,2015.93,659.24,1356.69,46588.13
LN02381,ENT0238,33,2025-02-10,2015.93,0.0,2015.93,640.59,1375.34,45212.79
LN02381,ENT0238,34,2025-03-10,2015.93,0.0,2015.93,621.68,1394.25,43818.53
LN02381,ENT0238,35,2025-04-10,2015.93,0.0,2015.93,602.5,1413.43,42405.1
LN02381,ENT0238,36,2025-05-10,2015.93,0.0,2015.93,583.07,1432.86,40972.24
LN02381,ENT0238,37,2025-06-10,2015.93,0.0,2015.93,563.37,1452.56,39519.68
LN02381,ENT0238,38,2025-07-10,2015.93,0.0,2015.93,543.4,1472.54,38047.15
LN02381,ENT0238,39,2025-08-10,2015.93,0.0,2015.93,523.15,1492.78,36554.36
LN02381,ENT0238,40,2025-09-10,2015.93,0.0,2015.93,502.62,1513.31,35041.06
LN02381,ENT0238,41,2025-10-10,2015.93,0.0,2015.93,481.81,1534.12,33506.94
LN02381,ENT0238,42,2025-11-10,2015.93,0.0,2015.93,460.72,1555.21,31951.73
LN02381,ENT0238,43,2025-12-10,2015.93,0.0,2015.93,439.34,1576.59,30375.13
LN02381,ENT0238,44,2026-01-10,2015.93,0.0,2015.93,417.66,1598.27,28776.86
LN02381,ENT0238,45,2026-02-10,2015.93,0.0,2015.93,395.68,1620.25,27156.61
LN02381,ENT0238,46,2026-03-10,2015.93,0.0,2015.93,373.4,1642.53,25514.09
LN02381,ENT0238,47,2026-04-10,2015.93,0.0,2015.93,350.82,1665.11,23848.97
LN02381,ENT0238,48,2026-05-10,2015.93,0.0,2015.93,327.92,1688.01,22160.97
LN02381,ENT0238,49,2026-06-10,2015.93,0.0,2015.93,304.71,1711.22,20449.75
LN02381,ENT0238,50,2026-07-10,2015.93,0.0,2015.93,281.18,1734.75,18715.0
LN02382,ENT0238,1,2026-02-02,7760.44,0.0,7760.44,1691.25,6069.19,116930.81
LN02382,ENT0238,2,2026-03-02,7760.44,0.0,7760.44,1607.8,6152.64,110778.17
LN02382,ENT0238,3,2026-04-02,7760.44,0.0,7760.44,1523.2,6237.24,104540.93
LN02382,ENT0238,4,2026-05-02,7760.44,0.0,7760.44,1437.44,6323.0,98217.93
LN02382,ENT0238,5,2026-06-02,7760.44,0.0,7760.44,1350.5,6409.94,91807.98
LN02382,ENT0238,6,2026-07-02,7760.44,0.0,7760.44,1262.36,6498.08,85309.9
LN02391,ENT0239,10,2023-08-16,5097.94,0.0,5097.94,852.33,4245.61,93163.36
LN02391,ENT0239,11,2023-09-16,5097.94,0.0,5097.94,815.18,4282.76,88880.6
LN02391,ENT0239,12,2023-10-16,5097.94,0.0,5097.94,777.71,4320.23,84560.37
LN02391,ENT0239,13,2023-11-16,5097.94,0.0,5097.94,739.9,4358.03,80202.33
LN02391,ENT0239,14,2023-12-16,5097.94,0.0,5097.94,701.77,4396.17,75806.16
LN02391,ENT0239,15,2024-01-16,5097.94,0.0,5097.94,663.3,4434.63,71371.53
LN02391,ENT0239,16,2024-02-16,5097.94,0.0,5097.94,624.5,4473.44,66898.09
LN02391,ENT0239,17,2024-03-16,5097.94,0.0,5097.94,585.36,4512.58,62385.51
LN02391,ENT0239,18,2024-04-16,5097.94,0.0,5097.94,545.87,4552.06,57833.45
LN02391,ENT0239,19,2024-05-16,5097.94,0.0,5097.94,506.04,4591.9,53241.55
LN02391,ENT0239,20,2024-06-16,5097.94,0.0,5097.94,465.86,4632.07,48609.48
LN02391,ENT0239,21,2024-07-16,5097.94,0.0,5097.94,425.33,4672.6,43936.88
LN02391,ENT0239,22,2024-08-16,5097.94,0.0,5097.94,384.45,4713.49,39223.39
LN02391,ENT0239,23,2024-09-16,5097.94,0.0,5097.94,343.2,4754.73,34468.65
LN02391,ENT0239,24,2024-10-16,5097.94,0.0,5097.94,301.6,4796.34,29672.32
LN02391,ENT0239,25,2024-11-16,5097.94,1019.59,4078.35,259.63,4838.31,24834.01
LN02391,ENT0239,26,2024-12-16,5097.94,1019.59,4078.35,217.3,4880.64,19953.37
LN02391,ENT0239,27,2025-01-16,5097.94,1019.59,4078.35,174.59,4923.35,15030.02
LN02391,ENT0239,28,2025-02-16,5097.94,1019.59,4078.35,131.51,4966.43,10063.6
LN02391,ENT0239,29,2025-03-16,5097.94,1019.59,4078.35,88.06,5009.88,5053.72
LN02391,ENT0239,30,2025-04-16,5097.94,1019.59,4078.35,44.22,5053.72,0.0
LN02402,ENT0240,1,2025-11-30,41477.84,0.0,41477.84,6020.0,35457.84,652542.16
LN02402,ENT0240,2,2025-12-30,41477.84,0.0,41477.84,5709.74,35768.09,616774.07
LN02402,ENT0240,3,2026-01-30,41477.84,0.0,41477.84,5396.77,36081.07,580693.0
LN02402,ENT0240,4,2026-02-28,41477.84,0.0,41477.84,5081.06,36396.77,544296.23
LN02402,ENT0240,5,2026-03-30,41477.84,0.0,41477.84,4762.59,36715.25,507580.98
LN02402,ENT0240,6,2026-04-30,41477.84,0.0,41477.84,4441.33,37036.5,470544.48
LN02402,ENT0240,7,2026-05-30,41477.84,0.0,41477.84,4117.26,37360.57,433183.9
LN02402,ENT0240,8,2026-06-30,41477.84,0.0,41477.84,3790.36,37687.48,395496.42
LN02402,ENT0240,9,2026-07-30,41477.84,0.0,41477.84,3460.59,38017.24,357479.18
LN02421,ENT0242,10,2023-08-13,11456.25,0.0,11456.25,4109.73,7346.52,462337.09
LN02421,ENT0242,11,2023-09-13,11456.25,0.0,11456.25,4045.45,7410.8,454926.29
LN02421,ENT0242,12,2023-10-13,11456.25,0.0,11456.25,3980.61,7475.64,447450.65
LN02421,ENT0242,13,2023-11-13,11456.25,0.0,11456.25,3915.19,7541.06,439909.59
LN02421,ENT0242,14,2023-12-13,11456.25,0.0,11456.25,3849.21,7607.04,432302.55
LN02421,ENT0242,15,2024-01-13,11456.25,0.0,11456.25,3782.65,7673.6,424628.95
LN02421,ENT0242,16,2024-02-13,11456.25,0.0,11456.25,3715.5,7740.75,416888.21
LN02421,ENT0242,17,2024-03-13,11456.25,0.0,11456.25,3647.77,7808.48,409079.73
LN02421,ENT0242,18,2024-04-13,11456.25,0.0,11456.25,3579.45,7876.8,401202.93
LN02421,ENT0242,19,2024-05-13,11456.25,0.0,11456.25,3510.53,7945.72,393257.21
LN02421,ENT0242,20,2024-06-13,11456.25,0.0,11456.25,3441.0,8015.25,385241.96
LN02421,ENT0242,21,2024-07-13,11456.25,0.0,11456.25,3370.87,8085.38,377156.58
LN02421,ENT0242,22,2024-08-13,11456.25,0.0,11456.25,3300.12,8156.13,369000.45
LN02421,ENT0242,23,2024-09-13,11456.25,0.0,11456.25,3228.75,8227.49,360772.95
LN02421,ENT0242,24,2024-10-13,11456.25,0.0,11456.25,3156.76,8299.49,352473.47
LN02421,ENT0242,25,2024-11-13,11456.25,0.0,11456.25,3084.14,8372.11,344101.36
LN02421,ENT0242,26,2024-12-13,11456.25,0.0,11456.25,3010.89,8445.36,335656.0
LN02421,ENT0242,27,2025-01-13,11456.25,0.0,11456.25,2936.99,8519.26,327136.74
LN02421,ENT0242,28,2025-02-13,11456.25,0.0,11456.25,2862.45,8593.8,318542.94
LN02421,ENT0242,29,2025-03-13,11456.25,0.0,11456.25,2787.25,8669.0,309873.94
LN02421,ENT0242,30,2025-04-13,11456.25,0.0,11456.25,2711.4,8744.85,301129.09
LN02421,ENT0242,31,2025-05-13,11456.25,0.0,11456.25,2634.88,8821.37,292307.72
LN02421,ENT0242,32,2025-06-13,11456.25,0.0,11456.25,2557.69,8898.56,283409.16
LN02421,ENT0242,33,2025-07-13,11456.25,1374.75,10081.5,2479.83,8976.42,274432.74
LN02421,ENT0242,34,2025-08-13,11456.25,1374.75,10081.5,2401.29,9054.96,265377.78
LN02421,ENT0242,35,2025-09-13,11456.25,1374.75,10081.5,2322.06,9134.19,256243.59
LN02421,ENT0242,36,2025-10-13,11456.25,1374.75,10081.5,2242.13,9214.12,247029.47
LN02421,ENT0242,37,2025-11-13,11456.25,1374.75,10081.5,2161.51,9294.74,237734.73
LN02421,ENT0242,38,2025-12-13,11456.25,1374.75,10081.5,2080.18,9376.07,228358.66
LN02421,ENT0242,39,2026-01-13,11456.25,1374.75,10081.5,1998.14,9458.11,218900.55
LN02421,ENT0242,40,2026-02-13,11456.25,1374.75,10081.5,1915.38,9540.87,209359.68
LN02421,ENT0242,41,2026-03-13,11456.25,1374.75,10081.5,1831.9,9624.35,199735.33
LN02421,ENT0242,42,2026-04-13,11456.25,1374.75,10081.5,1747.68,9708.56,190026.76
LN02421,ENT0242,43,2026-05-13,11456.25,1374.75,10081.5,1662.73,9793.51,180233.25
LN02421,ENT0242,44,2026-06-13,11456.25,1374.75,10081.5,1577.04,9879.21,170354.04
LN02421,ENT0242,45,2026-07-13,11456.25,1374.75,10081.5,1490.6,9965.65,160388.39
LN02441,ENT0244,1,2023-08-31,27836.1,0.0,27836.1,4207.5,23628.6,282371.4
LN02441,ENT0244,2,2023-09-30,27836.1,0.0,27836.1,3882.61,23953.49,258417.91
LN02441,ENT0244,3,2023-10-31,27836.1,0.0,27836.1,3553.25,24282.85,234135.06
LN02441,ENT0244,4,2023-11-30,27836.1,0.0,27836.1,3219.36,24616.74,209518.32
LN02441,ENT0244,5,2023-12-31,27836.1,0.0,27836.1,2880.88,24955.22,184563.1
LN02441,ENT0244,6,2024-01-31,27836.1,0.0,27836.1,2537.74,25298.35,159264.75
LN02441,ENT0244,7,2024-02-29,27836.1,0.0,27836.1,2189.89,25646.21,133618.54
LN02441,ENT0244,8,2024-03-31,27836.1,0.0,27836.1,1837.25,25998.84,107619.7
LN02441,ENT0244,9,2024-04-30,27836.1,0.0,27836.1,1479.77,26356.33,81263.38
LN02441,ENT0244,10,2024-05-31,27836.1,0.0,27836.1,1117.37,26718.73,54544.65
LN02441,ENT0244,11,2024-06-30,27836.1,0.0,27836.1,749.99,27086.11,27458.54
LN02441,ENT0244,12,2024-07-31,27836.1,0.0,27836.1,377.55,27458.54,0.0
LN02471,ENT0247,11,2023-08-10,3274.83,0.0,3274.83,88.23,3186.6,3230.42
LN02471,ENT0247,12,2023-09-10,3274.83,0.0,3274.83,44.42,3230.42,0.0
LN02491,ENT0249,8,2023-08-02,7427.25,0.0,7427.25,1199.67,6227.58,108940.41
LN02491,ENT0249,9,2023-09-02,7427.25,0.0,7427.25,1134.8,6292.45,102647.96
LN02491,ENT0249,10,2023-10-02,7427.25,0.0,7427.25,1069.25,6358.0,96289.97
LN02491,ENT0249,11,2023-11-02,7427.25,0.0,7427.25,1003.02,6424.23,89865.74
LN02491,ENT0249,12,2023-12-02,7427.25,0.0,7427.25,936.1,6491.15,83374.59
LN02491,ENT0249,13,2024-01-02,7427.25,0.0,7427.25,868.49,6558.76,76815.83
LN02491,ENT0249,14,2024-02-02,7427.25,0.0,7427.25,800.16,6627.08,70188.75
LN02491,ENT0249,15,2024-03-02,7427.25,0.0,7427.25,731.13,6696.11,63492.63
LN02491,ENT0249,16,2024-04-02,7427.25,0.0,7427.25,661.38,6765.87,56726.77
LN02491,ENT0249,17,2024-05-02,7427.25,0.0,7427.25,590.9,6836.34,49890.42
LN02491,ENT0249,18,2024-06-02,7427.25,0.0,7427.25,519.69,6907.56,42982.87
LN02491,ENT0249,19,2024-07-02,7427.25,0.0,7427.25,447.74,6979.51,36003.36
LN02491,ENT0249,20,2024-08-02,7427.25,0.0,7427.25,375.03,7052.21,28951.15
LN02491,ENT0249,21,2024-09-02,7427.25,0.0,7427.25,301.57,7125.67,21825.47
LN02491,ENT0249,22,2024-10-02,7427.25,0.0,7427.25,227.35,7199.9,14625.58
LN02491,ENT0249,23,2024-11-02,7427.25,0.0,7427.25,152.35,7274.9,7350.68
LN02491,ENT0249,24,2024-12-02,7427.25,0.0,7427.25,76.57,7350.68,0.0
LN02511,ENT0251,12,2023-08-20,13216.37,0.0,13216.37,5729.89,7486.48,483646.93
LN02511,ENT0251,13,2023-09-20,13216.37,0.0,13216.37,5642.55,7573.82,476073.11
LN02511,ENT0251,14,2023-10-20,13216.37,0.0,13216.37,5554.19,7662.18,468410.93
LN02511,ENT0251,15,2023-11-20,13216.37,0.0,13216.37,5464.79,7751.57,460659.36
LN02511,ENT0251,16,2023-12-20,13216.37,0.0,13216.37,5374.36,7842.01,452817.35
LN02511,ENT0251,17,2024-01-20,13216.37,0.0,13216.37,5282.87,7933.5,444883.85
LN02511,ENT0251,18,2024-02-20,13216.37,0.0,13216.37,5190.31,8026.05,436857.8
LN02511,ENT0251,19,2024-03-20,13216.37,0.0,13216.37,5096.67,8119.69,428738.11
LN02511,ENT0251,20,2024-04-20,13216.37,0.0,13216.37,5001.94,8214.42,420523.69
LN02511,ENT0251,21,2024-05-20,13216.37,0.0,13216.37,4906.11,8310.26,412213.43
LN02511,ENT0251,22,2024-06-20,13216.37,0.0,13216.37,4809.16,8407.21,403806.22
LN02511,ENT0251,23,2024-07-20,13216.37,0.0,13216.37,4711.07,8505.29,395300.93
LN02511,ENT0251,24,2024-08-20,13216.37,0.0,13216.37,4611.84,8604.52,386696.4
LN02511,ENT0251,25,2024-09-20,13216.37,0.0,13216.37,4511.46,8704.91,377991.49
LN02511,ENT0251,26,2024-10-20,13216.37,0.0,13216.37,4409.9,8806.47,369185.03
LN02511,ENT0251,27,2024-11-20,13216.37,0.0,13216.37,4307.16,8909.21,360275.82
LN02511,ENT0251,28,2024-12-20,13216.37,0.0,13216.37,4203.22,9013.15,351262.67
LN02511,ENT0251,29,2025-01-20,13216.37,0.0,13216.37,4098.06,9118.3,342144.37
LN02511,ENT0251,30,2025-02-20,13216.37,0.0,13216.37,3991.68,9224.68,332919.69
LN02511,ENT0251,31,2025-03-20,13216.37,0.0,13216.37,3884.06,9332.3,323587.38
LN02511,ENT0251,32,2025-04-20,13216.37,0.0,13216.37,3775.19,9441.18,314146.2
LN02511,ENT0251,33,2025-05-20,13216.37,0.0,13216.37,3665.04,9551.33,304594.88
LN02511,ENT0251,34,2025-06-20,13216.37,0.0,13216.37,3553.61,9662.76,294932.12
LN02511,ENT0251,35,2025-07-20,13216.37,1585.96,11630.4,3440.87,9775.49,285156.63
LN02511,ENT0251,36,2025-08-20,13216.37,1585.96,11630.4,3326.83,9889.54,275267.09
LN02511,ENT0251,37,2025-09-20,13216.37,1585.96,11630.4,3211.45,10004.92,265262.17
LN02511,ENT0251,38,2025-10-20,13216.37,1585.96,11630.4,3094.73,10121.64,255140.53
LN02511,ENT0251,39,2025-11-20,13216.37,1585.96,11630.4,2976.64,10239.73,244900.8
LN02511,ENT0251,40,2025-12-20,13216.37,1585.96,11630.4,2857.18,10359.19,234541.61
LN02511,ENT0251,41,2026-01-20,13216.37,1585.96,11630.4,2736.32,10480.05,224061.56
LN02511,ENT0251,42,2026-02-20,13216.37,1585.96,11630.4,2614.05,10602.31,213459.25
LN02511,ENT0251,43,2026-03-20,13216.37,1585.96,11630.4,2490.36,10726.01,202733.24
LN02511,ENT0251,44,2026-04-20,13216.37,1585.96,11630.4,2365.22,10851.15,191882.09
LN02511,ENT0251,45,2026-05-20,13216.37,1585.96,11630.4,2238.62,10977.74,180904.35
LN02511,ENT0251,46,2026-06-20,13216.37,1585.96,11630.4,2110.55,11105.82,169798.54
LN02511,ENT0251,47,2026-07-20,13216.37,1585.96,11630.4,1980.98,11235.38,158563.15
