district_id,obs_date,rainfall_mm,temp_max_c,humidity_pct,thi,rain_30d,rain_anomaly_pct,source
1,2023-08-01,7.02,31.0,59.0,80.95,7.02,-99.0,open_meteo_era5_synthetic
1,2023-08-02,58.45,32.3,67.7,84.35,65.47,-90.3,open_meteo_era5_synthetic
1,2023-08-03,0.0,31.6,53.9,80.91,65.47,-90.3,open_meteo_era5_synthetic
1,2023-08-04,0.0,30.3,55.5,79.41,65.47,-90.3,open_meteo_era5_synthetic
1,2023-08-05,2.53,30.3,61.2,80.36,68.0,-90.0,open_meteo_era5_synthetic
1,2023-08-06,0.0,33.9,55.4,84.28,68.0,-90.0,open_meteo_era5_synthetic
1,2023-08-07,14.03,29.7,36.7,75.75,82.03,-87.9,open_meteo_era5_synthetic
1,2023-08-08,22.1,35.3,48.0,84.69,104.13,-84.6,open_meteo_era5_synthetic
1,2023-08-09,0.0,29.5,56.9,78.57,104.13,-84.6,open_meteo_era5_synthetic
1,2023-08-10,9.95,32.5,43.9,80.37,114.08,-83.2,open_meteo_era5_synthetic
1,2023-08-11,31.48,32.1,48.0,80.6,145.56,-78.5,open_meteo_era5_synthetic
1,2023-08-12,35.4,29.4,64.2,79.59,180.95999999999998,-73.3,open_meteo_era5_synthetic
1,2023-08-13,36.21,29.6,52.0,78.04,217.17,-68.0,open_meteo_era5_synthetic
1,2023-08-14,55.23,31.9,50.4,80.8,272.4,-59.8,open_meteo_era5_synthetic
1,2023-08-15,51.43,30.7,39.8,77.48,323.83,-52.2,open_meteo_era5_synthetic
1,2023-08-16,102.36,33.8,56.5,84.44,426.19,-37.1,open_meteo_era5_synthetic
1,2023-08-17,30.86,32.6,58.1,83.03,457.05,-32.6,open_meteo_era5_synthetic
1,2023-08-18,0.0,30.8,58.9,80.71,457.05,-32.6,open_meteo_era5_synthetic
1,2023-08-19,19.83,31.1,48.6,79.46,476.88,-29.7,open_meteo_era5_synthetic
1,2023-08-20,22.86,30.3,50.5,78.68,499.74,-26.3,open_meteo_era5_synthetic
1,2023-08-21,51.37,32.4,58.3,82.78,551.11,-18.7,open_meteo_era5_synthetic
1,2023-08-22,26.56,28.8,56.5,77.53,577.67,-14.8,open_meteo_era5_synthetic
1,2023-08-23,11.79,32.1,49.2,80.81,589.46,-13.1,open_meteo_era5_synthetic
1,2023-08-24,18.7,36.4,50.4,86.59,608.16,-10.3,open_meteo_era5_synthetic
1,2023-08-25,25.91,31.1,44.3,78.72,634.0699999999999,-6.5,open_meteo_era5_synthetic
1,2023-08-26,0.0,34.1,43.2,82.17,634.0699999999999,-6.5,open_meteo_era5_synthetic
1,2023-08-27,15.6,33.3,44.8,81.47,649.67,-4.2,open_meteo_era5_synthetic
1,2023-08-28,11.38,31.8,43.9,79.51,661.05,-2.5,open_meteo_era5_synthetic
1,2023-08-29,6.85,33.7,54.7,83.88,667.9,-1.5,open_meteo_era5_synthetic
1,2023-08-30,10.78,31.9,46.8,80.08,678.68,0.1,open_meteo_era5_synthetic
1,2023-08-31,0.0,31.2,49.4,79.66,671.66,-0.9,open_meteo_era5_synthetic
1,2023-09-01,16.22,32.5,39.9,79.59,629.43,55.3,open_meteo_era5_synthetic
1,2023-09-02,14.54,29.6,39.0,76.06,643.9699999999999,58.8,open_meteo_era5_synthetic
1,2023-09-03,0.0,36.4,40.4,84.47,643.9699999999999,58.8,open_meteo_era5_synthetic
1,2023-09-04,0.0,34.4,41.9,82.33,641.4399999999999,58.2,open_meteo_era5_synthetic
1,2023-09-05,0.0,36.1,44.5,84.92,641.4399999999999,58.2,open_meteo_era5_synthetic
1,2023-09-06,20.12,34.4,54.8,84.81,647.53,59.7,open_meteo_era5_synthetic
1,2023-09-07,0.0,35.4,44.3,83.96,625.43,54.3,open_meteo_era5_synthetic
1,2023-09-08,0.0,37.1,46.9,86.76,625.43,54.3,open_meteo_era5_synthetic
1,2023-09-09,20.28,31.5,40.0,78.45,635.76,56.8,open_meteo_era5_synthetic
1,2023-09-10,0.0,38.0,52.6,89.2,604.2800000000001,49.1,open_meteo_era5_synthetic
1,2023-09-11,0.0,36.7,45.9,86.01,568.88,40.3,open_meteo_era5_synthetic
1,2023-09-12,0.0,34.8,57.4,85.99,532.6700000000001,31.4,open_meteo_era5_synthetic
1,2023-09-13,0.0,30.8,44.6,78.41,477.44,17.8,open_meteo_era5_synthetic
1,2023-09-14,0.0,30.8,36.7,77.07,426.01,5.1,open_meteo_era5_synthetic
1,2023-09-15,0.0,37.1,33.0,83.6,323.65,-20.2,open_meteo_era5_synthetic
1,2023-09-16,0.0,31.9,53.5,81.23,292.78999999999996,-27.8,open_meteo_era5_synthetic
1,2023-09-17,8.24,35.3,47.2,84.44,301.03,-25.7,open_meteo_era5_synthetic
1,2023-09-18,0.0,32.0,42.9,79.56,281.2,-30.6,open_meteo_era5_synthetic
1,2023-09-19,0.0,34.4,44.8,82.87,258.34,-36.3,open_meteo_era5_synthetic
1,2023-09-20,0.0,34.6,58.8,85.9,206.97,-48.9,open_meteo_era5_synthetic
1,2023-09-21,4.68,34.5,42.1,82.51,185.09,-54.3,open_meteo_era5_synthetic
1,2023-09-22,17.07,32.5,51.2,81.73,190.37,-53.0,open_meteo_era5_synthetic
1,2023-09-23,0.0,34.8,43.0,83.04,171.67,-57.7,open_meteo_era5_synthetic
1,2023-09-24,0.0,36.8,48.0,86.59,145.76,-64.0,open_meteo_era5_synthetic
1,2023-09-25,23.15,32.9,34.2,79.07,168.91,-58.3,open_meteo_era5_synthetic
1,2023-09-26,0.0,34.5,52.5,84.56,153.31,-62.2,open_meteo_era5_synthetic
1,2023-09-27,9.75,37.3,43.5,86.23,151.68,-62.6,open_meteo_era5_synthetic
1,2023-09-28,0.0,36.8,49.4,86.86,144.83,-64.3,open_meteo_era5_synthetic
1,2023-09-29,0.0,37.2,45.2,86.52,134.05,-66.9,open_meteo_era5_synthetic
1,2023-09-30,4.96,35.4,41.9,83.58,139.01000000000002,-65.7,open_meteo_era5_synthetic
1,2023-10-01,0.0,35.1,51.5,85.11,122.78999999999999,65.6,open_meteo_era5_synthetic
1,2023-10-02,0.0,35.3,34.8,81.88,108.25,46.0,open_meteo_era5_synthetic
1,2023-10-03,0.0,36.2,40.8,84.24,108.25,46.0,open_meteo_era5_synthetic
1,2023-10-04,0.0,34.8,28.7,80.15,108.25,46.0,open_meteo_era5_synthetic
1,2023-10-05,0.0,35.8,26.8,80.74,108.25,46.0,open_meteo_era5_synthetic
1,2023-10-06,0.0,34.8,41.8,82.73,88.13,18.9,open_meteo_era5_synthetic
1,2023-10-07,0.0,33.2,39.6,80.37,88.13,18.9,open_meteo_era5_synthetic
1,2023-10-08,0.0,34.1,44.2,82.38,88.13,18.9,open_meteo_era5_synthetic
1,2023-10-09,0.0,38.0,31.0,84.14,67.85,-8.5,open_meteo_era5_synthetic
1,2023-10-10,0.0,37.8,27.6,83.08,67.85,-8.5,open_meteo_era5_synthetic
1,2023-10-11,0.0,35.2,42.3,83.41,67.85,-8.5,open_meteo_era5_synthetic
1,2023-10-12,0.0,38.4,34.7,85.41,67.85,-8.5,open_meteo_era5_synthetic
1,2023-10-13,0.0,37.9,42.2,86.67,67.85,-8.5,open_meteo_era5_synthetic
1,2023-10-14,0.0,32.1,41.9,79.49,67.85,-8.5,open_meteo_era5_synthetic
1,2023-10-15,0.0,35.2,48.9,84.73,67.85,-8.5,open_meteo_era5_synthetic
1,2023-10-16,0.0,35.9,42.7,84.32,67.85,-8.5,open_meteo_era5_synthetic
1,2023-10-17,0.0,35.2,38.7,82.55,59.61,-19.6,open_meteo_era5_synthetic
1,2023-10-18,0.0,38.1,43.5,87.19,59.61,-19.6,open_meteo_era5_synthetic
1,2023-10-19,0.0,36.0,30.6,81.82,59.61,-19.6,open_meteo_era5_synthetic
1,2023-10-20,0.0,31.5,39.5,78.4,59.61,-19.6,open_meteo_era5_synthetic
1,2023-10-21,1.63,36.1,37.3,83.38,56.56,-23.7,open_meteo_era5_synthetic
1,2023-10-22,0.0,35.5,32.2,81.64,39.489999999999995,-46.7,open_meteo_era5_synthetic
1,2023-10-23,0.0,35.7,39.9,83.42,39.489999999999995,-46.7,open_meteo_era5_synthetic
1,2023-10-24,0.0,38.9,33.4,85.71,39.489999999999995,-46.7,open_meteo_era5_synthetic
1,2023-10-25,0.0,36.2,41.3,84.39,16.34,-78.0,open_meteo_era5_synthetic
1,2023-10-26,0.0,35.6,39.0,83.12,16.34,-78.0,open_meteo_era5_synthetic
1,2023-10-27,0.0,36.4,35.2,83.25,6.59,-91.1,open_meteo_era5_synthetic
1,2023-10-28,0.0,34.9,40.3,82.62,6.59,-91.1,open_meteo_era5_synthetic
1,2023-10-29,0.0,36.0,46.5,85.3,6.59,-91.1,open_meteo_era5_synthetic
1,2023-10-30,0.0,35.8,38.3,83.23,1.63,-97.8,open_meteo_era5_synthetic
1,2023-10-31,0.0,38.1,41.1,86.61,1.63,-97.8,open_meteo_era5_synthetic
1,2023-11-01,0.0,31.3,36.1,77.58,1.63,-24.6,open_meteo_era5_synthetic
1,2023-11-02,0.0,32.8,28.6,77.88,1.63,-24.6,open_meteo_era5_synthetic
1,2023-11-03,0.0,30.1,30.3,75.25,1.63,-24.6,open_meteo_era5_synthetic
1,2023-11-04,0.0,35.0,31.1,80.8,1.63,-24.6,open_meteo_era5_synthetic
1,2023-11-05,0.0,32.4,37.7,79.04,1.63,-24.6,open_meteo_era5_synthetic
1,2023-11-06,0.0,30.5,41.9,77.55,1.63,-24.6,open_meteo_era5_synthetic
1,2023-11-07,0.0,32.6,40.6,79.85,1.63,-24.6,open_meteo_era5_synthetic
1,2023-11-08,0.0,32.5,40.0,79.68,1.63,-24.6,open_meteo_era5_synthetic
1,2023-11-09,0.0,33.4,35.2,79.74,1.63,-24.6,open_meteo_era5_synthetic
1,2023-11-10,0.0,33.1,40.6,80.54,1.63,-24.6,open_meteo_era5_synthetic
1,2023-11-11,0.0,32.0,45.2,79.93,1.63,-24.6,open_meteo_era5_synthetic
1,2023-11-12,0.0,33.1,38.8,80.11,1.63,-24.6,open_meteo_era5_synthetic
1,2023-11-13,0.0,36.5,43.9,85.31,1.63,-24.6,open_meteo_era5_synthetic
1,2023-11-14,0.0,33.2,34.7,79.51,1.63,-24.6,open_meteo_era5_synthetic
1,2023-11-15,0.0,31.5,39.3,78.28,1.63,-24.6,open_meteo_era5_synthetic
1,2023-11-16,0.0,31.9,48.4,80.41,1.63,-24.6,open_meteo_era5_synthetic
1,2023-11-17,0.0,29.3,41.9,76.08,1.63,-24.6,open_meteo_era5_synthetic
1,2023-11-18,0.0,31.6,39.7,78.49,1.63,-24.6,open_meteo_era5_synthetic
1,2023-11-19,0.0,29.5,38.4,75.86,1.63,-24.6,open_meteo_era5_synthetic
1,2023-11-20,0.0,33.3,40.8,80.7,0.0,-100.0,open_meteo_era5_synthetic
1,2023-11-21,0.0,31.3,35.5,77.43,0.0,-100.0,open_meteo_era5_synthetic
1,2023-11-22,0.0,33.0,36.6,79.58,0.0,-100.0,open_meteo_era5_synthetic
1,2023-11-23,0.0,32.7,27.4,77.58,0.0,-100.0,open_meteo_era5_synthetic
1,2023-11-24,0.0,33.7,38.4,80.81,0.0,-100.0,open_meteo_era5_synthetic
1,2023-11-25,0.0,32.8,30.1,78.14,0.0,-100.0,open_meteo_era5_synthetic
1,2023-11-26,0.0,31.3,47.1,79.36,0.0,-100.0,open_meteo_era5_synthetic
1,2023-11-27,0.0,32.5,43.6,80.33,0.0,-100.0,open_meteo_era5_synthetic
1,2023-11-28,0.0,34.3,47.6,83.27,0.0,-100.0,open_meteo_era5_synthetic
1,2023-11-29,0.0,36.2,49.2,86.07,0.0,-100.0,open_meteo_era5_synthetic
1,2023-11-30,0.0,32.8,40.0,80.01,0.0,-100.0,open_meteo_era5_synthetic
1,2023-12-01,0.0,29.9,30.2,74.95,0.0,-100.0,open_meteo_era5_synthetic
1,2023-12-02,0.0,29.8,38.1,76.07,0.0,-100.0,open_meteo_era5_synthetic
1,2023-12-03,0.0,30.7,41.3,77.74,0.0,-100.0,open_meteo_era5_synthetic
1,2023-12-04,0.0,31.7,41.3,78.97,0.0,-100.0,open_meteo_era5_synthetic
1,2023-12-05,0.0,28.4,40.2,74.8,0.0,-100.0,open_meteo_era5_synthetic
1,2023-12-06,0.0,29.7,34.2,75.36,0.0,-100.0,open_meteo_era5_synthetic
1,2023-12-07,0.0,30.1,36.3,76.19,0.0,-100.0,open_meteo_era5_synthetic
1,2023-12-08,0.0,31.8,40.7,78.97,0.0,-100.0,open_meteo_era5_synthetic
1,2023-12-09,0.0,31.3,42.4,78.62,0.0,-100.0,open_meteo_era5_synthetic
1,2023-12-10,0.0,31.0,42.6,78.22,0.0,-100.0,open_meteo_era5_synthetic
1,2023-12-11,0.0,27.3,36.3,72.98,0.0,-100.0,open_meteo_era5_synthetic
1,2023-12-12,0.57,27.5,29.0,72.16,0.57,-48.5,open_meteo_era5_synthetic
1,2023-12-13,0.0,30.0,30.0,75.06,0.57,-48.5,open_meteo_era5_synthetic
1,2023-12-14,0.0,32.0,39.9,79.08,0.57,-48.5,open_meteo_era5_synthetic
1,2023-12-15,0.0,32.4,33.8,78.38,0.57,-48.5,open_meteo_era5_synthetic
1,2023-12-16,0.0,29.9,33.6,75.5,0.57,-48.5,open_meteo_era5_synthetic
1,2023-12-17,0.0,29.6,50.3,77.74,0.57,-48.5,open_meteo_era5_synthetic
1,2023-12-18,0.0,31.1,42.1,78.3,0.57,-48.5,open_meteo_era5_synthetic
1,2023-12-19,0.0,28.6,33.7,74.08,0.57,-48.5,open_meteo_era5_synthetic
1,2023-12-20,0.0,28.2,46.4,75.35,0.57,-48.5,open_meteo_era5_synthetic
1,2023-12-21,0.0,31.5,46.5,79.49,0.57,-48.5,open_meteo_era5_synthetic
1,2023-12-22,0.0,31.8,42.3,79.19,0.57,-48.5,open_meteo_era5_synthetic
1,2023-12-23,0.0,32.5,36.1,78.99,0.57,-48.5,open_meteo_era5_synthetic
1,2023-12-24,0.0,29.8,28.4,74.64,0.57,-48.5,open_meteo_era5_synthetic
1,2023-12-25,0.0,33.1,37.6,79.86,0.57,-48.5,open_meteo_era5_synthetic
1,2023-12-26,0.0,31.5,43.9,79.09,0.57,-48.5,open_meteo_era5_synthetic
1,2023-12-27,0.0,30.0,39.5,76.58,0.57,-48.5,open_meteo_era5_synthetic
1,2023-12-28,0.0,29.2,43.1,76.14,0.57,-48.5,open_meteo_era5_synthetic
1,2023-12-29,0.55,29.0,41.6,75.64,1.12,1.2,open_meteo_era5_synthetic
1,2023-12-30,0.0,29.6,35.2,75.47,1.12,1.2,open_meteo_era5_synthetic
1,2023-12-31,0.0,29.6,35.9,75.49,1.12,1.2,open_meteo_era5_synthetic
1,2024-01-01,0.0,31.1,35.0,77.1,1.12,-40.4,open_meteo_era5_synthetic
1,2024-01-02,0.0,29.7,37.2,75.83,1.12,-40.4,open_meteo_era5_synthetic
1,2024-01-03,0.0,26.8,47.2,73.72,1.12,-40.4,open_meteo_era5_synthetic
1,2024-01-04,0.0,26.5,31.7,71.42,1.12,-40.4,open_meteo_era5_synthetic
1,2024-01-05,0.0,31.2,38.9,77.94,1.12,-40.4,open_meteo_era5_synthetic
1,2024-01-06,0.0,30.4,30.9,75.69,1.12,-40.4,open_meteo_era5_synthetic
1,2024-01-07,0.0,29.2,36.0,75.06,1.12,-40.4,open_meteo_era5_synthetic
1,2024-01-08,0.0,25.8,32.9,70.8,1.12,-40.4,open_meteo_era5_synthetic
1,2024-01-09,0.0,32.0,49.0,80.68,1.12,-40.4,open_meteo_era5_synthetic
1,2024-01-10,0.0,30.7,44.9,78.22,1.12,-40.4,open_meteo_era5_synthetic
1,2024-01-11,0.0,28.9,39.1,75.15,0.55,-70.7,open_meteo_era5_synthetic
1,2024-01-12,0.0,30.4,38.4,76.87,0.55,-70.7,open_meteo_era5_synthetic
1,2024-01-13,0.0,27.9,33.5,73.24,0.55,-70.7,open_meteo_era5_synthetic
1,2024-01-14,0.0,24.8,37.0,70.14,0.55,-70.7,open_meteo_era5_synthetic
1,2024-01-15,0.0,33.2,35.5,79.64,0.55,-70.7,open_meteo_era5_synthetic
1,2024-01-16,0.2,26.7,37.3,72.35,0.75,-60.1,open_meteo_era5_synthetic
1,2024-01-17,0.0,31.3,29.5,76.41,0.75,-60.1,open_meteo_era5_synthetic
1,2024-01-18,0.0,25.2,48.4,71.8,0.75,-60.1,open_meteo_era5_synthetic
1,2024-01-19,0.0,30.5,50.6,78.96,0.75,-60.1,open_meteo_era5_synthetic
1,2024-01-20,0.5,28.6,36.4,74.47,1.25,-33.5,open_meteo_era5_synthetic
1,2024-01-21,0.0,26.6,43.8,73.06,1.25,-33.5,open_meteo_era5_synthetic
1,2024-01-22,0.0,24.1,33.7,68.95,1.25,-33.5,open_meteo_era5_synthetic
1,2024-01-23,0.0,30.1,30.1,75.2,1.25,-33.5,open_meteo_era5_synthetic
1,2024-01-24,0.19,28.0,37.9,74.01,1.44,-23.4,open_meteo_era5_synthetic
1,2024-01-25,0.0,30.5,40.9,77.44,1.44,-23.4,open_meteo_era5_synthetic
1,2024-01-26,0.0,30.0,34.6,75.8,1.44,-23.4,open_meteo_era5_synthetic
1,2024-01-27,0.0,27.7,34.6,73.17,1.44,-23.4,open_meteo_era5_synthetic
1,2024-01-28,0.0,29.9,37.4,76.14,0.8899999999999999,-52.6,open_meteo_era5_synthetic
1,2024-01-29,0.0,30.2,40.2,76.91,0.8899999999999999,-52.6,open_meteo_era5_synthetic
1,2024-01-30,0.0,28.8,31.4,73.99,0.8899999999999999,-52.6,open_meteo_era5_synthetic
1,2024-01-31,0.0,27.9,35.3,73.5,0.8899999999999999,-52.6,open_meteo_era5_synthetic
1,2024-02-01,0.0,28.7,36.0,74.52,0.8899999999999999,25.1,open_meteo_era5_synthetic
1,2024-02-02,0.0,35.1,41.4,83.08,0.8899999999999999,25.1,open_meteo_era5_synthetic
1,2024-02-03,0.0,30.6,36.0,76.73,0.8899999999999999,25.1,open_meteo_era5_synthetic
1,2024-02-04,0.0,32.4,34.3,78.45,0.8899999999999999,25.1,open_meteo_era5_synthetic
1,2024-02-05,0.0,28.5,30.9,73.6,0.8899999999999999,25.1,open_meteo_era5_synthetic
1,2024-02-06,0.0,31.5,40.1,78.43,0.8899999999999999,25.1,open_meteo_era5_synthetic
1,2024-02-07,0.0,32.0,45.3,79.97,0.8899999999999999,25.1,open_meteo_era5_synthetic
1,2024-02-08,0.0,29.8,42.4,76.81,0.8899999999999999,25.1,open_meteo_era5_synthetic
1,2024-02-09,0.0,30.5,46.1,78.17,0.8899999999999999,25.1,open_meteo_era5_synthetic
1,2024-02-10,0.0,35.6,41.4,83.7,0.8899999999999999,25.1,open_meteo_era5_synthetic
1,2024-02-11,0.0,34.8,27.4,79.85,0.8899999999999999,25.1,open_meteo_era5_synthetic
1,2024-02-12,0.0,31.8,34.5,77.81,0.8899999999999999,25.1,open_meteo_era5_synthetic
1,2024-02-13,0.0,31.0,32.3,76.58,0.8899999999999999,25.1,open_meteo_era5_synthetic
1,2024-02-14,0.0,31.0,35.1,77.02,0.8899999999999999,25.1,open_meteo_era5_synthetic
1,2024-02-15,0.0,34.7,37.2,81.69,0.69,-3.0,open_meteo_era5_synthetic
1,2024-02-16,0.0,32.5,45.6,80.65,0.69,-3.0,open_meteo_era5_synthetic
1,2024-02-17,0.0,33.3,52.1,82.91,0.69,-3.0,open_meteo_era5_synthetic
1,2024-02-18,0.0,31.7,35.9,77.99,0.69,-3.0,open_meteo_era5_synthetic
1,2024-02-19,0.0,31.9,45.0,79.79,0.19,-73.3,open_meteo_era5_synthetic
1,2024-02-20,0.0,29.5,45.8,76.93,0.19,-73.3,open_meteo_era5_synthetic
1,2024-02-21,0.0,28.9,36.4,74.76,0.19,-73.3,open_meteo_era5_synthetic
1,2024-02-22,0.0,34.4,52.6,84.48,0.19,-73.3,open_meteo_era5_synthetic
1,2024-02-23,0.0,34.0,34.7,80.34,0.0,-100.0,open_meteo_era5_synthetic
1,2024-02-24,0.0,34.7,33.3,80.97,0.0,-100.0,open_meteo_era5_synthetic
1,2024-02-25,0.0,28.5,38.3,74.66,0.0,-100.0,open_meteo_era5_synthetic
1,2024-02-26,0.0,29.6,36.9,75.72,0.0,-100.0,open_meteo_era5_synthetic
1,2024-02-27,0.0,29.0,40.1,75.42,0.0,-100.0,open_meteo_era5_synthetic
1,2024-02-28,0.0,29.5,34.8,75.22,0.0,-100.0,open_meteo_era5_synthetic
1,2024-02-29,0.0,31.0,26.6,75.64,0.0,-100.0,open_meteo_era5_synthetic
1,2024-03-01,0.0,39.5,39.2,87.86,0.0,-100.0,open_meteo_era5_synthetic
1,2024-03-02,0.39,35.4,30.6,81.12,0.39,-77.3,open_meteo_era5_synthetic
1,2024-03-03,0.0,33.7,33.6,79.89,0.39,-77.3,open_meteo_era5_synthetic
1,2024-03-04,0.0,37.6,37.9,85.26,0.39,-77.3,open_meteo_era5_synthetic
1,2024-03-05,0.0,36.7,42.7,85.33,0.39,-77.3,open_meteo_era5_synthetic
1,2024-03-06,0.0,36.7,38.2,84.24,0.39,-77.3,open_meteo_era5_synthetic
1,2024-03-07,0.0,35.2,47.3,84.42,0.39,-77.3,open_meteo_era5_synthetic
1,2024-03-08,0.0,38.4,38.6,86.44,0.39,-77.3,open_meteo_era5_synthetic
1,2024-03-09,0.0,38.2,28.9,83.83,0.39,-77.3,open_meteo_era5_synthetic
1,2024-03-10,0.0,34.2,38.7,81.39,0.39,-77.3,open_meteo_era5_synthetic
1,2024-03-11,0.0,35.5,34.7,82.08,0.39,-77.3,open_meteo_era5_synthetic
1,2024-03-12,0.0,36.3,37.0,83.54,0.39,-77.3,open_meteo_era5_synthetic
1,2024-03-13,0.0,37.3,55.6,89.0,0.39,-77.3,open_meteo_era5_synthetic
1,2024-03-14,0.0,39.3,42.9,88.52,0.39,-77.3,open_meteo_era5_synthetic
1,2024-03-15,0.0,33.0,41.3,80.51,0.39,-77.3,open_meteo_era5_synthetic
1,2024-03-16,0.0,35.3,31.8,81.29,0.39,-77.3,open_meteo_era5_synthetic
1,2024-03-17,0.0,35.1,30.9,80.84,0.39,-77.3,open_meteo_era5_synthetic
1,2024-03-18,0.0,38.1,42.2,86.93,0.39,-77.3,open_meteo_era5_synthetic
1,2024-03-19,0.18,34.0,35.1,80.5,0.5700000000000001,-66.8,open_meteo_era5_synthetic
1,2024-03-20,0.0,36.4,34.5,83.1,0.5700000000000001,-66.8,open_meteo_era5_synthetic
1,2024-03-21,0.0,37.5,45.4,86.86,0.5700000000000001,-66.8,open_meteo_era5_synthetic
1,2024-03-22,0.0,35.4,33.1,81.63,0.5700000000000001,-66.8,open_meteo_era5_synthetic
1,2024-03-23,0.0,39.2,46.1,89.16,0.5700000000000001,-66.8,open_meteo_era5_synthetic
1,2024-03-24,0.0,34.5,39.8,81.99,0.5700000000000001,-66.8,open_meteo_era5_synthetic
1,2024-03-25,0.0,34.9,46.8,83.94,0.5700000000000001,-66.8,open_meteo_era5_synthetic
1,2024-03-26,0.0,35.4,35.3,82.17,0.5700000000000001,-66.8,open_meteo_era5_synthetic
1,2024-03-27,0.0,36.6,43.7,85.43,0.5700000000000001,-66.8,open_meteo_era5_synthetic
1,2024-03-28,0.46,36.1,35.1,82.96,1.03,-40.0,open_meteo_era5_synthetic
1,2024-03-29,0.0,31.7,36.8,78.11,1.03,-40.0,open_meteo_era5_synthetic
1,2024-03-30,0.0,34.9,29.0,80.32,1.03,-40.0,open_meteo_era5_synthetic
1,2024-03-31,0.0,34.9,43.0,83.17,1.03,-40.0,open_meteo_era5_synthetic
1,2024-04-01,0.0,41.8,27.4,87.33,0.64,-32.7,open_meteo_era5_synthetic
1,2024-04-02,0.0,36.2,31.9,82.25,0.64,-32.7,open_meteo_era5_synthetic
1,2024-04-03,0.0,39.4,52.4,91.02,0.64,-32.7,open_meteo_era5_synthetic
1,2024-04-04,0.0,43.3,39.5,92.4,0.64,-32.7,open_meteo_era5_synthetic
1,2024-04-05,0.0,41.8,36.4,89.79,0.64,-32.7,open_meteo_era5_synthetic
1,2024-04-06,0.0,36.1,37.9,83.51,0.64,-32.7,open_meteo_era5_synthetic
1,2024-04-07,0.0,42.6,32.8,89.78,0.64,-32.7,open_meteo_era5_synthetic
1,2024-04-08,0.0,41.1,31.7,87.72,0.64,-32.7,open_meteo_era5_synthetic
1,2024-04-09,0.0,40.1,43.1,89.52,0.64,-32.7,open_meteo_era5_synthetic
1,2024-04-10,0.0,41.1,34.1,88.41,0.64,-32.7,open_meteo_era5_synthetic
1,2024-04-11,0.0,39.7,39.3,88.13,0.64,-32.7,open_meteo_era5_synthetic
1,2024-04-12,0.0,40.0,39.1,88.45,0.64,-32.7,open_meteo_era5_synthetic
1,2024-04-13,0.0,41.8,46.8,92.7,0.64,-32.7,open_meteo_era5_synthetic
1,2024-04-14,0.0,38.6,37.4,86.35,0.64,-32.7,open_meteo_era5_synthetic
1,2024-04-15,0.0,38.4,40.2,86.76,0.64,-32.7,open_meteo_era5_synthetic
1,2024-04-16,0.0,40.1,51.3,91.6,0.64,-32.7,open_meteo_era5_synthetic
1,2024-04-17,0.0,37.7,41.0,86.11,0.64,-32.7,open_meteo_era5_synthetic
1,2024-04-18,0.0,40.5,28.4,86.23,0.46,-51.6,open_meteo_era5_synthetic
1,2024-04-19,0.0,38.2,37.9,86.03,0.46,-51.6,open_meteo_era5_synthetic
1,2024-04-20,0.0,40.0,51.9,91.67,0.46,-51.6,open_meteo_era5_synthetic
1,2024-04-21,0.0,36.0,32.1,82.11,0.46,-51.6,open_meteo_era5_synthetic
1,2024-04-22,0.0,39.3,39.4,87.6,0.46,-51.6,open_meteo_era5_synthetic
1,2024-04-23,0.0,38.2,49.2,88.68,0.46,-51.6,open_meteo_era5_synthetic
1,2024-04-24,0.0,41.8,39.0,90.49,0.46,-51.6,open_meteo_era5_synthetic
1,2024-04-25,0.0,40.1,35.8,87.65,0.46,-51.6,open_meteo_era5_synthetic
1,2024-04-26,0.0,40.1,35.0,87.44,0.46,-51.6,open_meteo_era5_synthetic
1,2024-04-27,0.0,35.5,41.6,83.6,0.0,-100.0,open_meteo_era5_synthetic
1,2024-04-28,0.0,42.3,32.2,89.2,0.0,-100.0,open_meteo_era5_synthetic
1,2024-04-29,0.0,38.0,41.1,86.55,0.0,-100.0,open_meteo_era5_synthetic
1,2024-04-30,0.0,41.5,39.1,90.26,0.0,-100.0,open_meteo_era5_synthetic
1,2024-05-01,0.0,39.0,47.4,89.32,0.0,-100.0,open_meteo_era5_synthetic
1,2024-05-02,0.0,41.5,26.4,86.76,0.0,-100.0,open_meteo_era5_synthetic
1,2024-05-03,0.0,42.3,35.9,90.29,0.0,-100.0,open_meteo_era5_synthetic
1,2024-05-04,0.0,40.8,53.4,93.1,0.0,-100.0,open_meteo_era5_synthetic
1,2024-05-05,0.0,43.4,39.0,92.43,0.0,-100.0,open_meteo_era5_synthetic
1,2024-05-06,0.0,45.3,24.5,90.21,0.0,-100.0,open_meteo_era5_synthetic
1,2024-05-07,0.0,45.1,50.1,97.92,0.0,-100.0,open_meteo_era5_synthetic
1,2024-05-08,0.0,40.1,31.6,86.66,0.0,-100.0,open_meteo_era5_synthetic
1,2024-05-09,0.47,42.6,44.2,92.99,0.47,-54.8,open_meteo_era5_synthetic
1,2024-05-10,0.0,41.4,50.1,93.09,0.47,-54.8,open_meteo_era5_synthetic
1,2024-05-11,0.0,40.1,42.4,89.37,0.47,-54.8,open_meteo_era5_synthetic
1,2024-05-12,0.0,42.5,43.5,92.66,0.47,-54.8,open_meteo_era5_synthetic
1,2024-05-13,0.0,40.2,42.0,89.41,0.47,-54.8,open_meteo_era5_synthetic
1,2024-05-14,0.0,42.2,45.3,92.7,0.47,-54.8,open_meteo_era5_synthetic
1,2024-05-15,0.0,41.3,38.0,89.7,0.47,-54.8,open_meteo_era5_synthetic
1,2024-05-16,0.0,40.7,35.8,88.4,0.47,-54.8,open_meteo_era5_synthetic
1,2024-05-17,0.0,40.0,40.2,88.69,0.47,-54.8,open_meteo_era5_synthetic
1,2024-05-18,0.0,42.8,26.6,88.17,0.47,-54.8,open_meteo_era5_synthetic
1,2024-05-19,0.0,40.0,36.4,87.74,0.47,-54.8,open_meteo_era5_synthetic
1,2024-05-20,0.0,42.2,43.3,92.25,0.47,-54.8,open_meteo_era5_synthetic
1,2024-05-21,0.0,41.5,42.7,91.11,0.47,-54.8,open_meteo_era5_synthetic
1,2024-05-22,0.0,39.5,38.6,87.69,0.47,-54.8,open_meteo_era5_synthetic
1,2024-05-23,0.78,41.3,42.7,90.88,1.25,20.2,open_meteo_era5_synthetic
1,2024-05-24,0.0,39.7,54.0,91.75,1.25,20.2,open_meteo_era5_synthetic
1,2024-05-25,0.0,44.6,34.0,92.32,1.25,20.2,open_meteo_era5_synthetic
1,2024-05-26,0.0,42.9,33.4,90.3,1.25,20.2,open_meteo_era5_synthetic
1,2024-05-27,0.0,40.7,34.5,87.98,1.25,20.2,open_meteo_era5_synthetic
1,2024-05-28,0.0,42.3,34.7,89.91,1.25,20.2,open_meteo_era5_synthetic
1,2024-05-29,0.0,41.1,39.1,89.7,1.25,20.2,open_meteo_era5_synthetic
1,2024-05-30,0.0,38.2,44.5,87.58,1.25,20.2,open_meteo_era5_synthetic
1,2024-05-31,0.0,43.6,39.6,92.84,1.25,20.2,open_meteo_era5_synthetic
1,2024-06-01,0.0,37.7,43.3,86.61,1.25,-97.5,open_meteo_era5_synthetic
1,2024-06-02,0.0,37.1,53.2,88.23,1.25,-97.5,open_meteo_era5_synthetic
1,2024-06-03,0.0,34.7,55.6,85.38,1.25,-97.5,open_meteo_era5_synthetic
1,2024-06-04,0.0,35.6,45.6,84.55,1.25,-97.5,open_meteo_era5_synthetic
1,2024-06-05,0.0,35.3,40.4,83.03,1.25,-97.5,open_meteo_era5_synthetic
1,2024-06-06,0.0,37.2,38.7,85.03,1.25,-97.5,open_meteo_era5_synthetic
1,2024-06-07,2.96,40.4,54.1,92.79,4.21,-91.6,open_meteo_era5_synthetic
1,2024-06-08,0.0,36.1,47.5,85.55,3.74,-92.5,open_meteo_era5_synthetic
1,2024-06-09,23.91,36.0,50.6,86.08,27.65,-44.7,open_meteo_era5_synthetic
1,2024-06-10,0.0,36.6,42.1,85.02,27.650000000000002,-44.7,open_meteo_era5_synthetic
1,2024-06-11,0.0,39.1,44.6,88.69,27.650000000000002,-44.7,open_meteo_era5_synthetic
1,2024-06-12,0.0,34.4,46.8,83.27,27.650000000000002,-44.7,open_meteo_era5_synthetic
1,2024-06-13,0.0,40.5,47.2,91.09,27.650000000000002,-44.7,open_meteo_era5_synthetic
1,2024-06-14,0.0,37.1,36.9,84.42,27.650000000000002,-44.7,open_meteo_era5_synthetic
1,2024-06-15,25.51,38.9,28.9,84.58,53.160000000000004,6.3,open_meteo_era5_synthetic
1,2024-06-16,0.0,36.4,37.8,83.84,53.160000000000004,6.3,open_meteo_era5_synthetic
1,2024-06-17,0.0,39.3,44.7,88.96,53.160000000000004,6.3,open_meteo_era5_synthetic
1,2024-06-18,0.0,39.1,46.5,89.1,53.160000000000004,6.3,open_meteo_era5_synthetic
1,2024-06-19,0.0,34.6,48.6,83.89,53.160000000000004,6.3,open_meteo_era5_synthetic
1,2024-06-20,0.0,34.1,43.8,82.27,53.160000000000004,6.3,open_meteo_era5_synthetic
1,2024-06-21,0.0,38.4,33.6,85.17,53.160000000000004,6.3,open_meteo_era5_synthetic
1,2024-06-22,12.97,36.2,48.1,85.9,65.35000000000001,30.6,open_meteo_era5_synthetic
1,2024-06-23,0.0,41.1,36.0,88.93,65.35000000000001,30.6,open_meteo_era5_synthetic
1,2024-06-24,9.66,35.7,45.8,84.73,75.01,49.9,open_meteo_era5_synthetic
1,2024-06-25,0.0,36.2,32.6,82.44,75.01,49.9,open_meteo_era5_synthetic
1,2024-06-26,0.0,34.2,28.3,79.32,75.01,49.9,open_meteo_era5_synthetic
1,2024-06-27,4.71,37.3,46.4,86.86,79.72,59.4,open_meteo_era5_synthetic
1,2024-06-28,0.0,38.5,50.0,89.19,79.72,59.4,open_meteo_era5_synthetic
1,2024-06-29,4.39,39.6,52.5,91.3,84.11,68.1,open_meteo_era5_synthetic
1,2024-06-30,52.73,35.2,49.5,84.9,136.84,173.5,open_meteo_era5_synthetic
1,2024-07-01,50.03,38.6,58.1,91.34,186.87,-61.4,open_meteo_era5_synthetic
1,2024-07-02,0.0,33.7,48.8,82.8,186.87,-61.4,open_meteo_era5_synthetic
1,2024-07-03,5.09,31.8,57.2,81.8,191.96,-60.3,open_meteo_era5_synthetic
1,2024-07-04,65.34,32.3,57.6,82.58,257.3,-46.8,open_meteo_era5_synthetic
1,2024-07-05,0.0,31.4,56.7,81.11,257.3,-46.8,open_meteo_era5_synthetic
1,2024-07-06,78.66,35.3,56.6,86.51,335.96000000000004,-30.6,open_meteo_era5_synthetic
1,2024-07-07,0.0,32.0,50.3,80.91,333.0,-31.2,open_meteo_era5_synthetic
1,2024-07-08,7.95,30.1,59.5,79.81,340.95000000000005,-29.5,open_meteo_era5_synthetic
1,2024-07-09,59.66,34.2,56.0,84.83,376.7,-22.1,open_meteo_era5_synthetic
1,2024-07-10,42.09,31.1,55.4,80.54,418.79,-13.4,open_meteo_era5_synthetic
1,2024-07-11,17.61,34.7,63.3,87.07,436.4,-9.8,open_meteo_era5_synthetic
1,2024-07-12,39.99,34.5,45.0,83.01,476.39,-1.5,open_meteo_era5_synthetic
1,2024-07-13,28.26,30.3,44.1,77.62,504.65000000000003,4.3,open_meteo_era5_synthetic
1,2024-07-14,0.0,34.4,59.7,85.93,504.65000000000003,4.3,open_meteo_era5_synthetic
1,2024-07-15,0.0,33.8,62.1,85.42,479.14000000000004,-1.0,open_meteo_era5_synthetic
1,2024-07-16,18.28,33.9,54.4,84.11,497.42,2.8,open_meteo_era5_synthetic
1,2024-07-17,13.28,31.7,65.0,82.94,510.70000000000005,5.6,open_meteo_era5_synthetic
1,2024-07-18,27.08,32.4,61.2,83.26,537.78,11.2,open_meteo_era5_synthetic
1,2024-07-19,0.0,31.2,55.8,80.76,537.78,11.2,open_meteo_era5_synthetic
1,2024-07-20,39.08,34.1,60.0,85.46,576.86,19.2,open_meteo_era5_synthetic
1,2024-07-21,0.0,30.3,64.9,80.93,576.86,19.2,open_meteo_era5_synthetic
1,2024-07-22,148.98,32.7,55.6,82.81,712.87,47.4,open_meteo_era5_synthetic
1,2024-07-23,55.1,36.4,56.7,87.98,767.97,58.7,open_meteo_era5_synthetic
1,2024-07-24,44.85,33.0,46.9,81.54,803.16,66.0,open_meteo_era5_synthetic
1,2024-07-25,38.5,31.6,41.5,78.82,841.66,74.0,open_meteo_era5_synthetic
1,2024-07-26,0.0,34.0,58.3,85.03,841.66,74.0,open_meteo_era5_synthetic
1,2024-07-27,12.2,34.2,56.3,84.92,849.15,75.5,open_meteo_era5_synthetic
1,2024-07-28,0.0,33.1,51.3,82.46,849.15,75.5,open_meteo_era5_synthetic
1,2024-07-29,0.0,33.7,61.7,85.25,844.76,74.6,open_meteo_era5_synthetic
1,2024-07-30,10.33,32.6,57.6,82.93,802.36,65.9,open_meteo_era5_synthetic
1,2024-07-31,23.61,34.6,52.8,84.74,775.94,60.4,open_meteo_era5_synthetic
1,2024-08-01,63.53,30.0,53.9,78.8,839.47,23.8,open_meteo_era5_synthetic
1,2024-08-02,5.56,30.4,61.7,80.53,839.9399999999999,23.9,open_meteo_era5_synthetic
1,2024-08-03,84.71,32.3,50.8,81.39,859.3100000000001,26.7,open_meteo_era5_synthetic
1,2024-08-04,53.47,30.4,47.0,78.27,912.7800000000001,34.6,open_meteo_era5_synthetic
1,2024-08-05,49.05,31.0,44.9,78.66,883.17,30.2,open_meteo_era5_synthetic
1,2024-08-06,16.9,33.2,56.0,83.49,900.0699999999999,32.7,open_meteo_era5_synthetic
1,2024-08-07,12.32,30.7,53.5,79.71,904.44,33.4,open_meteo_era5_synthetic
1,2024-08-08,34.26,31.1,60.8,81.38,879.04,29.6,open_meteo_era5_synthetic
1,2024-08-09,23.19,33.7,47.0,82.4,860.14,26.8,open_meteo_era5_synthetic
1,2024-08-10,14.54,34.8,59.6,86.44,857.07,26.4,open_meteo_era5_synthetic
1,2024-08-11,22.43,34.8,58.8,86.19,839.51,23.8,open_meteo_era5_synthetic
1,2024-08-12,0.0,30.4,55.2,79.54,811.25,19.6,open_meteo_era5_synthetic
1,2024-08-13,59.89,31.6,62.4,82.39,871.14,28.5,open_meteo_era5_synthetic
1,2024-08-14,19.78,28.3,57.8,77.04,890.9200000000001,31.4,open_meteo_era5_synthetic
1,2024-08-15,0.0,31.1,50.5,79.72,872.6400000000001,28.7,open_meteo_era5_synthetic
1,2024-08-16,17.58,33.1,51.5,82.56,876.9399999999999,29.3,open_meteo_era5_synthetic
1,2024-08-17,33.91,32.3,58.0,82.68,883.77,30.3,open_meteo_era5_synthetic
1,2024-08-18,36.34,33.6,49.7,82.89,920.11,35.7,open_meteo_era5_synthetic
1,2024-08-19,43.83,30.6,54.5,79.65,924.86,36.4,open_meteo_era5_synthetic
1,2024-08-20,18.34,29.7,57.1,78.94,943.1999999999999,39.1,open_meteo_era5_synthetic
1,2024-08-21,49.38,35.9,53.0,86.51,843.6000000000001,24.4,open_meteo_era5_synthetic
1,2024-08-22,5.81,32.7,52.7,82.24,794.3100000000001,17.1,open_meteo_era5_synthetic
1,2024-08-23,46.49,28.8,52.0,76.87,795.95,17.4,open_meteo_era5_synthetic
1,2024-08-24,8.04,32.9,56.7,83.2,765.49,12.9,open_meteo_era5_synthetic
1,2024-08-25,14.8,33.6,51.1,83.07,780.2900000000001,15.1,open_meteo_era5_synthetic
1,2024-08-26,10.64,32.5,53.3,82.09,778.73,14.8,open_meteo_era5_synthetic
1,2024-08-27,33.33,31.5,54.7,80.9,812.06,19.8,open_meteo_era5_synthetic
1,2024-08-28,0.0,31.4,52.4,80.4,812.06,19.8,open_meteo_era5_synthetic
1,2024-08-29,12.61,32.0,52.2,81.18,814.34,20.1,open_meteo_era5_synthetic
1,2024-08-30,13.04,29.8,68.2,80.8,803.7700000000001,18.5,open_meteo_era5_synthetic
1,2024-08-31,49.48,33.9,54.7,84.14,789.7199999999999,16.5,open_meteo_era5_synthetic
1,2024-09-01,0.0,35.9,46.6,85.11,784.16,93.4,open_meteo_era5_synthetic
1,2024-09-02,0.0,34.5,44.2,82.89,699.4499999999999,72.5,open_meteo_era5_synthetic
1,2024-09-03,0.0,35.0,51.7,85.04,645.98,59.3,open_meteo_era5_synthetic
1,2024-09-04,0.0,35.2,49.8,84.96,596.93,47.2,open_meteo_era5_synthetic
1,2024-09-05,4.2,33.2,46.6,81.78,584.23,44.1,open_meteo_era5_synthetic
1,2024-09-06,0.0,33.2,40.8,80.67,571.9100000000001,41.1,open_meteo_era5_synthetic
1,2024-09-07,6.89,32.9,53.1,82.53,544.54,34.3,open_meteo_era5_synthetic
1,2024-09-08,0.0,34.6,45.5,83.23,521.35,28.6,open_meteo_era5_synthetic
1,2024-09-09,0.0,35.4,48.8,84.94,506.81,25.0,open_meteo_era5_synthetic
1,2024-09-10,0.0,34.4,34.9,80.85,484.38,19.5,open_meteo_era5_synthetic
1,2024-09-11,0.0,33.7,52.1,83.47,484.38,19.5,open_meteo_era5_synthetic
1,2024-09-12,0.0,34.8,44.3,83.25,424.49,4.7,open_meteo_era5_synthetic
1,2024-09-13,0.0,35.7,29.3,81.16,404.71000000000004,-0.2,open_meteo_era5_synthetic
1,2024-09-14,0.0,37.4,45.3,86.73,404.71000000000004,-0.2,open_meteo_era5_synthetic
1,2024-09-15,20.69,30.3,47.9,78.28,407.82,0.6,open_meteo_era5_synthetic
1,2024-09-16,0.0,35.6,39.0,83.1,373.91,-7.8,open_meteo_era5_synthetic
1,2024-09-17,13.0,33.5,44.6,81.78,350.57,-13.5,open_meteo_era5_synthetic
1,2024-09-18,0.0,31.5,38.2,78.16,306.74,-24.3,open_meteo_era5_synthetic
1,2024-09-19,0.0,33.5,42.9,81.35,288.40000000000003,-28.9,open_meteo_era5_synthetic
1,2024-09-20,0.4,32.7,38.8,79.65,239.42000000000002,-40.9,open_meteo_era5_synthetic
1,2024-09-21,0.0,34.8,45.1,83.46,233.61,-42.4,open_meteo_era5_synthetic
1,2024-09-22,0.0,36.3,48.0,86.0,187.12,-53.8,open_meteo_era5_synthetic
1,2024-09-23,0.0,34.8,43.0,83.07,179.08,-55.8,open_meteo_era5_synthetic
1,2024-09-24,18.25,33.4,47.4,82.12,182.53,-55.0,open_meteo_era5_synthetic
1,2024-09-25,0.0,30.5,42.9,77.69,171.89000000000001,-57.6,open_meteo_era5_synthetic
1,2024-09-26,0.0,34.4,34.6,80.81,138.56,-65.8,open_meteo_era5_synthetic
1,2024-09-27,0.0,32.5,47.5,80.98,138.56,-65.8,open_meteo_era5_synthetic
1,2024-09-28,25.75,29.4,47.8,77.07,151.70000000000002,-62.6,open_meteo_era5_synthetic
1,2024-09-29,0.0,35.7,38.8,83.22,138.66000000000003,-65.8,open_meteo_era5_synthetic
1,2024-09-30,0.0,32.5,51.7,81.8,89.18000000000004,-78.0,open_meteo_era5_synthetic
1,2024-10-01,0.0,36.4,40.6,84.47,89.18000000000004,20.3,open_meteo_era5_synthetic
1,2024-10-02,0.0,36.7,32.6,82.99,89.18000000000004,20.3,open_meteo_era5_synthetic
1,2024-10-03,0.0,37.9,40.6,86.3,89.18000000000004,20.3,open_meteo_era5_synthetic
1,2024-10-04,1.49,33.3,37.3,80.07,90.67000000000003,22.3,open_meteo_era5_synthetic
1,2024-10-05,0.0,36.1,39.0,83.73,86.47000000000003,16.7,open_meteo_era5_synthetic
1,2024-10-06,1.53,34.4,43.6,82.61,88.00000000000003,18.7,open_meteo_era5_synthetic
1,2024-10-07,0.0,40.0,48.1,90.71,81.11000000000003,9.4,open_meteo_era5_synthetic
1,2024-10-08,0.0,37.0,36.2,84.22,81.11000000000003,9.4,open_meteo_era5_synthetic
1,2024-10-09,0.0,37.1,35.5,84.12,81.11000000000003,9.4,open_meteo_era5_synthetic
1,2024-10-10,0.0,36.6,38.7,84.25,81.11000000000003,9.4,open_meteo_era5_synthetic
1,2024-10-11,0.0,34.1,45.2,82.59,81.11000000000003,9.4,open_meteo_era5_synthetic
1,2024-10-12,0.0,36.4,55.0,87.63,81.11000000000003,9.4,open_meteo_era5_synthetic
1,2024-10-13,0.0,37.5,50.2,88.01,81.11000000000003,9.4,open_meteo_era5_synthetic
1,2024-10-14,0.0,34.2,48.5,83.31,81.11000000000003,9.4,open_meteo_era5_synthetic
1,2024-10-15,0.0,33.9,41.7,81.71,60.42000000000003,-18.5,open_meteo_era5_synthetic
1,2024-10-16,0.0,35.6,23.9,79.94,60.42000000000003,-18.5,open_meteo_era5_synthetic
1,2024-10-17,0.0,37.6,40.9,85.96,47.42000000000003,-36.0,open_meteo_era5_synthetic
1,2024-10-18,0.0,35.9,41.3,83.98,47.42000000000003,-36.0,open_meteo_era5_synthetic
1,2024-10-19,2.45,36.6,42.6,85.09,49.870000000000026,-32.7,open_meteo_era5_synthetic
1,2024-10-20,0.0,37.0,44.0,86.0,49.47000000000003,-33.3,open_meteo_era5_synthetic
1,2024-10-21,0.0,38.9,30.1,84.88,49.47000000000003,-33.3,open_meteo_era5_synthetic
1,2024-10-22,1.67,37.5,41.1,85.91,51.14000000000003,-31.0,open_meteo_era5_synthetic
1,2024-10-23,0.0,34.7,46.7,83.69,51.14000000000003,-31.0,open_meteo_era5_synthetic
1,2024-10-24,0.0,33.6,36.5,80.3,32.89000000000003,-55.6,open_meteo_era5_synthetic
1,2024-10-25,0.0,34.0,39.9,81.47,32.89000000000003,-55.6,open_meteo_era5_synthetic
1,2024-10-26,0.0,33.5,29.2,78.82,32.89000000000003,-55.6,open_meteo_era5_synthetic
1,2024-10-27,0.0,36.2,35.1,83.04,32.89000000000003,-55.6,open_meteo_era5_synthetic
1,2024-10-28,0.0,33.1,35.6,79.5,7.140000000000029,-90.4,open_meteo_era5_synthetic
1,2024-10-29,0.0,36.5,45.2,85.64,7.140000000000029,-90.4,open_meteo_era5_synthetic
1,2024-10-30,0.0,38.9,34.9,86.09,7.140000000000029,-90.4,open_meteo_era5_synthetic
1,2024-10-31,0.0,36.8,38.9,84.57,7.140000000000029,-90.4,open_meteo_era5_synthetic
1,2024-11-01,0.0,32.3,46.4,80.53,7.140000000000029,230.4,open_meteo_era5_synthetic
1,2024-11-02,0.0,32.2,40.1,79.25,7.140000000000029,230.4,open_meteo_era5_synthetic
1,2024-11-03,0.27,33.8,46.1,82.35,5.920000000000028,173.9,open_meteo_era5_synthetic
1,2024-11-04,0.0,31.9,33.2,77.72,5.920000000000028,173.9,open_meteo_era5_synthetic
1,2024-11-05,0.0,33.6,33.2,79.65,4.390000000000029,103.1,open_meteo_era5_synthetic
1,2024-11-06,0.0,32.7,41.4,80.18,4.390000000000029,103.1,open_meteo_era5_synthetic
1,2024-11-07,0.0,35.1,37.9,82.31,4.390000000000029,103.1,open_meteo_era5_synthetic
1,2024-11-08,0.0,33.0,37.6,79.8,4.390000000000029,103.1,open_meteo_era5_synthetic
1,2024-11-09,0.0,32.1,35.5,78.38,4.390000000000029,103.1,open_meteo_era5_synthetic
1,2024-11-10,0.0,29.3,51.8,77.57,4.390000000000029,103.1,open_meteo_era5_synthetic
1,2024-11-11,0.0,34.1,52.6,84.0,4.390000000000029,103.1,open_meteo_era5_synthetic
1,2024-11-12,0.0,33.2,48.7,82.16,4.390000000000029,103.1,open_meteo_era5_synthetic
1,2024-11-13,0.0,34.1,34.4,80.45,4.390000000000029,103.1,open_meteo_era5_synthetic
1,2024-11-14,0.0,32.6,31.8,78.23,4.390000000000029,103.1,open_meteo_era5_synthetic
1,2024-11-15,0.0,32.8,41.8,80.32,4.390000000000029,103.1,open_meteo_era5_synthetic
1,2024-11-16,0.0,32.0,41.6,79.38,4.390000000000029,103.1,open_meteo_era5_synthetic
1,2024-11-17,0.42,31.0,30.7,76.32,4.810000000000029,122.6,open_meteo_era5_synthetic
1,2024-11-18,0.0,30.7,33.6,76.4,2.3600000000000283,9.2,open_meteo_era5_synthetic
1,2024-11-19,0.0,32.6,51.0,81.74,2.3600000000000283,9.2,open_meteo_era5_synthetic
1,2024-11-20,0.0,34.5,38.1,81.63,2.3600000000000283,9.2,open_meteo_era5_synthetic
1,2024-11-21,0.0,34.7,41.7,82.59,0.6900000000000284,-68.1,open_meteo_era5_synthetic
1,2024-11-22,0.0,35.2,33.9,81.58,0.6900000000000284,-68.1,open_meteo_era5_synthetic
1,2024-11-23,0.0,33.8,36.6,80.49,0.6900000000000284,-68.1,open_meteo_era5_synthetic
1,2024-11-24,0.0,33.8,32.3,79.73,0.6900000000000284,-68.1,open_meteo_era5_synthetic
1,2024-11-25,0.0,32.7,46.2,80.98,0.6900000000000284,-68.1,open_meteo_era5_synthetic
1,2024-11-26,0.0,32.7,38.7,79.59,0.6900000000000284,-68.1,open_meteo_era5_synthetic
1,2024-11-27,0.0,36.3,42.0,84.62,0.6900000000000284,-68.1,open_meteo_era5_synthetic
1,2024-11-28,0.0,31.7,39.7,78.6,0.6900000000000284,-68.1,open_meteo_era5_synthetic
1,2024-11-29,0.0,31.2,45.0,78.86,0.6900000000000284,-68.1,open_meteo_era5_synthetic
1,2024-11-30,0.0,32.7,37.5,79.46,0.6900000000000284,-68.1,open_meteo_era5_synthetic
1,2024-12-01,0.0,26.9,40.0,72.93,0.6900000000000284,-37.6,open_meteo_era5_synthetic
1,2024-12-02,0.0,31.4,35.1,77.47,0.6900000000000284,-37.6,open_meteo_era5_synthetic
1,2024-12-03,0.0,30.5,38.8,77.01,0.4200000000000284,-62.0,open_meteo_era5_synthetic
1,2024-12-04,0.0,29.1,39.2,75.49,0.4200000000000284,-62.0,open_meteo_era5_synthetic
1,2024-12-05,0.0,25.7,32.2,70.6,0.4200000000000284,-62.0,open_meteo_era5_synthetic
1,2024-12-06,0.0,31.3,38.5,78.0,0.4200000000000284,-62.0,open_meteo_era5_synthetic
1,2024-12-07,0.0,29.3,31.4,74.5,0.4200000000000284,-62.0,open_meteo_era5_synthetic
1,2024-12-08,0.0,33.9,32.8,79.88,0.4200000000000284,-62.0,open_meteo_era5_synthetic
1,2024-12-09,0.0,30.9,42.9,78.25,0.4200000000000284,-62.0,open_meteo_era5_synthetic
1,2024-12-10,0.0,29.2,24.8,73.41,0.4200000000000284,-62.0,open_meteo_era5_synthetic
1,2024-12-11,0.0,30.1,37.8,76.44,0.4200000000000284,-62.0,open_meteo_era5_synthetic
1,2024-12-12,0.0,32.5,34.4,78.58,0.4200000000000284,-62.0,open_meteo_era5_synthetic
1,2024-12-13,0.0,29.6,40.5,76.3,0.4200000000000284,-62.0,open_meteo_era5_synthetic
1,2024-12-14,0.0,29.3,38.0,75.5,0.4200000000000284,-62.0,open_meteo_era5_synthetic
1,2024-12-15,0.0,32.1,45.1,80.02,0.4200000000000284,-62.0,open_meteo_era5_synthetic
1,2024-12-16,0.0,28.9,40.7,75.48,0.4200000000000284,-62.0,open_meteo_era5_synthetic
1,2024-12-17,0.0,33.2,38.8,80.2,0.0,-100.0,open_meteo_era5_synthetic
1,2024-12-18,0.0,30.4,40.1,77.14,0.0,-100.0,open_meteo_era5_synthetic
1,2024-12-19,0.0,30.0,31.8,75.38,0.0,-100.0,open_meteo_era5_synthetic
1,2024-12-20,0.0,27.1,30.7,71.97,0.0,-100.0,open_meteo_era5_synthetic
1,2024-12-21,0.0,31.8,30.1,77.04,0.0,-100.0,open_meteo_era5_synthetic
1,2024-12-22,0.0,30.1,41.7,76.98,0.0,-100.0,open_meteo_era5_synthetic
1,2024-12-23,0.0,29.5,39.8,75.99,0.0,-100.0,open_meteo_era5_synthetic
1,2024-12-24,0.0,31.1,39.6,77.87,0.0,-100.0,open_meteo_era5_synthetic
1,2024-12-25,0.0,30.7,36.8,77.0,0.0,-100.0,open_meteo_era5_synthetic
1,2024-12-26,0.0,28.3,26.1,72.71,0.0,-100.0,open_meteo_era5_synthetic
1,2024-12-27,0.9,26.3,34.2,71.52,0.9000000000000284,-18.6,open_meteo_era5_synthetic
1,2024-12-28,0.0,31.7,41.9,79.02,0.9000000000000284,-18.6,open_meteo_era5_synthetic
1,2024-12-29,0.0,30.3,40.7,77.13,0.9000000000000284,-18.6,open_meteo_era5_synthetic
1,2024-12-30,0.0,32.5,43.0,80.22,0.9000000000000284,-18.6,open_meteo_era5_synthetic
1,2024-12-31,0.0,29.3,40.2,75.81,0.9000000000000284,-18.6,open_meteo_era5_synthetic
1,2025-01-01,0.28,30.5,31.3,75.88,1.1800000000000286,-37.2,open_meteo_era5_synthetic
1,2025-01-02,0.0,30.8,39.8,77.52,1.1800000000000286,-37.2,open_meteo_era5_synthetic
1,2025-01-03,0.0,29.8,40.1,76.36,1.1800000000000286,-37.2,open_meteo_era5_synthetic
1,2025-01-04,0.0,31.5,38.0,78.08,1.1800000000000286,-37.2,open_meteo_era5_synthetic
1,2025-01-05,1.39,27.7,34.1,73.13,2.5700000000000283,36.8,open_meteo_era5_synthetic
1,2025-01-06,0.0,29.8,36.6,75.85,2.5700000000000283,36.8,open_meteo_era5_synthetic
1,2025-01-07,0.0,26.3,40.6,72.21,2.5700000000000283,36.8,open_meteo_era5_synthetic
1,2025-01-08,0.0,27.9,47.7,75.21,2.5700000000000283,36.8,open_meteo_era5_synthetic
1,2025-01-09,0.0,29.7,46.9,77.33,2.5700000000000283,36.8,open_meteo_era5_synthetic
1,2025-01-10,0.0,27.9,38.4,73.87,2.5700000000000283,36.8,open_meteo_era5_synthetic
1,2025-01-11,0.0,25.8,40.0,71.56,2.5700000000000283,36.8,open_meteo_era5_synthetic
1,2025-01-12,0.0,28.4,35.7,74.14,2.5700000000000283,36.8,open_meteo_era5_synthetic
1,2025-01-13,0.0,29.7,43.8,76.86,2.5700000000000283,36.8,open_meteo_era5_synthetic
1,2025-01-14,0.0,29.2,31.4,74.44,2.5700000000000283,36.8,open_meteo_era5_synthetic
1,2025-01-15,0.0,29.7,34.4,75.37,2.5700000000000283,36.8,open_meteo_era5_synthetic
1,2025-01-16,0.03,26.7,33.9,71.95,2.600000000000028,38.4,open_meteo_era5_synthetic
1,2025-01-17,0.0,29.5,44.1,76.66,2.600000000000028,38.4,open_meteo_era5_synthetic
1,2025-01-18,0.0,28.0,36.3,73.68,2.600000000000028,38.4,open_meteo_era5_synthetic
1,2025-01-19,0.0,31.3,35.2,77.38,2.600000000000028,38.4,open_meteo_era5_synthetic
1,2025-01-20,0.0,27.9,47.5,75.12,2.600000000000028,38.4,open_meteo_era5_synthetic
1,2025-01-21,0.0,29.2,49.2,77.05,2.600000000000028,38.4,open_meteo_era5_synthetic
1,2025-01-22,0.0,29.8,37.5,75.97,2.600000000000028,38.4,open_meteo_era5_synthetic
1,2025-01-23,0.0,28.0,34.3,73.48,2.600000000000028,38.4,open_meteo_era5_synthetic
1,2025-01-24,0.0,27.5,42.2,73.96,2.600000000000028,38.4,open_meteo_era5_synthetic
1,2025-01-25,0.0,30.7,32.1,76.19,2.600000000000028,38.4,open_meteo_era5_synthetic
1,2025-01-26,0.0,30.8,27.0,75.49,1.7000000000000284,-9.5,open_meteo_era5_synthetic
1,2025-01-27,0.0,28.7,38.9,74.89,1.7000000000000282,-9.5,open_meteo_era5_synthetic
1,2025-01-28,0.0,27.9,47.4,75.06,1.7000000000000282,-9.5,open_meteo_era5_synthetic
1,2025-01-29,0.0,25.4,42.6,71.38,1.7000000000000282,-9.5,open_meteo_era5_synthetic
1,2025-01-30,0.0,28.7,27.8,73.36,1.7000000000000282,-9.5,open_meteo_era5_synthetic
1,2025-01-31,0.0,29.3,36.5,75.24,1.4200000000000284,-24.4,open_meteo_era5_synthetic
1,2025-02-01,0.0,33.4,30.3,78.87,1.4200000000000284,99.5,open_meteo_era5_synthetic
1,2025-02-02,0.0,31.8,36.4,78.17,1.4200000000000284,99.5,open_meteo_era5_synthetic
1,2025-02-03,0.0,33.0,34.5,79.2,1.4200000000000284,99.5,open_meteo_era5_synthetic
1,2025-02-04,0.0,33.1,33.6,79.1,0.0300000000000282,-95.8,open_meteo_era5_synthetic
1,2025-02-05,0.0,33.2,42.0,80.84,0.0300000000000282,-95.8,open_meteo_era5_synthetic
1,2025-02-06,0.0,33.7,38.9,80.88,0.0300000000000282,-95.8,open_meteo_era5_synthetic
1,2025-02-07,0.0,34.4,46.8,83.24,0.0300000000000282,-95.8,open_meteo_era5_synthetic
1,2025-02-08,0.0,28.1,38.8,74.19,0.0300000000000282,-95.8,open_meteo_era5_synthetic
1,2025-02-09,0.0,32.4,38.6,79.31,0.0300000000000282,-95.8,open_meteo_era5_synthetic
1,2025-02-10,0.0,35.5,42.9,83.8,0.0300000000000282,-95.8,open_meteo_era5_synthetic
1,2025-02-11,0.0,32.4,33.0,78.32,0.0300000000000282,-95.8,open_meteo_era5_synthetic
1,2025-02-12,0.0,33.3,40.0,80.57,0.0300000000000282,-95.8,open_meteo_era5_synthetic
1,2025-02-13,0.0,30.6,43.9,78.05,0.0300000000000282,-95.8,open_meteo_era5_synthetic
1,2025-02-14,0.0,31.0,39.5,77.72,0.0300000000000282,-95.8,open_meteo_era5_synthetic
1,2025-02-15,0.0,33.3,29.3,78.62,0.0,-100.0,open_meteo_era5_synthetic
1,2025-02-16,0.0,33.0,37.2,79.74,0.0,-100.0,open_meteo_era5_synthetic
1,2025-02-17,0.0,36.4,31.0,82.28,0.0,-100.0,open_meteo_era5_synthetic
1,2025-02-18,0.0,29.9,39.9,76.52,0.0,-100.0,open_meteo_era5_synthetic
1,2025-02-19,0.0,31.7,45.9,79.65,0.0,-100.0,open_meteo_era5_synthetic
1,2025-02-20,0.0,33.3,32.7,79.26,0.0,-100.0,open_meteo_era5_synthetic
1,2025-02-21,0.78,36.3,38.3,83.79,0.7800000000000282,9.6,open_meteo_era5_synthetic
1,2025-02-22,0.0,34.1,39.7,81.47,0.7800000000000282,9.6,open_meteo_era5_synthetic
1,2025-02-23,0.0,36.2,36.7,83.36,0.7800000000000282,9.6,open_meteo_era5_synthetic
1,2025-02-24,0.0,31.3,37.6,77.82,0.7800000000000282,9.6,open_meteo_era5_synthetic
1,2025-02-25,0.0,29.0,37.7,75.14,0.7800000000000282,9.6,open_meteo_era5_synthetic
1,2025-02-26,0.0,31.1,29.2,76.2,0.7800000000000282,9.6,open_meteo_era5_synthetic
1,2025-02-27,0.0,28.7,28.2,73.35,0.7800000000000282,9.6,open_meteo_era5_synthetic
1,2025-02-28,1.42,31.2,38.4,77.77,2.200000000000028,209.1,open_meteo_era5_synthetic
1,2025-03-01,0.0,34.1,53.5,84.19,2.200000000000028,28.2,open_meteo_era5_synthetic
1,2025-03-02,0.53,32.4,36.4,78.89,2.730000000000028,59.1,open_meteo_era5_synthetic
1,2025-03-03,0.0,41.3,38.5,89.76,2.730000000000028,59.1,open_meteo_era5_synthetic
1,2025-03-04,0.0,32.3,27.5,77.17,2.730000000000028,59.1,open_meteo_era5_synthetic
1,2025-03-05,0.0,35.6,41.0,83.54,2.730000000000028,59.1,open_meteo_era5_synthetic
1,2025-03-06,0.0,32.5,37.1,79.11,2.730000000000028,59.1,open_meteo_era5_synthetic
1,2025-03-07,0.0,36.0,24.4,80.46,2.730000000000028,59.1,open_meteo_era5_synthetic
1,2025-03-08,0.0,34.4,37.7,81.43,2.730000000000028,59.1,open_meteo_era5_synthetic
1,2025-03-09,0.0,40.4,47.1,90.95,2.730000000000028,59.1,open_meteo_era5_synthetic
1,2025-03-10,0.0,38.4,36.1,85.82,2.730000000000028,59.1,open_meteo_era5_synthetic
1,2025-03-11,0.0,34.8,32.3,80.8,2.730000000000028,59.1,open_meteo_era5_synthetic
1,2025-03-12,0.0,39.3,38.1,87.36,2.730000000000028,59.1,open_meteo_era5_synthetic
1,2025-03-13,0.0,36.4,41.2,84.62,2.730000000000028,59.1,open_meteo_era5_synthetic
1,2025-03-14,0.0,36.8,31.6,82.92,2.730000000000028,59.1,open_meteo_era5_synthetic
1,2025-03-15,0.0,33.8,36.6,80.52,2.730000000000028,59.1,open_meteo_era5_synthetic
1,2025-03-16,0.0,38.3,32.9,84.89,2.730000000000028,59.1,open_meteo_era5_synthetic
1,2025-03-17,0.0,33.1,40.0,80.36,2.730000000000028,59.1,open_meteo_era5_synthetic
1,2025-03-18,0.0,34.9,35.9,81.69,2.730000000000028,59.1,open_meteo_era5_synthetic
1,2025-03-19,0.0,39.4,38.9,87.64,2.730000000000028,59.1,open_meteo_era5_synthetic
1,2025-03-20,0.0,38.8,24.0,83.24,2.730000000000028,59.1,open_meteo_era5_synthetic
1,2025-03-21,0.0,35.0,39.7,82.6,2.730000000000028,59.1,open_meteo_era5_synthetic
1,2025-03-22,0.0,37.0,40.3,85.1,2.730000000000028,59.1,open_meteo_era5_synthetic
1,2025-03-23,0.0,37.0,45.7,86.31,1.9500000000000282,13.6,open_meteo_era5_synthetic
1,2025-03-24,0.0,39.5,32.4,86.08,1.9500000000000282,13.6,open_meteo_era5_synthetic
1,2025-03-25,0.0,35.6,36.9,82.7,1.9500000000000282,13.6,open_meteo_era5_synthetic
1,2025-03-26,0.0,36.4,43.9,85.21,1.9500000000000282,13.6,open_meteo_era5_synthetic
1,2025-03-27,0.34,36.9,40.5,85.06,2.290000000000028,33.4,open_meteo_era5_synthetic
1,2025-03-28,0.0,36.1,34.1,82.71,2.290000000000028,33.4,open_meteo_era5_synthetic
1,2025-03-29,0.0,34.2,34.2,80.5,2.290000000000028,33.4,open_meteo_era5_synthetic
1,2025-03-30,0.0,36.4,48.4,86.15,0.8700000000000283,-49.3,open_meteo_era5_synthetic
1,2025-03-31,0.0,35.9,49.5,85.77,0.8700000000000283,-49.3,open_meteo_era5_synthetic
1,2025-04-01,0.0,40.1,44.7,90.01,0.3400000000000282,-64.2,open_meteo_era5_synthetic
1,2025-04-02,0.48,36.6,36.2,83.67,0.8200000000000283,-13.8,open_meteo_era5_synthetic
1,2025-04-03,0.0,37.3,44.2,86.33,0.8200000000000283,-13.8,open_meteo_era5_synthetic
1,2025-04-04,0.0,41.4,42.6,91.02,0.8200000000000283,-13.8,open_meteo_era5_synthetic
1,2025-04-05,0.0,38.2,38.0,86.03,0.8200000000000283,-13.8,open_meteo_era5_synthetic
1,2025-04-06,0.0,38.3,37.7,86.01,0.8200000000000283,-13.8,open_meteo_era5_synthetic
1,2025-04-07,0.0,39.2,35.9,86.72,0.8200000000000283,-13.8,open_meteo_era5_synthetic
1,2025-04-08,0.0,37.7,30.7,83.7,0.8200000000000283,-13.8,open_meteo_era5_synthetic
1,2025-04-09,0.0,37.8,28.8,83.37,0.8200000000000283,-13.8,open_meteo_era5_synthetic
1,2025-04-10,0.0,36.3,48.8,86.15,0.8200000000000283,-13.8,open_meteo_era5_synthetic
1,2025-04-11,0.0,40.2,32.3,86.85,0.8200000000000283,-13.8,open_meteo_era5_synthetic
1,2025-04-12,0.0,35.7,30.3,81.43,0.8200000000000283,-13.8,open_meteo_era5_synthetic
1,2025-04-13,0.0,40.2,40.2,88.98,0.8200000000000283,-13.8,open_meteo_era5_synthetic
1,2025-04-14,0.18,37.3,45.3,86.65,1.0000000000000282,5.2,open_meteo_era5_synthetic
1,2025-04-15,0.0,41.6,35.5,89.38,1.0000000000000282,5.2,open_meteo_era5_synthetic
1,2025-04-16,0.0,38.1,29.0,83.76,1.0000000000000282,5.2,open_meteo_era5_synthetic
1,2025-04-17,0.0,38.6,34.2,85.56,1.0000000000000282,5.2,open_meteo_era5_synthetic
1,2025-04-18,0.0,39.4,39.1,87.71,1.0000000000000282,5.2,open_meteo_era5_synthetic
1,2025-04-19,0.0,35.0,36.6,81.92,1.0000000000000282,5.2,open_meteo_era5_synthetic
1,2025-04-20,0.0,39.6,38.9,87.91,1.0000000000000282,5.2,open_meteo_era5_synthetic
1,2025-04-21,0.0,39.1,40.6,87.7,1.0000000000000282,5.2,open_meteo_era5_synthetic
1,2025-04-22,0.0,39.3,34.5,86.4,1.0000000000000282,5.2,open_meteo_era5_synthetic
1,2025-04-23,0.0,38.2,26.3,83.17,1.0000000000000282,5.2,open_meteo_era5_synthetic
1,2025-04-24,0.0,41.3,49.1,92.69,1.0000000000000282,5.2,open_meteo_era5_synthetic
1,2025-04-25,0.0,39.1,32.9,85.86,1.0000000000000282,5.2,open_meteo_era5_synthetic
1,2025-04-26,0.0,42.5,25.8,87.68,0.6600000000000281,-30.6,open_meteo_era5_synthetic
1,2025-04-27,0.0,39.0,40.9,87.64,0.6600000000000281,-30.6,open_meteo_era5_synthetic
1,2025-04-28,0.0,38.3,41.3,86.87,0.6600000000000281,-30.6,open_meteo_era5_synthetic
1,2025-04-29,0.0,38.6,32.7,85.23,0.6600000000000281,-30.6,open_meteo_era5_synthetic
1,2025-04-30,0.0,37.2,31.3,83.32,0.6600000000000281,-30.6,open_meteo_era5_synthetic
1,2025-05-01,0.0,39.4,42.8,88.67,0.6600000000000281,-36.5,open_meteo_era5_synthetic
1,2025-05-02,0.0,42.7,42.3,92.49,0.1800000000000282,-82.7,open_meteo_era5_synthetic
1,2025-05-03,1.55,44.8,39.8,94.31,1.7300000000000282,66.3,open_meteo_era5_synthetic
1,2025-05-04,0.0,40.2,31.3,86.63,1.7300000000000282,66.3,open_meteo_era5_synthetic
1,2025-05-05,0.0,40.1,38.0,88.24,1.7300000000000282,66.3,open_meteo_era5_synthetic
1,2025-05-06,0.0,38.5,44.8,88.01,1.7300000000000282,66.3,open_meteo_era5_synthetic
1,2025-05-07,0.0,40.9,42.7,90.42,1.7300000000000282,66.3,open_meteo_era5_synthetic
1,2025-05-08,0.0,42.0,45.2,92.46,1.7300000000000282,66.3,open_meteo_era5_synthetic
1,2025-05-09,0.0,45.7,28.8,91.98,1.7300000000000282,66.3,open_meteo_era5_synthetic
1,2025-05-10,0.0,43.2,32.1,90.19,1.7300000000000282,66.3,open_meteo_era5_synthetic
1,2025-05-11,0.0,42.8,33.0,90.07,1.7300000000000282,66.3,open_meteo_era5_synthetic
1,2025-05-12,0.0,41.8,33.4,89.04,1.7300000000000282,66.3,open_meteo_era5_synthetic
1,2025-05-13,0.0,41.1,36.3,89.01,1.7300000000000282,66.3,open_meteo_era5_synthetic
1,2025-05-14,0.0,39.6,42.3,88.69,1.5500000000000282,49.0,open_meteo_era5_synthetic
1,2025-05-15,0.0,36.4,32.2,82.6,1.5500000000000282,49.0,open_meteo_era5_synthetic
1,2025-05-16,0.0,37.3,31.2,83.35,1.5500000000000282,49.0,open_meteo_era5_synthetic
1,2025-05-17,0.0,42.8,35.5,90.68,1.5500000000000282,49.0,open_meteo_era5_synthetic
1,2025-05-18,0.0,37.4,42.7,86.19,1.5500000000000282,49.0,open_meteo_era5_synthetic
1,2025-05-19,0.0,42.5,34.7,90.1,1.5500000000000282,49.0,open_meteo_era5_synthetic
1,2025-05-20,0.0,42.1,37.0,90.36,1.5500000000000282,49.0,open_meteo_era5_synthetic
1,2025-05-21,0.0,37.6,36.0,84.79,1.5500000000000282,49.0,open_meteo_era5_synthetic
1,2025-05-22,0.0,40.3,29.6,86.34,1.5500000000000282,49.0,open_meteo_era5_synthetic
1,2025-05-23,0.0,39.8,43.5,89.23,1.5500000000000282,49.0,open_meteo_era5_synthetic
1,2025-05-24,0.0,42.2,42.5,91.92,1.5500000000000282,49.0,open_meteo_era5_synthetic
1,2025-05-25,0.0,38.9,37.5,86.66,1.5500000000000282,49.0,open_meteo_era5_synthetic
1,2025-05-26,0.0,39.8,39.1,88.12,1.5500000000000282,49.0,open_meteo_era5_synthetic
1,2025-05-27,0.0,42.2,33.1,89.42,1.5500000000000282,49.0,open_meteo_era5_synthetic
1,2025-05-28,0.0,43.6,31.2,90.39,1.5500000000000282,49.0,open_meteo_era5_synthetic
1,2025-05-29,0.0,43.8,34.3,91.46,1.5500000000000282,49.0,open_meteo_era5_synthetic
1,2025-05-30,0.0,37.1,38.2,84.75,1.5500000000000282,49.0,open_meteo_era5_synthetic
1,2025-05-31,0.0,42.3,35.3,90.09,1.5500000000000282,49.0,open_meteo_era5_synthetic
1,2025-06-01,0.0,36.8,56.1,88.42,1.5500000000000282,-96.9,open_meteo_era5_synthetic
1,2025-06-02,0.0,36.2,50.3,86.26,0.0,-100.0,open_meteo_era5_synthetic
1,2025-06-03,0.0,36.9,42.9,85.57,0.0,-100.0,open_meteo_era5_synthetic
1,2025-06-04,0.0,38.5,37.0,86.11,0.0,-100.0,open_meteo_era5_synthetic
1,2025-06-05,0.0,35.3,50.0,85.15,0.0,-100.0,open_meteo_era5_synthetic
1,2025-06-06,0.0,33.6,46.3,82.19,0.0,-100.0,open_meteo_era5_synthetic
1,2025-06-07,0.0,36.0,37.5,83.34,0.0,-100.0,open_meteo_era5_synthetic
1,2025-06-08,35.8,38.6,36.2,86.04,35.800000000000026,-28.4,open_meteo_era5_synthetic
1,2025-06-09,0.0,34.2,50.4,83.71,35.800000000000026,-28.4,open_meteo_era5_synthetic
1,2025-06-10,0.0,37.6,44.4,86.81,35.800000000000026,-28.4,open_meteo_era5_synthetic
1,2025-06-11,0.0,38.6,47.1,88.68,35.800000000000026,-28.4,open_meteo_era5_synthetic
1,2025-06-12,3.81,38.2,52.9,89.55,39.61000000000003,-20.8,open_meteo_era5_synthetic
1,2025-06-13,4.73,37.9,50.7,88.66,44.340000000000025,-11.4,open_meteo_era5_synthetic
1,2025-06-14,2.18,38.6,37.1,86.27,46.520000000000024,-7.0,open_meteo_era5_synthetic
1,2025-06-15,5.48,37.8,41.7,86.41,52.00000000000003,3.9,open_meteo_era5_synthetic
1,2025-06-16,2.93,36.4,49.5,86.34,54.93000000000003,9.8,open_meteo_era5_synthetic
1,2025-06-17,20.09,34.6,47.1,83.58,75.02000000000002,50.0,open_meteo_era5_synthetic
1,2025-06-18,17.14,36.4,38.6,83.99,92.16000000000003,84.2,open_meteo_era5_synthetic
1,2025-06-19,0.0,34.6,44.6,83.12,92.16000000000003,84.2,open_meteo_era5_synthetic
1,2025-06-20,0.0,35.7,55.8,86.83,92.16000000000003,84.2,open_meteo_era5_synthetic
1,2025-06-21,0.0,36.2,33.8,82.76,92.16000000000003,84.2,open_meteo_era5_synthetic
1,2025-06-22,0.0,37.7,53.4,88.98,92.16000000000003,84.2,open_meteo_era5_synthetic
1,2025-06-23,3.75,40.1,37.9,88.24,95.91000000000003,91.7,open_meteo_era5_synthetic
1,2025-06-24,0.0,39.6,43.9,89.1,95.91000000000003,91.7,open_meteo_era5_synthetic
1,2025-06-25,0.0,37.7,30.7,83.7,95.91000000000003,91.7,open_meteo_era5_synthetic
1,2025-06-26,13.81,38.5,41.9,87.29,109.72000000000003,119.3,open_meteo_era5_synthetic
1,2025-06-27,3.39,37.2,50.9,87.77,113.11000000000003,126.1,open_meteo_era5_synthetic
1,2025-06-28,16.59,37.7,42.5,86.45,129.70000000000002,159.3,open_meteo_era5_synthetic
1,2025-06-29,0.0,36.6,42.9,85.19,129.70000000000002,159.3,open_meteo_era5_synthetic
1,2025-06-30,0.0,35.0,43.8,83.42,129.70000000000002,159.3,open_meteo_era5_synthetic
1,2025-07-01,18.54,34.3,55.7,84.97,148.24000000000004,-69.4,open_meteo_era5_synthetic
1,2025-07-02,0.0,31.4,60.4,81.79,148.24000000000004,-69.4,open_meteo_era5_synthetic
1,2025-07-03,7.55,33.1,58.8,83.89,155.79000000000002,-67.8,open_meteo_era5_synthetic
1,2025-07-04,60.23,34.2,51.7,83.95,216.02000000000004,-55.3,open_meteo_era5_synthetic
1,2025-07-05,0.0,34.6,56.9,85.63,216.02000000000004,-55.3,open_meteo_era5_synthetic
1,2025-07-06,0.0,34.9,51.7,84.92,216.02000000000004,-55.3,open_meteo_era5_synthetic
1,2025-07-07,17.87,34.4,57.9,85.45,233.89000000000001,-51.7,open_meteo_era5_synthetic
1,2025-07-08,17.05,30.7,40.7,77.64,215.14000000000004,-55.5,open_meteo_era5_synthetic
1,2025-07-09,10.27,32.6,40.5,79.83,225.41000000000005,-53.4,open_meteo_era5_synthetic
1,2025-07-10,35.44,30.3,57.2,79.78,260.85,-46.1,open_meteo_era5_synthetic
1,2025-07-11,9.15,33.5,53.0,83.37,270.0,-44.2,open_meteo_era5_synthetic
1,2025-07-12,47.9,32.1,57.5,82.2,314.09000000000003,-35.1,open_meteo_era5_synthetic
1,2025-07-13,105.29,34.2,48.9,83.41,414.65000000000003,-14.3,open_meteo_era5_synthetic
1,2025-07-14,7.28,31.6,53.9,81.0,419.75000000000006,-13.2,open_meteo_era5_synthetic
1,2025-07-15,16.47,34.8,57.8,86.01,430.74,-11.0,open_meteo_era5_synthetic
1,2025-07-16,0.0,31.1,56.5,80.68,427.81,-11.6,open_meteo_era5_synthetic
1,2025-07-17,43.78,30.9,47.7,79.04,451.50000000000006,-6.7,open_meteo_era5_synthetic
1,2025-07-18,36.13,30.8,62.2,81.19,470.49,-2.7,open_meteo_era5_synthetic
1,2025-07-19,10.62,32.4,50.9,81.52,481.11,-0.6,open_meteo_era5_synthetic
1,2025-07-20,46.91,32.4,71.6,85.21,528.02,9.1,open_meteo_era5_synthetic
1,2025-07-21,43.33,31.7,47.4,79.97,571.35,18.1,open_meteo_era5_synthetic
1,2025-07-22,12.56,32.1,54.7,81.73,583.91,20.7,open_meteo_era5_synthetic
1,2025-07-23,0.0,31.4,38.6,78.04,580.16,19.9,open_meteo_era5_synthetic
1,2025-07-24,21.75,34.0,55.0,84.44,601.91,24.4,open_meteo_era5_synthetic
1,2025-07-25,0.0,31.4,54.0,80.67,601.91,24.4,open_meteo_era5_synthetic
1,2025-07-26,10.81,36.0,48.5,85.73,598.9100000000001,23.8,open_meteo_era5_synthetic
1,2025-07-27,0.0,35.4,53.6,85.99,595.5200000000001,23.1,open_meteo_era5_synthetic
1,2025-07-28,63.84,30.6,48.0,78.72,642.77,32.9,open_meteo_era5_synthetic
1,2025-07-29,19.33,32.1,66.9,83.93,662.1,36.9,open_meteo_era5_synthetic
1,2025-07-30,42.29,34.9,55.4,85.75,704.39,45.6,open_meteo_era5_synthetic
1,2025-07-31,38.51,33.8,51.1,83.37,724.3600000000001,49.7,open_meteo_era5_synthetic
1,2025-08-01,0.0,30.6,42.1,77.76,724.3600000000001,6.8,open_meteo_era5_synthetic
1,2025-08-02,70.95,34.0,49.9,83.33,787.76,16.2,open_meteo_era5_synthetic
1,2025-08-03,34.04,34.5,57.4,85.56,761.5699999999999,12.3,open_meteo_era5_synthetic
1,2025-08-04,134.07,33.3,56.7,83.78,895.64,32.1,open_meteo_era5_synthetic
1,2025-08-05,119.3,31.3,47.8,79.47,1014.9399999999999,49.7,open_meteo_era5_synthetic
1,2025-08-06,0.0,31.3,67.5,82.9,997.0699999999999,47.0,open_meteo_era5_synthetic
1,2025-08-07,0.0,30.3,49.3,78.45,980.02,44.5,open_meteo_era5_synthetic
1,2025-08-08,0.0,35.4,44.7,84.06,969.75,43.0,open_meteo_era5_synthetic
1,2025-08-09,8.84,32.2,42.3,79.64,943.15,39.1,open_meteo_era5_synthetic
1,2025-08-10,20.76,30.0,59.0,79.53,954.76,40.8,open_meteo_era5_synthetic
1,2025-08-11,4.69,30.9,57.3,80.6,911.5500000000001,34.4,open_meteo_era5_synthetic
1,2025-08-12,36.41,31.8,55.4,81.45,842.6700000000001,24.3,open_meteo_era5_synthetic
1,2025-08-13,29.41,35.6,71.0,89.96,864.8,27.5,open_meteo_era5_synthetic
1,2025-08-14,0.0,34.7,51.4,84.61,848.33,25.1,open_meteo_era5_synthetic
1,2025-08-15,0.0,29.3,48.9,77.13,848.33,25.1,open_meteo_era5_synthetic
1,2025-08-16,0.0,29.0,44.5,76.14,804.55,18.6,open_meteo_era5_synthetic
1,2025-08-17,0.0,33.6,49.1,82.7,768.42,13.3,open_meteo_era5_synthetic
1,2025-08-18,12.26,31.9,55.0,81.5,770.06,13.6,open_meteo_era5_synthetic
1,2025-08-19,32.44,30.1,50.7,78.42,755.59,11.4,open_meteo_era5_synthetic
1,2025-08-20,14.57,31.5,55.7,81.18,726.8299999999999,7.2,open_meteo_era5_synthetic
1,2025-08-21,0.0,32.8,50.6,82.0,714.27,5.3,open_meteo_era5_synthetic
1,2025-08-22,15.0,28.5,43.5,75.39,729.27,7.5,open_meteo_era5_synthetic
1,2025-08-23,0.0,33.4,52.7,83.18,707.52,4.3,open_meteo_era5_synthetic
1,2025-08-24,0.0,32.6,56.4,82.68,707.52,4.3,open_meteo_era5_synthetic
1,2025-08-25,0.0,29.8,52.5,78.35,696.71,2.7,open_meteo_era5_synthetic
1,2025-08-26,76.3,32.4,54.1,82.02,773.0100000000001,14.0,open_meteo_era5_synthetic
1,2025-08-27,65.84,32.6,49.7,81.54,775.01,14.3,open_meteo_era5_synthetic
1,2025-08-28,42.99,32.9,48.8,81.7,798.67,17.8,open_meteo_era5_synthetic
1,2025-08-29,91.79,33.0,47.5,81.62,848.1700000000001,25.1,open_meteo_era5_synthetic
1,2025-08-30,18.19,36.5,51.4,87.0,827.85,22.1,open_meteo_era5_synthetic
1,2025-08-31,2.4,31.3,64.6,82.39,830.25,22.4,open_meteo_era5_synthetic
1,2025-09-01,0.0,37.8,44.0,86.92,759.3,87.3,open_meteo_era5_synthetic
1,2025-09-02,22.57,33.9,52.5,83.73,747.83,84.5,open_meteo_era5_synthetic
1,2025-09-03,0.93,31.7,60.5,82.28,614.6899999999999,51.6,open_meteo_era5_synthetic
1,2025-09-04,5.44,32.1,52.3,81.28,500.83000000000004,23.5,open_meteo_era5_synthetic
1,2025-09-05,6.5,33.3,47.9,82.04,507.33000000000004,25.1,open_meteo_era5_synthetic
1,2025-09-06,5.37,34.7,40.0,82.3,512.7,26.5,open_meteo_era5_synthetic
1,2025-09-07,0.0,37.2,48.7,87.23,512.7,26.5,open_meteo_era5_synthetic
1,2025-09-08,0.0,36.1,48.3,85.75,503.86,24.3,open_meteo_era5_synthetic
1,2025-09-09,0.0,33.6,44.8,81.92,483.1,19.2,open_meteo_era5_synthetic
1,2025-09-10,5.44,31.7,37.2,78.26,483.85,19.4,open_meteo_era5_synthetic
1,2025-09-11,17.06,35.6,54.7,86.52,464.50000000000006,14.6,open_meteo_era5_synthetic
1,2025-09-12,0.0,34.5,45.6,83.22,435.09000000000003,7.3,open_meteo_era5_synthetic
1,2025-09-13,0.0,33.2,48.3,82.08,435.09000000000003,7.3,open_meteo_era5_synthetic
1,2025-09-14,19.29,32.0,48.3,80.49,454.38,12.1,open_meteo_era5_synthetic
1,2025-09-15,0.0,34.1,50.0,83.49,454.38,12.1,open_meteo_era5_synthetic
1,2025-09-16,22.88,39.1,47.1,89.3,477.26000000000005,17.7,open_meteo_era5_synthetic
1,2025-09-17,0.0,33.4,36.2,79.99,465.00000000000006,14.7,open_meteo_era5_synthetic
1,2025-09-18,22.35,36.8,47.4,86.43,454.91,12.2,open_meteo_era5_synthetic
1,2025-09-19,0.0,32.4,35.5,78.76,440.34000000000003,8.6,open_meteo_era5_synthetic
1,2025-09-20,7.38,34.9,43.9,83.32,447.72,10.4,open_meteo_era5_synthetic
1,2025-09-21,21.39,38.6,48.4,89.03,454.11,12.0,open_meteo_era5_synthetic
1,2025-09-22,15.1,35.5,40.3,83.28,469.21000000000004,15.7,open_meteo_era5_synthetic
1,2025-09-23,0.0,37.8,45.4,87.3,469.21000000000004,15.7,open_meteo_era5_synthetic
1,2025-09-24,0.0,34.5,47.7,83.57,469.21000000000004,15.7,open_meteo_era5_synthetic
1,2025-09-25,3.7,37.3,45.3,86.59,396.61,-2.2,open_meteo_era5_synthetic
1,2025-09-26,4.83,36.8,45.6,86.08,335.6,-17.2,open_meteo_era5_synthetic
1,2025-09-27,3.78,33.7,46.0,82.2,296.39000000000004,-26.9,open_meteo_era5_synthetic
1,2025-09-28,5.66,34.2,42.9,82.22,210.26000000000002,-48.1,open_meteo_era5_synthetic
1,2025-09-29,0.0,36.3,44.4,85.12,192.07000000000002,-52.6,open_meteo_era5_synthetic
1,2025-09-30,20.41,30.4,45.7,77.99,210.08,-48.2,open_meteo_era5_synthetic
1,2025-10-01,0.0,37.3,42.5,85.99,210.08,183.4,open_meteo_era5_synthetic
1,2025-10-02,0.0,37.0,36.9,84.28,187.51000000000002,153.0,open_meteo_era5_synthetic
1,2025-10-03,0.0,37.9,42.4,86.65,186.58,151.7,open_meteo_era5_synthetic
1,2025-10-04,0.0,35.5,39.2,83.13,181.14000000000001,144.4,open_meteo_era5_synthetic
1,2025-10-05,0.99,34.7,37.1,81.66,175.63000000000002,136.9,open_meteo_era5_synthetic
1,2025-10-06,0.0,33.6,40.6,81.06,170.26000000000002,129.7,open_meteo_era5_synthetic
1,2025-10-07,0.0,37.3,36.5,84.59,170.26000000000002,129.7,open_meteo_era5_synthetic
1,2025-10-08,0.0,33.0,46.1,81.31,170.26000000000002,129.7,open_meteo_era5_synthetic
1,2025-10-09,0.0,39.2,34.5,86.25,170.26000000000002,129.7,open_meteo_era5_synthetic
1,2025-10-10,0.0,38.4,34.9,85.47,164.82000000000002,122.3,open_meteo_era5_synthetic
1,2025-10-11,0.0,35.2,44.4,83.85,147.76000000000002,99.3,open_meteo_era5_synthetic
1,2025-10-12,0.0,34.9,37.8,82.11,147.76000000000002,99.3,open_meteo_era5_synthetic
1,2025-10-13,0.0,36.5,37.4,83.88,147.76000000000002,99.3,open_meteo_era5_synthetic
1,2025-10-14,0.0,35.5,42.9,83.81,128.47000000000003,73.3,open_meteo_era5_synthetic
1,2025-10-15,0.0,37.7,20.0,81.24,128.47000000000003,73.3,open_meteo_era5_synthetic
1,2025-10-16,0.0,38.1,48.5,88.34,105.59000000000003,42.4,open_meteo_era5_synthetic
1,2025-10-17,0.0,36.2,28.8,81.66,105.59000000000003,42.4,open_meteo_era5_synthetic
1,2025-10-18,0.0,37.0,37.6,84.52,83.24000000000002,12.3,open_meteo_era5_synthetic
1,2025-10-19,0.0,36.0,37.1,83.21,83.24000000000002,12.3,open_meteo_era5_synthetic
1,2025-10-20,0.0,37.3,48.5,87.36,75.86000000000003,2.3,open_meteo_era5_synthetic
1,2025-10-21,0.0,39.3,39.9,87.77,54.47000000000003,-26.5,open_meteo_era5_synthetic
1,2025-10-22,0.0,37.9,34.5,84.87,39.370000000000026,-46.9,open_meteo_era5_synthetic
1,2025-10-23,0.0,35.9,38.7,83.43,39.370000000000026,-46.9,open_meteo_era5_synthetic
1,2025-10-24,0.0,35.8,39.4,83.47,39.370000000000026,-46.9,open_meteo_era5_synthetic
1,2025-10-25,0.0,35.1,36.6,82.03,35.67000000000003,-51.9,open_meteo_era5_synthetic
1,2025-10-26,0.0,38.9,33.9,85.8,30.84000000000003,-58.4,open_meteo_era5_synthetic
1,2025-10-27,0.0,30.2,41.8,77.15,27.060000000000027,-63.5,open_meteo_era5_synthetic
1,2025-10-28,0.0,36.9,40.1,84.92,21.400000000000027,-71.1,open_meteo_era5_synthetic
1,2025-10-29,0.0,32.0,50.4,80.84,21.400000000000027,-71.1,open_meteo_era5_synthetic
1,2025-10-30,0.0,35.6,44.9,84.45,0.9900000000000284,-98.7,open_meteo_era5_synthetic
1,2025-10-31,1.69,34.9,27.5,79.99,2.680000000000028,-96.4,open_meteo_era5_synthetic
1,2025-11-01,0.0,32.1,41.1,79.42,2.680000000000028,24.0,open_meteo_era5_synthetic
1,2025-11-02,0.0,33.8,32.0,79.61,2.680000000000028,24.0,open_meteo_era5_synthetic
1,2025-11-03,0.0,31.7,46.4,79.82,2.680000000000028,24.0,open_meteo_era5_synthetic
1,2025-11-04,0.0,32.7,41.3,80.16,1.6900000000000284,-21.8,open_meteo_era5_synthetic
1,2025-11-05,0.0,34.9,43.8,83.35,1.6900000000000284,-21.8,open_meteo_era5_synthetic
1,2025-11-06,0.0,33.6,39.1,80.82,1.6900000000000284,-21.8,open_meteo_era5_synthetic
1,2025-11-07,0.0,28.8,43.5,75.68,1.6900000000000284,-21.8,open_meteo_era5_synthetic
1,2025-11-08,0.45,31.1,45.1,78.76,2.1400000000000285,-1.0,open_meteo_era5_synthetic
1,2025-11-09,0.0,33.3,40.2,80.6,2.1400000000000285,-1.0,open_meteo_era5_synthetic
1,2025-11-10,0.0,34.6,37.8,81.71,2.1400000000000285,-1.0,open_meteo_era5_synthetic
1,2025-11-11,0.0,34.1,43.7,82.24,2.1400000000000285,-1.0,open_meteo_era5_synthetic
1,2025-11-12,0.0,33.2,37.8,80.05,2.1400000000000285,-1.0,open_meteo_era5_synthetic
1,2025-11-13,0.0,33.4,33.3,79.5,2.1400000000000285,-1.0,open_meteo_era5_synthetic
1,2025-11-14,0.0,31.7,41.7,79.0,2.1400000000000285,-1.0,open_meteo_era5_synthetic
1,2025-11-15,0.0,31.2,44.7,78.89,2.1400000000000285,-1.0,open_meteo_era5_synthetic
1,2025-11-16,0.0,29.9,49.8,78.08,2.1400000000000285,-1.0,open_meteo_era5_synthetic
1,2025-11-17,0.0,35.4,28.6,80.73,2.1400000000000285,-1.0,open_meteo_era5_synthetic
1,2025-11-18,0.0,33.6,44.8,81.88,2.1400000000000285,-1.0,open_meteo_era5_synthetic
1,2025-11-19,0.0,31.0,43.7,78.41,2.1400000000000285,-1.0,open_meteo_era5_synthetic
1,2025-11-20,0.0,32.1,32.0,77.76,2.1400000000000285,-1.0,open_meteo_era5_synthetic
1,2025-11-21,0.0,30.8,35.2,76.87,2.1400000000000285,-1.0,open_meteo_era5_synthetic
1,2025-11-22,0.0,33.9,29.8,79.3,2.1400000000000285,-1.0,open_meteo_era5_synthetic
1,2025-11-23,0.0,30.6,33.7,76.32,2.1400000000000285,-1.0,open_meteo_era5_synthetic
1,2025-11-24,0.0,35.0,39.6,82.53,2.1400000000000285,-1.0,open_meteo_era5_synthetic
1,2025-11-25,0.0,37.6,26.4,82.59,2.1400000000000285,-1.0,open_meteo_era5_synthetic
1,2025-11-26,0.72,34.5,36.0,81.25,2.8600000000000283,32.3,open_meteo_era5_synthetic
1,2025-11-27,0.0,36.2,38.6,83.74,2.8600000000000283,32.3,open_meteo_era5_synthetic
1,2025-11-28,0.0,31.3,30.7,76.63,2.8600000000000283,32.3,open_meteo_era5_synthetic
1,2025-11-29,0.0,36.1,34.1,82.69,2.8600000000000283,32.3,open_meteo_era5_synthetic
1,2025-11-30,0.0,30.6,32.8,76.16,1.1700000000000284,-45.9,open_meteo_era5_synthetic
1,2025-12-01,0.0,30.0,44.3,77.26,1.1700000000000284,5.8,open_meteo_era5_synthetic
1,2025-12-02,0.0,29.9,41.0,76.7,1.1700000000000284,5.8,open_meteo_era5_synthetic
1,2025-12-03,0.0,31.5,38.4,78.18,1.1700000000000284,5.8,open_meteo_era5_synthetic
1,2025-12-04,0.0,29.5,41.2,76.2,1.1700000000000284,5.8,open_meteo_era5_synthetic
1,2025-12-05,0.0,30.8,35.3,76.8,1.1700000000000284,5.8,open_meteo_era5_synthetic
1,2025-12-06,0.0,27.5,46.7,74.52,1.1700000000000284,5.8,open_meteo_era5_synthetic
1,2025-12-07,0.0,30.4,57.4,79.95,1.1700000000000284,5.8,open_meteo_era5_synthetic
1,2025-12-08,0.0,29.8,31.2,75.05,0.7200000000000284,-34.9,open_meteo_era5_synthetic
1,2025-12-09,0.0,29.5,35.3,75.35,0.7200000000000284,-34.9,open_meteo_era5_synthetic
1,2025-12-10,0.0,29.3,40.3,75.82,0.7200000000000284,-34.9,open_meteo_era5_synthetic
1,2025-12-11,0.0,33.7,37.8,80.63,0.7200000000000284,-34.9,open_meteo_era5_synthetic
1,2025-12-12,2.53,33.2,35.1,79.5,3.2500000000000284,193.8,open_meteo_era5_synthetic
1,2025-12-13,0.0,24.6,32.6,69.41,3.250000000000028,193.8,open_meteo_era5_synthetic
1,2025-12-14,0.0,26.6,40.2,72.57,3.250000000000028,193.8,open_meteo_era5_synthetic
1,2025-12-15,0.0,30.1,48.5,78.06,3.250000000000028,193.8,open_meteo_era5_synthetic
1,2025-12-16,0.0,30.2,34.8,76.04,3.250000000000028,193.8,open_meteo_era5_synthetic
1,2025-12-17,0.0,30.7,36.9,76.94,3.250000000000028,193.8,open_meteo_era5_synthetic
1,2025-12-18,0.0,29.9,41.4,76.72,3.250000000000028,193.8,open_meteo_era5_synthetic
1,2025-12-19,0.0,32.5,34.1,78.55,3.250000000000028,193.8,open_meteo_era5_synthetic
1,2025-12-20,0.0,28.6,39.1,74.85,3.250000000000028,193.8,open_meteo_era5_synthetic
1,2025-12-21,0.0,28.6,39.8,74.95,3.250000000000028,193.8,open_meteo_era5_synthetic
1,2025-12-22,0.0,27.7,43.9,74.4,3.250000000000028,193.8,open_meteo_era5_synthetic
1,2025-12-23,0.0,25.5,48.4,72.15,3.250000000000028,193.8,open_meteo_era5_synthetic
1,2025-12-24,0.0,28.3,39.2,74.51,3.250000000000028,193.8,open_meteo_era5_synthetic
1,2025-12-25,0.0,30.1,36.9,76.22,3.250000000000028,193.8,open_meteo_era5_synthetic
1,2025-12-26,0.0,28.1,40.0,74.32,2.530000000000028,128.7,open_meteo_era5_synthetic
1,2025-12-27,0.0,30.0,31.7,75.34,2.530000000000028,128.7,open_meteo_era5_synthetic
1,2025-12-28,1.58,33.5,37.3,80.28,4.110000000000028,271.5,open_meteo_era5_synthetic
1,2025-12-29,0.0,29.1,36.4,75.02,4.110000000000028,271.5,open_meteo_era5_synthetic
1,2025-12-30,0.0,26.4,43.6,72.75,4.110000000000028,271.5,open_meteo_era5_synthetic
1,2025-12-31,0.0,25.8,29.1,70.3,4.110000000000028,271.5,open_meteo_era5_synthetic
1,2026-01-01,0.0,28.6,42.8,75.36,4.110000000000028,118.8,open_meteo_era5_synthetic
1,2026-01-02,0.0,24.6,40.9,70.24,4.110000000000028,118.8,open_meteo_era5_synthetic
1,2026-01-03,0.0,29.1,34.1,74.67,4.110000000000028,118.8,open_meteo_era5_synthetic
1,2026-01-04,0.0,29.5,37.3,75.61,4.110000000000028,118.8,open_meteo_era5_synthetic
1,2026-01-05,0.0,30.4,46.0,78.11,4.110000000000028,118.8,open_meteo_era5_synthetic
1,2026-01-06,0.0,32.3,36.2,78.72,4.110000000000028,118.8,open_meteo_era5_synthetic
1,2026-01-07,0.0,29.8,39.5,76.27,4.110000000000028,118.8,open_meteo_era5_synthetic
1,2026-01-08,0.0,30.9,44.2,78.38,4.110000000000028,118.8,open_meteo_era5_synthetic
1,2026-01-09,0.0,26.8,29.1,71.41,4.110000000000028,118.8,open_meteo_era5_synthetic
1,2026-01-10,0.0,27.2,48.9,74.42,4.110000000000028,118.8,open_meteo_era5_synthetic
1,2026-01-11,0.0,29.2,31.1,74.32,1.5800000000000285,-15.9,open_meteo_era5_synthetic
1,2026-01-12,0.0,29.5,43.3,76.53,1.5800000000000285,-15.9,open_meteo_era5_synthetic
1,2026-01-13,0.0,31.5,43.1,78.99,1.5800000000000285,-15.9,open_meteo_era5_synthetic
1,2026-01-14,0.0,25.5,33.9,70.58,1.5800000000000285,-15.9,open_meteo_era5_synthetic
1,2026-01-15,0.48,30.3,30.7,75.47,2.0600000000000285,9.6,open_meteo_era5_synthetic
1,2026-01-16,0.0,29.8,39.1,76.26,2.0600000000000285,9.6,open_meteo_era5_synthetic
1,2026-01-17,0.0,30.1,54.3,79.01,2.0600000000000285,9.6,open_meteo_era5_synthetic
1,2026-01-18,0.0,27.1,32.5,72.15,2.0600000000000285,9.6,open_meteo_era5_synthetic
1,2026-01-19,0.0,28.1,44.9,75.05,2.0600000000000285,9.6,open_meteo_era5_synthetic
1,2026-01-20,0.0,29.1,33.8,74.62,2.0600000000000285,9.6,open_meteo_era5_synthetic
1,2026-01-21,0.0,31.0,36.8,77.34,2.0600000000000285,9.6,open_meteo_era5_synthetic
1,2026-01-22,0.0,27.4,40.5,73.6,2.0600000000000285,9.6,open_meteo_era5_synthetic
1,2026-01-23,0.0,27.5,47.1,74.57,2.0600000000000285,9.6,open_meteo_era5_synthetic
1,2026-01-24,0.0,29.9,36.4,76.02,2.0600000000000285,9.6,open_meteo_era5_synthetic
1,2026-01-25,0.0,26.7,39.7,72.6,2.0600000000000285,9.6,open_meteo_era5_synthetic
1,2026-01-26,0.0,28.8,33.7,74.25,2.0600000000000285,9.6,open_meteo_era5_synthetic
1,2026-01-27,0.0,30.3,31.9,75.69,0.4800000000000284,-74.5,open_meteo_era5_synthetic
1,2026-01-28,0.0,28.8,49.7,76.64,0.4800000000000284,-74.5,open_meteo_era5_synthetic
1,2026-01-29,0.0,31.9,43.2,79.52,0.4800000000000284,-74.5,open_meteo_era5_synthetic
1,2026-01-30,0.0,26.0,40.2,71.81,0.4800000000000284,-74.5,open_meteo_era5_synthetic
1,2026-01-31,0.0,31.6,35.8,77.82,0.4800000000000284,-74.5,open_meteo_era5_synthetic
1,2026-02-01,0.0,29.1,28.1,73.82,0.4800000000000284,-32.6,open_meteo_era5_synthetic
1,2026-02-02,0.3,34.4,37.4,81.36,0.7800000000000284,9.6,open_meteo_era5_synthetic
1,2026-02-03,0.0,29.6,38.8,76.02,0.7800000000000284,9.6,open_meteo_era5_synthetic
1,2026-02-04,0.0,30.5,46.9,78.42,0.7800000000000284,9.6,open_meteo_era5_synthetic
1,2026-02-05,0.0,32.5,39.5,79.56,0.7800000000000284,9.6,open_meteo_era5_synthetic
1,2026-02-06,0.0,37.0,44.3,85.98,0.7800000000000284,9.6,open_meteo_era5_synthetic
1,2026-02-07,0.0,34.0,37.0,80.92,0.7800000000000284,9.6,open_meteo_era5_synthetic
1,2026-02-08,0.0,31.2,31.2,76.62,0.7800000000000284,9.6,open_meteo_era5_synthetic
1,2026-02-09,0.0,31.4,36.4,77.75,0.7800000000000284,9.6,open_meteo_era5_synthetic
1,2026-02-10,0.0,33.9,46.3,82.49,0.7800000000000284,9.6,open_meteo_era5_synthetic
1,2026-02-11,0.0,33.3,31.8,79.03,0.7800000000000284,9.6,open_meteo_era5_synthetic
1,2026-02-12,0.0,31.3,40.9,78.39,0.7800000000000284,9.6,open_meteo_era5_synthetic
1,2026-02-13,0.0,30.2,41.6,77.13,0.7800000000000284,9.6,open_meteo_era5_synthetic
1,2026-02-14,0.0,31.1,44.3,78.64,0.3000000000000284,-57.8,open_meteo_era5_synthetic
1,2026-02-15,0.0,32.1,37.6,78.77,0.3000000000000284,-57.8,open_meteo_era5_synthetic
1,2026-02-16,0.0,31.2,48.0,79.42,0.3000000000000284,-57.8,open_meteo_era5_synthetic
1,2026-02-17,1.46,33.3,39.3,80.45,1.7600000000000284,147.3,open_meteo_era5_synthetic
1,2026-02-18,0.0,33.3,36.9,80.03,1.7600000000000284,147.3,open_meteo_era5_synthetic
1,2026-02-19,0.0,36.0,31.4,82.02,1.7600000000000284,147.3,open_meteo_era5_synthetic
1,2026-02-20,0.0,32.3,41.2,79.58,1.7600000000000284,147.3,open_meteo_era5_synthetic
1,2026-02-21,0.05,32.1,37.3,78.71,1.8100000000000285,154.3,open_meteo_era5_synthetic
1,2026-02-22,0.0,27.7,31.2,72.76,1.8100000000000285,154.3,open_meteo_era5_synthetic
1,2026-02-23,0.0,32.4,36.3,78.86,1.8100000000000285,154.3,open_meteo_era5_synthetic
1,2026-02-24,0.0,31.6,37.4,78.11,1.8100000000000285,154.3,open_meteo_era5_synthetic
1,2026-02-25,0.0,33.9,31.3,79.64,1.8100000000000285,154.3,open_meteo_era5_synthetic
1,2026-02-26,0.0,29.9,26.0,74.34,1.8100000000000285,154.3,open_meteo_era5_synthetic
1,2026-02-27,0.0,33.1,42.4,80.81,1.8100000000000285,154.3,open_meteo_era5_synthetic
1,2026-02-28,0.0,35.9,33.4,82.34,1.8100000000000285,154.3,open_meteo_era5_synthetic
1,2026-03-01,0.0,36.9,33.4,83.44,1.8100000000000285,5.5,open_meteo_era5_synthetic
1,2026-03-02,0.0,36.1,27.2,81.22,1.8100000000000285,5.5,open_meteo_era5_synthetic
1,2026-03-03,0.0,35.3,33.8,81.71,1.8100000000000285,5.5,open_meteo_era5_synthetic
1,2026-03-04,0.0,38.3,40.4,86.75,1.5100000000000284,-12.0,open_meteo_era5_synthetic
1,2026-03-05,0.0,34.7,32.6,80.82,1.5100000000000284,-12.0,open_meteo_era5_synthetic
1,2026-03-06,0.81,38.6,24.3,83.12,2.3200000000000287,35.2,open_meteo_era5_synthetic
1,2026-03-07,0.0,39.1,45.1,88.83,2.3200000000000287,35.2,open_meteo_era5_synthetic
1,2026-03-08,0.0,36.9,38.1,84.51,2.3200000000000287,35.2,open_meteo_era5_synthetic
1,2026-03-09,0.0,36.7,42.9,85.36,2.3200000000000287,35.2,open_meteo_era5_synthetic
1,2026-03-10,0.0,39.8,48.8,90.58,2.3200000000000287,35.2,open_meteo_era5_synthetic
1,2026-03-11,0.0,39.7,23.1,84.0,2.3200000000000287,35.2,open_meteo_era5_synthetic
1,2026-03-12,0.0,36.8,23.0,80.95,2.3200000000000287,35.2,open_meteo_era5_synthetic
1,2026-03-13,0.0,36.7,32.3,82.92,2.3200000000000287,35.2,open_meteo_era5_synthetic
1,2026-03-14,0.0,32.5,37.8,79.24,2.3200000000000287,35.2,open_meteo_era5_synthetic
1,2026-03-15,0.0,36.4,51.7,86.89,2.3200000000000287,35.2,open_meteo_era5_synthetic
1,2026-03-16,0.0,37.5,43.9,86.48,2.3200000000000287,35.2,open_meteo_era5_synthetic
1,2026-03-17,0.0,33.5,34.8,79.85,2.3200000000000287,35.2,open_meteo_era5_synthetic
1,2026-03-18,0.52,35.6,35.5,82.35,2.8400000000000283,65.5,open_meteo_era5_synthetic
1,2026-03-19,0.86,38.8,38.9,86.88,2.2400000000000286,30.5,open_meteo_era5_synthetic
1,2026-03-20,0.0,36.8,32.1,83.01,2.2400000000000286,30.5,open_meteo_era5_synthetic
1,2026-03-21,0.0,40.2,46.0,90.41,2.2400000000000286,30.5,open_meteo_era5_synthetic
1,2026-03-22,0.0,37.7,36.2,84.96,2.2400000000000286,30.5,open_meteo_era5_synthetic
1,2026-03-23,0.0,38.4,41.0,86.99,2.190000000000029,27.6,open_meteo_era5_synthetic
1,2026-03-24,0.0,36.2,35.7,83.13,2.190000000000029,27.6,open_meteo_era5_synthetic
1,2026-03-25,0.0,37.6,35.1,84.61,2.190000000000029,27.6,open_meteo_era5_synthetic
1,2026-03-26,0.0,37.8,39.2,85.75,2.190000000000029,27.6,open_meteo_era5_synthetic
1,2026-03-27,0.0,38.9,37.3,86.67,2.190000000000029,27.6,open_meteo_era5_synthetic
1,2026-03-28,0.0,35.7,31.8,81.71,2.190000000000029,27.6,open_meteo_era5_synthetic
1,2026-03-29,0.0,35.5,47.3,84.81,2.190000000000029,27.6,open_meteo_era5_synthetic
1,2026-03-30,0.0,32.8,35.5,79.23,2.190000000000029,27.6,open_meteo_era5_synthetic
1,2026-03-31,0.0,33.3,48.8,82.27,2.190000000000029,27.6,open_meteo_era5_synthetic
1,2026-04-01,0.0,36.7,36.7,83.89,2.190000000000029,130.3,open_meteo_era5_synthetic
1,2026-04-02,0.0,35.9,36.6,83.05,2.190000000000029,130.3,open_meteo_era5_synthetic
1,2026-04-03,0.0,40.1,32.7,86.87,2.190000000000029,130.3,open_meteo_era5_synthetic
1,2026-04-04,0.7,37.8,41.5,86.4,2.8900000000000285,203.9,open_meteo_era5_synthetic
1,2026-04-05,0.0,36.9,34.8,83.75,2.0800000000000285,118.7,open_meteo_era5_synthetic
1,2026-04-06,0.0,36.4,34.3,83.03,2.0800000000000285,118.7,open_meteo_era5_synthetic
1,2026-04-07,0.0,39.2,38.4,87.25,2.0800000000000285,118.7,open_meteo_era5_synthetic
1,2026-04-08,0.0,39.8,37.3,87.67,2.0800000000000285,118.7,open_meteo_era5_synthetic
1,2026-04-09,0.0,36.7,38.3,84.35,2.0800000000000285,118.7,open_meteo_era5_synthetic
1,2026-04-10,0.0,36.1,31.0,81.97,2.0800000000000285,118.7,open_meteo_era5_synthetic
1,2026-04-11,0.0,43.6,35.8,91.75,2.0800000000000285,118.7,open_meteo_era5_synthetic
1,2026-04-12,0.0,40.3,41.7,89.41,2.0800000000000285,118.7,open_meteo_era5_synthetic
1,2026-04-13,0.0,41.1,44.8,91.25,2.0800000000000285,118.7,open_meteo_era5_synthetic
1,2026-04-14,0.0,39.9,44.0,89.54,2.0800000000000285,118.7,open_meteo_era5_synthetic
1,2026-04-15,0.0,38.4,38.5,86.35,2.0800000000000285,118.7,open_meteo_era5_synthetic
1,2026-04-16,0.0,40.8,32.8,87.74,2.0800000000000285,118.7,open_meteo_era5_synthetic
1,2026-04-17,0.0,42.5,39.5,91.52,1.5600000000000285,64.1,open_meteo_era5_synthetic
1,2026-04-18,0.0,39.3,43.8,88.78,0.7000000000000284,-26.4,open_meteo_era5_synthetic
1,2026-04-19,0.0,40.8,46.7,91.38,0.7000000000000284,-26.4,open_meteo_era5_synthetic
1,2026-04-20,0.0,40.8,44.3,90.77,0.7000000000000284,-26.4,open_meteo_era5_synthetic
1,2026-04-21,0.0,41.1,40.3,90.02,0.7000000000000284,-26.4,open_meteo_era5_synthetic
1,2026-04-22,0.0,39.9,37.5,87.85,0.7000000000000284,-26.4,open_meteo_era5_synthetic
1,2026-04-23,0.0,35.9,41.4,84.03,0.7000000000000284,-26.4,open_meteo_era5_synthetic
1,2026-04-24,0.0,39.8,31.9,86.32,0.7000000000000284,-26.4,open_meteo_era5_synthetic
1,2026-04-25,0.0,38.3,44.5,87.63,0.7000000000000284,-26.4,open_meteo_era5_synthetic
1,2026-04-26,0.0,40.5,31.5,87.03,0.7000000000000284,-26.4,open_meteo_era5_synthetic
1,2026-04-27,0.0,36.2,37.5,83.48,0.7000000000000284,-26.4,open_meteo_era5_synthetic
1,2026-04-28,0.0,38.3,30.1,84.28,0.7000000000000284,-26.4,open_meteo_era5_synthetic
1,2026-04-29,0.0,38.7,36.7,86.27,0.7000000000000284,-26.4,open_meteo_era5_synthetic
1,2026-04-30,0.0,37.6,30.9,83.69,0.7000000000000284,-26.4,open_meteo_era5_synthetic
1,2026-05-01,0.37,42.8,41.4,92.45,1.0700000000000283,2.9,open_meteo_era5_synthetic
1,2026-05-02,0.0,40.9,38.2,89.27,1.0700000000000283,2.9,open_meteo_era5_synthetic
1,2026-05-03,0.0,39.5,31.2,85.82,1.0700000000000283,2.9,open_meteo_era5_synthetic
1,2026-05-04,0.0,40.9,34.8,88.35,0.3700000000000284,-64.4,open_meteo_era5_synthetic
1,2026-05-05,0.0,38.2,34.2,85.11,0.3700000000000284,-64.4,open_meteo_era5_synthetic
1,2026-05-06,0.0,40.6,37.2,88.59,0.3700000000000284,-64.4,open_meteo_era5_synthetic
1,2026-05-07,0.0,42.1,33.0,89.25,0.3700000000000284,-64.4,open_meteo_era5_synthetic
1,2026-05-08,0.0,41.7,38.1,90.18,0.3700000000000284,-64.4,open_meteo_era5_synthetic
1,2026-05-09,0.0,39.4,39.3,87.72,0.3700000000000284,-64.4,open_meteo_era5_synthetic
1,2026-05-10,0.0,43.3,42.5,93.29,0.3700000000000284,-64.4,open_meteo_era5_synthetic
1,2026-05-11,0.0,43.4,47.5,94.92,0.3700000000000284,-64.4,open_meteo_era5_synthetic
1,2026-05-12,0.0,40.4,41.2,89.39,0.3700000000000284,-64.4,open_meteo_era5_synthetic
1,2026-05-13,0.0,39.8,37.2,87.65,0.3700000000000284,-64.4,open_meteo_era5_synthetic
1,2026-05-14,0.0,40.6,35.0,88.09,0.3700000000000284,-64.4,open_meteo_era5_synthetic
1,2026-05-15,0.0,40.8,51.7,92.72,0.3700000000000284,-64.4,open_meteo_era5_synthetic
1,2026-05-16,0.0,40.8,38.9,89.34,0.3700000000000284,-64.4,open_meteo_era5_synthetic
1,2026-05-17,0.0,38.7,36.0,86.08,0.3700000000000284,-64.4,open_meteo_era5_synthetic
1,2026-05-18,0.0,41.2,41.9,90.61,0.3700000000000284,-64.4,open_meteo_era5_synthetic
1,2026-05-19,0.0,40.3,42.8,89.76,0.3700000000000284,-64.4,open_meteo_era5_synthetic
1,2026-05-20,0.97,38.6,33.2,85.36,1.3400000000000283,28.8,open_meteo_era5_synthetic
1,2026-05-21,0.0,39.0,37.1,86.69,1.3400000000000283,28.8,open_meteo_era5_synthetic
1,2026-05-22,0.0,42.6,29.4,88.83,1.3400000000000283,28.8,open_meteo_era5_synthetic
1,2026-05-23,0.0,45.1,35.8,93.45,1.3400000000000283,28.8,open_meteo_era5_synthetic
1,2026-05-24,0.0,44.2,37.2,92.8,1.3400000000000283,28.8,open_meteo_era5_synthetic
1,2026-05-25,0.0,43.8,38.7,92.82,1.3400000000000283,28.8,open_meteo_era5_synthetic
1,2026-05-26,0.0,40.0,42.9,89.41,1.3400000000000283,28.8,open_meteo_era5_synthetic
1,2026-05-27,1.07,39.6,44.4,89.28,2.4100000000000286,131.7,open_meteo_era5_synthetic
1,2026-05-28,0.0,39.1,43.6,88.4,2.4100000000000286,131.7,open_meteo_era5_synthetic
1,2026-05-29,0.0,41.3,43.4,91.08,2.4100000000000286,131.7,open_meteo_era5_synthetic
1,2026-05-30,0.0,43.1,43.7,93.42,2.4100000000000286,131.7,open_meteo_era5_synthetic
1,2026-05-31,0.93,41.8,48.5,93.09,2.9700000000000286,185.6,open_meteo_era5_synthetic
1,2026-06-01,13.44,34.6,55.9,85.34,16.41000000000003,-67.2,open_meteo_era5_synthetic
1,2026-06-02,0.0,37.4,43.6,86.39,16.41000000000003,-67.2,open_meteo_era5_synthetic
1,2026-06-03,0.0,37.7,39.8,85.88,16.41000000000003,-67.2,open_meteo_era5_synthetic
1,2026-06-04,12.5,36.8,36.9,84.09,28.91000000000003,-42.2,open_meteo_era5_synthetic
1,2026-06-05,0.0,38.1,40.5,86.5,28.91000000000003,-42.2,open_meteo_era5_synthetic
1,2026-06-06,0.0,37.0,45.0,86.18,28.91000000000003,-42.2,open_meteo_era5_synthetic
1,2026-06-07,0.0,34.1,36.7,80.92,28.91000000000003,-42.2,open_meteo_era5_synthetic
1,2026-06-08,0.0,35.5,39.7,83.22,28.91000000000003,-42.2,open_meteo_era5_synthetic
1,2026-06-09,4.75,33.4,53.1,83.26,33.660000000000025,-32.7,open_meteo_era5_synthetic
1,2026-06-10,2.36,39.3,31.2,85.59,36.02000000000003,-28.0,open_meteo_era5_synthetic
1,2026-06-11,0.0,35.1,38.5,82.42,36.02000000000003,-28.0,open_meteo_era5_synthetic
1,2026-06-12,0.0,36.9,46.3,86.3,36.02000000000003,-28.0,open_meteo_era5_synthetic
1,2026-06-13,19.77,40.0,44.6,89.75,55.79000000000003,11.5,open_meteo_era5_synthetic
1,2026-06-14,1.54,36.7,43.0,85.4,57.33000000000003,14.6,open_meteo_era5_synthetic
1,2026-06-15,0.0,34.4,42.0,82.26,57.33000000000003,14.6,open_meteo_era5_synthetic
1,2026-06-16,2.55,37.4,50.2,87.87,59.880000000000024,19.7,open_meteo_era5_synthetic
1,2026-06-17,0.0,37.3,40.8,85.58,59.880000000000024,19.7,open_meteo_era5_synthetic
1,2026-06-18,0.0,38.3,39.5,86.53,59.880000000000024,19.7,open_meteo_era5_synthetic
1,2026-06-19,0.0,37.4,46.5,87.08,58.910000000000025,17.8,open_meteo_era5_synthetic
1,2026-06-20,0.0,37.4,52.2,88.37,58.910000000000025,17.8,open_meteo_era5_synthetic
1,2026-06-21,0.0,38.3,47.6,88.37,58.910000000000025,17.8,open_meteo_era5_synthetic
1,2026-06-22,0.0,37.4,50.0,87.85,58.910000000000025,17.8,open_meteo_era5_synthetic
1,2026-06-23,0.0,39.2,46.6,89.38,58.910000000000025,17.8,open_meteo_era5_synthetic
1,2026-06-24,0.0,39.3,43.2,88.61,58.910000000000025,17.8,open_meteo_era5_synthetic
1,2026-06-25,0.0,39.1,46.8,89.2,58.910000000000025,17.8,open_meteo_era5_synthetic
1,2026-06-26,0.0,35.3,34.7,81.93,57.84000000000003,15.6,open_meteo_era5_synthetic
1,2026-06-27,0.0,39.1,46.2,89.08,57.84000000000003,15.6,open_meteo_era5_synthetic
1,2026-06-28,0.0,36.4,44.4,85.29,57.84000000000003,15.6,open_meteo_era5_synthetic
1,2026-06-29,4.37,37.1,50.7,87.53,62.21000000000003,24.4,open_meteo_era5_synthetic
1,2026-06-30,0.0,34.6,47.5,83.68,61.28000000000003,22.5,open_meteo_era5_synthetic
1,2026-07-01,45.5,30.3,55.4,79.4,93.34000000000003,-80.7,open_meteo_era5_synthetic
1,2026-07-02,41.51,30.3,61.3,80.38,134.85000000000002,-72.1,open_meteo_era5_synthetic
1,2026-07-03,16.9,34.8,52.2,84.9,151.75000000000003,-68.6,open_meteo_era5_synthetic
1,2026-07-04,58.85,38.0,52.9,89.32,198.10000000000002,-59.1,open_meteo_era5_synthetic
1,2026-07-05,2.14,34.1,56.4,84.84,200.24000000000004,-58.6,open_meteo_era5_synthetic
1,2026-07-06,53.0,35.2,51.4,85.3,253.24000000000004,-47.7,open_meteo_era5_synthetic
1,2026-07-07,64.69,36.1,62.0,88.75,317.93000000000006,-34.3,open_meteo_era5_synthetic
1,2026-07-08,43.75,32.3,55.8,82.16,361.68000000000006,-25.2,open_meteo_era5_synthetic
1,2026-07-09,24.17,35.1,61.5,87.17,381.1,-21.2,open_meteo_era5_synthetic
1,2026-07-10,31.04,30.3,51.8,78.9,409.78000000000003,-15.3,open_meteo_era5_synthetic
1,2026-07-11,0.0,32.2,55.6,82.01,409.78000000000003,-15.3,open_meteo_era5_synthetic
1,2026-07-12,29.44,29.4,49.5,77.33,439.22,-9.2,open_meteo_era5_synthetic
1,2026-07-13,25.69,34.6,67.1,87.59,445.14000000000004,-8.0,open_meteo_era5_synthetic
1,2026-07-14,0.0,33.5,67.6,86.14,443.6,-8.3,open_meteo_era5_synthetic
1,2026-07-15,2.96,32.7,46.6,81.12,446.56,-7.7,open_meteo_era5_synthetic
1,2026-07-16,0.0,32.3,53.1,81.76,444.01,-8.2,open_meteo_era5_synthetic
1,2026-07-17,28.78,30.9,50.7,79.43,472.79,-2.3,open_meteo_era5_synthetic
1,2026-07-18,64.98,35.2,57.5,86.52,537.77,11.2,open_meteo_era5_synthetic
1,2026-07-19,26.23,33.3,57.2,83.8,564.0,16.6,open_meteo_era5_synthetic
1,2026-07-20,0.0,36.2,52.8,86.92,564.0,16.6,open_meteo_era5_synthetic
1,2026-07-21,0.0,37.4,57.9,89.68,564.0,16.6,open_meteo_era5_synthetic
1,2026-07-22,0.0,33.8,58.0,84.75,564.0,16.6,open_meteo_era5_synthetic
1,2026-07-23,63.02,32.1,57.6,82.33,627.02,29.6,open_meteo_era5_synthetic
1,2026-07-24,0.0,32.1,54.3,81.65,627.02,29.6,open_meteo_era5_synthetic
1,2026-07-25,36.37,32.7,59.2,83.44,663.39,37.1,open_meteo_era5_synthetic
1,2026-07-26,56.34,30.6,62.0,80.96,719.73,48.8,open_meteo_era5_synthetic
1,2026-07-27,88.36,33.9,55.9,84.44,808.09,67.0,open_meteo_era5_synthetic
1,2026-07-28,23.68,33.8,58.9,84.87,831.77,71.9,open_meteo_era5_synthetic
1,2026-07-29,32.19,30.3,50.5,78.67,859.59,77.7,open_meteo_era5_synthetic
1,2026-07-30,19.68,31.1,61.0,81.52,879.27,81.8,open_meteo_era5_synthetic
1,2026-07-31,20.12,31.4,57.3,81.27,853.89,76.5,open_meteo_era5_synthetic
2,2023-08-01,0.0,32.7,50.3,81.82,0.0,-100.0,open_meteo_era5_synthetic
2,2023-08-02,0.0,38.3,54.2,90.04,0.0,-100.0,open_meteo_era5_synthetic
2,2023-08-03,0.0,32.2,50.0,81.04,0.0,-100.0,open_meteo_era5_synthetic
2,2023-08-04,0.0,34.6,42.0,82.57,0.0,-100.0,open_meteo_era5_synthetic
2,2023-08-05,26.48,34.4,53.1,84.6,26.48,-93.2,open_meteo_era5_synthetic
2,2023-08-06,0.0,33.4,53.2,83.23,26.48,-93.2,open_meteo_era5_synthetic
2,2023-08-07,14.66,35.4,56.6,86.57,41.14,-89.4,open_meteo_era5_synthetic
2,2023-08-08,18.91,31.9,48.6,80.44,60.05,-84.5,open_meteo_era5_synthetic
2,2023-08-09,0.0,30.9,41.0,77.91,60.05,-84.5,open_meteo_era5_synthetic
2,2023-08-10,0.0,32.9,43.9,80.8,60.05,-84.5,open_meteo_era5_synthetic
2,2023-08-11,52.01,32.7,43.0,80.48,112.06,-71.1,open_meteo_era5_synthetic
2,2023-08-12,2.73,32.6,35.2,78.91,114.79,-70.4,open_meteo_era5_synthetic
2,2023-08-13,0.0,33.7,51.1,83.25,114.79,-70.4,open_meteo_era5_synthetic
2,2023-08-14,24.04,38.9,45.0,88.56,138.83,-64.2,open_meteo_era5_synthetic
2,2023-08-15,11.68,34.9,48.4,84.28,150.51,-61.2,open_meteo_era5_synthetic
2,2023-08-16,58.61,32.7,57.2,83.05,209.12,-46.1,open_meteo_era5_synthetic
2,2023-08-17,34.08,34.2,53.0,84.28,243.2,-37.3,open_meteo_era5_synthetic
2,2023-08-18,0.0,33.6,46.4,82.2,243.2,-37.3,open_meteo_era5_synthetic
2,2023-08-19,53.15,33.3,50.3,82.51,296.35,-23.6,open_meteo_era5_synthetic
2,2023-08-20,0.0,31.7,53.1,80.95,296.35,-23.6,open_meteo_era5_synthetic
2,2023-08-21,8.55,33.2,52.6,82.89,304.9,-21.4,open_meteo_era5_synthetic
2,2023-08-22,6.08,34.1,56.7,84.9,310.98,-19.8,open_meteo_era5_synthetic
2,2023-08-23,0.0,33.2,55.1,83.37,310.98,-19.8,open_meteo_era5_synthetic
2,2023-08-24,0.0,33.4,41.9,81.08,310.98,-19.8,open_meteo_era5_synthetic
2,2023-08-25,16.16,32.3,50.2,81.21,327.14,-15.7,open_meteo_era5_synthetic
2,2023-08-26,22.79,33.3,40.9,80.78,349.93,-9.8,open_meteo_era5_synthetic
2,2023-08-27,5.34,34.3,47.3,83.31,355.27,-8.4,open_meteo_era5_synthetic
2,2023-08-28,27.18,32.8,48.0,81.48,382.45,-1.4,open_meteo_era5_synthetic
2,2023-08-29,34.3,35.3,40.8,83.12,416.75,7.4,open_meteo_era5_synthetic
2,2023-08-30,0.0,33.3,43.0,81.17,416.75,7.4,open_meteo_era5_synthetic
2,2023-08-31,0.0,32.9,55.7,82.99,416.75,7.4,open_meteo_era5_synthetic
2,2023-09-01,0.0,34.6,42.7,82.67,416.75,125.7,open_meteo_era5_synthetic
2,2023-09-02,0.0,35.2,42.9,83.53,416.75,125.7,open_meteo_era5_synthetic
2,2023-09-03,0.0,33.9,51.0,83.44,416.75,125.7,open_meteo_era5_synthetic
2,2023-09-04,0.0,31.9,39.7,78.86,390.27,111.4,open_meteo_era5_synthetic
2,2023-09-05,0.0,34.0,34.1,80.31,390.27,111.4,open_meteo_era5_synthetic
2,2023-09-06,0.0,36.8,37.6,84.24,375.61,103.4,open_meteo_era5_synthetic
2,2023-09-07,0.0,36.7,41.0,84.86,356.7,93.2,open_meteo_era5_synthetic
2,2023-09-08,0.0,37.5,49.9,87.87,356.7,93.2,open_meteo_era5_synthetic
2,2023-09-09,16.57,32.0,44.8,79.84,373.27,102.2,open_meteo_era5_synthetic
2,2023-09-10,0.0,32.9,46.9,81.4,321.26,74.0,open_meteo_era5_synthetic
2,2023-09-11,0.0,32.5,35.7,78.81,318.53,72.5,open_meteo_era5_synthetic
2,2023-09-12,0.0,33.8,47.9,82.74,318.53,72.5,open_meteo_era5_synthetic
2,2023-09-13,0.0,33.6,42.2,81.42,294.49,59.5,open_meteo_era5_synthetic
2,2023-09-14,1.21,38.3,24.6,82.94,284.02,53.8,open_meteo_era5_synthetic
2,2023-09-15,0.0,34.2,44.0,82.47,225.41,22.1,open_meteo_era5_synthetic
2,2023-09-16,0.0,36.5,51.5,86.95,191.32999999999998,3.6,open_meteo_era5_synthetic
2,2023-09-17,0.0,34.9,41.1,82.71,191.32999999999998,3.6,open_meteo_era5_synthetic
2,2023-09-18,0.0,32.6,53.0,82.1,138.18,-25.2,open_meteo_era5_synthetic
2,2023-09-19,0.0,37.9,33.6,84.58,138.18,-25.2,open_meteo_era5_synthetic
2,2023-09-20,0.0,31.7,46.7,79.83,129.63,-29.8,open_meteo_era5_synthetic
2,2023-09-21,0.0,35.3,34.2,81.78,123.55,-33.1,open_meteo_era5_synthetic
2,2023-09-22,0.0,34.9,36.2,81.72,123.55,-33.1,open_meteo_era5_synthetic
2,2023-09-23,0.92,30.2,32.2,75.69,124.47,-32.6,open_meteo_era5_synthetic
2,2023-09-24,0.0,32.7,52.8,82.21,108.31,-41.3,open_meteo_era5_synthetic
2,2023-09-25,0.0,32.3,30.4,77.65,85.52000000000001,-53.7,open_meteo_era5_synthetic
2,2023-09-26,0.0,33.4,42.1,81.11,80.18,-56.6,open_meteo_era5_synthetic
2,2023-09-27,0.0,34.2,48.1,83.34,53.0,-71.3,open_meteo_era5_synthetic
2,2023-09-28,0.0,35.6,44.3,84.3,18.7,-89.9,open_meteo_era5_synthetic
2,2023-09-29,0.0,32.3,43.6,80.04,18.7,-89.9,open_meteo_era5_synthetic
2,2023-09-30,2.26,34.8,35.0,81.42,20.96,-88.6,open_meteo_era5_synthetic
2,2023-10-01,0.0,35.6,35.1,82.33,20.96,-29.6,open_meteo_era5_synthetic
2,2023-10-02,0.0,33.7,43.9,81.79,20.96,-29.6,open_meteo_era5_synthetic
2,2023-10-03,0.0,35.3,35.6,82.09,20.96,-29.6,open_meteo_era5_synthetic
2,2023-10-04,0.0,32.2,37.2,78.82,20.96,-29.6,open_meteo_era5_synthetic
2,2023-10-05,0.0,35.5,33.9,81.92,20.96,-29.6,open_meteo_era5_synthetic
2,2023-10-06,0.0,33.0,50.6,82.21,20.96,-29.6,open_meteo_era5_synthetic
2,2023-10-07,0.0,33.3,41.5,80.95,20.96,-29.6,open_meteo_era5_synthetic
2,2023-10-08,0.0,31.9,47.5,80.21,20.96,-29.6,open_meteo_era5_synthetic
2,2023-10-09,0.0,36.7,29.7,82.41,4.39,-85.3,open_meteo_era5_synthetic
2,2023-10-10,0.0,33.1,37.4,79.9,4.39,-85.3,open_meteo_era5_synthetic
2,2023-10-11,0.0,34.6,43.6,82.84,4.39,-85.3,open_meteo_era5_synthetic
2,2023-10-12,0.0,36.2,36.7,83.31,4.39,-85.3,open_meteo_era5_synthetic
2,2023-10-13,0.0,30.5,34.1,76.23,4.39,-85.3,open_meteo_era5_synthetic
2,2023-10-14,1.06,34.1,46.8,82.95,4.24,-85.8,open_meteo_era5_synthetic
2,2023-10-15,0.0,34.8,33.4,81.01,4.24,-85.8,open_meteo_era5_synthetic
2,2023-10-16,0.0,35.9,29.2,81.43,4.24,-85.8,open_meteo_era5_synthetic
2,2023-10-17,0.0,31.0,43.8,78.42,4.24,-85.8,open_meteo_era5_synthetic
2,2023-10-18,0.0,34.8,29.4,80.26,4.24,-85.8,open_meteo_era5_synthetic
2,2023-10-19,0.0,36.7,38.8,84.47,4.24,-85.8,open_meteo_era5_synthetic
2,2023-10-20,0.0,37.1,33.0,83.6,4.24,-85.8,open_meteo_era5_synthetic
2,2023-10-21,0.0,32.7,31.5,78.29,4.24,-85.8,open_meteo_era5_synthetic
2,2023-10-22,0.0,36.6,41.1,84.76,4.24,-85.8,open_meteo_era5_synthetic
2,2023-10-23,0.0,31.1,24.4,75.33,3.32,-88.8,open_meteo_era5_synthetic
2,2023-10-24,0.0,32.4,50.0,81.28,3.32,-88.8,open_meteo_era5_synthetic
2,2023-10-25,0.0,29.7,39.6,76.22,3.32,-88.8,open_meteo_era5_synthetic
2,2023-10-26,0.0,33.7,36.6,80.43,3.32,-88.8,open_meteo_era5_synthetic
2,2023-10-27,0.0,34.1,48.2,83.12,3.32,-88.8,open_meteo_era5_synthetic
2,2023-10-28,0.0,33.9,37.4,80.85,3.32,-88.8,open_meteo_era5_synthetic
2,2023-10-29,0.0,33.5,38.0,80.44,3.32,-88.8,open_meteo_era5_synthetic
2,2023-10-30,0.0,34.9,37.8,82.05,1.06,-96.4,open_meteo_era5_synthetic
2,2023-10-31,0.0,35.7,37.2,82.93,1.06,-96.4,open_meteo_era5_synthetic
2,2023-11-01,0.0,27.8,43.5,74.41,1.06,-70.0,open_meteo_era5_synthetic
2,2023-11-02,1.12,29.5,33.9,75.15,2.18,-38.4,open_meteo_era5_synthetic
2,2023-11-03,0.0,29.6,31.9,74.94,2.18,-38.4,open_meteo_era5_synthetic
2,2023-11-04,0.0,29.2,40.4,75.74,2.18,-38.4,open_meteo_era5_synthetic
2,2023-11-05,0.0,34.8,41.6,82.7,2.18,-38.4,open_meteo_era5_synthetic
2,2023-11-06,0.0,28.7,30.9,73.83,2.18,-38.4,open_meteo_era5_synthetic
2,2023-11-07,0.0,27.5,32.0,72.54,2.18,-38.4,open_meteo_era5_synthetic
2,2023-11-08,0.0,29.9,37.9,76.15,2.18,-38.4,open_meteo_era5_synthetic
2,2023-11-09,0.0,29.5,44.7,76.79,2.18,-38.4,open_meteo_era5_synthetic
2,2023-11-10,0.0,30.0,37.3,76.23,2.18,-38.4,open_meteo_era5_synthetic
2,2023-11-11,0.0,31.6,47.9,79.87,2.18,-38.4,open_meteo_era5_synthetic
2,2023-11-12,0.0,30.7,28.6,75.58,2.18,-38.4,open_meteo_era5_synthetic
2,2023-11-13,0.0,30.4,45.7,78.01,1.12,-68.3,open_meteo_era5_synthetic
2,2023-11-14,0.0,31.0,43.5,78.47,1.12,-68.3,open_meteo_era5_synthetic
2,2023-11-15,0.04,29.7,40.3,76.35,1.1600000000000001,-67.2,open_meteo_era5_synthetic
2,2023-11-16,0.0,28.1,38.7,74.12,1.1600000000000001,-67.2,open_meteo_era5_synthetic
2,2023-11-17,0.0,34.1,33.4,80.23,1.1600000000000001,-67.2,open_meteo_era5_synthetic
2,2023-11-18,0.0,27.5,40.6,73.67,1.1600000000000001,-67.2,open_meteo_era5_synthetic
2,2023-11-19,0.0,28.8,32.3,74.11,1.1600000000000001,-67.2,open_meteo_era5_synthetic
2,2023-11-20,0.0,27.3,35.6,72.77,1.1600000000000001,-67.2,open_meteo_era5_synthetic
2,2023-11-21,0.0,33.1,45.3,81.41,1.1600000000000001,-67.2,open_meteo_era5_synthetic
2,2023-11-22,0.45,31.3,40.5,78.3,1.61,-54.5,open_meteo_era5_synthetic
2,2023-11-23,0.0,29.3,45.2,76.6,1.61,-54.5,open_meteo_era5_synthetic
2,2023-11-24,0.0,26.0,43.7,72.29,1.61,-54.5,open_meteo_era5_synthetic
2,2023-11-25,0.0,31.5,39.1,78.3,1.61,-54.5,open_meteo_era5_synthetic
2,2023-11-26,0.0,29.6,31.3,74.87,1.61,-54.5,open_meteo_era5_synthetic
2,2023-11-27,0.0,29.7,36.2,75.74,1.61,-54.5,open_meteo_era5_synthetic
2,2023-11-28,0.0,29.5,36.2,75.47,1.61,-54.5,open_meteo_era5_synthetic
2,2023-11-29,0.0,27.6,42.8,74.17,1.61,-54.5,open_meteo_era5_synthetic
2,2023-11-30,0.0,27.6,42.1,74.08,1.61,-54.5,open_meteo_era5_synthetic
2,2023-12-01,0.0,24.9,38.8,70.41,1.61,64.3,open_meteo_era5_synthetic
2,2023-12-02,0.0,26.1,33.7,71.18,0.49,-50.0,open_meteo_era5_synthetic
2,2023-12-03,0.0,25.0,44.3,71.1,0.49,-50.0,open_meteo_era5_synthetic
2,2023-12-04,0.0,24.0,40.9,69.56,0.49,-50.0,open_meteo_era5_synthetic
2,2023-12-05,0.0,26.5,46.0,73.14,0.49,-50.0,open_meteo_era5_synthetic
2,2023-12-06,0.0,24.1,38.3,69.41,0.49,-50.0,open_meteo_era5_synthetic
2,2023-12-07,0.0,27.3,37.4,73.06,0.49,-50.0,open_meteo_era5_synthetic
2,2023-12-08,0.0,27.3,37.9,73.09,0.49,-50.0,open_meteo_era5_synthetic
2,2023-12-09,0.0,26.0,50.9,73.05,0.49,-50.0,open_meteo_era5_synthetic
2,2023-12-10,0.0,25.2,32.1,70.03,0.49,-50.0,open_meteo_era5_synthetic
2,2023-12-11,0.0,24.8,47.1,71.15,0.49,-50.0,open_meteo_era5_synthetic
2,2023-12-12,0.0,25.0,39.5,70.59,0.49,-50.0,open_meteo_era5_synthetic
2,2023-12-13,0.0,26.9,42.6,73.28,0.49,-50.0,open_meteo_era5_synthetic
2,2023-12-14,0.0,27.5,42.5,73.92,0.49,-50.0,open_meteo_era5_synthetic
2,2023-12-15,0.0,24.8,35.0,69.82,0.45,-54.1,open_meteo_era5_synthetic
2,2023-12-16,0.0,26.8,38.4,72.62,0.45,-54.1,open_meteo_era5_synthetic
2,2023-12-17,0.0,26.0,40.4,71.89,0.45,-54.1,open_meteo_era5_synthetic
2,2023-12-18,0.0,24.3,45.4,70.38,0.45,-54.1,open_meteo_era5_synthetic
2,2023-12-19,0.0,24.2,46.3,70.28,0.45,-54.1,open_meteo_era5_synthetic
2,2023-12-20,0.0,27.5,42.4,73.94,0.45,-54.1,open_meteo_era5_synthetic
2,2023-12-21,0.0,27.3,40.6,73.44,0.45,-54.1,open_meteo_era5_synthetic
2,2023-12-22,0.0,26.7,34.0,71.91,0.0,-100.0,open_meteo_era5_synthetic
2,2023-12-23,0.0,26.1,44.0,72.42,0.0,-100.0,open_meteo_era5_synthetic
2,2023-12-24,0.0,23.8,39.8,69.14,0.0,-100.0,open_meteo_era5_synthetic
2,2023-12-25,0.0,27.0,42.1,73.32,0.0,-100.0,open_meteo_era5_synthetic
2,2023-12-26,0.0,26.3,39.2,72.11,0.0,-100.0,open_meteo_era5_synthetic
2,2023-12-27,0.0,28.8,35.4,74.54,0.0,-100.0,open_meteo_era5_synthetic
2,2023-12-28,0.0,27.6,34.4,73.01,0.0,-100.0,open_meteo_era5_synthetic
2,2023-12-29,0.0,26.3,38.4,72.01,0.0,-100.0,open_meteo_era5_synthetic
2,2023-12-30,0.0,24.8,40.8,70.45,0.0,-100.0,open_meteo_era5_synthetic
2,2023-12-31,0.0,26.6,40.7,72.69,0.0,-100.0,open_meteo_era5_synthetic
2,2024-01-01,0.0,24.9,45.3,71.04,0.0,-100.0,open_meteo_era5_synthetic
2,2024-01-02,0.0,21.2,31.1,65.43,0.0,-100.0,open_meteo_era5_synthetic
2,2024-01-03,0.0,23.7,37.7,68.84,0.0,-100.0,open_meteo_era5_synthetic
2,2024-01-04,0.1,23.2,46.2,68.98,0.1,-92.8,open_meteo_era5_synthetic
2,2024-01-05,0.0,19.2,27.1,63.08,0.1,-92.8,open_meteo_era5_synthetic
2,2024-01-06,0.0,21.4,39.4,66.29,0.1,-92.8,open_meteo_era5_synthetic
2,2024-01-07,0.0,25.9,26.4,70.13,0.1,-92.8,open_meteo_era5_synthetic
2,2024-01-08,0.0,24.6,47.5,70.87,0.1,-92.8,open_meteo_era5_synthetic
2,2024-01-09,0.0,26.3,52.7,73.7,0.1,-92.8,open_meteo_era5_synthetic
2,2024-01-10,0.0,26.5,46.6,73.26,0.1,-92.8,open_meteo_era5_synthetic
2,2024-01-11,0.0,22.8,37.4,67.8,0.1,-92.8,open_meteo_era5_synthetic
2,2024-01-12,0.0,26.1,33.0,71.12,0.1,-92.8,open_meteo_era5_synthetic
2,2024-01-13,0.0,23.8,37.2,68.93,0.1,-92.8,open_meteo_era5_synthetic
2,2024-01-14,0.0,26.8,36.1,72.29,0.1,-92.8,open_meteo_era5_synthetic
2,2024-01-15,0.36,26.1,27.3,70.5,0.45999999999999996,-66.8,open_meteo_era5_synthetic
2,2024-01-16,0.0,26.2,53.7,73.66,0.45999999999999996,-66.8,open_meteo_era5_synthetic
2,2024-01-17,0.0,25.7,37.5,71.15,0.45999999999999996,-66.8,open_meteo_era5_synthetic
2,2024-01-18,0.0,24.3,40.6,69.9,0.45999999999999996,-66.8,open_meteo_era5_synthetic
2,2024-01-19,0.0,25.4,30.5,70.03,0.45999999999999996,-66.8,open_meteo_era5_synthetic
2,2024-01-20,0.0,24.8,35.4,69.96,0.45999999999999996,-66.8,open_meteo_era5_synthetic
2,2024-01-21,0.0,22.2,40.6,67.36,0.45999999999999996,-66.8,open_meteo_era5_synthetic
2,2024-01-22,0.0,22.6,49.7,68.52,0.45999999999999996,-66.8,open_meteo_era5_synthetic
2,2024-01-23,0.0,26.2,40.7,72.21,0.45999999999999996,-66.8,open_meteo_era5_synthetic
2,2024-01-24,0.0,22.9,46.6,68.66,0.45999999999999996,-66.8,open_meteo_era5_synthetic
2,2024-01-25,0.0,29.0,27.4,73.59,0.45999999999999996,-66.8,open_meteo_era5_synthetic
2,2024-01-26,0.0,26.1,47.4,72.85,0.45999999999999996,-66.8,open_meteo_era5_synthetic
2,2024-01-27,0.05,24.5,43.1,70.4,0.51,-63.2,open_meteo_era5_synthetic
2,2024-01-28,0.0,26.4,36.5,71.93,0.51,-63.2,open_meteo_era5_synthetic
2,2024-01-29,0.0,28.5,31.9,73.72,0.51,-63.2,open_meteo_era5_synthetic
2,2024-01-30,0.0,23.9,25.2,67.95,0.51,-63.2,open_meteo_era5_synthetic
2,2024-01-31,0.0,24.2,43.2,69.94,0.51,-63.2,open_meteo_era5_synthetic
2,2024-02-01,0.0,28.1,37.8,74.0,0.51,-38.9,open_meteo_era5_synthetic
2,2024-02-02,0.0,27.8,41.6,74.27,0.51,-38.9,open_meteo_era5_synthetic
2,2024-02-03,0.0,29.1,29.0,73.97,0.41,-50.9,open_meteo_era5_synthetic
2,2024-02-04,0.0,31.0,44.2,78.59,0.4099999999999999,-50.9,open_meteo_era5_synthetic
2,2024-02-05,0.0,29.7,37.9,75.93,0.4099999999999999,-50.9,open_meteo_era5_synthetic
2,2024-02-06,0.0,27.2,35.4,72.73,0.4099999999999999,-50.9,open_meteo_era5_synthetic
2,2024-02-07,0.0,25.0,42.0,70.9,0.4099999999999999,-50.9,open_meteo_era5_synthetic
2,2024-02-08,0.0,31.4,30.8,76.7,0.4099999999999999,-50.9,open_meteo_era5_synthetic
2,2024-02-09,0.0,28.7,35.5,74.45,0.4099999999999999,-50.9,open_meteo_era5_synthetic
2,2024-02-10,0.0,29.0,39.1,75.3,0.4099999999999999,-50.9,open_meteo_era5_synthetic
2,2024-02-11,0.0,25.5,42.9,71.55,0.4099999999999999,-50.9,open_meteo_era5_synthetic
2,2024-02-12,0.0,28.7,28.4,73.41,0.4099999999999999,-50.9,open_meteo_era5_synthetic
2,2024-02-13,0.0,28.0,47.9,75.29,0.4099999999999999,-50.9,open_meteo_era5_synthetic
2,2024-02-14,0.0,28.0,33.3,73.36,0.04999999999999995,-94.0,open_meteo_era5_synthetic
2,2024-02-15,0.0,26.9,39.8,72.86,0.04999999999999995,-94.0,open_meteo_era5_synthetic
2,2024-02-16,0.0,24.6,42.9,70.47,0.04999999999999995,-94.0,open_meteo_era5_synthetic
2,2024-02-17,0.0,26.1,44.1,72.42,0.04999999999999995,-94.0,open_meteo_era5_synthetic
2,2024-02-18,0.0,30.1,38.5,76.5,0.04999999999999995,-94.0,open_meteo_era5_synthetic
2,2024-02-19,0.0,28.7,40.5,75.1,0.04999999999999995,-94.0,open_meteo_era5_synthetic
2,2024-02-20,0.0,29.8,32.9,75.31,0.04999999999999995,-94.0,open_meteo_era5_synthetic
2,2024-02-21,0.0,29.5,32.0,74.88,0.04999999999999995,-94.0,open_meteo_era5_synthetic
2,2024-02-22,0.0,28.0,34.4,73.53,0.04999999999999995,-94.0,open_meteo_era5_synthetic
2,2024-02-23,0.0,25.9,27.8,70.28,0.04999999999999995,-94.0,open_meteo_era5_synthetic
2,2024-02-24,0.0,28.4,34.0,73.85,0.04999999999999995,-94.0,open_meteo_era5_synthetic
2,2024-02-25,0.0,26.6,34.9,71.92,0.04999999999999995,-94.0,open_meteo_era5_synthetic
2,2024-02-26,0.0,27.3,37.3,73.05,0.0,-100.0,open_meteo_era5_synthetic
2,2024-02-27,0.0,26.3,35.3,71.68,0.0,-100.0,open_meteo_era5_synthetic
2,2024-02-28,0.0,28.6,31.2,73.74,0.0,-100.0,open_meteo_era5_synthetic
2,2024-02-29,0.0,25.4,29.0,69.95,0.0,-100.0,open_meteo_era5_synthetic
2,2024-03-01,0.0,30.7,49.3,79.02,0.0,-100.0,open_meteo_era5_synthetic
2,2024-03-02,0.0,30.6,48.2,78.67,0.0,-100.0,open_meteo_era5_synthetic
2,2024-03-03,0.0,33.6,42.2,81.32,0.0,-100.0,open_meteo_era5_synthetic
2,2024-03-04,0.0,34.2,30.6,79.8,0.0,-100.0,open_meteo_era5_synthetic
2,2024-03-05,0.0,33.5,32.9,79.5,0.0,-100.0,open_meteo_era5_synthetic
2,2024-03-06,0.0,33.0,33.9,79.14,0.0,-100.0,open_meteo_era5_synthetic
2,2024-03-07,0.0,31.0,32.2,76.54,0.0,-100.0,open_meteo_era5_synthetic
2,2024-03-08,0.0,34.3,27.8,79.42,0.0,-100.0,open_meteo_era5_synthetic
2,2024-03-09,0.0,35.7,32.4,81.89,0.0,-100.0,open_meteo_era5_synthetic
2,2024-03-10,0.0,33.5,30.8,79.06,0.0,-100.0,open_meteo_era5_synthetic
2,2024-03-11,0.0,35.7,43.6,84.23,0.0,-100.0,open_meteo_era5_synthetic
2,2024-03-12,0.0,36.5,49.2,86.45,0.0,-100.0,open_meteo_era5_synthetic
2,2024-03-13,0.0,30.8,29.7,75.89,0.0,-100.0,open_meteo_era5_synthetic
2,2024-03-14,0.0,36.3,38.4,83.79,0.0,-100.0,open_meteo_era5_synthetic
2,2024-03-15,0.0,31.3,30.2,76.55,0.0,-100.0,open_meteo_era5_synthetic
2,2024-03-16,0.0,35.8,35.7,82.66,0.0,-100.0,open_meteo_era5_synthetic
2,2024-03-17,0.0,31.6,48.5,80.04,0.0,-100.0,open_meteo_era5_synthetic
2,2024-03-18,0.54,34.0,49.3,83.23,0.54,-33.4,open_meteo_era5_synthetic
2,2024-03-19,0.0,33.7,41.6,81.43,0.54,-33.4,open_meteo_era5_synthetic
2,2024-03-20,0.0,34.0,35.3,80.51,0.54,-33.4,open_meteo_era5_synthetic
2,2024-03-21,0.0,31.8,32.0,77.43,0.54,-33.4,open_meteo_era5_synthetic
2,2024-03-22,0.0,34.8,33.8,81.18,0.54,-33.4,open_meteo_era5_synthetic
2,2024-03-23,0.0,34.4,32.4,80.38,0.54,-33.4,open_meteo_era5_synthetic
2,2024-03-24,0.0,34.3,28.9,79.62,0.54,-33.4,open_meteo_era5_synthetic
2,2024-03-25,0.0,33.0,41.2,80.52,0.54,-33.4,open_meteo_era5_synthetic
2,2024-03-26,0.0,32.2,46.1,80.37,0.54,-33.4,open_meteo_era5_synthetic
2,2024-03-27,0.65,30.4,38.4,76.81,1.19,46.8,open_meteo_era5_synthetic
2,2024-03-28,0.0,31.6,40.5,78.6,1.19,46.8,open_meteo_era5_synthetic
2,2024-03-29,0.0,32.5,34.9,78.67,1.19,46.8,open_meteo_era5_synthetic
2,2024-03-30,0.0,33.5,47.0,82.19,1.19,46.8,open_meteo_era5_synthetic
2,2024-03-31,0.0,37.0,40.6,85.16,1.19,46.8,open_meteo_era5_synthetic
2,2024-04-01,0.0,39.7,35.3,87.13,1.19,71.3,open_meteo_era5_synthetic
2,2024-04-02,0.0,40.6,47.8,91.38,1.19,71.3,open_meteo_era5_synthetic
2,2024-04-03,0.0,38.0,30.4,83.96,1.19,71.3,open_meteo_era5_synthetic
2,2024-04-04,0.0,34.3,40.5,81.95,1.19,71.3,open_meteo_era5_synthetic
2,2024-04-05,0.0,39.1,55.1,91.34,1.19,71.3,open_meteo_era5_synthetic
2,2024-04-06,0.0,35.3,27.4,80.34,1.19,71.3,open_meteo_era5_synthetic
2,2024-04-07,0.0,39.6,34.6,86.8,1.19,71.3,open_meteo_era5_synthetic
2,2024-04-08,0.0,37.6,41.2,85.99,1.19,71.3,open_meteo_era5_synthetic
2,2024-04-09,0.0,39.7,30.3,85.8,1.19,71.3,open_meteo_era5_synthetic
2,2024-04-10,0.0,36.8,38.7,84.44,1.19,71.3,open_meteo_era5_synthetic
2,2024-04-11,0.0,39.5,41.4,88.4,1.19,71.3,open_meteo_era5_synthetic
2,2024-04-12,0.0,40.6,45.9,90.97,1.19,71.3,open_meteo_era5_synthetic
2,2024-04-13,0.0,40.4,28.1,86.06,1.19,71.3,open_meteo_era5_synthetic
2,2024-04-14,0.0,39.7,49.0,90.51,1.19,71.3,open_meteo_era5_synthetic
2,2024-04-15,0.0,34.5,44.0,82.86,1.19,71.3,open_meteo_era5_synthetic
2,2024-04-16,0.0,33.7,57.6,84.52,1.19,71.3,open_meteo_era5_synthetic
2,2024-04-17,0.0,37.1,38.0,84.72,0.65,-6.4,open_meteo_era5_synthetic
2,2024-04-18,0.0,37.7,38.9,85.57,0.65,-6.4,open_meteo_era5_synthetic
2,2024-04-19,0.0,40.7,39.0,89.19,0.65,-6.4,open_meteo_era5_synthetic
2,2024-04-20,0.0,39.3,38.8,87.47,0.65,-6.4,open_meteo_era5_synthetic
2,2024-04-21,0.0,34.5,35.9,81.26,0.65,-6.4,open_meteo_era5_synthetic
2,2024-04-22,0.0,37.1,34.7,83.9,0.65,-6.4,open_meteo_era5_synthetic
2,2024-04-23,0.0,35.1,29.1,80.54,0.65,-6.4,open_meteo_era5_synthetic
2,2024-04-24,0.0,42.4,28.9,88.45,0.65,-6.4,open_meteo_era5_synthetic
2,2024-04-25,0.0,37.9,50.1,88.43,0.65,-6.4,open_meteo_era5_synthetic
2,2024-04-26,0.0,36.3,33.7,82.81,0.0,-100.0,open_meteo_era5_synthetic
2,2024-04-27,0.0,36.7,48.7,86.63,0.0,-100.0,open_meteo_era5_synthetic
2,2024-04-28,0.0,37.2,41.1,85.58,0.0,-100.0,open_meteo_era5_synthetic
2,2024-04-29,0.0,41.2,47.2,92.06,0.0,-100.0,open_meteo_era5_synthetic
2,2024-04-30,0.0,35.9,25.2,80.58,0.0,-100.0,open_meteo_era5_synthetic
2,2024-05-01,0.0,38.7,39.0,86.88,0.0,-100.0,open_meteo_era5_synthetic
2,2024-05-02,0.0,42.0,34.6,89.55,0.0,-100.0,open_meteo_era5_synthetic
2,2024-05-03,0.0,42.9,33.9,90.36,0.0,-100.0,open_meteo_era5_synthetic
2,2024-05-04,0.0,38.0,53.9,89.56,0.0,-100.0,open_meteo_era5_synthetic
2,2024-05-05,0.0,39.4,33.8,86.37,0.0,-100.0,open_meteo_era5_synthetic
2,2024-05-06,0.0,40.6,36.8,88.52,0.0,-100.0,open_meteo_era5_synthetic
2,2024-05-07,0.0,44.2,44.6,94.99,0.0,-100.0,open_meteo_era5_synthetic
2,2024-05-08,1.8,39.9,35.2,87.33,1.8,-53.0,open_meteo_era5_synthetic
2,2024-05-09,0.0,41.8,42.3,91.46,1.8,-53.0,open_meteo_era5_synthetic
2,2024-05-10,0.0,40.4,35.7,87.96,1.8,-53.0,open_meteo_era5_synthetic
2,2024-05-11,0.0,41.7,42.5,91.34,1.8,-53.0,open_meteo_era5_synthetic
2,2024-05-12,0.0,40.9,36.6,88.78,1.8,-53.0,open_meteo_era5_synthetic
2,2024-05-13,0.0,41.2,39.6,90.01,1.8,-53.0,open_meteo_era5_synthetic
2,2024-05-14,0.0,41.8,32.3,88.64,1.8,-53.0,open_meteo_era5_synthetic
2,2024-05-15,0.0,42.2,33.2,89.37,1.8,-53.0,open_meteo_era5_synthetic
2,2024-05-16,0.0,42.5,44.7,92.93,1.8,-53.0,open_meteo_era5_synthetic
2,2024-05-17,0.0,39.8,44.1,89.5,1.8,-53.0,open_meteo_era5_synthetic
2,2024-05-18,0.0,42.6,39.7,91.74,1.8,-53.0,open_meteo_era5_synthetic
2,2024-05-19,0.0,41.2,46.6,91.79,1.8,-53.0,open_meteo_era5_synthetic
2,2024-05-20,0.0,37.4,37.1,84.9,1.8,-53.0,open_meteo_era5_synthetic
2,2024-05-21,0.0,41.0,38.7,89.45,1.8,-53.0,open_meteo_era5_synthetic
2,2024-05-22,0.0,40.4,45.6,90.55,1.8,-53.0,open_meteo_era5_synthetic
2,2024-05-23,0.0,44.6,45.6,95.87,1.8,-53.0,open_meteo_era5_synthetic
2,2024-05-24,0.0,40.5,43.4,90.16,1.8,-53.0,open_meteo_era5_synthetic
2,2024-05-25,0.0,44.3,28.1,90.22,1.8,-53.0,open_meteo_era5_synthetic
2,2024-05-26,0.0,37.0,37.2,84.44,1.8,-53.0,open_meteo_era5_synthetic
2,2024-05-27,0.0,43.3,48.1,94.98,1.8,-53.0,open_meteo_era5_synthetic
2,2024-05-28,0.0,40.8,44.5,90.76,1.8,-53.0,open_meteo_era5_synthetic
2,2024-05-29,0.0,39.9,35.2,87.28,1.8,-53.0,open_meteo_era5_synthetic
2,2024-05-30,0.0,44.0,35.4,92.03,1.8,-53.0,open_meteo_era5_synthetic
2,2024-05-31,0.0,38.8,45.8,88.58,1.8,-53.0,open_meteo_era5_synthetic
2,2024-06-01,0.0,40.0,48.6,90.78,1.8,-94.3,open_meteo_era5_synthetic
2,2024-06-02,0.0,39.5,38.0,87.51,1.8,-94.3,open_meteo_era5_synthetic
2,2024-06-03,2.46,43.2,45.5,94.1,4.26,-86.5,open_meteo_era5_synthetic
2,2024-06-04,0.0,41.3,46.6,92.02,4.26,-86.5,open_meteo_era5_synthetic
2,2024-06-05,0.0,41.3,40.2,90.3,4.26,-86.5,open_meteo_era5_synthetic
2,2024-06-06,7.8,45.2,45.1,96.47,12.059999999999999,-61.8,open_meteo_era5_synthetic
2,2024-06-07,2.48,40.1,48.8,90.99,12.739999999999998,-59.7,open_meteo_era5_synthetic
2,2024-06-08,0.0,40.0,40.4,88.72,12.739999999999998,-59.7,open_meteo_era5_synthetic
2,2024-06-09,0.0,39.6,37.6,87.52,12.739999999999998,-59.7,open_meteo_era5_synthetic
2,2024-06-10,16.79,38.9,42.9,88.05,29.529999999999998,-6.5,open_meteo_era5_synthetic
2,2024-06-11,1.59,40.8,39.1,89.37,31.119999999999997,-1.5,open_meteo_era5_synthetic
2,2024-06-12,0.0,39.7,52.7,91.51,31.119999999999997,-1.5,open_meteo_era5_synthetic
2,2024-06-13,0.0,39.7,45.4,89.58,31.119999999999997,-1.5,open_meteo_era5_synthetic
2,2024-06-14,0.0,38.4,48.7,88.74,31.119999999999997,-1.5,open_meteo_era5_synthetic
2,2024-06-15,0.0,43.0,49.1,94.86,31.119999999999997,-1.5,open_meteo_era5_synthetic
2,2024-06-16,0.0,42.2,39.2,91.07,31.119999999999997,-1.5,open_meteo_era5_synthetic
2,2024-06-17,2.1,40.1,43.3,89.6,33.22,5.2,open_meteo_era5_synthetic
2,2024-06-18,0.0,36.7,44.5,85.72,33.22,5.2,open_meteo_era5_synthetic
2,2024-06-19,1.35,40.7,45.6,90.98,34.57,9.4,open_meteo_era5_synthetic
2,2024-06-20,0.0,40.4,43.4,90.01,34.57,9.4,open_meteo_era5_synthetic
2,2024-06-21,0.0,41.0,47.0,91.66,34.57,9.4,open_meteo_era5_synthetic
2,2024-06-22,0.0,43.1,38.7,91.97,34.57,9.4,open_meteo_era5_synthetic
2,2024-06-23,0.0,43.0,39.5,92.1,34.57,9.4,open_meteo_era5_synthetic
2,2024-06-24,10.61,38.0,47.5,88.07,45.18,43.0,open_meteo_era5_synthetic
2,2024-06-25,0.0,40.4,45.8,90.66,45.18,43.0,open_meteo_era5_synthetic
2,2024-06-26,0.0,41.0,28.8,86.89,45.18,43.0,open_meteo_era5_synthetic
2,2024-06-27,0.0,43.4,37.8,92.06,45.18,43.0,open_meteo_era5_synthetic
2,2024-06-28,0.0,39.1,38.6,87.22,45.18,43.0,open_meteo_era5_synthetic
2,2024-06-29,0.0,43.4,37.4,92.01,45.18,43.0,open_meteo_era5_synthetic
2,2024-06-30,0.0,39.1,43.4,88.42,45.18,43.0,open_meteo_era5_synthetic
2,2024-07-01,22.53,34.9,52.9,85.22,67.71000000000001,-75.0,open_meteo_era5_synthetic
2,2024-07-02,37.6,35.4,43.9,83.88,105.31,-61.0,open_meteo_era5_synthetic
2,2024-07-03,0.0,34.5,54.4,84.93,102.85000000000001,-62.0,open_meteo_era5_synthetic
2,2024-07-04,14.47,35.3,53.5,85.84,117.32000000000001,-56.6,open_meteo_era5_synthetic
2,2024-07-05,10.42,34.0,54.1,84.24,127.74000000000001,-52.7,open_meteo_era5_synthetic
2,2024-07-06,0.0,35.8,52.7,86.3,119.94,-55.6,open_meteo_era5_synthetic
2,2024-07-07,0.0,33.8,46.2,82.45,117.46000000000001,-56.5,open_meteo_era5_synthetic
2,2024-07-08,0.0,36.6,49.7,86.72,117.46000000000001,-56.5,open_meteo_era5_synthetic
2,2024-07-09,16.86,35.8,51.2,85.97,134.32,-50.3,open_meteo_era5_synthetic
2,2024-07-10,0.0,36.0,58.1,87.76,117.53,-56.5,open_meteo_era5_synthetic
2,2024-07-11,12.01,34.4,54.3,84.76,127.95,-52.7,open_meteo_era5_synthetic
2,2024-07-12,0.0,34.1,48.1,83.19,127.95,-52.7,open_meteo_era5_synthetic
2,2024-07-13,0.0,36.5,36.8,83.72,127.95,-52.7,open_meteo_era5_synthetic
2,2024-07-14,16.28,35.4,50.8,85.38,144.23,-46.6,open_meteo_era5_synthetic
2,2024-07-15,34.55,35.9,61.3,88.28,178.78,-33.9,open_meteo_era5_synthetic
2,2024-07-16,22.8,36.0,53.2,86.7,201.57999999999998,-25.4,open_meteo_era5_synthetic
2,2024-07-17,11.23,36.9,57.1,88.77,210.71,-22.0,open_meteo_era5_synthetic
2,2024-07-18,0.0,36.1,50.2,86.13,210.71,-22.0,open_meteo_era5_synthetic
2,2024-07-19,0.0,35.1,54.3,85.79,209.36,-22.5,open_meteo_era5_synthetic
2,2024-07-20,34.84,34.3,53.2,84.4,244.20000000000002,-9.7,open_meteo_era5_synthetic
2,2024-07-21,0.0,37.3,45.8,86.74,244.20000000000002,-9.7,open_meteo_era5_synthetic
2,2024-07-22,36.84,36.9,50.3,87.2,281.04,4.0,open_meteo_era5_synthetic
2,2024-07-23,37.99,36.3,55.7,87.57,319.03000000000003,18.0,open_meteo_era5_synthetic
2,2024-07-24,44.11,34.4,46.2,83.13,352.53,30.4,open_meteo_era5_synthetic
2,2024-07-25,2.09,35.0,50.0,84.69,354.62,31.2,open_meteo_era5_synthetic
2,2024-07-26,3.98,35.6,48.0,85.01,358.6,32.7,open_meteo_era5_synthetic
2,2024-07-27,0.0,32.9,51.0,82.08,358.6,32.7,open_meteo_era5_synthetic
2,2024-07-28,0.0,36.2,46.0,85.36,358.6,32.7,open_meteo_era5_synthetic
2,2024-07-29,60.48,31.6,47.3,79.76,419.08,55.0,open_meteo_era5_synthetic
2,2024-07-30,0.0,33.3,56.5,83.74,419.08,55.0,open_meteo_era5_synthetic
2,2024-07-31,16.12,30.0,55.9,79.1,412.67,52.7,open_meteo_era5_synthetic
2,2024-08-01,20.4,30.3,54.3,79.3,395.47,1.9,open_meteo_era5_synthetic
2,2024-08-02,11.69,36.6,32.8,83.0,407.16,5.0,open_meteo_era5_synthetic
2,2024-08-03,101.6,29.2,48.8,76.98,494.28999999999996,27.4,open_meteo_era5_synthetic
2,2024-08-04,24.51,33.6,50.7,83.04,508.38,31.0,open_meteo_era5_synthetic
2,2024-08-05,0.0,36.9,35.8,83.93,508.38,31.0,open_meteo_era5_synthetic
2,2024-08-06,19.09,36.7,49.0,86.68,527.47,36.0,open_meteo_era5_synthetic
2,2024-08-07,0.0,32.5,60.4,83.29,527.47,36.0,open_meteo_era5_synthetic
2,2024-08-08,12.49,30.0,38.7,76.47,523.1,34.8,open_meteo_era5_synthetic
2,2024-08-09,44.52,30.4,51.9,79.03,567.62,46.3,open_meteo_era5_synthetic
2,2024-08-10,0.0,32.7,37.8,79.47,555.61,43.2,open_meteo_era5_synthetic
2,2024-08-11,21.42,33.3,47.0,81.92,577.03,48.7,open_meteo_era5_synthetic
2,2024-08-12,7.06,29.4,41.2,76.09,584.09,50.6,open_meteo_era5_synthetic
2,2024-08-13,12.42,36.3,54.4,87.31,580.23,49.6,open_meteo_era5_synthetic
2,2024-08-14,0.0,31.3,54.9,80.72,545.68,40.7,open_meteo_era5_synthetic
2,2024-08-15,0.0,33.4,48.1,82.23,522.88,34.8,open_meteo_era5_synthetic
2,2024-08-16,9.67,33.1,49.6,82.15,521.32,34.4,open_meteo_era5_synthetic
2,2024-08-17,0.0,32.1,52.0,81.23,521.32,34.4,open_meteo_era5_synthetic
2,2024-08-18,9.73,34.4,54.1,84.76,531.05,36.9,open_meteo_era5_synthetic
2,2024-08-19,0.0,32.0,51.5,81.03,496.21000000000004,27.9,open_meteo_era5_synthetic
2,2024-08-20,0.0,33.0,39.3,80.16,496.21000000000004,27.9,open_meteo_era5_synthetic
2,2024-08-21,27.07,34.2,49.2,83.51,486.44,25.4,open_meteo_era5_synthetic
2,2024-08-22,6.19,35.2,42.0,83.3,454.64,17.2,open_meteo_era5_synthetic
2,2024-08-23,0.0,31.9,57.6,81.97,410.53,5.8,open_meteo_era5_synthetic
2,2024-08-24,15.38,34.2,52.3,84.17,423.82,9.2,open_meteo_era5_synthetic
2,2024-08-25,0.0,29.2,47.6,76.8,419.84,8.2,open_meteo_era5_synthetic
2,2024-08-26,0.0,31.2,41.1,78.25,419.84,8.2,open_meteo_era5_synthetic
2,2024-08-27,0.0,34.4,53.5,84.61,419.84,8.2,open_meteo_era5_synthetic
2,2024-08-28,11.89,32.2,56.8,82.2,371.25,-4.3,open_meteo_era5_synthetic
2,2024-08-29,16.48,33.6,42.9,81.55,387.73,-0.1,open_meteo_era5_synthetic
2,2024-08-30,0.0,35.1,36.0,81.9,371.61,-4.2,open_meteo_era5_synthetic
2,2024-08-31,0.0,32.4,50.4,81.34,351.21,-9.5,open_meteo_era5_synthetic
2,2024-09-01,0.0,31.4,49.7,79.97,339.52,83.9,open_meteo_era5_synthetic
2,2024-09-02,0.0,35.3,45.0,84.03,237.92000000000002,28.9,open_meteo_era5_synthetic
2,2024-09-03,0.0,31.6,43.6,79.21,213.41000000000003,15.6,open_meteo_era5_synthetic
2,2024-09-04,0.0,36.8,45.0,85.87,213.41000000000003,15.6,open_meteo_era5_synthetic
2,2024-09-05,0.0,34.8,32.8,80.94,194.32000000000002,5.2,open_meteo_era5_synthetic
2,2024-09-06,0.0,30.9,50.4,79.39,194.32000000000002,5.2,open_meteo_era5_synthetic
2,2024-09-07,0.0,36.1,33.7,82.6,181.83,-1.5,open_meteo_era5_synthetic
2,2024-09-08,0.0,33.7,48.6,82.76,137.31,-25.6,open_meteo_era5_synthetic
2,2024-09-09,0.0,33.1,35.7,79.55,137.31,-25.6,open_meteo_era5_synthetic
2,2024-09-10,0.0,32.5,34.5,78.63,115.89000000000001,-37.2,open_meteo_era5_synthetic
2,2024-09-11,0.0,33.2,45.8,81.59,108.83000000000001,-41.1,open_meteo_era5_synthetic
2,2024-09-12,0.0,32.4,45.3,80.53,96.41000000000001,-47.8,open_meteo_era5_synthetic
2,2024-09-13,12.71,33.9,35.5,80.5,109.12,-40.9,open_meteo_era5_synthetic
2,2024-09-14,0.0,34.8,48.7,84.2,109.12,-40.9,open_meteo_era5_synthetic
2,2024-09-15,0.0,33.0,52.8,82.59,99.45,-46.1,open_meteo_era5_synthetic
2,2024-09-16,17.55,35.2,53.8,85.73,117.0,-36.6,open_meteo_era5_synthetic
2,2024-09-17,0.0,32.9,42.9,80.6,107.27000000000001,-41.9,open_meteo_era5_synthetic
2,2024-09-18,0.0,31.0,43.3,78.41,107.27000000000001,-41.9,open_meteo_era5_synthetic
2,2024-09-19,0.0,32.4,56.2,82.38,107.27000000000001,-41.9,open_meteo_era5_synthetic
2,2024-09-20,0.0,35.3,50.6,85.17,80.20000000000002,-56.6,open_meteo_era5_synthetic
2,2024-09-21,17.59,32.7,41.4,80.16,91.6,-50.4,open_meteo_era5_synthetic
2,2024-09-22,0.0,35.8,48.8,85.42,91.6,-50.4,open_meteo_era5_synthetic
2,2024-09-23,13.52,35.1,38.4,82.48,89.74000000000001,-51.4,open_meteo_era5_synthetic
2,2024-09-24,0.0,34.3,39.5,81.67,89.74000000000001,-51.4,open_meteo_era5_synthetic
2,2024-09-25,0.0,35.4,42.8,83.77,89.74000000000001,-51.4,open_meteo_era5_synthetic
2,2024-09-26,0.0,31.8,46.8,80.05,89.74000000000001,-51.4,open_meteo_era5_synthetic
2,2024-09-27,0.0,36.1,32.2,82.26,77.85,-57.8,open_meteo_era5_synthetic
2,2024-09-28,0.0,35.3,46.5,84.36,61.37,-66.8,open_meteo_era5_synthetic
2,2024-09-29,0.0,37.0,50.2,87.4,61.370000000000005,-66.8,open_meteo_era5_synthetic
2,2024-09-30,0.0,33.0,41.8,80.54,61.370000000000005,-66.8,open_meteo_era5_synthetic
2,2024-10-01,0.0,33.6,32.9,79.64,61.370000000000005,106.2,open_meteo_era5_synthetic
2,2024-10-02,0.0,32.1,38.8,79.0,61.370000000000005,106.2,open_meteo_era5_synthetic
2,2024-10-03,0.0,36.8,38.6,84.52,61.370000000000005,106.2,open_meteo_era5_synthetic
2,2024-10-04,0.0,36.6,41.5,84.9,61.370000000000005,106.2,open_meteo_era5_synthetic
2,2024-10-05,0.0,34.7,43.2,82.94,61.370000000000005,106.2,open_meteo_era5_synthetic
2,2024-10-06,0.0,34.3,41.0,81.99,61.370000000000005,106.2,open_meteo_era5_synthetic
2,2024-10-07,1.94,37.5,38.8,85.32,63.31,112.7,open_meteo_era5_synthetic
2,2024-10-08,0.39,32.3,42.3,79.86,63.7,114.0,open_meteo_era5_synthetic
2,2024-10-09,0.0,33.5,45.4,81.88,63.7,114.0,open_meteo_era5_synthetic
2,2024-10-10,0.0,32.2,39.2,79.12,63.7,114.0,open_meteo_era5_synthetic
2,2024-10-11,0.0,33.3,38.6,80.37,63.7,114.0,open_meteo_era5_synthetic
2,2024-10-12,0.0,32.8,44.8,80.93,63.7,114.0,open_meteo_era5_synthetic
2,2024-10-13,0.0,32.8,27.3,77.72,50.989999999999995,71.3,open_meteo_era5_synthetic
2,2024-10-14,0.0,34.7,49.1,84.09,50.989999999999995,71.3,open_meteo_era5_synthetic
2,2024-10-15,0.0,34.0,35.4,80.54,50.989999999999995,71.3,open_meteo_era5_synthetic
2,2024-10-16,0.0,30.1,36.7,76.23,33.44,12.3,open_meteo_era5_synthetic
2,2024-10-17,0.0,35.8,31.7,81.84,33.44,12.3,open_meteo_era5_synthetic
2,2024-10-18,0.0,31.2,39.8,78.03,33.44,12.3,open_meteo_era5_synthetic
2,2024-10-19,0.0,31.5,48.1,79.76,33.44,12.3,open_meteo_era5_synthetic
2,2024-10-20,0.0,29.8,49.5,77.86,33.44,12.3,open_meteo_era5_synthetic
2,2024-10-21,0.0,33.6,43.7,81.65,15.85,-46.8,open_meteo_era5_synthetic
2,2024-10-22,0.0,34.0,47.6,82.92,15.85,-46.8,open_meteo_era5_synthetic
2,2024-10-23,2.84,34.2,35.7,80.84,5.17,-82.6,open_meteo_era5_synthetic
2,2024-10-24,1.19,34.8,38.8,82.14,6.359999999999999,-78.6,open_meteo_era5_synthetic
2,2024-10-25,0.0,34.8,43.2,83.03,6.359999999999999,-78.6,open_meteo_era5_synthetic
2,2024-10-26,0.0,32.7,49.8,81.66,6.359999999999999,-78.6,open_meteo_era5_synthetic
2,2024-10-27,0.0,34.2,36.6,81.0,6.359999999999999,-78.6,open_meteo_era5_synthetic
2,2024-10-28,0.0,31.7,43.1,79.22,6.359999999999999,-78.6,open_meteo_era5_synthetic
2,2024-10-29,0.0,33.8,36.6,80.51,6.359999999999999,-78.6,open_meteo_era5_synthetic
2,2024-10-30,0.0,32.1,32.9,77.86,6.359999999999999,-78.6,open_meteo_era5_synthetic
2,2024-10-31,0.0,32.0,39.6,78.94,6.359999999999999,-78.6,open_meteo_era5_synthetic
2,2024-11-01,0.0,31.3,33.6,77.13,6.359999999999999,79.8,open_meteo_era5_synthetic
2,2024-11-02,0.0,33.8,27.8,78.85,6.359999999999999,79.8,open_meteo_era5_synthetic
2,2024-11-03,0.0,35.5,36.1,82.45,6.359999999999999,79.8,open_meteo_era5_synthetic
2,2024-11-04,0.0,28.2,28.8,72.97,6.359999999999999,79.8,open_meteo_era5_synthetic
2,2024-11-05,0.0,29.6,38.8,75.96,6.359999999999999,79.8,open_meteo_era5_synthetic
2,2024-11-06,0.49,32.1,29.1,77.2,4.91,38.8,open_meteo_era5_synthetic
2,2024-11-07,0.0,31.0,44.7,78.6,4.52,27.8,open_meteo_era5_synthetic
2,2024-11-08,0.0,28.9,36.4,74.8,4.52,27.8,open_meteo_era5_synthetic
2,2024-11-09,0.0,29.1,36.4,75.03,4.52,27.8,open_meteo_era5_synthetic
2,2024-11-10,0.33,29.7,40.0,76.26,4.85,37.1,open_meteo_era5_synthetic
2,2024-11-11,0.0,29.6,44.2,76.75,4.85,37.1,open_meteo_era5_synthetic
2,2024-11-12,0.0,30.2,36.1,76.25,4.85,37.1,open_meteo_era5_synthetic
2,2024-11-13,0.0,28.1,47.3,75.33,4.85,37.1,open_meteo_era5_synthetic
2,2024-11-14,0.0,34.5,37.2,81.44,4.85,37.1,open_meteo_era5_synthetic
2,2024-11-15,0.0,28.8,51.9,76.88,4.85,37.1,open_meteo_era5_synthetic
2,2024-11-16,0.0,29.3,32.6,74.69,4.85,37.1,open_meteo_era5_synthetic
2,2024-11-17,0.0,26.9,30.0,71.63,4.85,37.1,open_meteo_era5_synthetic
2,2024-11-18,0.0,30.9,44.4,78.39,4.85,37.1,open_meteo_era5_synthetic
2,2024-11-19,0.0,31.1,36.8,77.44,4.85,37.1,open_meteo_era5_synthetic
2,2024-11-20,0.0,31.7,30.3,77.03,4.85,37.1,open_meteo_era5_synthetic
2,2024-11-21,0.0,27.4,30.5,72.26,4.85,37.1,open_meteo_era5_synthetic
2,2024-11-22,0.0,30.8,35.0,76.77,2.01,-43.2,open_meteo_era5_synthetic
2,2024-11-23,0.0,29.3,31.4,74.49,0.8200000000000001,-76.8,open_meteo_era5_synthetic
2,2024-11-24,0.0,30.1,26.8,74.7,0.8200000000000001,-76.8,open_meteo_era5_synthetic
2,2024-11-25,0.0,28.1,25.5,72.39,0.8200000000000001,-76.8,open_meteo_era5_synthetic
2,2024-11-26,0.0,27.8,34.6,73.23,0.8200000000000001,-76.8,open_meteo_era5_synthetic
2,2024-11-27,0.0,33.3,21.6,77.13,0.8200000000000001,-76.8,open_meteo_era5_synthetic
2,2024-11-28,0.0,29.7,28.4,74.54,0.8200000000000001,-76.8,open_meteo_era5_synthetic
2,2024-11-29,0.0,26.6,34.6,71.89,0.8200000000000001,-76.8,open_meteo_era5_synthetic
2,2024-11-30,0.0,31.3,48.8,79.67,0.8200000000000001,-76.8,open_meteo_era5_synthetic
2,2024-12-01,0.0,26.1,35.6,71.48,0.8200000000000001,-16.3,open_meteo_era5_synthetic
2,2024-12-02,0.0,27.5,33.5,72.74,0.8200000000000001,-16.3,open_meteo_era5_synthetic
2,2024-12-03,0.0,27.7,29.9,72.49,0.8200000000000001,-16.3,open_meteo_era5_synthetic
2,2024-12-04,0.0,25.5,36.6,70.88,0.8200000000000001,-16.3,open_meteo_era5_synthetic
2,2024-12-05,0.0,26.6,39.2,72.5,0.8200000000000001,-16.3,open_meteo_era5_synthetic
2,2024-12-06,0.0,26.4,43.3,72.69,0.33,-66.3,open_meteo_era5_synthetic
2,2024-12-07,0.0,25.9,34.5,71.09,0.33,-66.3,open_meteo_era5_synthetic
2,2024-12-08,0.0,26.5,39.0,72.31,0.33,-66.3,open_meteo_era5_synthetic
2,2024-12-09,0.0,28.9,28.3,73.6,0.33,-66.3,open_meteo_era5_synthetic
2,2024-12-10,0.0,23.7,45.7,69.59,0.0,-100.0,open_meteo_era5_synthetic
2,2024-12-11,0.0,25.4,42.4,71.39,0.0,-100.0,open_meteo_era5_synthetic
2,2024-12-12,1.63,25.5,36.5,70.89,1.63,66.4,open_meteo_era5_synthetic
2,2024-12-13,0.0,25.7,36.5,71.12,1.63,66.4,open_meteo_era5_synthetic
2,2024-12-14,0.0,25.6,50.2,72.47,1.63,66.4,open_meteo_era5_synthetic
2,2024-12-15,0.0,21.0,37.6,65.7,1.63,66.4,open_meteo_era5_synthetic
2,2024-12-16,0.0,22.2,38.0,67.09,1.63,66.4,open_meteo_era5_synthetic
2,2024-12-17,0.0,24.9,44.1,71.01,1.63,66.4,open_meteo_era5_synthetic
2,2024-12-18,0.0,26.9,35.9,72.42,1.63,66.4,open_meteo_era5_synthetic
2,2024-12-19,0.0,20.0,46.2,65.02,1.63,66.4,open_meteo_era5_synthetic
2,2024-12-20,0.0,26.5,33.0,71.61,1.63,66.4,open_meteo_era5_synthetic
2,2024-12-21,0.0,24.1,45.1,70.01,1.63,66.4,open_meteo_era5_synthetic
2,2024-12-22,0.0,23.6,55.9,70.41,1.63,66.4,open_meteo_era5_synthetic
2,2024-12-23,0.0,26.8,30.2,71.62,1.63,66.4,open_meteo_era5_synthetic
2,2024-12-24,0.18,26.5,30.4,71.24,1.8099999999999998,84.7,open_meteo_era5_synthetic
2,2024-12-25,0.99,29.2,41.2,75.8,2.8,185.8,open_meteo_era5_synthetic
2,2024-12-26,0.0,28.7,36.1,74.57,2.8,185.8,open_meteo_era5_synthetic
2,2024-12-27,0.0,24.4,30.2,68.93,2.8,185.8,open_meteo_era5_synthetic
2,2024-12-28,0.0,26.7,33.4,71.9,2.8,185.8,open_meteo_era5_synthetic
2,2024-12-29,0.0,24.4,29.6,68.89,2.8,185.8,open_meteo_era5_synthetic
2,2024-12-30,0.36,26.7,40.5,72.73,3.1599999999999997,222.5,open_meteo_era5_synthetic
2,2024-12-31,0.0,26.6,38.4,72.39,3.1599999999999997,222.5,open_meteo_era5_synthetic
2,2025-01-01,0.0,23.9,41.8,69.53,3.1599999999999997,127.8,open_meteo_era5_synthetic
2,2025-01-02,0.0,25.5,47.7,72.09,3.1599999999999997,127.8,open_meteo_era5_synthetic
2,2025-01-03,0.0,23.6,29.3,68.01,3.1599999999999997,127.8,open_meteo_era5_synthetic
2,2025-01-04,0.0,25.4,33.0,70.32,3.1599999999999997,127.8,open_meteo_era5_synthetic
2,2025-01-05,0.0,25.8,44.2,72.1,3.1599999999999997,127.8,open_meteo_era5_synthetic
2,2025-01-06,0.0,26.8,31.0,71.66,3.1599999999999997,127.8,open_meteo_era5_synthetic
2,2025-01-07,0.0,25.3,44.0,71.45,3.1599999999999997,127.8,open_meteo_era5_synthetic
2,2025-01-08,0.0,23.9,38.3,69.14,3.1599999999999997,127.8,open_meteo_era5_synthetic
2,2025-01-09,0.0,24.6,34.9,69.63,3.1599999999999997,127.8,open_meteo_era5_synthetic
2,2025-01-10,0.0,21.6,37.0,66.31,3.1599999999999997,127.8,open_meteo_era5_synthetic
2,2025-01-11,0.0,24.6,45.1,70.71,1.5299999999999998,10.3,open_meteo_era5_synthetic
2,2025-01-12,0.0,24.9,47.5,71.37,1.5299999999999998,10.3,open_meteo_era5_synthetic
2,2025-01-13,0.0,25.3,47.9,71.86,1.5299999999999998,10.3,open_meteo_era5_synthetic
2,2025-01-14,0.0,24.9,43.0,70.85,1.5299999999999998,10.3,open_meteo_era5_synthetic
2,2025-01-15,0.33,26.0,41.4,72.04,1.8599999999999999,34.1,open_meteo_era5_synthetic
2,2025-01-16,0.7,27.4,40.5,73.53,2.5599999999999996,84.6,open_meteo_era5_synthetic
2,2025-01-17,0.0,26.5,43.4,72.84,2.5599999999999996,84.6,open_meteo_era5_synthetic
2,2025-01-18,0.0,24.6,36.3,69.8,2.5599999999999996,84.6,open_meteo_era5_synthetic
2,2025-01-19,0.0,28.5,42.1,75.1,2.5599999999999996,84.6,open_meteo_era5_synthetic
2,2025-01-20,0.0,24.2,42.8,69.9,2.5599999999999996,84.6,open_meteo_era5_synthetic
2,2025-01-21,0.0,25.5,37.8,70.94,2.5599999999999996,84.6,open_meteo_era5_synthetic
2,2025-01-22,0.0,23.1,47.1,68.96,2.5599999999999996,84.6,open_meteo_era5_synthetic
2,2025-01-23,0.0,25.6,38.4,71.23,2.38,71.6,open_meteo_era5_synthetic
2,2025-01-24,0.0,21.9,42.2,67.14,1.39,0.2,open_meteo_era5_synthetic
2,2025-01-25,0.0,24.1,34.5,68.97,1.39,0.2,open_meteo_era5_synthetic
2,2025-01-26,0.0,25.3,44.5,71.52,1.39,0.2,open_meteo_era5_synthetic
2,2025-01-27,0.0,26.2,42.0,72.34,1.39,0.2,open_meteo_era5_synthetic
2,2025-01-28,0.0,29.1,26.9,73.6,1.39,0.2,open_meteo_era5_synthetic
2,2025-01-29,0.0,24.9,31.7,69.64,1.0299999999999998,-25.7,open_meteo_era5_synthetic
2,2025-01-30,0.0,25.1,36.0,70.35,1.0299999999999998,-25.7,open_meteo_era5_synthetic
2,2025-01-31,0.0,25.9,38.7,71.58,1.0299999999999998,-25.7,open_meteo_era5_synthetic
2,2025-02-01,0.0,30.5,40.1,77.28,1.0299999999999998,23.4,open_meteo_era5_synthetic
2,2025-02-02,0.0,31.8,50.7,80.72,1.0299999999999998,23.4,open_meteo_era5_synthetic
2,2025-02-03,0.0,28.7,35.9,74.53,1.0299999999999998,23.4,open_meteo_era5_synthetic
2,2025-02-04,0.0,29.0,45.3,76.19,1.0299999999999998,23.4,open_meteo_era5_synthetic
2,2025-02-05,0.0,25.9,34.1,71.05,1.0299999999999998,23.4,open_meteo_era5_synthetic
2,2025-02-06,0.0,25.5,40.9,71.32,1.0299999999999998,23.4,open_meteo_era5_synthetic
2,2025-02-07,0.0,30.3,40.5,77.08,1.0299999999999998,23.4,open_meteo_era5_synthetic
2,2025-02-08,0.0,28.5,39.0,74.68,1.0299999999999998,23.4,open_meteo_era5_synthetic
2,2025-02-09,0.0,24.2,46.2,70.29,1.0299999999999998,23.4,open_meteo_era5_synthetic
2,2025-02-10,0.0,29.9,32.9,75.42,1.0299999999999998,23.4,open_meteo_era5_synthetic
2,2025-02-11,0.0,28.9,34.6,74.58,1.0299999999999998,23.4,open_meteo_era5_synthetic
2,2025-02-12,0.0,25.4,41.7,71.35,1.0299999999999998,23.4,open_meteo_era5_synthetic
2,2025-02-13,0.0,26.9,48.4,73.95,1.0299999999999998,23.4,open_meteo_era5_synthetic
2,2025-02-14,0.0,27.8,43.4,74.48,0.7,-16.1,open_meteo_era5_synthetic
2,2025-02-15,0.0,32.1,41.3,79.44,0.0,-100.0,open_meteo_era5_synthetic
2,2025-02-16,0.0,31.0,44.1,78.53,0.0,-100.0,open_meteo_era5_synthetic
2,2025-02-17,0.0,26.1,20.6,69.68,0.0,-100.0,open_meteo_era5_synthetic
2,2025-02-18,0.0,31.0,39.5,77.7,0.0,-100.0,open_meteo_era5_synthetic
2,2025-02-19,0.0,23.8,44.5,69.64,0.0,-100.0,open_meteo_era5_synthetic
2,2025-02-20,0.0,28.5,33.7,74.0,0.0,-100.0,open_meteo_era5_synthetic
2,2025-02-21,0.57,26.6,41.2,72.73,0.57,-31.7,open_meteo_era5_synthetic
2,2025-02-22,0.0,30.6,48.4,78.76,0.57,-31.7,open_meteo_era5_synthetic
2,2025-02-23,0.12,30.0,39.6,76.53,0.69,-17.3,open_meteo_era5_synthetic
2,2025-02-24,0.0,28.3,43.6,75.12,0.69,-17.3,open_meteo_era5_synthetic
2,2025-02-25,0.0,27.2,39.3,73.21,0.69,-17.3,open_meteo_era5_synthetic
2,2025-02-26,0.0,27.1,46.2,73.98,0.69,-17.3,open_meteo_era5_synthetic
2,2025-02-27,0.0,28.0,32.2,73.16,0.69,-17.3,open_meteo_era5_synthetic
2,2025-02-28,0.0,23.1,32.4,67.68,0.69,-17.3,open_meteo_era5_synthetic
2,2025-03-01,0.0,35.0,37.0,82.03,0.69,-14.9,open_meteo_era5_synthetic
2,2025-03-02,0.0,30.9,35.8,77.0,0.69,-14.9,open_meteo_era5_synthetic
2,2025-03-03,0.0,33.5,41.1,81.05,0.69,-14.9,open_meteo_era5_synthetic
2,2025-03-04,0.0,31.8,32.9,77.59,0.69,-14.9,open_meteo_era5_synthetic
2,2025-03-05,0.0,31.8,35.2,78.01,0.69,-14.9,open_meteo_era5_synthetic
2,2025-03-06,0.0,33.1,41.1,80.61,0.69,-14.9,open_meteo_era5_synthetic
2,2025-03-07,0.0,33.5,48.9,82.56,0.69,-14.9,open_meteo_era5_synthetic
2,2025-03-08,0.0,35.8,39.0,83.43,0.69,-14.9,open_meteo_era5_synthetic
2,2025-03-09,0.0,31.6,33.9,77.53,0.69,-14.9,open_meteo_era5_synthetic
2,2025-03-10,0.43,29.6,40.7,76.25,1.1199999999999999,38.1,open_meteo_era5_synthetic
2,2025-03-11,0.0,35.4,43.8,83.96,1.1199999999999999,38.1,open_meteo_era5_synthetic
2,2025-03-12,0.05,34.1,41.9,81.99,1.17,44.3,open_meteo_era5_synthetic
2,2025-03-13,0.0,35.1,34.7,81.66,1.17,44.3,open_meteo_era5_synthetic
2,2025-03-14,0.0,35.8,46.7,85.02,1.17,44.3,open_meteo_era5_synthetic
2,2025-03-15,0.0,30.8,32.5,76.32,1.17,44.3,open_meteo_era5_synthetic
2,2025-03-16,0.0,35.8,37.5,83.03,1.17,44.3,open_meteo_era5_synthetic
2,2025-03-17,0.0,33.8,37.1,80.63,1.17,44.3,open_meteo_era5_synthetic
2,2025-03-18,0.0,33.7,39.4,81.02,1.17,44.3,open_meteo_era5_synthetic
2,2025-03-19,0.06,30.4,34.2,76.19,1.23,51.7,open_meteo_era5_synthetic
2,2025-03-20,0.0,32.3,35.5,78.64,1.23,51.7,open_meteo_era5_synthetic
2,2025-03-21,0.0,36.0,41.6,84.13,1.23,51.7,open_meteo_era5_synthetic
2,2025-03-22,0.0,32.2,28.5,77.19,1.23,51.7,open_meteo_era5_synthetic
2,2025-03-23,0.0,34.0,42.4,81.93,0.66,-18.6,open_meteo_era5_synthetic
2,2025-03-24,0.0,33.9,38.2,81.0,0.66,-18.6,open_meteo_era5_synthetic
2,2025-03-25,0.0,32.3,35.3,78.56,0.54,-33.4,open_meteo_era5_synthetic
2,2025-03-26,0.0,32.7,39.0,79.69,0.54,-33.4,open_meteo_era5_synthetic
2,2025-03-27,0.0,31.2,43.5,78.73,0.54,-33.4,open_meteo_era5_synthetic
2,2025-03-28,0.0,32.4,34.8,78.62,0.54,-33.4,open_meteo_era5_synthetic
2,2025-03-29,0.0,32.0,42.5,79.46,0.54,-33.4,open_meteo_era5_synthetic
2,2025-03-30,0.0,32.8,25.5,77.3,0.54,-33.4,open_meteo_era5_synthetic
2,2025-03-31,0.0,35.4,46.8,84.49,0.54,-33.4,open_meteo_era5_synthetic
2,2025-04-01,0.0,37.0,48.2,86.91,0.54,-22.3,open_meteo_era5_synthetic
2,2025-04-02,0.0,38.4,34.9,85.46,0.54,-22.3,open_meteo_era5_synthetic
2,2025-04-03,0.0,38.1,40.2,86.38,0.54,-22.3,open_meteo_era5_synthetic
2,2025-04-04,0.0,36.1,46.8,85.46,0.54,-22.3,open_meteo_era5_synthetic
2,2025-04-05,0.0,35.6,37.8,82.88,0.54,-22.3,open_meteo_era5_synthetic
2,2025-04-06,0.27,42.7,35.4,90.55,0.81,16.6,open_meteo_era5_synthetic
2,2025-04-07,0.0,36.8,39.1,84.59,0.81,16.6,open_meteo_era5_synthetic
2,2025-04-08,0.0,34.5,34.5,80.91,0.81,16.6,open_meteo_era5_synthetic
2,2025-04-09,0.0,34.4,36.1,81.15,0.38,-45.3,open_meteo_era5_synthetic
2,2025-04-10,0.14,37.7,48.0,87.75,0.52,-25.2,open_meteo_era5_synthetic
2,2025-04-11,0.0,36.4,34.4,83.15,0.47000000000000003,-32.4,open_meteo_era5_synthetic
2,2025-04-12,0.0,37.2,40.5,85.39,0.47000000000000003,-32.4,open_meteo_era5_synthetic
2,2025-04-13,0.0,35.3,33.8,81.72,0.47000000000000003,-32.4,open_meteo_era5_synthetic
2,2025-04-14,0.0,34.2,39.9,81.64,0.47000000000000003,-32.4,open_meteo_era5_synthetic
2,2025-04-15,0.0,35.4,33.7,81.83,0.47000000000000003,-32.4,open_meteo_era5_synthetic
2,2025-04-16,0.33,40.4,33.0,87.29,0.8,15.1,open_meteo_era5_synthetic
2,2025-04-17,0.0,43.8,30.0,90.28,0.8,15.1,open_meteo_era5_synthetic
2,2025-04-18,0.0,36.6,32.4,82.85,0.74,6.5,open_meteo_era5_synthetic
2,2025-04-19,0.0,35.5,39.6,83.19,0.74,6.5,open_meteo_era5_synthetic
2,2025-04-20,0.0,36.6,37.5,83.99,0.74,6.5,open_meteo_era5_synthetic
2,2025-04-21,0.0,36.2,32.5,82.38,0.74,6.5,open_meteo_era5_synthetic
2,2025-04-22,0.21,38.7,47.1,88.86,0.95,36.7,open_meteo_era5_synthetic
2,2025-04-23,0.0,37.2,34.2,83.89,0.95,36.7,open_meteo_era5_synthetic
2,2025-04-24,0.0,37.5,47.2,87.3,0.95,36.7,open_meteo_era5_synthetic
2,2025-04-25,0.0,37.8,40.1,86.04,0.95,36.7,open_meteo_era5_synthetic
2,2025-04-26,0.0,37.5,41.2,85.95,0.95,36.7,open_meteo_era5_synthetic
2,2025-04-27,0.0,38.9,44.0,88.35,0.95,36.7,open_meteo_era5_synthetic
2,2025-04-28,0.24,36.1,40.1,84.02,1.19,71.3,open_meteo_era5_synthetic
2,2025-04-29,0.0,37.2,33.3,83.79,1.19,71.3,open_meteo_era5_synthetic
2,2025-04-30,0.0,33.1,30.3,78.51,1.19,71.3,open_meteo_era5_synthetic
2,2025-05-01,0.0,42.4,54.7,95.58,1.19,-68.9,open_meteo_era5_synthetic
2,2025-05-02,0.0,42.4,38.6,91.08,1.19,-68.9,open_meteo_era5_synthetic
2,2025-05-03,0.0,39.8,41.0,88.67,1.19,-68.9,open_meteo_era5_synthetic
2,2025-05-04,0.0,40.7,40.5,89.57,1.19,-68.9,open_meteo_era5_synthetic
2,2025-05-05,0.0,39.3,34.9,86.5,1.19,-68.9,open_meteo_era5_synthetic
2,2025-05-06,0.0,40.1,43.7,89.72,0.9199999999999999,-76.0,open_meteo_era5_synthetic
2,2025-05-07,0.0,42.1,44.5,92.35,0.9199999999999999,-76.0,open_meteo_era5_synthetic
2,2025-05-08,0.0,40.9,46.3,91.33,0.9199999999999999,-76.0,open_meteo_era5_synthetic
2,2025-05-09,0.0,42.7,33.0,89.91,0.9199999999999999,-76.0,open_meteo_era5_synthetic
2,2025-05-10,0.0,37.5,33.4,84.09,0.78,-79.6,open_meteo_era5_synthetic
2,2025-05-11,0.0,43.1,31.1,89.8,0.78,-79.6,open_meteo_era5_synthetic
2,2025-05-12,0.0,38.9,34.2,85.92,0.78,-79.6,open_meteo_era5_synthetic
2,2025-05-13,0.0,40.8,38.9,89.26,0.78,-79.6,open_meteo_era5_synthetic
2,2025-05-14,0.0,43.3,38.2,92.01,0.78,-79.6,open_meteo_era5_synthetic
2,2025-05-15,0.64,41.8,35.0,89.48,1.42,-62.9,open_meteo_era5_synthetic
2,2025-05-16,0.0,41.5,37.2,89.74,1.0899999999999999,-71.5,open_meteo_era5_synthetic
2,2025-05-17,0.0,39.5,35.0,86.74,1.0899999999999999,-71.5,open_meteo_era5_synthetic
2,2025-05-18,0.92,41.3,42.0,90.81,2.01,-47.5,open_meteo_era5_synthetic
2,2025-05-19,0.62,41.6,44.4,91.75,2.63,-31.3,open_meteo_era5_synthetic
2,2025-05-20,0.0,36.9,39.5,84.81,2.63,-31.3,open_meteo_era5_synthetic
2,2025-05-21,0.0,40.3,40.6,89.13,2.63,-31.3,open_meteo_era5_synthetic
2,2025-05-22,0.0,37.8,39.4,85.89,2.42,-36.8,open_meteo_era5_synthetic
2,2025-05-23,0.0,38.7,40.8,87.27,2.42,-36.8,open_meteo_era5_synthetic
2,2025-05-24,0.0,43.0,28.0,88.77,2.42,-36.8,open_meteo_era5_synthetic
2,2025-05-25,0.0,39.2,27.0,84.49,2.42,-36.8,open_meteo_era5_synthetic
2,2025-05-26,0.0,44.8,45.9,96.15,2.42,-36.8,open_meteo_era5_synthetic
2,2025-05-27,3.26,38.9,31.4,85.19,5.68,48.4,open_meteo_era5_synthetic
2,2025-05-28,2.19,41.4,45.4,91.84,7.629999999999999,99.4,open_meteo_era5_synthetic
2,2025-05-29,0.0,42.6,39.5,91.56,7.629999999999999,99.4,open_meteo_era5_synthetic
2,2025-05-30,0.0,41.3,39.1,90.02,7.629999999999999,99.4,open_meteo_era5_synthetic
2,2025-05-31,0.0,44.2,42.3,94.31,7.629999999999999,99.4,open_meteo_era5_synthetic
2,2025-06-01,14.12,42.0,31.3,88.67,21.75,-31.1,open_meteo_era5_synthetic
2,2025-06-02,0.0,40.9,41.1,90.02,21.75,-31.1,open_meteo_era5_synthetic
2,2025-06-03,0.0,39.3,39.0,87.62,21.75,-31.1,open_meteo_era5_synthetic
2,2025-06-04,0.0,39.9,39.3,88.38,21.75,-31.1,open_meteo_era5_synthetic
2,2025-06-05,0.65,39.4,40.7,88.08,22.4,-29.1,open_meteo_era5_synthetic
2,2025-06-06,0.0,37.6,37.6,85.16,22.4,-29.1,open_meteo_era5_synthetic
2,2025-06-07,0.0,38.1,41.3,86.7,22.4,-29.1,open_meteo_era5_synthetic
2,2025-06-08,0.0,38.7,38.2,86.64,22.4,-29.1,open_meteo_era5_synthetic
2,2025-06-09,0.0,43.1,43.4,93.26,22.4,-29.1,open_meteo_era5_synthetic
2,2025-06-10,7.25,39.4,50.5,90.48,29.65,-6.1,open_meteo_era5_synthetic
2,2025-06-11,0.0,45.8,45.3,97.24,29.65,-6.1,open_meteo_era5_synthetic
2,2025-06-12,0.0,40.6,30.7,86.91,29.65,-6.1,open_meteo_era5_synthetic
2,2025-06-13,0.0,39.4,35.3,86.74,29.65,-6.1,open_meteo_era5_synthetic
2,2025-06-14,14.97,39.4,35.4,86.77,43.98,39.2,open_meteo_era5_synthetic
2,2025-06-15,0.0,36.8,38.1,84.42,43.98,39.2,open_meteo_era5_synthetic
2,2025-06-16,5.4,39.0,51.5,90.26,49.379999999999995,56.3,open_meteo_era5_synthetic
2,2025-06-17,0.0,36.9,37.9,84.39,48.459999999999994,53.4,open_meteo_era5_synthetic
2,2025-06-18,11.53,39.0,42.6,88.11,59.37,88.0,open_meteo_era5_synthetic
2,2025-06-19,0.0,40.3,48.2,91.07,59.37,88.0,open_meteo_era5_synthetic
2,2025-06-20,0.0,38.8,35.7,86.17,59.37,88.0,open_meteo_era5_synthetic
2,2025-06-21,0.0,41.4,36.4,89.38,59.37,88.0,open_meteo_era5_synthetic
2,2025-06-22,0.0,37.0,37.3,84.47,59.37,88.0,open_meteo_era5_synthetic
2,2025-06-23,7.31,41.4,36.6,89.37,66.67999999999999,111.1,open_meteo_era5_synthetic
2,2025-06-24,0.0,39.9,40.1,88.53,66.67999999999999,111.1,open_meteo_era5_synthetic
2,2025-06-25,0.0,39.3,40.8,87.99,66.67999999999999,111.1,open_meteo_era5_synthetic
2,2025-06-26,0.0,43.1,48.8,94.94,63.42,100.8,open_meteo_era5_synthetic
2,2025-06-27,0.0,39.4,49.1,90.25,61.23,93.8,open_meteo_era5_synthetic
2,2025-06-28,0.0,38.9,40.6,87.47,61.23,93.8,open_meteo_era5_synthetic
2,2025-06-29,3.54,39.5,37.0,87.26,64.77,105.0,open_meteo_era5_synthetic
2,2025-06-30,0.0,38.5,40.8,87.08,64.77,105.0,open_meteo_era5_synthetic
2,2025-07-01,0.0,31.7,53.2,80.98,50.65,-81.3,open_meteo_era5_synthetic
2,2025-07-02,0.0,35.1,57.4,86.32,50.65,-81.3,open_meteo_era5_synthetic
2,2025-07-03,44.28,39.3,46.6,89.47,94.93,-64.9,open_meteo_era5_synthetic
2,2025-07-04,0.0,37.6,51.6,88.45,94.93,-64.9,open_meteo_era5_synthetic
2,2025-07-05,48.33,33.9,52.5,83.78,142.61,-47.2,open_meteo_era5_synthetic
2,2025-07-06,0.0,35.0,45.1,83.69,142.61,-47.2,open_meteo_era5_synthetic
2,2025-07-07,45.45,33.7,53.9,83.78,188.06,-30.4,open_meteo_era5_synthetic
2,2025-07-08,22.32,35.4,47.9,84.82,210.38,-22.2,open_meteo_era5_synthetic
2,2025-07-09,15.52,34.9,54.5,85.56,225.9,-16.4,open_meteo_era5_synthetic
2,2025-07-10,0.0,37.5,49.4,87.87,218.65,-19.1,open_meteo_era5_synthetic
2,2025-07-11,10.46,31.6,47.2,79.84,229.11,-15.2,open_meteo_era5_synthetic
2,2025-07-12,28.71,34.0,55.4,84.46,257.82,-4.6,open_meteo_era5_synthetic
2,2025-07-13,6.81,35.3,45.9,84.28,264.63,-2.1,open_meteo_era5_synthetic
2,2025-07-14,4.88,32.0,51.5,81.06,254.54000000000002,-5.8,open_meteo_era5_synthetic
2,2025-07-15,29.92,34.7,64.9,87.3,284.46000000000004,5.2,open_meteo_era5_synthetic
2,2025-07-16,54.23,33.0,44.7,81.07,333.28999999999996,23.3,open_meteo_era5_synthetic
2,2025-07-17,5.09,34.6,53.1,84.76,338.38,25.2,open_meteo_era5_synthetic
2,2025-07-18,33.51,36.8,42.3,85.34,360.36,33.3,open_meteo_era5_synthetic
2,2025-07-19,0.0,37.6,56.9,89.71,360.36,33.3,open_meteo_era5_synthetic
2,2025-07-20,0.0,35.8,51.9,86.14,360.36,33.3,open_meteo_era5_synthetic
2,2025-07-21,8.52,33.7,53.7,83.73,368.88,36.5,open_meteo_era5_synthetic
2,2025-07-22,7.01,35.5,51.6,85.64,375.89,39.1,open_meteo_era5_synthetic
2,2025-07-23,0.0,35.0,56.9,86.07,368.58,36.4,open_meteo_era5_synthetic
2,2025-07-24,30.46,34.8,60.5,86.58,399.04,47.6,open_meteo_era5_synthetic
2,2025-07-25,12.48,32.4,59.3,83.06,411.52,52.2,open_meteo_era5_synthetic
2,2025-07-26,55.87,34.6,45.5,83.32,467.39,72.9,open_meteo_era5_synthetic
2,2025-07-27,14.05,36.8,36.6,84.02,481.44,78.1,open_meteo_era5_synthetic
2,2025-07-28,31.98,34.6,49.2,83.96,513.42,89.9,open_meteo_era5_synthetic
2,2025-07-29,12.94,36.5,49.9,86.57,522.8199999999999,93.4,open_meteo_era5_synthetic
2,2025-07-30,37.75,34.8,47.2,83.82,560.5699999999999,107.4,open_meteo_era5_synthetic
2,2025-07-31,5.03,36.7,45.1,85.84,565.6,109.2,open_meteo_era5_synthetic
2,2025-08-01,16.31,32.0,47.5,80.36,581.91,50.0,open_meteo_era5_synthetic
2,2025-08-02,31.29,34.2,53.0,84.28,568.92,46.7,open_meteo_era5_synthetic
2,2025-08-03,17.68,32.8,45.0,80.89,586.6,51.2,open_meteo_era5_synthetic
2,2025-08-04,9.2,35.1,51.8,85.17,547.4699999999999,41.1,open_meteo_era5_synthetic
2,2025-08-05,0.0,33.9,49.5,83.19,547.4699999999999,41.1,open_meteo_era5_synthetic
2,2025-08-06,0.0,30.7,45.9,78.48,502.02,29.4,open_meteo_era5_synthetic
2,2025-08-07,11.76,30.9,38.9,77.52,491.46,26.7,open_meteo_era5_synthetic
2,2025-08-08,25.87,32.1,46.8,80.4,501.81,29.4,open_meteo_era5_synthetic
2,2025-08-09,55.26,33.6,48.9,82.67,557.07,43.6,open_meteo_era5_synthetic
2,2025-08-10,0.0,31.2,43.1,78.59,546.61,40.9,open_meteo_era5_synthetic
2,2025-08-11,0.0,32.4,57.0,82.52,517.9000000000001,33.5,open_meteo_era5_synthetic
2,2025-08-12,20.66,34.7,56.4,85.61,531.75,37.1,open_meteo_era5_synthetic
2,2025-08-13,32.15,32.5,54.4,82.21,559.02,44.1,open_meteo_era5_synthetic
2,2025-08-14,6.24,35.8,49.7,85.72,535.34,38.0,open_meteo_era5_synthetic
2,2025-08-15,23.64,33.8,43.1,81.75,504.75,30.1,open_meteo_era5_synthetic
2,2025-08-16,0.0,29.9,55.4,78.92,499.65999999999997,28.8,open_meteo_era5_synthetic
2,2025-08-17,16.03,33.1,44.7,81.29,482.18,24.3,open_meteo_era5_synthetic
2,2025-08-18,8.91,34.2,51.5,83.98,491.09,26.6,open_meteo_era5_synthetic
2,2025-08-19,0.0,33.3,36.0,79.87,491.09,26.6,open_meteo_era5_synthetic
2,2025-08-20,0.0,31.1,53.9,80.26,482.57,24.4,open_meteo_era5_synthetic
2,2025-08-21,0.0,32.2,43.4,79.91,475.56,22.6,open_meteo_era5_synthetic
2,2025-08-22,0.0,30.2,48.8,78.25,475.56,22.6,open_meteo_era5_synthetic
2,2025-08-23,0.0,35.1,39.4,82.62,445.09999999999997,14.7,open_meteo_era5_synthetic
2,2025-08-24,22.99,32.8,54.5,82.73,455.61,17.4,open_meteo_era5_synthetic
2,2025-08-25,3.73,32.8,61.1,83.92,403.47,4.0,open_meteo_era5_synthetic
2,2025-08-26,12.28,31.1,50.9,79.78,401.7,3.5,open_meteo_era5_synthetic
2,2025-08-27,3.43,32.0,48.6,80.58,373.15,-3.8,open_meteo_era5_synthetic
2,2025-08-28,20.14,33.5,46.2,82.06,380.34999999999997,-2.0,open_meteo_era5_synthetic
2,2025-08-29,42.2,32.7,48.9,81.47,384.79999999999995,-0.8,open_meteo_era5_synthetic
2,2025-08-30,0.0,31.4,57.4,81.21,379.77,-2.1,open_meteo_era5_synthetic
2,2025-08-31,8.95,31.3,60.0,81.65,372.41,-4.0,open_meteo_era5_synthetic
2,2025-09-01,2.22,32.5,50.1,81.49,343.34,86.0,open_meteo_era5_synthetic
2,2025-09-02,0.0,35.5,49.5,85.27,325.65999999999997,76.4,open_meteo_era5_synthetic
2,2025-09-03,0.0,31.9,51.7,80.91,316.46,71.4,open_meteo_era5_synthetic
2,2025-09-04,0.0,30.1,38.3,76.53,316.46,71.4,open_meteo_era5_synthetic
2,2025-09-05,0.0,37.1,42.1,85.65,316.46,71.4,open_meteo_era5_synthetic
2,2025-09-06,0.0,32.6,34.6,78.81,304.7,65.0,open_meteo_era5_synthetic
2,2025-09-07,0.0,34.4,35.6,81.03,278.83,51.0,open_meteo_era5_synthetic
2,2025-09-08,11.86,35.8,44.2,84.53,235.43,27.5,open_meteo_era5_synthetic
2,2025-09-09,0.0,35.2,58.3,86.69,235.43,27.5,open_meteo_era5_synthetic
2,2025-09-10,0.0,33.5,51.3,83.04,235.43,27.5,open_meteo_era5_synthetic
2,2025-09-11,20.27,34.0,50.2,83.5,235.04000000000002,27.3,open_meteo_era5_synthetic
2,2025-09-12,0.0,36.4,42.8,84.95,202.89,9.9,open_meteo_era5_synthetic
2,2025-09-13,0.0,35.8,38.2,83.17,196.64999999999998,6.5,open_meteo_era5_synthetic
2,2025-09-14,3.37,31.9,27.7,76.75,176.38,-4.5,open_meteo_era5_synthetic
2,2025-09-15,0.0,34.8,36.6,81.76,176.38,-4.5,open_meteo_era5_synthetic
2,2025-09-16,0.0,33.8,43.1,81.86,160.35,-13.1,open_meteo_era5_synthetic
2,2025-09-17,5.8,34.8,43.1,83.02,157.24,-14.8,open_meteo_era5_synthetic
2,2025-09-18,0.0,33.3,44.4,81.39,157.24,-14.8,open_meteo_era5_synthetic
2,2025-09-19,8.45,36.3,47.2,85.75,165.69,-10.3,open_meteo_era5_synthetic
2,2025-09-20,0.0,33.5,40.1,80.9,165.69,-10.3,open_meteo_era5_synthetic
2,2025-09-21,0.0,36.4,46.7,85.85,165.69,-10.3,open_meteo_era5_synthetic
2,2025-09-22,0.0,34.5,52.2,84.55,165.69,-10.3,open_meteo_era5_synthetic
2,2025-09-23,0.0,36.8,32.8,83.23,142.7,-22.7,open_meteo_era5_synthetic
2,2025-09-24,7.49,35.1,42.5,83.27,146.46,-20.7,open_meteo_era5_synthetic
2,2025-09-25,0.0,39.4,35.1,86.7,134.18,-27.3,open_meteo_era5_synthetic
2,2025-09-26,17.22,34.1,44.3,82.38,147.97,-19.9,open_meteo_era5_synthetic
2,2025-09-27,5.99,34.1,38.3,81.25,133.82,-27.5,open_meteo_era5_synthetic
2,2025-09-28,0.03,30.0,39.6,76.59,91.64999999999999,-50.4,open_meteo_era5_synthetic
2,2025-09-29,0.0,37.0,46.9,86.61,91.64999999999999,-50.4,open_meteo_era5_synthetic
2,2025-09-30,0.0,33.7,41.4,81.35,82.69999999999999,-55.2,open_meteo_era5_synthetic
2,2025-10-01,0.0,34.5,48.4,83.73,80.47999999999999,170.4,open_meteo_era5_synthetic
2,2025-10-02,0.0,31.4,49.8,80.05,80.47999999999999,170.4,open_meteo_era5_synthetic
2,2025-10-03,0.0,33.0,36.0,79.53,80.47999999999999,170.4,open_meteo_era5_synthetic
2,2025-10-04,0.0,36.1,40.8,84.18,80.47999999999999,170.4,open_meteo_era5_synthetic
2,2025-10-05,0.0,38.8,38.3,86.77,80.47999999999999,170.4,open_meteo_era5_synthetic
2,2025-10-06,0.0,33.8,43.9,81.99,80.47999999999999,170.4,open_meteo_era5_synthetic
2,2025-10-07,0.0,33.7,48.4,82.73,80.47999999999999,170.4,open_meteo_era5_synthetic
2,2025-10-08,0.0,34.4,48.4,83.61,68.61999999999999,130.5,open_meteo_era5_synthetic
2,2025-10-09,0.0,32.2,32.9,78.01,68.61999999999999,130.5,open_meteo_era5_synthetic
2,2025-10-10,0.0,35.9,36.1,82.94,68.61999999999999,130.5,open_meteo_era5_synthetic
2,2025-10-11,0.0,34.1,33.1,80.23,48.35,62.4,open_meteo_era5_synthetic
2,2025-10-12,0.0,35.4,41.8,83.44,48.35,62.4,open_meteo_era5_synthetic
2,2025-10-13,0.0,33.5,33.8,79.68,48.35,62.4,open_meteo_era5_synthetic
2,2025-10-14,0.0,32.5,32.9,78.33,44.980000000000004,51.1,open_meteo_era5_synthetic
2,2025-10-15,0.47,34.3,39.5,81.69,45.45,52.7,open_meteo_era5_synthetic
2,2025-10-16,0.0,31.4,38.1,77.98,45.45,52.7,open_meteo_era5_synthetic
2,2025-10-17,0.0,34.9,41.7,82.88,39.65,33.2,open_meteo_era5_synthetic
2,2025-10-18,0.0,34.9,36.0,81.67,39.65,33.2,open_meteo_era5_synthetic
2,2025-10-19,0.0,36.7,49.5,86.74,31.200000000000003,4.8,open_meteo_era5_synthetic
2,2025-10-20,0.0,29.4,34.9,75.2,31.200000000000003,4.8,open_meteo_era5_synthetic
2,2025-10-21,0.0,31.8,34.6,77.85,31.200000000000003,4.8,open_meteo_era5_synthetic
2,2025-10-22,0.0,33.8,40.2,81.25,31.200000000000003,4.8,open_meteo_era5_synthetic
2,2025-10-23,0.0,31.8,40.4,78.83,31.200000000000003,4.8,open_meteo_era5_synthetic
2,2025-10-24,0.0,34.7,42.8,82.89,23.71,-20.3,open_meteo_era5_synthetic
2,2025-10-25,1.72,31.6,47.8,79.9,25.43,-14.6,open_meteo_era5_synthetic
2,2025-10-26,0.0,35.1,26.7,80.0,8.21,-72.4,open_meteo_era5_synthetic
2,2025-10-27,0.0,29.4,43.3,76.4,2.2199999999999998,-92.5,open_meteo_era5_synthetic
2,2025-10-28,0.0,33.1,39.2,80.24,2.1900000000000004,-92.6,open_meteo_era5_synthetic
2,2025-10-29,0.0,31.8,24.2,76.07,2.1900000000000004,-92.6,open_meteo_era5_synthetic
2,2025-10-30,0.22,32.6,41.1,79.99,2.41,-91.9,open_meteo_era5_synthetic
2,2025-10-31,2.99,35.4,41.7,83.48,5.4,-81.9,open_meteo_era5_synthetic
2,2025-11-01,0.0,28.3,32.0,73.43,5.4,52.6,open_meteo_era5_synthetic
2,2025-11-02,0.0,31.9,33.0,77.67,5.4,52.6,open_meteo_era5_synthetic
2,2025-11-03,0.0,29.8,38.6,76.19,5.4,52.6,open_meteo_era5_synthetic
2,2025-11-04,0.0,29.1,43.7,76.1,5.4,52.6,open_meteo_era5_synthetic
2,2025-11-05,0.0,25.7,40.7,71.62,5.4,52.6,open_meteo_era5_synthetic
2,2025-11-06,0.0,28.0,48.3,75.36,5.4,52.6,open_meteo_era5_synthetic
2,2025-11-07,0.0,30.1,42.6,77.13,5.4,52.6,open_meteo_era5_synthetic
2,2025-11-08,0.0,27.2,43.7,73.69,5.4,52.6,open_meteo_era5_synthetic
2,2025-11-09,0.0,28.5,30.0,73.49,5.4,52.6,open_meteo_era5_synthetic
2,2025-11-10,0.0,28.2,39.0,74.4,5.4,52.6,open_meteo_era5_synthetic
2,2025-11-11,0.0,30.6,37.3,76.98,5.4,52.6,open_meteo_era5_synthetic
2,2025-11-12,0.0,28.8,35.9,74.59,5.4,52.6,open_meteo_era5_synthetic
2,2025-11-13,0.0,31.2,32.8,76.91,5.4,52.6,open_meteo_era5_synthetic
2,2025-11-14,0.0,27.8,27.9,72.38,4.93,39.3,open_meteo_era5_synthetic
2,2025-11-15,0.0,33.2,48.3,82.04,4.93,39.3,open_meteo_era5_synthetic
2,2025-11-16,0.0,32.0,22.1,75.88,4.93,39.3,open_meteo_era5_synthetic
2,2025-11-17,0.0,32.5,50.6,81.55,4.93,39.3,open_meteo_era5_synthetic
2,2025-11-18,0.95,29.0,36.2,74.85,5.88,66.2,open_meteo_era5_synthetic
2,2025-11-19,0.0,26.2,33.3,71.28,5.880000000000001,66.2,open_meteo_era5_synthetic
2,2025-11-20,0.0,29.4,32.0,74.68,5.880000000000001,66.2,open_meteo_era5_synthetic
2,2025-11-21,0.0,30.3,38.0,76.73,5.880000000000001,66.2,open_meteo_era5_synthetic
2,2025-11-22,0.0,32.7,41.6,80.22,5.880000000000001,66.2,open_meteo_era5_synthetic
2,2025-11-23,0.0,27.3,34.4,72.7,5.880000000000001,66.2,open_meteo_era5_synthetic
2,2025-11-24,0.05,30.2,31.5,75.53,4.21,19.0,open_meteo_era5_synthetic
2,2025-11-25,0.0,28.6,43.9,75.54,4.21,19.0,open_meteo_era5_synthetic
2,2025-11-26,0.0,28.3,28.9,73.08,4.21,19.0,open_meteo_era5_synthetic
2,2025-11-27,0.0,30.2,26.0,74.68,4.21,19.0,open_meteo_era5_synthetic
2,2025-11-28,0.0,28.8,29.7,73.74,4.21,19.0,open_meteo_era5_synthetic
2,2025-11-29,0.0,31.2,38.6,77.81,3.99,12.8,open_meteo_era5_synthetic
2,2025-11-30,0.24,30.6,36.1,76.68,1.24,-65.0,open_meteo_era5_synthetic
2,2025-12-01,0.0,24.7,39.3,70.24,1.24,26.6,open_meteo_era5_synthetic
2,2025-12-02,0.0,26.7,28.5,71.32,1.24,26.6,open_meteo_era5_synthetic
2,2025-12-03,0.0,24.2,34.1,69.06,1.24,26.6,open_meteo_era5_synthetic
2,2025-12-04,0.0,24.5,33.4,69.33,1.24,26.6,open_meteo_era5_synthetic
2,2025-12-05,0.0,31.2,37.6,77.74,1.24,26.6,open_meteo_era5_synthetic
2,2025-12-06,0.0,22.6,34.1,67.27,1.24,26.6,open_meteo_era5_synthetic
2,2025-12-07,0.0,24.6,38.6,69.97,1.24,26.6,open_meteo_era5_synthetic
2,2025-12-08,0.0,30.2,40.2,76.94,1.24,26.6,open_meteo_era5_synthetic
2,2025-12-09,0.0,25.8,31.6,70.62,1.24,26.6,open_meteo_era5_synthetic
2,2025-12-10,0.0,25.3,39.6,70.92,1.24,26.6,open_meteo_era5_synthetic
2,2025-12-11,0.0,29.4,30.7,74.5,1.24,26.6,open_meteo_era5_synthetic
2,2025-12-12,0.0,28.8,42.6,75.53,1.24,26.6,open_meteo_era5_synthetic
2,2025-12-13,0.0,24.6,40.6,70.27,1.24,26.6,open_meteo_era5_synthetic
2,2025-12-14,0.0,25.1,46.1,71.43,1.24,26.6,open_meteo_era5_synthetic
2,2025-12-15,0.0,27.4,43.4,73.99,1.24,26.6,open_meteo_era5_synthetic
2,2025-12-16,0.0,26.0,39.9,71.86,1.24,26.6,open_meteo_era5_synthetic
2,2025-12-17,0.0,29.1,40.5,75.66,1.24,26.6,open_meteo_era5_synthetic
2,2025-12-18,0.0,22.9,29.2,67.19,0.29,-70.4,open_meteo_era5_synthetic
2,2025-12-19,0.0,24.3,26.2,68.48,0.29,-70.4,open_meteo_era5_synthetic
2,2025-12-20,0.09,22.8,40.7,68.04,0.38,-61.2,open_meteo_era5_synthetic
2,2025-12-21,0.0,29.0,34.0,74.56,0.38,-61.2,open_meteo_era5_synthetic
2,2025-12-22,0.0,29.3,49.3,77.14,0.38,-61.2,open_meteo_era5_synthetic
2,2025-12-23,0.0,25.5,39.9,71.24,0.38,-61.2,open_meteo_era5_synthetic
2,2025-12-24,0.0,29.1,35.6,74.96,0.32999999999999996,-66.3,open_meteo_era5_synthetic
2,2025-12-25,0.98,24.0,27.3,68.22,1.31,33.7,open_meteo_era5_synthetic
2,2025-12-26,0.0,26.9,42.7,73.28,1.31,33.7,open_meteo_era5_synthetic
2,2025-12-27,0.0,23.9,31.6,68.5,1.31,33.7,open_meteo_era5_synthetic
2,2025-12-28,0.17,25.2,25.5,69.34,1.48,51.1,open_meteo_era5_synthetic
2,2025-12-29,0.0,26.0,46.6,72.61,1.48,51.1,open_meteo_era5_synthetic
2,2025-12-30,0.0,26.5,38.0,72.23,1.24,26.6,open_meteo_era5_synthetic
2,2025-12-31,0.0,23.4,36.7,68.44,1.24,26.6,open_meteo_era5_synthetic
2,2026-01-01,0.0,27.9,40.9,74.2,1.24,-10.6,open_meteo_era5_synthetic
2,2026-01-02,0.0,25.2,48.9,71.87,1.24,-10.6,open_meteo_era5_synthetic
2,2026-01-03,0.0,29.3,38.3,75.61,1.24,-10.6,open_meteo_era5_synthetic
2,2026-01-04,0.0,26.0,42.3,72.14,1.24,-10.6,open_meteo_era5_synthetic
2,2026-01-05,0.0,25.5,39.4,71.21,1.24,-10.6,open_meteo_era5_synthetic
2,2026-01-06,0.0,26.0,56.2,73.75,1.24,-10.6,open_meteo_era5_synthetic
2,2026-01-07,0.0,25.2,37.3,70.58,1.24,-10.6,open_meteo_era5_synthetic
2,2026-01-08,0.0,27.4,29.6,72.2,1.24,-10.6,open_meteo_era5_synthetic
2,2026-01-09,0.0,27.4,32.4,72.52,1.24,-10.6,open_meteo_era5_synthetic
2,2026-01-10,0.0,28.6,34.9,74.28,1.24,-10.6,open_meteo_era5_synthetic
2,2026-01-11,0.0,22.6,39.8,67.71,1.24,-10.6,open_meteo_era5_synthetic
2,2026-01-12,0.0,23.6,35.3,68.58,1.24,-10.6,open_meteo_era5_synthetic
2,2026-01-13,0.0,26.6,44.4,73.09,1.24,-10.6,open_meteo_era5_synthetic
2,2026-01-14,0.0,25.4,35.6,70.68,1.24,-10.6,open_meteo_era5_synthetic
2,2026-01-15,0.0,26.4,40.3,72.34,1.24,-10.6,open_meteo_era5_synthetic
2,2026-01-16,0.0,25.5,36.3,70.85,1.24,-10.6,open_meteo_era5_synthetic
2,2026-01-17,0.0,23.3,33.0,68.03,1.24,-10.6,open_meteo_era5_synthetic
2,2026-01-18,0.77,24.8,29.6,69.27,2.01,44.9,open_meteo_era5_synthetic
2,2026-01-19,0.62,24.6,38.6,70.03,2.54,83.1,open_meteo_era5_synthetic
2,2026-01-20,0.0,25.6,44.0,71.78,2.54,83.1,open_meteo_era5_synthetic
2,2026-01-21,0.0,26.1,47.5,72.82,2.54,83.1,open_meteo_era5_synthetic
2,2026-01-22,0.0,23.4,25.6,67.4,2.54,83.1,open_meteo_era5_synthetic
2,2026-01-23,0.0,23.9,32.8,68.58,2.54,83.1,open_meteo_era5_synthetic
2,2026-01-24,0.31,26.4,43.1,72.68,1.8699999999999999,34.8,open_meteo_era5_synthetic
2,2026-01-25,0.0,27.7,34.4,73.08,1.87,34.8,open_meteo_era5_synthetic
2,2026-01-26,0.0,24.3,37.4,69.51,1.87,34.8,open_meteo_era5_synthetic
2,2026-01-27,0.0,24.2,36.3,69.36,1.7,22.6,open_meteo_era5_synthetic
2,2026-01-28,0.0,25.5,41.5,71.39,1.7,22.6,open_meteo_era5_synthetic
2,2026-01-29,0.0,26.6,47.7,73.45,1.7,22.6,open_meteo_era5_synthetic
2,2026-01-30,0.0,25.9,38.1,71.53,1.7,22.6,open_meteo_era5_synthetic
2,2026-01-31,0.0,23.8,41.6,69.39,1.7,22.6,open_meteo_era5_synthetic
2,2026-02-01,0.0,30.1,56.1,79.28,1.7,103.7,open_meteo_era5_synthetic
2,2026-02-02,0.0,26.3,35.2,71.66,1.7,103.7,open_meteo_era5_synthetic
2,2026-02-03,0.0,29.2,42.5,76.08,1.7,103.7,open_meteo_era5_synthetic
2,2026-02-04,0.0,28.3,32.9,73.66,1.7,103.7,open_meteo_era5_synthetic
2,2026-02-05,0.64,26.2,35.8,71.64,2.34,180.4,open_meteo_era5_synthetic
2,2026-02-06,0.0,28.7,40.6,75.16,2.34,180.4,open_meteo_era5_synthetic
2,2026-02-07,0.0,26.3,52.1,73.59,2.34,180.4,open_meteo_era5_synthetic
2,2026-02-08,0.0,28.4,31.4,73.56,2.34,180.4,open_meteo_era5_synthetic
2,2026-02-09,0.0,27.5,38.0,73.4,2.34,180.4,open_meteo_era5_synthetic
2,2026-02-10,0.0,28.9,40.3,75.39,2.34,180.4,open_meteo_era5_synthetic
2,2026-02-11,0.0,24.9,30.2,69.5,2.34,180.4,open_meteo_era5_synthetic
2,2026-02-12,0.0,28.7,45.3,75.86,2.34,180.4,open_meteo_era5_synthetic
2,2026-02-13,0.0,27.7,34.7,73.21,2.34,180.4,open_meteo_era5_synthetic
2,2026-02-14,0.0,27.0,30.4,71.87,2.34,180.4,open_meteo_era5_synthetic
2,2026-02-15,0.0,32.0,38.7,78.82,2.34,180.4,open_meteo_era5_synthetic
2,2026-02-16,0.0,26.2,33.7,71.28,2.34,180.4,open_meteo_era5_synthetic
2,2026-02-17,0.0,28.7,38.7,74.93,1.57,88.1,open_meteo_era5_synthetic
2,2026-02-18,0.0,26.7,33.2,71.85,0.9500000000000001,13.8,open_meteo_era5_synthetic
2,2026-02-19,0.0,28.4,41.3,74.94,0.9500000000000001,13.8,open_meteo_era5_synthetic
2,2026-02-20,0.0,29.1,30.7,74.18,0.9500000000000001,13.8,open_meteo_era5_synthetic
2,2026-02-21,0.0,29.6,50.7,77.74,0.9500000000000001,13.8,open_meteo_era5_synthetic
2,2026-02-22,0.0,26.8,36.2,72.38,0.9500000000000001,13.8,open_meteo_era5_synthetic
2,2026-02-23,0.0,30.5,49.1,78.76,0.6400000000000001,-23.3,open_meteo_era5_synthetic
2,2026-02-24,0.0,31.2,42.2,78.48,0.6400000000000001,-23.3,open_meteo_era5_synthetic
2,2026-02-25,0.0,27.4,33.5,72.64,0.6400000000000001,-23.3,open_meteo_era5_synthetic
2,2026-02-26,0.0,26.1,38.2,71.72,0.6400000000000001,-23.3,open_meteo_era5_synthetic
2,2026-02-27,0.2,29.6,37.2,75.73,0.8400000000000001,0.6,open_meteo_era5_synthetic
2,2026-02-28,0.0,27.5,42.1,73.95,0.8400000000000001,0.6,open_meteo_era5_synthetic
2,2026-03-01,0.0,34.6,35.5,81.27,0.8400000000000001,3.6,open_meteo_era5_synthetic
2,2026-03-02,0.0,32.6,41.5,79.99,0.8400000000000001,3.6,open_meteo_era5_synthetic
2,2026-03-03,0.0,36.3,41.4,84.45,0.8400000000000001,3.6,open_meteo_era5_synthetic
2,2026-03-04,0.0,31.5,39.9,78.42,0.8400000000000001,3.6,open_meteo_era5_synthetic
2,2026-03-05,0.0,34.5,40.1,82.1,0.8400000000000001,3.6,open_meteo_era5_synthetic
2,2026-03-06,0.0,32.3,34.6,78.39,0.8400000000000001,3.6,open_meteo_era5_synthetic
2,2026-03-07,1.14,31.7,40.7,78.85,1.3399999999999999,65.3,open_meteo_era5_synthetic
2,2026-03-08,0.0,34.7,38.3,81.99,1.3399999999999999,65.3,open_meteo_era5_synthetic
2,2026-03-09,0.0,32.1,37.0,78.63,1.3399999999999999,65.3,open_meteo_era5_synthetic
2,2026-03-10,0.0,32.6,34.8,78.84,1.3399999999999999,65.3,open_meteo_era5_synthetic
2,2026-03-11,0.0,32.1,36.3,78.54,1.3399999999999999,65.3,open_meteo_era5_synthetic
2,2026-03-12,0.0,34.7,41.1,82.55,1.3399999999999999,65.3,open_meteo_era5_synthetic
2,2026-03-13,0.0,36.6,43.8,85.47,1.3399999999999999,65.3,open_meteo_era5_synthetic
2,2026-03-14,0.0,30.1,32.1,75.54,1.3399999999999999,65.3,open_meteo_era5_synthetic
2,2026-03-15,0.0,28.8,32.1,74.08,1.3399999999999999,65.3,open_meteo_era5_synthetic
2,2026-03-16,0.0,33.2,40.6,80.54,1.3399999999999999,65.3,open_meteo_era5_synthetic
2,2026-03-17,0.0,34.4,38.5,81.6,1.3399999999999999,65.3,open_meteo_era5_synthetic
2,2026-03-18,0.0,31.6,41.9,78.86,1.3399999999999999,65.3,open_meteo_era5_synthetic
2,2026-03-19,0.0,33.4,32.8,79.37,1.3399999999999999,65.3,open_meteo_era5_synthetic
2,2026-03-20,0.0,32.8,39.6,79.95,1.3399999999999999,65.3,open_meteo_era5_synthetic
2,2026-03-21,0.0,28.7,36.9,74.67,1.3399999999999999,65.3,open_meteo_era5_synthetic
2,2026-03-22,0.0,34.8,50.4,84.57,1.3399999999999999,65.3,open_meteo_era5_synthetic
2,2026-03-23,0.0,32.1,38.9,78.92,1.3399999999999999,65.3,open_meteo_era5_synthetic
2,2026-03-24,0.0,32.0,39.4,78.97,1.3399999999999999,65.3,open_meteo_era5_synthetic
2,2026-03-25,0.0,32.5,28.7,77.6,1.3399999999999999,65.3,open_meteo_era5_synthetic
2,2026-03-26,0.0,33.1,31.2,78.77,1.3399999999999999,65.3,open_meteo_era5_synthetic
2,2026-03-27,0.0,31.2,32.3,76.74,1.3399999999999999,65.3,open_meteo_era5_synthetic
2,2026-03-28,0.0,34.6,40.9,82.34,1.3399999999999999,65.3,open_meteo_era5_synthetic
2,2026-03-29,0.0,32.2,37.5,78.85,1.14,40.6,open_meteo_era5_synthetic
2,2026-03-30,0.0,31.5,34.1,77.47,1.14,40.6,open_meteo_era5_synthetic
2,2026-03-31,0.0,32.0,32.4,77.73,1.14,40.6,open_meteo_era5_synthetic
2,2026-04-01,0.0,37.8,42.0,86.42,1.14,64.1,open_meteo_era5_synthetic
2,2026-04-02,0.0,40.0,39.4,88.49,1.14,64.1,open_meteo_era5_synthetic
2,2026-04-03,0.0,36.0,43.6,84.56,1.14,64.1,open_meteo_era5_synthetic
2,2026-04-04,0.0,37.9,38.3,85.71,1.14,64.1,open_meteo_era5_synthetic
2,2026-04-05,0.0,38.8,39.4,87.05,1.14,64.1,open_meteo_era5_synthetic
2,2026-04-06,0.0,37.4,43.1,86.26,0.0,-100.0,open_meteo_era5_synthetic
2,2026-04-07,0.0,39.6,36.1,87.17,0.0,-100.0,open_meteo_era5_synthetic
2,2026-04-08,0.0,37.0,44.0,85.89,0.0,-100.0,open_meteo_era5_synthetic
2,2026-04-09,0.0,38.0,29.2,83.65,0.0,-100.0,open_meteo_era5_synthetic
2,2026-04-10,0.0,39.5,39.0,87.84,0.0,-100.0,open_meteo_era5_synthetic
2,2026-04-11,0.0,38.5,38.6,86.51,0.0,-100.0,open_meteo_era5_synthetic
2,2026-04-12,0.0,41.1,42.0,90.52,0.0,-100.0,open_meteo_era5_synthetic
2,2026-04-13,0.0,41.0,32.4,87.84,0.0,-100.0,open_meteo_era5_synthetic
2,2026-04-14,0.45,37.6,40.0,85.76,0.45,-35.2,open_meteo_era5_synthetic
2,2026-04-15,0.13,38.0,33.2,84.64,0.5800000000000001,-16.5,open_meteo_era5_synthetic
2,2026-04-16,0.0,39.2,36.7,86.85,0.5800000000000001,-16.5,open_meteo_era5_synthetic
2,2026-04-17,0.0,38.2,30.1,84.13,0.5800000000000001,-16.5,open_meteo_era5_synthetic
2,2026-04-18,0.0,36.9,36.1,84.09,0.5800000000000001,-16.5,open_meteo_era5_synthetic
2,2026-04-19,0.0,36.1,27.3,81.21,0.5800000000000001,-16.5,open_meteo_era5_synthetic
2,2026-04-20,0.0,35.1,31.2,81.0,0.5800000000000001,-16.5,open_meteo_era5_synthetic
2,2026-04-21,0.0,34.6,44.4,83.08,0.5800000000000001,-16.5,open_meteo_era5_synthetic
2,2026-04-22,0.0,36.4,49.5,86.42,0.5800000000000001,-16.5,open_meteo_era5_synthetic
2,2026-04-23,0.0,36.5,30.6,82.34,0.5800000000000001,-16.5,open_meteo_era5_synthetic
2,2026-04-24,0.0,36.9,30.2,82.73,0.5800000000000001,-16.5,open_meteo_era5_synthetic
2,2026-04-25,0.0,35.6,41.6,83.75,0.5800000000000001,-16.5,open_meteo_era5_synthetic
2,2026-04-26,0.0,36.4,30.4,82.24,0.5800000000000001,-16.5,open_meteo_era5_synthetic
2,2026-04-27,0.0,40.6,41.8,89.83,0.5800000000000001,-16.5,open_meteo_era5_synthetic
2,2026-04-28,0.0,38.1,47.0,88.06,0.5800000000000001,-16.5,open_meteo_era5_synthetic
2,2026-04-29,0.0,39.8,35.0,87.09,0.5800000000000001,-16.5,open_meteo_era5_synthetic
2,2026-04-30,0.0,36.8,38.5,84.47,0.5800000000000001,-16.5,open_meteo_era5_synthetic
2,2026-05-01,0.0,36.8,43.5,85.57,0.5800000000000001,-84.8,open_meteo_era5_synthetic
2,2026-05-02,0.0,40.4,27.8,85.95,0.5800000000000001,-84.8,open_meteo_era5_synthetic
2,2026-05-03,0.0,41.9,40.3,90.96,0.5800000000000001,-84.8,open_meteo_era5_synthetic
2,2026-05-04,0.0,44.0,35.1,91.99,0.5800000000000001,-84.8,open_meteo_era5_synthetic
2,2026-05-05,0.0,40.0,44.9,89.94,0.5800000000000001,-84.8,open_meteo_era5_synthetic
2,2026-05-06,0.0,40.6,34.9,88.07,0.5800000000000001,-84.8,open_meteo_era5_synthetic
2,2026-05-07,0.0,41.4,38.4,89.86,0.5800000000000001,-84.8,open_meteo_era5_synthetic
2,2026-05-08,0.0,39.7,39.8,88.18,0.5800000000000001,-84.8,open_meteo_era5_synthetic
2,2026-05-09,0.0,41.1,36.5,88.98,0.5800000000000001,-84.8,open_meteo_era5_synthetic
2,2026-05-10,0.0,41.0,41.3,90.17,0.5800000000000001,-84.8,open_meteo_era5_synthetic
2,2026-05-11,6.11,38.3,44.8,87.78,6.69,74.8,open_meteo_era5_synthetic
2,2026-05-12,3.33,40.1,43.6,89.63,10.02,161.8,open_meteo_era5_synthetic
2,2026-05-13,0.0,37.0,40.1,85.09,10.02,161.8,open_meteo_era5_synthetic
2,2026-05-14,0.0,42.3,38.1,90.87,9.57,150.1,open_meteo_era5_synthetic
2,2026-05-15,0.0,39.6,35.6,87.09,9.440000000000001,146.7,open_meteo_era5_synthetic
2,2026-05-16,1.0,39.2,44.8,88.89,10.440000000000001,172.8,open_meteo_era5_synthetic
2,2026-05-17,0.0,39.9,37.1,87.78,10.440000000000001,172.8,open_meteo_era5_synthetic
2,2026-05-18,0.0,42.4,37.4,90.82,10.440000000000001,172.8,open_meteo_era5_synthetic
2,2026-05-19,0.72,41.3,45.4,91.71,11.16,191.6,open_meteo_era5_synthetic
2,2026-05-20,0.0,39.9,47.0,90.34,11.16,191.6,open_meteo_era5_synthetic
2,2026-05-21,0.86,43.0,38.4,91.83,12.02,214.1,open_meteo_era5_synthetic
2,2026-05-22,0.0,39.3,37.3,87.11,12.02,214.1,open_meteo_era5_synthetic
2,2026-05-23,0.0,36.8,36.4,84.05,12.02,214.1,open_meteo_era5_synthetic
2,2026-05-24,0.0,41.1,42.1,90.46,12.02,214.1,open_meteo_era5_synthetic
2,2026-05-25,0.0,39.3,47.2,89.58,12.02,214.1,open_meteo_era5_synthetic
2,2026-05-26,0.0,38.7,41.9,87.57,12.02,214.1,open_meteo_era5_synthetic
2,2026-05-27,0.0,40.2,30.8,86.53,12.02,214.1,open_meteo_era5_synthetic
2,2026-05-28,0.0,41.7,34.8,89.23,12.02,214.1,open_meteo_era5_synthetic
2,2026-05-29,0.0,39.6,55.2,92.0,12.02,214.1,open_meteo_era5_synthetic
2,2026-05-30,0.0,36.7,44.5,85.63,12.02,214.1,open_meteo_era5_synthetic
2,2026-05-31,0.0,39.1,44.3,88.57,12.02,214.1,open_meteo_era5_synthetic
2,2026-06-01,10.67,36.6,44.8,85.67,22.689999999999998,-28.2,open_meteo_era5_synthetic
2,2026-06-02,0.0,41.2,42.3,90.73,22.689999999999998,-28.2,open_meteo_era5_synthetic
2,2026-06-03,0.0,39.3,33.4,86.19,22.689999999999998,-28.2,open_meteo_era5_synthetic
2,2026-06-04,0.0,38.9,43.4,88.17,22.689999999999998,-28.2,open_meteo_era5_synthetic
2,2026-06-05,0.0,42.4,40.8,91.74,22.689999999999998,-28.2,open_meteo_era5_synthetic
2,2026-06-06,0.0,39.0,50.4,89.98,22.689999999999998,-28.2,open_meteo_era5_synthetic
2,2026-06-07,0.0,38.1,47.3,88.07,22.689999999999998,-28.2,open_meteo_era5_synthetic
2,2026-06-08,0.0,40.1,49.8,91.32,22.689999999999998,-28.2,open_meteo_era5_synthetic
2,2026-06-09,0.0,40.3,47.1,90.9,22.689999999999998,-28.2,open_meteo_era5_synthetic
2,2026-06-10,0.0,39.1,31.0,85.38,16.58,-47.5,open_meteo_era5_synthetic
2,2026-06-11,6.23,38.1,55.3,89.99,19.479999999999997,-38.3,open_meteo_era5_synthetic
2,2026-06-12,3.72,44.4,48.6,96.45,23.2,-26.6,open_meteo_era5_synthetic
2,2026-06-13,0.0,39.8,41.0,88.65,23.2,-26.6,open_meteo_era5_synthetic
2,2026-06-14,0.0,35.9,43.4,84.41,23.2,-26.6,open_meteo_era5_synthetic
2,2026-06-15,0.0,37.3,31.6,83.43,22.2,-29.7,open_meteo_era5_synthetic
2,2026-06-16,0.0,40.6,47.6,91.39,22.2,-29.7,open_meteo_era5_synthetic
2,2026-06-17,0.0,38.7,37.5,86.46,22.2,-29.7,open_meteo_era5_synthetic
2,2026-06-18,0.0,39.8,37.7,87.78,21.48,-32.0,open_meteo_era5_synthetic
2,2026-06-19,0.0,41.1,41.5,90.33,21.48,-32.0,open_meteo_era5_synthetic
2,2026-06-20,0.0,41.3,29.5,87.39,20.62,-34.7,open_meteo_era5_synthetic
2,2026-06-21,0.0,40.2,45.2,90.26,20.62,-34.7,open_meteo_era5_synthetic
2,2026-06-22,0.0,37.5,37.9,85.19,20.62,-34.7,open_meteo_era5_synthetic
2,2026-06-23,0.0,39.6,40.4,88.25,20.62,-34.7,open_meteo_era5_synthetic
2,2026-06-24,0.0,40.7,55.6,93.63,20.62,-34.7,open_meteo_era5_synthetic
2,2026-06-25,0.0,38.7,46.5,88.59,20.62,-34.7,open_meteo_era5_synthetic
2,2026-06-26,0.0,38.5,46.4,88.37,20.62,-34.7,open_meteo_era5_synthetic
2,2026-06-27,1.94,40.1,38.9,88.48,22.560000000000002,-28.6,open_meteo_era5_synthetic
2,2026-06-28,5.95,36.7,44.0,85.61,28.51,-9.7,open_meteo_era5_synthetic
2,2026-06-29,0.0,41.0,33.3,88.06,28.51,-9.7,open_meteo_era5_synthetic
2,2026-06-30,16.88,40.7,43.2,90.31,45.39,43.7,open_meteo_era5_synthetic
2,2026-07-01,0.0,31.9,43.3,79.53,34.72,-87.2,open_meteo_era5_synthetic
2,2026-07-02,0.0,34.0,53.7,84.16,34.72,-87.2,open_meteo_era5_synthetic
2,2026-07-03,82.03,37.3,49.4,87.59,116.75,-56.8,open_meteo_era5_synthetic
2,2026-07-04,0.0,32.7,41.9,80.26,116.75,-56.8,open_meteo_era5_synthetic
2,2026-07-05,5.05,34.3,52.1,84.16,121.8,-54.9,open_meteo_era5_synthetic
2,2026-07-06,0.0,37.5,48.8,87.66,121.8,-54.9,open_meteo_era5_synthetic
2,2026-07-07,16.7,32.4,42.3,79.95,138.5,-48.8,open_meteo_era5_synthetic
2,2026-07-08,26.21,38.5,49.5,89.15,164.71,-39.1,open_meteo_era5_synthetic
2,2026-07-09,58.18,34.6,61.0,86.43,222.89,-17.5,open_meteo_era5_synthetic
2,2026-07-10,37.46,34.9,47.4,83.97,260.35,-3.7,open_meteo_era5_synthetic
2,2026-07-11,0.0,35.0,53.8,85.53,254.12,-6.0,open_meteo_era5_synthetic
2,2026-07-12,0.0,34.8,55.1,85.5,250.4,-7.4,open_meteo_era5_synthetic
2,2026-07-13,0.0,33.0,42.6,80.77,250.4,-7.4,open_meteo_era5_synthetic
2,2026-07-14,0.0,36.1,52.9,86.82,250.4,-7.4,open_meteo_era5_synthetic
2,2026-07-15,6.81,35.8,53.3,86.42,257.21000000000004,-4.8,open_meteo_era5_synthetic
2,2026-07-16,12.38,33.1,40.4,80.46,269.59000000000003,-0.3,open_meteo_era5_synthetic
2,2026-07-17,0.0,32.5,48.4,81.19,269.59000000000003,-0.3,open_meteo_era5_synthetic
2,2026-07-18,56.42,36.3,51.3,86.68,326.01,20.6,open_meteo_era5_synthetic
2,2026-07-19,17.8,38.2,49.9,88.81,343.81,27.2,open_meteo_era5_synthetic
2,2026-07-20,2.97,33.2,49.2,82.24,346.78000000000003,28.3,open_meteo_era5_synthetic
2,2026-07-21,20.64,33.9,44.4,82.18,367.42,35.9,open_meteo_era5_synthetic
2,2026-07-22,19.35,37.4,44.7,86.54,386.77000000000004,43.1,open_meteo_era5_synthetic
2,2026-07-23,13.26,34.7,41.5,82.61,400.03000000000003,48.0,open_meteo_era5_synthetic
2,2026-07-24,9.26,36.6,72.1,91.67,409.29,51.4,open_meteo_era5_synthetic
2,2026-07-25,0.0,38.8,44.6,88.34,409.29,51.4,open_meteo_era5_synthetic
2,2026-07-26,0.0,36.7,53.6,87.74,409.29,51.4,open_meteo_era5_synthetic
2,2026-07-27,28.84,36.3,46.9,85.66,436.19,61.4,open_meteo_era5_synthetic
2,2026-07-28,0.0,35.9,42.6,84.25,430.24,59.2,open_meteo_era5_synthetic
2,2026-07-29,34.56,32.9,45.5,81.12,464.80000000000007,72.0,open_meteo_era5_synthetic
2,2026-07-30,0.0,31.0,57.7,80.82,447.9200000000001,65.7,open_meteo_era5_synthetic
2,2026-07-31,90.75,37.3,40.0,85.38,538.6700000000001,99.3,open_meteo_era5_synthetic
3,2023-08-01,17.79,28.2,53.9,76.43,17.79,-96.7,open_meteo_era5_synthetic
3,2023-08-02,0.0,29.9,53.9,78.73,17.79,-96.7,open_meteo_era5_synthetic
3,2023-08-03,12.53,31.3,57.0,81.13,30.32,-94.3,open_meteo_era5_synthetic
3,2023-08-04,25.14,30.1,45.9,77.64,55.46,-89.6,open_meteo_era5_synthetic
3,2023-08-05,47.89,32.7,36.8,79.34,103.35,-80.6,open_meteo_era5_synthetic
3,2023-08-06,0.0,30.4,44.1,77.84,103.35,-80.6,open_meteo_era5_synthetic
3,2023-08-07,51.68,30.2,31.8,75.56,155.03,-70.9,open_meteo_era5_synthetic
3,2023-08-08,0.0,31.1,60.7,81.4,155.03,-70.9,open_meteo_era5_synthetic
3,2023-08-09,33.91,30.1,56.5,79.36,188.94,-64.5,open_meteo_era5_synthetic
3,2023-08-10,33.66,29.3,51.6,77.57,222.6,-58.1,open_meteo_era5_synthetic
3,2023-08-11,12.92,30.3,52.0,78.92,235.51999999999998,-55.7,open_meteo_era5_synthetic
3,2023-08-12,1.0,30.9,58.8,80.78,236.51999999999998,-55.5,open_meteo_era5_synthetic
3,2023-08-13,32.02,32.5,53.3,82.1,268.54,-49.5,open_meteo_era5_synthetic
3,2023-08-14,53.27,32.5,56.5,82.55,321.81,-39.5,open_meteo_era5_synthetic
3,2023-08-15,0.0,34.8,53.8,85.25,321.81,-39.5,open_meteo_era5_synthetic
3,2023-08-16,3.21,34.6,53.5,84.94,325.02,-38.9,open_meteo_era5_synthetic
3,2023-08-17,5.82,34.3,40.1,81.78,330.84,-37.8,open_meteo_era5_synthetic
3,2023-08-18,0.0,27.4,54.8,75.4,330.84,-37.8,open_meteo_era5_synthetic
3,2023-08-19,8.74,31.8,57.9,81.97,339.58,-36.2,open_meteo_era5_synthetic
3,2023-08-20,0.0,31.6,49.9,80.29,339.58,-36.2,open_meteo_era5_synthetic
3,2023-08-21,7.26,29.4,41.5,76.16,346.84,-34.8,open_meteo_era5_synthetic
3,2023-08-22,12.43,32.7,58.9,83.37,359.27,-32.4,open_meteo_era5_synthetic
3,2023-08-23,10.96,31.3,57.1,81.15,370.23,-30.4,open_meteo_era5_synthetic
3,2023-08-24,14.13,34.2,59.5,85.56,384.36,-27.7,open_meteo_era5_synthetic
3,2023-08-25,26.4,27.6,50.4,75.18,410.76,-22.8,open_meteo_era5_synthetic
3,2023-08-26,0.0,30.6,54.8,79.72,410.76,-22.8,open_meteo_era5_synthetic
3,2023-08-27,28.08,32.9,50.9,82.19,438.84,-17.5,open_meteo_era5_synthetic
3,2023-08-28,32.78,33.3,53.3,83.1,471.62,-11.3,open_meteo_era5_synthetic
3,2023-08-29,0.0,27.5,61.1,76.36,471.62,-11.3,open_meteo_era5_synthetic
3,2023-08-30,0.0,32.7,61.5,83.77,471.62,-11.3,open_meteo_era5_synthetic
3,2023-08-31,23.29,31.2,59.4,81.31,477.12,-10.3,open_meteo_era5_synthetic
3,2023-09-01,0.0,31.1,47.4,79.18,477.12,1.0,open_meteo_era5_synthetic
3,2023-09-02,0.0,32.1,44.0,79.89,464.59000000000003,-1.7,open_meteo_era5_synthetic
3,2023-09-03,3.82,33.3,45.3,81.59,443.27000000000004,-6.2,open_meteo_era5_synthetic
3,2023-09-04,18.99,34.2,45.3,82.79,414.37,-12.3,open_meteo_era5_synthetic
3,2023-09-05,35.04,35.1,47.4,84.3,449.40999999999997,-4.9,open_meteo_era5_synthetic
3,2023-09-06,0.0,29.0,46.5,76.44,397.73,-15.8,open_meteo_era5_synthetic
3,2023-09-07,0.0,35.8,45.1,84.63,397.73,-15.8,open_meteo_era5_synthetic
3,2023-09-08,0.85,31.5,43.5,79.08,364.67,-22.8,open_meteo_era5_synthetic
3,2023-09-09,50.35,30.8,39.6,77.54,381.36,-19.3,open_meteo_era5_synthetic
3,2023-09-10,0.0,34.8,56.2,85.77,368.44000000000005,-22.0,open_meteo_era5_synthetic
3,2023-09-11,0.0,31.8,52.7,81.08,367.44000000000005,-22.2,open_meteo_era5_synthetic
3,2023-09-12,62.18,31.5,40.8,78.58,397.59999999999997,-15.8,open_meteo_era5_synthetic
3,2023-09-13,21.62,32.2,47.6,80.6,365.95,-22.5,open_meteo_era5_synthetic
3,2023-09-14,18.01,32.0,40.8,79.13,383.96000000000004,-18.7,open_meteo_era5_synthetic
3,2023-09-15,24.14,34.4,45.2,83.0,404.89000000000004,-14.3,open_meteo_era5_synthetic
3,2023-09-16,0.0,31.0,48.9,79.35,399.07000000000005,-15.5,open_meteo_era5_synthetic
3,2023-09-17,0.0,30.6,38.9,77.16,399.07000000000005,-15.5,open_meteo_era5_synthetic
3,2023-09-18,4.95,33.2,56.8,83.66,395.28000000000003,-16.3,open_meteo_era5_synthetic
3,2023-09-19,8.93,31.8,50.4,80.62,404.21000000000004,-14.4,open_meteo_era5_synthetic
3,2023-09-20,0.0,30.7,41.4,77.72,396.95000000000005,-16.0,open_meteo_era5_synthetic
3,2023-09-21,26.93,33.7,46.4,82.26,411.45000000000005,-12.9,open_meteo_era5_synthetic
3,2023-09-22,15.26,33.1,60.0,84.15,415.75,-12.0,open_meteo_era5_synthetic
3,2023-09-23,17.23,30.8,55.1,80.1,418.85,-11.3,open_meteo_era5_synthetic
3,2023-09-24,33.83,34.1,49.3,83.38,426.28000000000003,-9.8,open_meteo_era5_synthetic
3,2023-09-25,0.0,32.4,50.2,81.33,426.28000000000003,-9.8,open_meteo_era5_synthetic
3,2023-09-26,21.77,34.4,49.3,83.76,419.97,-11.1,open_meteo_era5_synthetic
3,2023-09-27,0.0,31.0,47.1,79.08,387.19,-18.0,open_meteo_era5_synthetic
3,2023-09-28,0.0,32.7,48.4,81.46,387.19,-18.0,open_meteo_era5_synthetic
3,2023-09-29,0.0,31.4,42.9,78.86,387.19,-18.0,open_meteo_era5_synthetic
3,2023-09-30,0.65,34.7,45.0,83.31,364.54999999999995,-22.8,open_meteo_era5_synthetic
3,2023-10-01,7.77,34.7,35.5,81.32,372.32,84.5,open_meteo_era5_synthetic
3,2023-10-02,15.07,34.8,48.8,84.18,387.39,91.9,open_meteo_era5_synthetic
3,2023-10-03,0.0,33.5,40.0,80.89,383.57,90.1,open_meteo_era5_synthetic
3,2023-10-04,0.0,32.0,42.4,79.44,364.58,80.6,open_meteo_era5_synthetic
3,2023-10-05,15.5,34.9,40.8,82.74,345.04,71.0,open_meteo_era5_synthetic
3,2023-10-06,0.0,31.5,46.6,79.6,345.04,71.0,open_meteo_era5_synthetic
3,2023-10-07,2.69,31.3,31.7,76.75,347.73,72.3,open_meteo_era5_synthetic
3,2023-10-08,0.0,32.1,49.4,80.77,346.88,71.9,open_meteo_era5_synthetic
3,2023-10-09,0.0,30.6,46.3,78.39,296.53,46.9,open_meteo_era5_synthetic
3,2023-10-10,0.0,33.6,50.5,83.0,296.53,46.9,open_meteo_era5_synthetic
3,2023-10-11,0.0,34.7,51.5,84.58,296.53,46.9,open_meteo_era5_synthetic
3,2023-10-12,20.48,31.9,38.3,78.57,254.82999999999998,26.3,open_meteo_era5_synthetic
3,2023-10-13,0.0,30.1,34.0,75.77,233.20999999999998,15.6,open_meteo_era5_synthetic
3,2023-10-14,0.0,33.9,45.7,82.43,215.2,6.6,open_meteo_era5_synthetic
3,2023-10-15,17.37,31.0,54.3,80.21,208.43,3.3,open_meteo_era5_synthetic
3,2023-10-16,0.34,31.7,48.3,80.06,208.77,3.4,open_meteo_era5_synthetic
3,2023-10-17,0.0,31.0,49.2,79.32,208.76999999999998,3.4,open_meteo_era5_synthetic
3,2023-10-18,0.0,33.4,37.9,80.32,203.82,1.0,open_meteo_era5_synthetic
3,2023-10-19,1.34,31.2,44.5,78.84,196.23,-2.8,open_meteo_era5_synthetic
3,2023-10-20,4.74,35.9,45.7,85.0,200.97,-0.4,open_meteo_era5_synthetic
3,2023-10-21,26.66,27.6,36.6,73.28,200.70000000000002,-0.6,open_meteo_era5_synthetic
3,2023-10-22,0.0,34.8,39.9,82.31,185.44,-8.1,open_meteo_era5_synthetic
3,2023-10-23,0.0,29.6,33.6,75.24,168.21,-16.7,open_meteo_era5_synthetic
3,2023-10-24,8.62,33.3,54.2,83.31,143.0,-29.1,open_meteo_era5_synthetic
3,2023-10-25,0.0,32.5,42.7,80.18,143.0,-29.1,open_meteo_era5_synthetic
3,2023-10-26,0.0,31.9,42.5,79.35,121.23,-39.9,open_meteo_era5_synthetic
3,2023-10-27,4.7,29.8,52.4,78.25,125.93,-37.6,open_meteo_era5_synthetic
3,2023-10-28,0.0,31.2,38.9,77.87,125.93,-37.6,open_meteo_era5_synthetic
3,2023-10-29,0.0,30.4,48.3,78.4,125.93,-37.6,open_meteo_era5_synthetic
3,2023-10-30,19.44,28.4,43.0,75.18,144.72,-28.3,open_meteo_era5_synthetic
3,2023-10-31,0.0,33.1,46.0,81.45,136.95,-32.1,open_meteo_era5_synthetic
3,2023-11-01,0.0,28.8,45.3,75.99,121.88,104.7,open_meteo_era5_synthetic
3,2023-11-02,2.19,30.5,53.5,79.47,124.07,108.4,open_meteo_era5_synthetic
3,2023-11-03,0.0,29.0,40.1,75.45,124.07,108.4,open_meteo_era5_synthetic
3,2023-11-04,0.0,29.2,35.1,74.92,108.57,82.3,open_meteo_era5_synthetic
3,2023-11-05,0.0,30.9,34.9,76.92,108.57,82.3,open_meteo_era5_synthetic
3,2023-11-06,0.0,29.5,58.5,78.87,105.88,77.8,open_meteo_era5_synthetic
3,2023-11-07,0.0,27.7,43.5,74.4,105.88,77.8,open_meteo_era5_synthetic
3,2023-11-08,0.0,28.4,47.7,75.81,105.88,77.8,open_meteo_era5_synthetic
3,2023-11-09,0.0,30.4,36.5,76.54,105.88,77.8,open_meteo_era5_synthetic
3,2023-11-10,0.0,31.5,38.3,78.1,105.88,77.8,open_meteo_era5_synthetic
3,2023-11-11,0.0,30.4,49.9,78.74,85.4,43.4,open_meteo_era5_synthetic
3,2023-11-12,0.0,29.4,37.1,75.43,85.4,43.4,open_meteo_era5_synthetic
3,2023-11-13,0.0,30.6,39.7,77.28,85.4,43.4,open_meteo_era5_synthetic
3,2023-11-14,0.0,32.0,30.8,77.39,68.03,14.2,open_meteo_era5_synthetic
3,2023-11-15,0.0,26.4,46.1,73.0,67.69,13.7,open_meteo_era5_synthetic
3,2023-11-16,0.0,28.1,30.3,73.06,67.69,13.7,open_meteo_era5_synthetic
3,2023-11-17,0.0,31.3,36.3,77.6,67.69,13.7,open_meteo_era5_synthetic
3,2023-11-18,0.0,27.8,40.7,74.04,66.35,11.4,open_meteo_era5_synthetic
3,2023-11-19,0.0,30.8,34.8,76.77,61.61000000000001,3.5,open_meteo_era5_synthetic
3,2023-11-20,0.0,30.1,33.2,75.65,34.95,-41.3,open_meteo_era5_synthetic
3,2023-11-21,2.72,29.0,32.8,74.42,37.67,-36.7,open_meteo_era5_synthetic
3,2023-11-22,0.0,30.6,42.8,77.8,37.67,-36.7,open_meteo_era5_synthetic
3,2023-11-23,0.0,27.2,33.1,72.39,29.050000000000004,-51.2,open_meteo_era5_synthetic
3,2023-11-24,0.0,28.0,33.4,73.33,29.050000000000004,-51.2,open_meteo_era5_synthetic
3,2023-11-25,0.0,30.9,46.4,78.75,29.050000000000004,-51.2,open_meteo_era5_synthetic
3,2023-11-26,0.0,28.9,32.3,74.24,24.35,-59.1,open_meteo_era5_synthetic
3,2023-11-27,0.0,29.4,42.7,76.29,24.35,-59.1,open_meteo_era5_synthetic
3,2023-11-28,0.0,31.1,44.7,78.71,24.35,-59.1,open_meteo_era5_synthetic
3,2023-11-29,0.0,30.8,41.7,77.91,4.91,-91.8,open_meteo_era5_synthetic
3,2023-11-30,0.0,29.1,37.0,75.17,4.91,-91.8,open_meteo_era5_synthetic
3,2023-12-01,0.0,28.5,40.6,74.95,4.91,-6.7,open_meteo_era5_synthetic
3,2023-12-02,0.0,29.1,37.9,75.23,2.72,-48.3,open_meteo_era5_synthetic
3,2023-12-03,0.0,30.5,43.5,77.84,2.72,-48.3,open_meteo_era5_synthetic
3,2023-12-04,1.15,27.8,44.0,74.51,3.87,-26.5,open_meteo_era5_synthetic
3,2023-12-05,0.0,29.0,22.1,72.81,3.87,-26.5,open_meteo_era5_synthetic
3,2023-12-06,0.0,30.2,24.7,74.42,3.87,-26.5,open_meteo_era5_synthetic
3,2023-12-07,0.0,26.5,39.2,72.31,3.87,-26.5,open_meteo_era5_synthetic
3,2023-12-08,0.0,29.7,34.0,75.38,3.87,-26.5,open_meteo_era5_synthetic
3,2023-12-09,0.0,29.9,28.4,74.68,3.87,-26.5,open_meteo_era5_synthetic
3,2023-12-10,0.0,30.9,43.9,78.32,3.87,-26.5,open_meteo_era5_synthetic
3,2023-12-11,0.0,29.6,30.8,74.79,3.87,-26.5,open_meteo_era5_synthetic
3,2023-12-12,0.0,26.4,46.0,73.04,3.87,-26.5,open_meteo_era5_synthetic
3,2023-12-13,0.0,29.6,54.1,78.35,3.87,-26.5,open_meteo_era5_synthetic
3,2023-12-14,0.0,27.1,38.8,72.96,3.87,-26.5,open_meteo_era5_synthetic
3,2023-12-15,0.0,27.3,41.0,73.51,3.87,-26.5,open_meteo_era5_synthetic
3,2023-12-16,0.0,29.1,42.4,75.96,3.87,-26.5,open_meteo_era5_synthetic
3,2023-12-17,0.0,29.5,35.0,75.29,3.87,-26.5,open_meteo_era5_synthetic
3,2023-12-18,0.0,27.4,38.9,73.41,3.87,-26.5,open_meteo_era5_synthetic
3,2023-12-19,0.0,29.2,32.2,74.54,3.87,-26.5,open_meteo_era5_synthetic
3,2023-12-20,0.0,26.8,36.0,72.36,3.87,-26.5,open_meteo_era5_synthetic
3,2023-12-21,0.0,29.9,37.3,76.13,1.15,-78.2,open_meteo_era5_synthetic
3,2023-12-22,0.0,29.6,36.3,75.65,1.15,-78.2,open_meteo_era5_synthetic
3,2023-12-23,0.0,30.3,35.9,76.3,1.15,-78.2,open_meteo_era5_synthetic
3,2023-12-24,0.0,31.1,40.0,77.96,1.15,-78.2,open_meteo_era5_synthetic
3,2023-12-25,0.0,29.0,42.1,75.77,1.15,-78.2,open_meteo_era5_synthetic
3,2023-12-26,0.0,32.1,44.4,79.99,1.15,-78.2,open_meteo_era5_synthetic
3,2023-12-27,0.0,30.8,44.7,78.31,1.15,-78.2,open_meteo_era5_synthetic
3,2023-12-28,0.34,31.2,31.2,76.59,1.49,-71.7,open_meteo_era5_synthetic
3,2023-12-29,0.0,27.7,43.2,74.32,1.49,-71.7,open_meteo_era5_synthetic
3,2023-12-30,0.0,29.9,38.3,76.26,1.49,-71.7,open_meteo_era5_synthetic
3,2023-12-31,0.0,30.7,29.9,75.82,1.49,-71.7,open_meteo_era5_synthetic
3,2024-01-01,0.0,28.7,43.6,75.57,1.49,1.2,open_meteo_era5_synthetic
3,2024-01-02,0.0,32.7,38.7,79.59,1.49,1.2,open_meteo_era5_synthetic
3,2024-01-03,0.0,29.2,36.0,75.05,0.34,-76.9,open_meteo_era5_synthetic
3,2024-01-04,0.0,29.2,27.3,73.77,0.34,-76.9,open_meteo_era5_synthetic
3,2024-01-05,0.0,32.3,36.5,78.76,0.34,-76.9,open_meteo_era5_synthetic
3,2024-01-06,0.0,29.4,30.2,74.42,0.34,-76.9,open_meteo_era5_synthetic
3,2024-01-07,0.0,31.4,31.3,76.88,0.34,-76.9,open_meteo_era5_synthetic
3,2024-01-08,0.0,31.5,36.8,77.88,0.34,-76.9,open_meteo_era5_synthetic
3,2024-01-09,0.0,34.1,29.1,79.46,0.34,-76.9,open_meteo_era5_synthetic
3,2024-01-10,0.18,30.0,42.3,76.94,0.52,-64.7,open_meteo_era5_synthetic
3,2024-01-11,0.0,28.9,42.1,75.59,0.52,-64.7,open_meteo_era5_synthetic
3,2024-01-12,0.0,28.5,47.6,75.91,0.52,-64.7,open_meteo_era5_synthetic
3,2024-01-13,0.0,30.4,39.9,77.07,0.52,-64.7,open_meteo_era5_synthetic
3,2024-01-14,0.0,28.3,41.1,74.71,0.52,-64.7,open_meteo_era5_synthetic
3,2024-01-15,0.0,31.3,41.1,78.33,0.52,-64.7,open_meteo_era5_synthetic
3,2024-01-16,0.0,31.4,40.5,78.4,0.52,-64.7,open_meteo_era5_synthetic
3,2024-01-17,0.0,27.9,24.2,71.99,0.52,-64.7,open_meteo_era5_synthetic
3,2024-01-18,0.0,29.7,45.9,77.12,0.52,-64.7,open_meteo_era5_synthetic
3,2024-01-19,0.0,33.4,38.6,80.4,0.52,-64.7,open_meteo_era5_synthetic
3,2024-01-20,0.0,28.9,32.7,74.29,0.52,-64.7,open_meteo_era5_synthetic
3,2024-01-21,0.09,28.6,26.4,72.98,0.61,-58.6,open_meteo_era5_synthetic
3,2024-01-22,0.0,29.4,46.5,76.9,0.61,-58.6,open_meteo_era5_synthetic
3,2024-01-23,0.0,29.8,40.6,76.55,0.61,-58.6,open_meteo_era5_synthetic
3,2024-01-24,0.0,28.9,39.0,75.15,0.61,-58.6,open_meteo_era5_synthetic
3,2024-01-25,1.37,28.7,38.4,74.85,1.98,34.5,open_meteo_era5_synthetic
3,2024-01-26,0.0,29.9,41.2,76.73,1.98,34.5,open_meteo_era5_synthetic
3,2024-01-27,0.0,28.7,37.8,74.8,1.64,11.4,open_meteo_era5_synthetic
3,2024-01-28,0.0,31.6,50.1,80.31,1.64,11.4,open_meteo_era5_synthetic
3,2024-01-29,0.0,30.3,35.3,76.28,1.64,11.4,open_meteo_era5_synthetic
3,2024-01-30,0.0,29.6,33.6,75.17,1.64,11.4,open_meteo_era5_synthetic
3,2024-01-31,0.0,32.6,33.5,78.62,1.64,11.4,open_meteo_era5_synthetic
3,2024-02-01,0.0,32.3,37.2,78.91,1.64,-40.1,open_meteo_era5_synthetic
3,2024-02-02,0.0,35.8,36.7,82.88,1.64,-40.1,open_meteo_era5_synthetic
3,2024-02-03,0.0,32.0,24.6,76.32,1.64,-40.1,open_meteo_era5_synthetic
3,2024-02-04,0.0,34.9,32.6,80.99,1.64,-40.1,open_meteo_era5_synthetic
3,2024-02-05,0.0,33.1,37.8,79.9,1.64,-40.1,open_meteo_era5_synthetic
3,2024-02-06,0.0,31.8,50.1,80.57,1.64,-40.1,open_meteo_era5_synthetic
3,2024-02-07,0.0,31.2,34.5,77.2,1.64,-40.1,open_meteo_era5_synthetic
3,2024-02-08,0.0,29.4,26.9,73.99,1.64,-40.1,open_meteo_era5_synthetic
3,2024-02-09,0.0,32.3,43.4,79.97,1.46,-46.6,open_meteo_era5_synthetic
3,2024-02-10,0.0,36.4,28.9,81.92,1.46,-46.6,open_meteo_era5_synthetic
3,2024-02-11,0.0,31.1,40.6,78.12,1.46,-46.6,open_meteo_era5_synthetic
3,2024-02-12,0.0,33.5,34.3,79.72,1.46,-46.6,open_meteo_era5_synthetic
3,2024-02-13,0.0,31.0,39.7,77.81,1.46,-46.6,open_meteo_era5_synthetic
3,2024-02-14,0.0,31.4,39.6,78.23,1.46,-46.6,open_meteo_era5_synthetic
3,2024-02-15,0.0,30.7,39.6,77.4,1.46,-46.6,open_meteo_era5_synthetic
3,2024-02-16,0.0,32.9,36.7,79.46,1.46,-46.6,open_meteo_era5_synthetic
3,2024-02-17,0.0,32.7,50.7,81.79,1.46,-46.6,open_meteo_era5_synthetic
3,2024-02-18,0.0,34.9,35.7,81.7,1.46,-46.6,open_meteo_era5_synthetic
3,2024-02-19,0.0,31.8,40.0,78.77,1.46,-46.6,open_meteo_era5_synthetic
3,2024-02-20,0.0,33.7,34.2,79.95,1.3699999999999999,-49.9,open_meteo_era5_synthetic
3,2024-02-21,0.0,35.3,47.1,84.5,1.3699999999999999,-49.9,open_meteo_era5_synthetic
3,2024-02-22,0.0,30.6,36.6,76.86,1.3699999999999999,-49.9,open_meteo_era5_synthetic
3,2024-02-23,0.0,33.2,27.2,78.06,1.3699999999999999,-49.9,open_meteo_era5_synthetic
3,2024-02-24,0.0,34.7,28.6,79.99,0.0,-100.0,open_meteo_era5_synthetic
3,2024-02-25,1.1,30.3,46.5,78.07,1.0999999999999999,-59.8,open_meteo_era5_synthetic
3,2024-02-26,0.0,35.0,41.3,82.89,1.0999999999999999,-59.8,open_meteo_era5_synthetic
3,2024-02-27,2.41,31.9,40.1,78.95,3.51,28.3,open_meteo_era5_synthetic
3,2024-02-28,0.0,34.6,33.2,80.77,3.51,28.3,open_meteo_era5_synthetic
3,2024-02-29,0.0,34.9,35.5,81.6,3.51,28.3,open_meteo_era5_synthetic
3,2024-03-01,0.0,35.9,41.8,84.15,3.51,-6.4,open_meteo_era5_synthetic
3,2024-03-02,0.0,38.6,37.5,86.42,3.51,-6.4,open_meteo_era5_synthetic
3,2024-03-03,0.0,36.5,44.6,85.46,3.51,-6.4,open_meteo_era5_synthetic
3,2024-03-04,0.0,33.7,33.8,79.86,3.51,-6.4,open_meteo_era5_synthetic
3,2024-03-05,0.0,36.4,47.5,85.98,3.51,-6.4,open_meteo_era5_synthetic
3,2024-03-06,0.86,36.8,35.0,83.69,4.37,16.5,open_meteo_era5_synthetic
3,2024-03-07,0.0,37.7,33.1,84.3,4.37,16.5,open_meteo_era5_synthetic
3,2024-03-08,0.0,35.7,38.6,83.21,4.37,16.5,open_meteo_era5_synthetic
3,2024-03-09,0.0,38.5,48.2,88.82,4.37,16.5,open_meteo_era5_synthetic
3,2024-03-10,0.0,37.5,39.4,85.44,4.37,16.5,open_meteo_era5_synthetic
3,2024-03-11,0.0,34.3,37.8,81.4,4.37,16.5,open_meteo_era5_synthetic
3,2024-03-12,0.0,38.5,36.4,85.97,4.37,16.5,open_meteo_era5_synthetic
3,2024-03-13,0.0,40.1,43.0,89.51,4.37,16.5,open_meteo_era5_synthetic
3,2024-03-14,0.0,37.9,44.3,87.16,4.37,16.5,open_meteo_era5_synthetic
3,2024-03-15,0.0,37.7,40.8,86.11,4.37,16.5,open_meteo_era5_synthetic
3,2024-03-16,0.0,37.2,38.4,84.86,4.37,16.5,open_meteo_era5_synthetic
3,2024-03-17,0.0,37.6,33.0,84.08,4.37,16.5,open_meteo_era5_synthetic
3,2024-03-18,0.0,41.2,41.3,90.37,4.37,16.5,open_meteo_era5_synthetic
3,2024-03-19,0.0,36.2,39.6,84.0,4.37,16.5,open_meteo_era5_synthetic
3,2024-03-20,0.0,33.0,49.7,81.99,4.37,16.5,open_meteo_era5_synthetic
3,2024-03-21,0.0,37.1,38.8,84.91,4.37,16.5,open_meteo_era5_synthetic
3,2024-03-22,0.0,39.0,40.3,87.54,4.37,16.5,open_meteo_era5_synthetic
3,2024-03-23,0.0,38.4,45.2,88.0,4.37,16.5,open_meteo_era5_synthetic
3,2024-03-24,0.0,35.8,37.9,83.12,4.37,16.5,open_meteo_era5_synthetic
3,2024-03-25,0.0,35.4,40.8,83.3,4.37,16.5,open_meteo_era5_synthetic
3,2024-03-26,0.0,38.2,36.4,85.64,3.2699999999999996,-12.8,open_meteo_era5_synthetic
3,2024-03-27,0.0,35.0,45.9,83.9,3.2699999999999996,-12.8,open_meteo_era5_synthetic
3,2024-03-28,0.0,36.3,40.8,84.39,0.8599999999999995,-77.1,open_meteo_era5_synthetic
3,2024-03-29,0.0,38.8,32.7,85.39,0.8599999999999995,-77.1,open_meteo_era5_synthetic
3,2024-03-30,0.0,38.6,42.3,87.47,0.8599999999999995,-77.1,open_meteo_era5_synthetic
3,2024-03-31,0.0,35.7,37.3,82.89,0.8599999999999995,-77.1,open_meteo_era5_synthetic
3,2024-04-01,0.0,38.1,34.3,84.98,0.8599999999999995,-72.0,open_meteo_era5_synthetic
3,2024-04-02,0.0,41.0,41.6,90.3,0.8599999999999995,-72.0,open_meteo_era5_synthetic
3,2024-04-03,0.0,38.5,33.0,85.13,0.8599999999999995,-72.0,open_meteo_era5_synthetic
3,2024-04-04,0.0,41.8,35.8,89.7,0.8599999999999995,-72.0,open_meteo_era5_synthetic
3,2024-04-05,0.0,40.0,43.4,89.45,0.0,-100.0,open_meteo_era5_synthetic
3,2024-04-06,0.0,40.8,33.2,87.83,0.0,-100.0,open_meteo_era5_synthetic
3,2024-04-07,0.0,39.9,46.4,90.14,0.0,-100.0,open_meteo_era5_synthetic
3,2024-04-08,0.0,40.5,46.8,91.08,0.0,-100.0,open_meteo_era5_synthetic
3,2024-04-09,0.0,41.1,37.6,89.26,0.0,-100.0,open_meteo_era5_synthetic
3,2024-04-10,3.64,41.6,34.5,89.09,3.6399999999999997,18.4,open_meteo_era5_synthetic
3,2024-04-11,0.0,40.1,37.0,88.02,3.6399999999999997,18.4,open_meteo_era5_synthetic
3,2024-04-12,0.0,40.8,41.1,89.93,3.6399999999999997,18.4,open_meteo_era5_synthetic
3,2024-04-13,0.0,39.5,28.8,85.24,3.6399999999999997,18.4,open_meteo_era5_synthetic
3,2024-04-14,3.76,37.6,35.8,84.79,7.3999999999999995,140.8,open_meteo_era5_synthetic
3,2024-04-15,0.0,42.5,37.5,90.95,7.3999999999999995,140.8,open_meteo_era5_synthetic
3,2024-04-16,0.0,38.3,32.0,84.72,7.3999999999999995,140.8,open_meteo_era5_synthetic
3,2024-04-17,0.0,41.2,35.1,88.72,7.3999999999999995,140.8,open_meteo_era5_synthetic
3,2024-04-18,0.0,39.2,32.1,85.69,7.3999999999999995,140.8,open_meteo_era5_synthetic
3,2024-04-19,0.0,41.8,38.1,90.32,7.3999999999999995,140.8,open_meteo_era5_synthetic
3,2024-04-20,0.0,41.1,36.8,89.06,7.3999999999999995,140.8,open_meteo_era5_synthetic
3,2024-04-21,0.0,39.0,38.2,86.99,7.3999999999999995,140.8,open_meteo_era5_synthetic
3,2024-04-22,0.0,39.8,32.4,86.42,7.3999999999999995,140.8,open_meteo_era5_synthetic
3,2024-04-23,0.0,39.3,42.9,88.51,7.3999999999999995,140.8,open_meteo_era5_synthetic
3,2024-04-24,0.0,38.6,38.2,86.48,7.3999999999999995,140.8,open_meteo_era5_synthetic
3,2024-04-25,0.0,39.6,32.2,86.23,7.3999999999999995,140.8,open_meteo_era5_synthetic
3,2024-04-26,0.0,40.1,35.9,87.76,7.3999999999999995,140.8,open_meteo_era5_synthetic
3,2024-04-27,0.0,40.3,36.7,88.14,7.3999999999999995,140.8,open_meteo_era5_synthetic
3,2024-04-28,0.0,40.6,44.8,90.57,7.3999999999999995,140.8,open_meteo_era5_synthetic
3,2024-04-29,0.0,42.6,40.4,91.84,7.3999999999999995,140.8,open_meteo_era5_synthetic
3,2024-04-30,0.0,38.7,31.8,85.1,7.3999999999999995,140.8,open_meteo_era5_synthetic
3,2024-05-01,0.0,42.3,37.2,90.6,7.3999999999999995,-29.4,open_meteo_era5_synthetic
3,2024-05-02,0.0,45.0,36.4,93.56,7.3999999999999995,-29.4,open_meteo_era5_synthetic
3,2024-05-03,3.95,41.4,38.1,89.76,11.35,8.3,open_meteo_era5_synthetic
3,2024-05-04,0.0,40.3,44.2,90.05,11.35,8.3,open_meteo_era5_synthetic
3,2024-05-05,0.0,42.0,40.4,91.15,11.35,8.3,open_meteo_era5_synthetic
3,2024-05-06,0.0,41.8,43.6,91.8,11.35,8.3,open_meteo_era5_synthetic
3,2024-05-07,0.0,42.2,50.3,94.09,11.35,8.3,open_meteo_era5_synthetic
3,2024-05-08,3.78,41.0,38.0,89.36,15.129999999999999,44.3,open_meteo_era5_synthetic
3,2024-05-09,0.0,42.5,38.7,91.29,15.129999999999999,44.3,open_meteo_era5_synthetic
3,2024-05-10,0.0,40.6,34.4,87.85,11.489999999999998,9.6,open_meteo_era5_synthetic
3,2024-05-11,0.0,38.7,33.5,85.48,11.489999999999998,9.6,open_meteo_era5_synthetic
3,2024-05-12,0.0,41.6,45.5,92.13,11.489999999999998,9.6,open_meteo_era5_synthetic
3,2024-05-13,0.0,39.5,42.0,88.47,11.489999999999998,9.6,open_meteo_era5_synthetic
3,2024-05-14,0.0,42.7,35.7,90.65,7.729999999999999,-26.3,open_meteo_era5_synthetic
3,2024-05-15,0.0,43.1,38.6,91.93,7.729999999999999,-26.3,open_meteo_era5_synthetic
3,2024-05-16,0.0,43.8,42.3,93.87,7.729999999999999,-26.3,open_meteo_era5_synthetic
3,2024-05-17,2.06,42.2,48.3,93.65,9.79,-6.6,open_meteo_era5_synthetic
3,2024-05-18,0.0,46.4,41.8,96.89,9.79,-6.6,open_meteo_era5_synthetic
3,2024-05-19,0.0,45.7,39.1,95.18,9.79,-6.6,open_meteo_era5_synthetic
3,2024-05-20,0.0,43.0,47.3,94.3,9.79,-6.6,open_meteo_era5_synthetic
3,2024-05-21,0.0,43.0,46.4,94.08,9.79,-6.6,open_meteo_era5_synthetic
3,2024-05-22,0.0,44.3,38.5,93.38,9.79,-6.6,open_meteo_era5_synthetic
3,2024-05-23,0.0,43.1,44.2,93.57,9.79,-6.6,open_meteo_era5_synthetic
3,2024-05-24,0.0,41.0,37.6,89.16,9.79,-6.6,open_meteo_era5_synthetic
3,2024-05-25,0.0,43.8,45.0,94.73,9.79,-6.6,open_meteo_era5_synthetic
3,2024-05-26,0.0,41.0,38.4,89.4,9.79,-6.6,open_meteo_era5_synthetic
3,2024-05-27,1.76,40.6,46.1,90.94,11.549999999999999,10.2,open_meteo_era5_synthetic
3,2024-05-28,0.98,39.4,43.5,88.75,12.53,19.5,open_meteo_era5_synthetic
3,2024-05-29,0.0,44.4,32.1,91.58,12.53,19.5,open_meteo_era5_synthetic
3,2024-05-30,0.0,41.6,42.2,91.14,12.53,19.5,open_meteo_era5_synthetic
3,2024-05-31,0.0,42.6,29.7,88.84,12.53,19.5,open_meteo_era5_synthetic
3,2024-06-01,0.0,34.6,57.8,85.8,12.53,-87.1,open_meteo_era5_synthetic
3,2024-06-02,8.11,39.5,35.2,86.87,16.689999999999998,-82.8,open_meteo_era5_synthetic
3,2024-06-03,2.63,40.9,44.7,90.96,19.32,-80.1,open_meteo_era5_synthetic
3,2024-06-04,0.0,40.6,43.6,90.31,19.32,-80.1,open_meteo_era5_synthetic
3,2024-06-05,9.12,38.6,50.7,89.52,28.439999999999998,-70.7,open_meteo_era5_synthetic
3,2024-06-06,3.37,36.8,49.2,86.83,31.81,-67.2,open_meteo_era5_synthetic
3,2024-06-07,9.66,37.9,44.7,87.19,37.69,-61.1,open_meteo_era5_synthetic
3,2024-06-08,0.0,39.2,45.4,89.04,37.69,-61.1,open_meteo_era5_synthetic
3,2024-06-09,19.0,37.0,53.0,87.92,56.69,-41.5,open_meteo_era5_synthetic
3,2024-06-10,0.0,37.0,42.8,85.67,56.69,-41.5,open_meteo_era5_synthetic
3,2024-06-11,0.0,37.2,53.7,88.41,56.69,-41.5,open_meteo_era5_synthetic
3,2024-06-12,0.0,37.7,48.9,87.94,56.69,-41.5,open_meteo_era5_synthetic
3,2024-06-13,13.23,36.6,40.4,84.61,69.92,-27.9,open_meteo_era5_synthetic
3,2024-06-14,0.0,36.7,48.5,86.51,69.92,-27.9,open_meteo_era5_synthetic
3,2024-06-15,2.54,35.8,39.0,83.33,72.46,-25.3,open_meteo_era5_synthetic
3,2024-06-16,20.38,38.7,46.2,88.56,90.78,-6.4,open_meteo_era5_synthetic
3,2024-06-17,0.0,34.8,52.7,84.96,90.78,-6.4,open_meteo_era5_synthetic
3,2024-06-18,6.36,37.1,41.9,85.59,97.14,0.2,open_meteo_era5_synthetic
3,2024-06-19,0.0,37.2,38.0,84.82,97.14,0.2,open_meteo_era5_synthetic
3,2024-06-20,3.92,34.8,47.8,83.94,101.05999999999999,4.2,open_meteo_era5_synthetic
3,2024-06-21,0.0,37.8,48.4,88.01,101.05999999999999,4.2,open_meteo_era5_synthetic
3,2024-06-22,5.19,38.7,46.1,88.56,106.25,9.6,open_meteo_era5_synthetic
3,2024-06-23,0.0,33.4,42.8,81.27,106.25,9.6,open_meteo_era5_synthetic
3,2024-06-24,0.0,35.2,51.8,85.26,106.25,9.6,open_meteo_era5_synthetic
3,2024-06-25,0.0,33.9,53.3,83.97,106.25,9.6,open_meteo_era5_synthetic
3,2024-06-26,6.95,38.6,54.5,90.45,111.44,14.9,open_meteo_era5_synthetic
3,2024-06-27,24.23,36.6,39.2,84.4,134.69,38.9,open_meteo_era5_synthetic
3,2024-06-28,8.34,38.0,50.2,88.69,143.03,47.5,open_meteo_era5_synthetic
3,2024-06-29,0.0,35.1,50.0,84.78,143.03,47.5,open_meteo_era5_synthetic
3,2024-06-30,9.14,36.5,52.0,87.04,152.17000000000002,56.9,open_meteo_era5_synthetic
3,2024-07-01,0.0,29.5,63.4,79.59,152.17000000000002,-68.5,open_meteo_era5_synthetic
3,2024-07-02,0.0,31.5,56.0,81.22,144.06,-70.2,open_meteo_era5_synthetic
3,2024-07-03,41.76,33.1,47.1,81.66,183.19,-62.1,open_meteo_era5_synthetic
3,2024-07-04,14.01,30.2,48.4,78.19,197.2,-59.2,open_meteo_era5_synthetic
3,2024-07-05,32.17,34.2,51.1,83.9,220.25,-54.4,open_meteo_era5_synthetic
3,2024-07-06,35.82,35.4,47.0,84.58,252.70000000000002,-47.7,open_meteo_era5_synthetic
3,2024-07-07,0.0,32.8,52.0,82.27,243.04000000000002,-49.7,open_meteo_era5_synthetic
3,2024-07-08,0.0,30.3,61.8,80.44,243.04000000000002,-49.7,open_meteo_era5_synthetic
3,2024-07-09,9.82,31.3,50.3,79.9,233.86,-51.6,open_meteo_era5_synthetic
3,2024-07-10,20.01,28.6,65.6,78.54,253.87,-47.5,open_meteo_era5_synthetic
3,2024-07-11,52.2,32.3,52.8,81.69,306.07000000000005,-36.7,open_meteo_era5_synthetic
3,2024-07-12,27.63,32.5,57.1,82.75,333.70000000000005,-31.0,open_meteo_era5_synthetic
3,2024-07-13,5.37,31.1,52.4,80.05,325.84,-32.6,open_meteo_era5_synthetic
3,2024-07-14,34.37,31.5,51.7,80.45,360.21,-25.5,open_meteo_era5_synthetic
3,2024-07-15,46.2,30.5,64.3,81.21,403.87,-16.5,open_meteo_era5_synthetic
3,2024-07-16,28.41,32.3,59.4,82.82,411.9,-14.8,open_meteo_era5_synthetic
3,2024-07-17,34.84,31.2,53.7,80.44,446.74,-7.6,open_meteo_era5_synthetic
3,2024-07-18,0.0,33.2,57.1,83.75,440.38000000000005,-8.9,open_meteo_era5_synthetic
3,2024-07-19,19.36,28.4,64.4,78.1,459.74,-4.9,open_meteo_era5_synthetic
3,2024-07-20,7.05,30.5,56.1,79.86,462.87,-4.2,open_meteo_era5_synthetic
3,2024-07-21,70.65,31.1,48.2,79.31,533.52,10.4,open_meteo_era5_synthetic
3,2024-07-22,0.0,31.8,46.9,79.96,528.3299999999999,9.3,open_meteo_era5_synthetic
3,2024-07-23,25.58,30.3,52.4,78.98,553.91,14.6,open_meteo_era5_synthetic
3,2024-07-24,11.51,32.9,56.9,83.31,565.42,17.0,open_meteo_era5_synthetic
3,2024-07-25,45.07,32.4,43.7,80.23,610.49,26.3,open_meteo_era5_synthetic
3,2024-07-26,8.87,31.1,60.7,81.43,612.4100000000001,26.7,open_meteo_era5_synthetic
3,2024-07-27,19.01,32.8,67.0,84.99,607.19,25.6,open_meteo_era5_synthetic
3,2024-07-28,47.96,32.1,52.7,81.47,646.81,33.8,open_meteo_era5_synthetic
3,2024-07-29,78.38,32.4,53.3,81.91,725.1899999999999,50.0,open_meteo_era5_synthetic
3,2024-07-30,0.0,31.8,67.5,83.65,716.05,48.1,open_meteo_era5_synthetic
3,2024-07-31,32.51,30.1,47.8,78.0,748.56,54.9,open_meteo_era5_synthetic
3,2024-08-01,7.08,29.7,48.3,77.52,755.64,42.1,open_meteo_era5_synthetic
3,2024-08-02,4.21,34.1,55.7,84.63,718.09,35.0,open_meteo_era5_synthetic
3,2024-08-03,5.27,29.1,46.6,76.52,709.35,33.4,open_meteo_era5_synthetic
3,2024-08-04,6.8,30.4,49.7,78.68,683.98,28.6,open_meteo_era5_synthetic
3,2024-08-05,13.87,32.3,51.3,81.36,662.03,24.5,open_meteo_era5_synthetic
3,2024-08-06,0.0,29.9,51.6,78.35,662.03,24.5,open_meteo_era5_synthetic
3,2024-08-07,0.0,31.3,44.4,78.97,662.03,24.5,open_meteo_era5_synthetic
3,2024-08-08,21.59,29.8,52.5,78.3,673.8000000000001,26.7,open_meteo_era5_synthetic
3,2024-08-09,0.0,27.4,46.0,74.23,653.79,22.9,open_meteo_era5_synthetic
3,2024-08-10,10.48,31.2,52.0,80.12,612.07,15.1,open_meteo_era5_synthetic
3,2024-08-11,33.78,32.6,49.2,81.49,618.22,16.2,open_meteo_era5_synthetic
3,2024-08-12,61.65,30.9,55.7,80.29,674.5,26.8,open_meteo_era5_synthetic
3,2024-08-13,25.28,33.8,44.5,82.02,665.4100000000001,25.1,open_meteo_era5_synthetic
3,2024-08-14,54.38,27.9,53.1,75.95,673.59,26.7,open_meteo_era5_synthetic
3,2024-08-15,15.84,28.3,54.2,76.57,661.02,24.3,open_meteo_era5_synthetic
3,2024-08-16,45.89,29.7,49.8,77.8,672.0699999999999,26.4,open_meteo_era5_synthetic
3,2024-08-17,0.0,30.0,50.4,78.22,672.0699999999999,26.4,open_meteo_era5_synthetic
3,2024-08-18,22.68,29.8,56.0,78.81,675.39,27.0,open_meteo_era5_synthetic
3,2024-08-19,6.47,35.7,48.6,85.3,674.8100000000001,26.9,open_meteo_era5_synthetic
3,2024-08-20,0.0,31.2,38.1,77.77,604.1600000000001,13.6,open_meteo_era5_synthetic
3,2024-08-21,21.22,31.8,54.1,81.28,625.38,17.6,open_meteo_era5_synthetic
3,2024-08-22,28.16,29.5,59.6,78.99,627.96,18.1,open_meteo_era5_synthetic
3,2024-08-23,7.56,33.0,60.2,84.02,624.01,17.3,open_meteo_era5_synthetic
3,2024-08-24,0.0,32.7,43.4,80.52,578.9399999999999,8.9,open_meteo_era5_synthetic
3,2024-08-25,9.39,31.7,54.9,81.31,579.4599999999999,9.0,open_meteo_era5_synthetic
3,2024-08-26,0.0,25.1,50.4,71.88,560.4499999999999,5.4,open_meteo_era5_synthetic
3,2024-08-27,33.77,31.9,48.8,80.44,546.26,2.7,open_meteo_era5_synthetic
3,2024-08-28,94.23,29.4,57.5,78.54,562.11,5.7,open_meteo_era5_synthetic
3,2024-08-29,0.0,30.9,55.3,80.24,562.11,5.7,open_meteo_era5_synthetic
3,2024-08-30,76.03,32.8,57.0,83.19,605.63,13.9,open_meteo_era5_synthetic
3,2024-08-31,47.32,31.5,47.0,79.64,645.87,21.4,open_meteo_era5_synthetic
3,2024-09-01,0.0,31.4,53.0,80.51,641.6600000000001,35.8,open_meteo_era5_synthetic
3,2024-09-02,11.8,30.5,50.6,79.01,648.19,37.2,open_meteo_era5_synthetic
3,2024-09-03,11.37,30.6,45.8,78.37,652.76,38.2,open_meteo_era5_synthetic
3,2024-09-04,56.25,32.7,44.7,80.77,695.14,47.2,open_meteo_era5_synthetic
3,2024-09-05,15.28,33.1,40.3,80.42,710.42,50.4,open_meteo_era5_synthetic
3,2024-09-06,0.0,33.5,50.7,82.87,710.42,50.4,open_meteo_era5_synthetic
3,2024-09-07,0.0,33.7,46.3,82.29,688.8299999999999,45.8,open_meteo_era5_synthetic
3,2024-09-08,26.75,33.0,51.3,82.33,715.5799999999999,51.5,open_meteo_era5_synthetic
3,2024-09-09,0.0,31.1,56.8,80.72,705.1,49.3,open_meteo_era5_synthetic
3,2024-09-10,7.0,34.0,42.1,81.88,678.3199999999999,43.6,open_meteo_era5_synthetic
3,2024-09-11,0.0,32.6,48.6,81.3,616.67,30.5,open_meteo_era5_synthetic
3,2024-09-12,40.87,31.2,31.7,76.7,632.26,33.8,open_meteo_era5_synthetic
3,2024-09-13,0.0,35.1,52.8,85.45,577.88,22.3,open_meteo_era5_synthetic
3,2024-09-14,21.02,30.2,50.9,78.62,583.06,23.4,open_meteo_era5_synthetic
3,2024-09-15,32.56,31.9,62.5,82.89,569.73,20.6,open_meteo_era5_synthetic
3,2024-09-16,11.4,32.5,39.2,79.51,581.13,23.0,open_meteo_era5_synthetic
3,2024-09-17,23.6,34.4,50.8,84.14,582.0500000000001,23.2,open_meteo_era5_synthetic
3,2024-09-18,0.0,32.2,47.3,80.64,575.58,21.8,open_meteo_era5_synthetic
3,2024-09-19,3.84,29.7,52.7,78.26,579.4200000000001,22.7,open_meteo_era5_synthetic
3,2024-09-20,0.0,27.2,48.2,74.3,558.2,18.2,open_meteo_era5_synthetic
3,2024-09-21,52.13,32.5,45.9,80.69,582.1700000000001,23.2,open_meteo_era5_synthetic
3,2024-09-22,12.15,30.7,44.0,78.16,586.76,24.2,open_meteo_era5_synthetic
3,2024-09-23,0.0,36.7,54.0,87.82,586.76,24.2,open_meteo_era5_synthetic
3,2024-09-24,0.0,33.1,43.7,81.05,577.37,22.2,open_meteo_era5_synthetic
3,2024-09-25,8.5,32.5,47.6,80.98,585.87,24.0,open_meteo_era5_synthetic
3,2024-09-26,0.0,29.3,50.1,77.25,552.1,16.9,open_meteo_era5_synthetic
3,2024-09-27,8.78,33.4,55.4,83.72,466.65,-1.2,open_meteo_era5_synthetic
3,2024-09-28,0.0,32.4,59.3,83.0,466.65,-1.2,open_meteo_era5_synthetic
3,2024-09-29,14.09,32.9,40.0,80.14,404.71000000000004,-14.3,open_meteo_era5_synthetic
3,2024-09-30,23.37,33.8,52.0,83.48,380.76,-19.4,open_meteo_era5_synthetic
3,2024-10-01,0.0,31.0,30.7,76.31,380.76,88.7,open_meteo_era5_synthetic
3,2024-10-02,15.95,33.0,43.4,80.87,384.91,90.7,open_meteo_era5_synthetic
3,2024-10-03,0.0,29.3,36.3,75.2,373.54,85.1,open_meteo_era5_synthetic
3,2024-10-04,0.0,33.9,46.3,82.49,317.29,57.2,open_meteo_era5_synthetic
3,2024-10-05,0.0,32.5,36.7,78.98,302.01,49.6,open_meteo_era5_synthetic
3,2024-10-06,0.0,33.0,38.3,79.93,302.01,49.6,open_meteo_era5_synthetic
3,2024-10-07,0.0,33.2,49.5,82.2,302.01,49.6,open_meteo_era5_synthetic
3,2024-10-08,0.0,33.0,38.7,80.04,275.26,36.4,open_meteo_era5_synthetic
3,2024-10-09,0.0,31.7,43.7,79.37,275.26,36.4,open_meteo_era5_synthetic
3,2024-10-10,0.0,31.0,48.1,79.2,268.26,32.9,open_meteo_era5_synthetic
3,2024-10-11,0.0,32.8,39.1,79.81,268.26,32.9,open_meteo_era5_synthetic
3,2024-10-12,0.0,30.4,46.1,78.07,227.39,12.7,open_meteo_era5_synthetic
3,2024-10-13,6.76,31.3,43.9,78.92,234.15,16.0,open_meteo_era5_synthetic
3,2024-10-14,9.34,32.5,52.0,81.78,222.47,10.2,open_meteo_era5_synthetic
3,2024-10-15,0.0,30.5,39.5,77.18,189.91000000000003,-5.9,open_meteo_era5_synthetic
3,2024-10-16,0.0,33.8,46.5,82.43,178.51000000000002,-11.6,open_meteo_era5_synthetic
3,2024-10-17,0.0,32.1,38.0,78.84,154.91000000000003,-23.2,open_meteo_era5_synthetic
3,2024-10-18,9.65,33.8,52.0,83.58,164.56,-18.5,open_meteo_era5_synthetic
3,2024-10-19,0.0,33.4,29.7,78.8,160.72,-20.4,open_meteo_era5_synthetic
3,2024-10-20,12.36,35.1,44.5,83.73,173.08,-14.2,open_meteo_era5_synthetic
3,2024-10-21,0.0,30.1,50.4,78.42,120.95,-40.1,open_meteo_era5_synthetic
3,2024-10-22,0.0,33.0,48.9,81.94,108.8,-46.1,open_meteo_era5_synthetic
3,2024-10-23,0.0,34.1,45.4,82.61,108.8,-46.1,open_meteo_era5_synthetic
3,2024-10-24,0.0,28.2,43.7,75.0,108.8,-46.1,open_meteo_era5_synthetic
3,2024-10-25,0.0,28.8,40.9,75.27,100.3,-50.3,open_meteo_era5_synthetic
3,2024-10-26,0.0,34.9,60.1,86.63,100.3,-50.3,open_meteo_era5_synthetic
3,2024-10-27,0.0,33.6,38.5,80.69,91.52000000000001,-54.7,open_meteo_era5_synthetic
3,2024-10-28,0.0,30.6,37.1,76.9,91.52000000000001,-54.7,open_meteo_era5_synthetic
3,2024-10-29,0.0,32.5,38.4,79.37,77.43,-61.6,open_meteo_era5_synthetic
3,2024-10-30,0.0,31.8,42.9,79.3,54.06,-73.2,open_meteo_era5_synthetic
3,2024-10-31,0.0,30.4,37.3,76.72,54.06,-73.2,open_meteo_era5_synthetic
3,2024-11-01,3.16,29.9,42.9,76.97,41.269999999999996,-30.7,open_meteo_era5_synthetic
3,2024-11-02,0.0,32.9,30.0,78.25,41.269999999999996,-30.7,open_meteo_era5_synthetic
3,2024-11-03,0.0,28.1,39.6,74.26,41.269999999999996,-30.7,open_meteo_era5_synthetic
3,2024-11-04,0.0,33.4,36.2,80.03,41.269999999999996,-30.7,open_meteo_era5_synthetic
3,2024-11-05,0.0,31.0,40.5,77.91,41.269999999999996,-30.7,open_meteo_era5_synthetic
3,2024-11-06,0.0,29.5,32.8,74.91,41.269999999999996,-30.7,open_meteo_era5_synthetic
3,2024-11-07,0.0,29.1,39.1,75.38,41.269999999999996,-30.7,open_meteo_era5_synthetic
3,2024-11-08,1.54,29.6,32.2,75.02,42.809999999999995,-28.1,open_meteo_era5_synthetic
3,2024-11-09,0.0,30.5,36.5,76.64,42.81,-28.1,open_meteo_era5_synthetic
3,2024-11-10,1.65,30.5,29.8,75.6,44.46,-25.3,open_meteo_era5_synthetic
3,2024-11-11,0.0,28.2,38.5,74.22,44.459999999999994,-25.3,open_meteo_era5_synthetic
3,2024-11-12,0.0,28.9,39.4,75.26,37.699999999999996,-36.7,open_meteo_era5_synthetic
3,2024-11-13,2.47,31.8,46.5,79.96,30.830000000000002,-48.2,open_meteo_era5_synthetic
3,2024-11-14,0.0,27.5,44.3,74.25,30.83,-48.2,open_meteo_era5_synthetic
3,2024-11-15,0.0,32.9,39.3,80.0,30.83,-48.2,open_meteo_era5_synthetic
3,2024-11-16,0.0,28.3,35.1,73.9,30.83,-48.2,open_meteo_era5_synthetic
3,2024-11-17,0.0,31.4,50.1,80.06,21.18,-64.4,open_meteo_era5_synthetic
3,2024-11-18,0.0,32.9,39.0,79.88,21.18,-64.4,open_meteo_era5_synthetic
3,2024-11-19,0.0,30.4,33.8,76.16,8.82,-85.2,open_meteo_era5_synthetic
3,2024-11-20,0.0,28.3,41.3,74.74,8.82,-85.2,open_meteo_era5_synthetic
3,2024-11-21,0.0,30.7,39.6,77.41,8.82,-85.2,open_meteo_era5_synthetic
3,2024-11-22,0.0,30.4,34.3,76.15,8.82,-85.2,open_meteo_era5_synthetic
3,2024-11-23,1.59,29.3,48.7,77.11,10.41,-82.5,open_meteo_era5_synthetic
3,2024-11-24,0.0,29.7,33.0,75.2,10.41,-82.5,open_meteo_era5_synthetic
3,2024-11-25,0.0,31.6,38.3,78.23,10.41,-82.5,open_meteo_era5_synthetic
3,2024-11-26,0.0,32.2,38.0,78.94,10.41,-82.5,open_meteo_era5_synthetic
3,2024-11-27,0.0,28.6,45.4,75.71,10.41,-82.5,open_meteo_era5_synthetic
3,2024-11-28,0.0,28.4,31.2,73.55,10.41,-82.5,open_meteo_era5_synthetic
3,2024-11-29,0.0,31.6,45.3,79.44,10.41,-82.5,open_meteo_era5_synthetic
3,2024-11-30,0.0,30.0,30.3,75.09,10.41,-82.5,open_meteo_era5_synthetic
3,2024-12-01,0.0,26.0,35.1,71.24,7.25,37.7,open_meteo_era5_synthetic
3,2024-12-02,0.0,27.8,43.6,74.49,7.25,37.7,open_meteo_era5_synthetic
3,2024-12-03,0.0,26.6,37.9,72.34,7.25,37.7,open_meteo_era5_synthetic
3,2024-12-04,0.0,27.0,43.1,73.49,7.25,37.7,open_meteo_era5_synthetic
3,2024-12-05,0.78,28.3,41.7,74.8,8.030000000000001,52.6,open_meteo_era5_synthetic
3,2024-12-06,0.0,28.4,50.2,76.14,8.030000000000001,52.6,open_meteo_era5_synthetic
3,2024-12-07,0.0,26.7,52.4,74.21,8.030000000000001,52.6,open_meteo_era5_synthetic
3,2024-12-08,0.0,28.5,39.5,74.74,6.49,23.3,open_meteo_era5_synthetic
3,2024-12-09,1.33,28.5,39.2,74.78,7.82,48.6,open_meteo_era5_synthetic
3,2024-12-10,0.0,31.0,35.1,77.04,6.17,17.2,open_meteo_era5_synthetic
3,2024-12-11,0.0,27.9,40.0,74.07,6.17,17.2,open_meteo_era5_synthetic
3,2024-12-12,0.0,27.5,40.3,73.68,6.17,17.2,open_meteo_era5_synthetic
3,2024-12-13,0.45,30.6,41.2,77.5,4.15,-21.2,open_meteo_era5_synthetic
3,2024-12-14,0.0,31.9,42.8,79.44,4.15,-21.2,open_meteo_era5_synthetic
3,2024-12-15,0.0,27.4,48.8,74.69,4.15,-21.2,open_meteo_era5_synthetic
3,2024-12-16,0.0,29.1,41.5,75.77,4.15,-21.2,open_meteo_era5_synthetic
3,2024-12-17,0.0,29.1,37.1,75.16,4.15,-21.2,open_meteo_era5_synthetic
3,2024-12-18,0.0,28.8,34.9,74.42,4.15,-21.2,open_meteo_era5_synthetic
3,2024-12-19,0.0,30.0,43.3,77.17,4.15,-21.2,open_meteo_era5_synthetic
3,2024-12-20,0.0,30.9,41.7,77.96,4.15,-21.2,open_meteo_era5_synthetic
3,2024-12-21,0.0,29.2,33.2,74.68,4.15,-21.2,open_meteo_era5_synthetic
3,2024-12-22,0.9,30.0,28.7,74.9,5.050000000000001,-4.1,open_meteo_era5_synthetic
3,2024-12-23,0.41,32.5,37.5,79.19,3.8700000000000006,-26.5,open_meteo_era5_synthetic
3,2024-12-24,0.0,28.4,37.0,74.34,3.87,-26.5,open_meteo_era5_synthetic
3,2024-12-25,0.0,29.6,40.8,76.3,3.87,-26.5,open_meteo_era5_synthetic
3,2024-12-26,0.0,26.7,41.3,72.83,3.87,-26.5,open_meteo_era5_synthetic
3,2024-12-27,0.0,28.0,33.4,73.36,3.87,-26.5,open_meteo_era5_synthetic
3,2024-12-28,0.0,27.4,44.3,74.04,3.87,-26.5,open_meteo_era5_synthetic
3,2024-12-29,0.0,29.0,43.0,75.85,3.87,-26.5,open_meteo_era5_synthetic
3,2024-12-30,0.0,28.9,41.0,75.49,3.87,-26.5,open_meteo_era5_synthetic
3,2024-12-31,0.0,30.0,41.8,76.87,3.87,-26.5,open_meteo_era5_synthetic
3,2025-01-01,0.0,27.5,31.7,72.6,3.87,162.9,open_meteo_era5_synthetic
3,2025-01-02,0.0,28.0,35.8,73.62,3.87,162.9,open_meteo_era5_synthetic
3,2025-01-03,0.0,29.3,36.2,75.29,3.87,162.9,open_meteo_era5_synthetic
3,2025-01-04,0.0,31.4,43.1,78.83,3.0900000000000003,109.9,open_meteo_era5_synthetic
3,2025-01-05,0.0,32.0,38.2,78.68,3.0900000000000003,109.9,open_meteo_era5_synthetic
3,2025-01-06,0.0,31.4,44.7,79.08,3.0900000000000003,109.9,open_meteo_era5_synthetic
3,2025-01-07,0.0,29.1,39.7,75.58,3.0900000000000003,109.9,open_meteo_era5_synthetic
3,2025-01-08,0.0,30.5,43.7,77.8,1.76,19.6,open_meteo_era5_synthetic
3,2025-01-09,0.0,31.1,27.0,75.76,1.76,19.6,open_meteo_era5_synthetic
3,2025-01-10,0.0,30.4,40.8,77.2,1.76,19.6,open_meteo_era5_synthetic
3,2025-01-11,0.0,32.8,35.1,79.14,1.76,19.6,open_meteo_era5_synthetic
3,2025-01-12,0.0,26.3,45.8,72.94,1.31,-11.0,open_meteo_era5_synthetic
3,2025-01-13,0.0,28.4,30.8,73.41,1.31,-11.0,open_meteo_era5_synthetic
3,2025-01-14,0.0,28.9,52.0,77.02,1.31,-11.0,open_meteo_era5_synthetic
3,2025-01-15,0.0,29.6,35.8,75.52,1.31,-11.0,open_meteo_era5_synthetic
3,2025-01-16,0.0,30.2,37.6,76.49,1.31,-11.0,open_meteo_era5_synthetic
3,2025-01-17,0.0,28.7,33.0,74.13,1.31,-11.0,open_meteo_era5_synthetic
3,2025-01-18,0.0,33.8,38.8,80.93,1.31,-11.0,open_meteo_era5_synthetic
3,2025-01-19,0.0,29.4,43.4,76.37,1.31,-11.0,open_meteo_era5_synthetic
3,2025-01-20,0.0,29.3,32.9,74.75,1.31,-11.0,open_meteo_era5_synthetic
3,2025-01-21,0.0,27.3,46.6,74.21,0.41,-72.1,open_meteo_era5_synthetic
3,2025-01-22,0.0,30.3,44.8,77.73,0.0,-100.0,open_meteo_era5_synthetic
3,2025-01-23,0.0,29.0,39.0,75.33,0.0,-100.0,open_meteo_era5_synthetic
3,2025-01-24,0.0,28.5,40.5,74.96,0.0,-100.0,open_meteo_era5_synthetic
3,2025-01-25,0.0,30.7,41.4,77.65,0.0,-100.0,open_meteo_era5_synthetic
3,2025-01-26,0.0,29.3,34.3,74.93,0.0,-100.0,open_meteo_era5_synthetic
3,2025-01-27,0.0,31.3,34.0,77.17,0.0,-100.0,open_meteo_era5_synthetic
3,2025-01-28,0.0,29.8,43.8,77.02,0.0,-100.0,open_meteo_era5_synthetic
3,2025-01-29,0.0,31.0,38.3,77.59,0.0,-100.0,open_meteo_era5_synthetic
3,2025-01-30,0.0,33.3,33.6,79.35,0.0,-100.0,open_meteo_era5_synthetic
3,2025-01-31,0.0,28.4,38.7,74.54,0.0,-100.0,open_meteo_era5_synthetic
3,2025-02-01,0.0,32.2,32.6,77.95,0.0,-100.0,open_meteo_era5_synthetic
3,2025-02-02,0.0,34.9,36.9,81.86,0.0,-100.0,open_meteo_era5_synthetic
3,2025-02-03,0.0,34.0,39.1,81.22,0.0,-100.0,open_meteo_era5_synthetic
3,2025-02-04,0.0,33.2,35.2,79.57,0.0,-100.0,open_meteo_era5_synthetic
3,2025-02-05,0.0,35.7,35.8,82.64,0.0,-100.0,open_meteo_era5_synthetic
3,2025-02-06,0.0,34.2,40.7,81.79,0.0,-100.0,open_meteo_era5_synthetic
3,2025-02-07,0.64,31.9,36.3,78.26,0.64,-76.6,open_meteo_era5_synthetic
3,2025-02-08,0.0,30.9,34.4,76.84,0.64,-76.6,open_meteo_era5_synthetic
3,2025-02-09,0.0,32.1,28.7,77.2,0.64,-76.6,open_meteo_era5_synthetic
3,2025-02-10,0.0,32.3,34.7,78.45,0.64,-76.6,open_meteo_era5_synthetic
3,2025-02-11,0.0,36.2,32.7,82.49,0.64,-76.6,open_meteo_era5_synthetic
3,2025-02-12,0.0,33.8,31.8,79.66,0.64,-76.6,open_meteo_era5_synthetic
3,2025-02-13,1.42,32.3,36.0,78.67,2.06,-24.7,open_meteo_era5_synthetic
3,2025-02-14,0.0,31.6,46.3,79.65,2.06,-24.7,open_meteo_era5_synthetic
3,2025-02-15,0.0,33.1,43.8,81.04,2.06,-24.7,open_meteo_era5_synthetic
3,2025-02-16,0.0,33.6,40.0,81.0,2.06,-24.7,open_meteo_era5_synthetic
3,2025-02-17,0.0,30.4,34.8,76.24,2.06,-24.7,open_meteo_era5_synthetic
3,2025-02-18,0.0,34.6,40.8,82.32,2.06,-24.7,open_meteo_era5_synthetic
3,2025-02-19,0.0,30.3,31.6,75.62,2.06,-24.7,open_meteo_era5_synthetic
3,2025-02-20,0.28,30.9,32.5,76.53,2.34,-14.5,open_meteo_era5_synthetic
3,2025-02-21,0.0,28.6,37.3,74.57,2.34,-14.5,open_meteo_era5_synthetic
3,2025-02-22,0.0,32.3,40.2,79.44,2.34,-14.5,open_meteo_era5_synthetic
3,2025-02-23,0.0,30.7,51.7,79.4,2.34,-14.5,open_meteo_era5_synthetic
3,2025-02-24,0.0,31.6,48.7,80.0,2.34,-14.5,open_meteo_era5_synthetic
3,2025-02-25,0.37,32.1,36.0,78.47,2.71,-1.0,open_meteo_era5_synthetic
3,2025-02-26,0.0,32.6,41.3,80.04,2.71,-1.0,open_meteo_era5_synthetic
3,2025-02-27,2.85,29.5,35.2,75.35,5.5600000000000005,103.2,open_meteo_era5_synthetic
3,2025-02-28,0.0,31.8,43.1,79.34,5.5600000000000005,103.2,open_meteo_era5_synthetic
3,2025-03-01,0.0,34.2,32.3,80.17,5.5600000000000005,48.2,open_meteo_era5_synthetic
3,2025-03-02,0.0,39.3,28.4,84.96,5.5600000000000005,48.2,open_meteo_era5_synthetic
3,2025-03-03,0.0,36.4,39.7,84.25,5.5600000000000005,48.2,open_meteo_era5_synthetic
3,2025-03-04,0.0,36.9,34.4,83.67,5.5600000000000005,48.2,open_meteo_era5_synthetic
3,2025-03-05,0.0,37.9,52.3,89.06,5.5600000000000005,48.2,open_meteo_era5_synthetic
3,2025-03-06,0.0,35.4,45.8,84.36,5.5600000000000005,48.2,open_meteo_era5_synthetic
3,2025-03-07,0.0,33.7,48.5,82.71,5.5600000000000005,48.2,open_meteo_era5_synthetic
3,2025-03-08,0.0,35.9,31.1,81.82,5.5600000000000005,48.2,open_meteo_era5_synthetic
3,2025-03-09,0.0,35.7,32.0,81.8,4.92,31.1,open_meteo_era5_synthetic
3,2025-03-10,0.0,35.1,36.5,81.98,4.92,31.1,open_meteo_era5_synthetic
3,2025-03-11,0.2,39.5,29.2,85.37,5.12,36.5,open_meteo_era5_synthetic
3,2025-03-12,0.0,41.5,40.1,90.48,5.12,36.5,open_meteo_era5_synthetic
3,2025-03-13,0.0,38.3,34.2,85.19,5.12,36.5,open_meteo_era5_synthetic
3,2025-03-14,0.0,35.9,40.1,83.78,5.12,36.5,open_meteo_era5_synthetic
3,2025-03-15,0.0,39.5,42.9,88.74,3.7,-1.4,open_meteo_era5_synthetic
3,2025-03-16,0.0,36.2,36.9,83.41,3.7,-1.4,open_meteo_era5_synthetic
3,2025-03-17,0.0,38.0,40.9,86.52,3.7,-1.4,open_meteo_era5_synthetic
3,2025-03-18,0.0,36.9,31.1,82.95,3.7,-1.4,open_meteo_era5_synthetic
3,2025-03-19,0.0,36.4,48.2,86.13,3.7,-1.4,open_meteo_era5_synthetic
3,2025-03-20,0.0,34.9,36.7,81.87,3.7,-1.4,open_meteo_era5_synthetic
3,2025-03-21,0.0,39.9,30.6,86.17,3.7,-1.4,open_meteo_era5_synthetic
3,2025-03-22,0.0,36.1,46.9,85.51,3.42,-8.8,open_meteo_era5_synthetic
3,2025-03-23,0.0,36.9,29.8,82.64,3.42,-8.8,open_meteo_era5_synthetic
3,2025-03-24,0.0,36.8,36.8,84.03,3.42,-8.8,open_meteo_era5_synthetic
3,2025-03-25,0.0,40.6,33.3,87.56,3.42,-8.8,open_meteo_era5_synthetic
3,2025-03-26,0.0,36.6,26.2,81.5,3.42,-8.8,open_meteo_era5_synthetic
3,2025-03-27,0.0,34.4,33.2,80.57,3.0500000000000003,-18.7,open_meteo_era5_synthetic
3,2025-03-28,0.0,37.3,38.2,84.97,3.0500000000000003,-18.7,open_meteo_era5_synthetic
3,2025-03-29,0.0,40.1,37.3,88.05,0.2,-94.7,open_meteo_era5_synthetic
3,2025-03-30,0.0,36.9,39.9,84.86,0.2,-94.7,open_meteo_era5_synthetic
3,2025-03-31,0.0,37.0,36.0,84.15,0.2,-94.7,open_meteo_era5_synthetic
3,2025-04-01,0.0,40.3,39.8,88.97,0.2,-93.5,open_meteo_era5_synthetic
3,2025-04-02,0.0,40.7,34.0,87.9,0.2,-93.5,open_meteo_era5_synthetic
3,2025-04-03,0.0,41.2,43.1,90.91,0.2,-93.5,open_meteo_era5_synthetic
3,2025-04-04,0.0,40.8,43.5,90.51,0.2,-93.5,open_meteo_era5_synthetic
3,2025-04-05,0.0,40.8,32.4,87.57,0.2,-93.5,open_meteo_era5_synthetic
3,2025-04-06,0.0,44.9,41.2,94.86,0.2,-93.5,open_meteo_era5_synthetic
3,2025-04-07,0.0,35.6,38.4,83.0,0.2,-93.5,open_meteo_era5_synthetic
3,2025-04-08,0.0,41.4,37.7,89.68,0.2,-93.5,open_meteo_era5_synthetic
3,2025-04-09,0.0,41.3,44.2,91.33,0.2,-93.5,open_meteo_era5_synthetic
3,2025-04-10,0.0,41.1,41.2,90.27,0.0,-100.0,open_meteo_era5_synthetic
3,2025-04-11,0.0,44.5,46.4,95.95,0.0,-100.0,open_meteo_era5_synthetic
3,2025-04-12,0.0,38.9,37.1,86.63,0.0,-100.0,open_meteo_era5_synthetic
3,2025-04-13,0.0,36.5,38.6,84.08,0.0,-100.0,open_meteo_era5_synthetic
3,2025-04-14,0.0,40.0,47.6,90.61,0.0,-100.0,open_meteo_era5_synthetic
3,2025-04-15,0.0,40.0,39.1,88.42,0.0,-100.0,open_meteo_era5_synthetic
3,2025-04-16,0.0,40.1,46.1,90.31,0.0,-100.0,open_meteo_era5_synthetic
3,2025-04-17,0.0,41.2,48.5,92.38,0.0,-100.0,open_meteo_era5_synthetic
3,2025-04-18,0.0,39.1,31.5,85.46,0.0,-100.0,open_meteo_era5_synthetic
3,2025-04-19,0.0,41.1,40.0,89.95,0.0,-100.0,open_meteo_era5_synthetic
3,2025-04-20,0.0,41.1,42.8,90.75,0.0,-100.0,open_meteo_era5_synthetic
3,2025-04-21,0.0,38.0,40.1,86.3,0.0,-100.0,open_meteo_era5_synthetic
3,2025-04-22,0.0,41.1,38.0,89.4,0.0,-100.0,open_meteo_era5_synthetic
3,2025-04-23,0.0,36.0,37.0,83.16,0.0,-100.0,open_meteo_era5_synthetic
3,2025-04-24,0.0,38.2,27.1,83.39,0.0,-100.0,open_meteo_era5_synthetic
3,2025-04-25,0.0,40.8,43.0,90.32,0.0,-100.0,open_meteo_era5_synthetic
3,2025-04-26,1.32,41.2,34.1,88.51,1.32,-57.0,open_meteo_era5_synthetic
3,2025-04-27,0.0,39.6,47.7,90.09,1.32,-57.0,open_meteo_era5_synthetic
3,2025-04-28,0.0,41.5,44.0,91.54,1.32,-57.0,open_meteo_era5_synthetic
3,2025-04-29,0.0,39.5,32.7,86.27,1.32,-57.0,open_meteo_era5_synthetic
3,2025-04-30,0.0,38.4,35.0,85.56,1.32,-57.0,open_meteo_era5_synthetic
3,2025-05-01,0.0,42.3,42.8,92.16,1.32,-87.4,open_meteo_era5_synthetic
3,2025-05-02,7.06,41.9,39.0,90.66,8.379999999999999,-20.1,open_meteo_era5_synthetic
3,2025-05-03,0.0,39.6,48.8,90.38,8.379999999999999,-20.1,open_meteo_era5_synthetic
3,2025-05-04,0.0,42.3,46.3,93.12,8.379999999999999,-20.1,open_meteo_era5_synthetic
3,2025-05-05,0.0,42.9,41.4,92.48,8.379999999999999,-20.1,open_meteo_era5_synthetic
3,2025-05-06,0.0,43.2,41.1,92.79,8.379999999999999,-20.1,open_meteo_era5_synthetic
3,2025-05-07,0.0,43.4,35.7,91.44,8.379999999999999,-20.1,open_meteo_era5_synthetic
3,2025-05-08,0.0,42.0,43.0,91.91,8.379999999999999,-20.1,open_meteo_era5_synthetic
3,2025-05-09,0.0,43.0,44.9,93.67,8.379999999999999,-20.1,open_meteo_era5_synthetic
3,2025-05-10,0.0,44.7,49.7,97.18,8.379999999999999,-20.1,open_meteo_era5_synthetic
3,2025-05-11,0.0,42.0,42.0,91.64,8.379999999999999,-20.1,open_meteo_era5_synthetic
3,2025-05-12,0.0,44.3,40.1,93.8,8.379999999999999,-20.1,open_meteo_era5_synthetic
3,2025-05-13,0.0,43.3,44.4,93.9,8.379999999999999,-20.1,open_meteo_era5_synthetic
3,2025-05-14,0.0,39.9,44.2,89.65,8.379999999999999,-20.1,open_meteo_era5_synthetic
3,2025-05-15,0.0,40.9,43.5,90.59,8.379999999999999,-20.1,open_meteo_era5_synthetic
3,2025-05-16,0.0,41.5,44.6,91.67,8.379999999999999,-20.1,open_meteo_era5_synthetic
3,2025-05-17,0.0,42.4,41.9,92.04,8.379999999999999,-20.1,open_meteo_era5_synthetic
3,2025-05-18,0.0,40.1,36.7,87.94,8.379999999999999,-20.1,open_meteo_era5_synthetic
3,2025-05-19,0.0,41.3,40.8,90.45,8.379999999999999,-20.1,open_meteo_era5_synthetic
3,2025-05-20,0.0,44.1,46.6,95.56,8.379999999999999,-20.1,open_meteo_era5_synthetic
3,2025-05-21,0.0,40.1,35.4,87.58,8.379999999999999,-20.1,open_meteo_era5_synthetic
3,2025-05-22,0.0,43.9,36.4,92.3,8.379999999999999,-20.1,open_meteo_era5_synthetic
3,2025-05-23,0.0,42.2,42.4,91.98,8.379999999999999,-20.1,open_meteo_era5_synthetic
3,2025-05-24,0.0,40.9,35.0,88.36,8.379999999999999,-20.1,open_meteo_era5_synthetic
3,2025-05-25,0.0,42.8,44.3,93.24,8.379999999999999,-20.1,open_meteo_era5_synthetic
3,2025-05-26,0.0,42.8,45.5,93.61,7.06,-32.7,open_meteo_era5_synthetic
3,2025-05-27,0.0,40.2,37.5,88.18,7.06,-32.7,open_meteo_era5_synthetic
3,2025-05-28,0.0,41.5,35.2,89.12,7.06,-32.7,open_meteo_era5_synthetic
3,2025-05-29,0.0,45.4,48.6,97.75,7.06,-32.7,open_meteo_era5_synthetic
3,2025-05-30,0.0,42.5,34.4,90.05,7.06,-32.7,open_meteo_era5_synthetic
3,2025-05-31,0.0,42.6,43.3,92.68,7.06,-32.7,open_meteo_era5_synthetic
3,2025-06-01,5.19,36.7,45.8,86.02,5.19,-94.6,open_meteo_era5_synthetic
3,2025-06-02,0.0,37.9,54.2,89.46,5.19,-94.6,open_meteo_era5_synthetic
3,2025-06-03,10.21,39.9,49.8,91.06,15.400000000000002,-84.1,open_meteo_era5_synthetic
3,2025-06-04,8.81,36.6,50.5,86.85,24.21,-75.0,open_meteo_era5_synthetic
3,2025-06-05,20.47,37.4,43.6,86.36,44.68,-53.9,open_meteo_era5_synthetic
3,2025-06-06,0.0,38.6,49.1,89.13,44.68,-53.9,open_meteo_era5_synthetic
3,2025-06-07,0.0,34.9,53.7,85.3,44.68,-53.9,open_meteo_era5_synthetic
3,2025-06-08,7.1,34.0,39.8,81.46,51.78,-46.6,open_meteo_era5_synthetic
3,2025-06-09,0.0,40.7,39.8,89.39,51.78,-46.6,open_meteo_era5_synthetic
3,2025-06-10,0.0,36.5,57.1,88.27,51.78,-46.6,open_meteo_era5_synthetic
3,2025-06-11,34.72,40.5,61.6,94.94,86.5,-10.8,open_meteo_era5_synthetic
3,2025-06-12,4.72,40.1,44.6,89.9,91.22,-5.9,open_meteo_era5_synthetic
3,2025-06-13,4.17,32.1,48.6,80.72,95.39,-1.6,open_meteo_era5_synthetic
3,2025-06-14,0.0,33.8,39.9,81.17,95.39,-1.6,open_meteo_era5_synthetic
3,2025-06-15,0.0,34.1,47.3,83.04,95.39,-1.6,open_meteo_era5_synthetic
3,2025-06-16,0.0,36.6,51.5,87.11,95.39,-1.6,open_meteo_era5_synthetic
3,2025-06-17,5.71,38.8,49.5,89.52,101.1,4.3,open_meteo_era5_synthetic
3,2025-06-18,12.72,35.3,54.3,85.97,113.82,17.4,open_meteo_era5_synthetic
3,2025-06-19,0.0,32.9,44.9,81.03,113.82,17.4,open_meteo_era5_synthetic
3,2025-06-20,0.0,40.9,43.8,90.74,113.82,17.4,open_meteo_era5_synthetic
3,2025-06-21,18.19,35.5,35.7,82.36,132.01,36.1,open_meteo_era5_synthetic
3,2025-06-22,0.0,37.8,59.8,90.69,132.01,36.1,open_meteo_era5_synthetic
3,2025-06-23,0.0,39.7,45.6,89.7,132.01,36.1,open_meteo_era5_synthetic
3,2025-06-24,0.0,38.9,51.8,90.18,132.01,36.1,open_meteo_era5_synthetic
3,2025-06-25,0.0,37.2,55.0,88.65,132.01,36.1,open_meteo_era5_synthetic
3,2025-06-26,0.0,35.8,47.8,85.3,132.01,36.1,open_meteo_era5_synthetic
3,2025-06-27,16.99,36.2,34.1,82.8,149.0,53.7,open_meteo_era5_synthetic
3,2025-06-28,12.39,35.4,45.1,84.15,161.39,66.5,open_meteo_era5_synthetic
3,2025-06-29,15.2,39.2,51.4,90.48,176.59,82.1,open_meteo_era5_synthetic
3,2025-06-30,0.0,38.8,36.0,86.16,176.59,82.1,open_meteo_era5_synthetic
3,2025-07-01,62.41,33.1,54.9,83.18,233.81,-51.6,open_meteo_era5_synthetic
3,2025-07-02,5.62,31.9,56.8,81.87,239.43,-50.5,open_meteo_era5_synthetic
3,2025-07-03,13.29,31.7,54.1,81.17,242.51,-49.8,open_meteo_era5_synthetic
3,2025-07-04,16.41,30.9,52.1,79.72,250.10999999999999,-48.3,open_meteo_era5_synthetic
3,2025-07-05,51.12,33.7,46.6,82.29,280.76,-41.9,open_meteo_era5_synthetic
3,2025-07-06,31.38,31.6,57.3,81.52,312.14,-35.4,open_meteo_era5_synthetic
3,2025-07-07,0.0,32.3,57.7,82.52,312.14,-35.4,open_meteo_era5_synthetic
3,2025-07-08,13.4,30.2,51.8,78.8,318.44,-34.1,open_meteo_era5_synthetic
3,2025-07-09,20.37,30.9,51.8,79.64,338.81,-29.9,open_meteo_era5_synthetic
3,2025-07-10,22.15,30.9,67.3,82.28,360.96000000000004,-25.3,open_meteo_era5_synthetic
3,2025-07-11,6.16,32.7,59.0,83.35,332.4,-31.2,open_meteo_era5_synthetic
3,2025-07-12,0.0,33.4,59.3,84.37,327.67999999999995,-32.2,open_meteo_era5_synthetic
3,2025-07-13,4.8,27.6,54.7,75.77,328.31,-32.1,open_meteo_era5_synthetic
3,2025-07-14,41.21,30.0,49.0,78.01,369.52,-23.6,open_meteo_era5_synthetic
3,2025-07-15,0.0,27.2,45.2,73.92,369.52,-23.6,open_meteo_era5_synthetic
3,2025-07-16,5.62,33.2,50.4,82.43,375.14,-22.4,open_meteo_era5_synthetic
3,2025-07-17,0.53,31.2,48.1,79.46,369.96,-23.5,open_meteo_era5_synthetic
3,2025-07-18,37.32,27.5,60.1,76.25,394.56,-18.4,open_meteo_era5_synthetic
3,2025-07-19,109.19,31.7,48.9,80.18,503.75,4.2,open_meteo_era5_synthetic
3,2025-07-20,72.07,31.0,55.1,80.31,575.8199999999999,19.1,open_meteo_era5_synthetic
3,2025-07-21,14.4,34.0,59.7,85.24,572.03,18.3,open_meteo_era5_synthetic
3,2025-07-22,52.09,33.7,60.8,85.14,624.1199999999999,29.1,open_meteo_era5_synthetic
3,2025-07-23,16.2,30.4,57.2,79.84,640.3199999999999,32.5,open_meteo_era5_synthetic
3,2025-07-24,0.0,32.4,53.9,82.01,640.3199999999999,32.5,open_meteo_era5_synthetic
3,2025-07-25,6.52,25.9,44.5,72.29,646.8399999999999,33.8,open_meteo_era5_synthetic
3,2025-07-26,85.38,31.4,49.8,79.97,732.2199999999999,51.5,open_meteo_era5_synthetic
3,2025-07-27,20.61,32.8,65.5,84.69,735.84,52.2,open_meteo_era5_synthetic
3,2025-07-28,32.53,30.8,49.9,79.25,755.9799999999999,56.4,open_meteo_era5_synthetic
3,2025-07-29,26.64,34.6,51.5,84.5,767.4200000000001,58.8,open_meteo_era5_synthetic
3,2025-07-30,0.0,30.9,55.3,80.24,767.4200000000001,58.8,open_meteo_era5_synthetic
3,2025-07-31,58.77,30.4,50.2,78.76,763.78,58.0,open_meteo_era5_synthetic
3,2025-08-01,0.0,31.4,41.4,78.59,758.1600000000001,42.6,open_meteo_era5_synthetic
3,2025-08-02,0.0,29.9,50.2,78.09,744.87,40.1,open_meteo_era5_synthetic
3,2025-08-03,21.04,33.6,58.3,84.48,749.5,40.9,open_meteo_era5_synthetic
3,2025-08-04,23.4,31.3,57.2,81.16,721.78,35.7,open_meteo_era5_synthetic
3,2025-08-05,62.55,31.3,59.9,81.6,752.95,41.6,open_meteo_era5_synthetic
3,2025-08-06,0.0,32.8,55.5,82.88,752.95,41.6,open_meteo_era5_synthetic
3,2025-08-07,10.61,31.1,53.6,80.29,750.16,41.0,open_meteo_era5_synthetic
3,2025-08-08,28.77,29.3,58.3,78.58,758.5600000000001,42.6,open_meteo_era5_synthetic
3,2025-08-09,6.11,29.4,65.2,79.69,742.52,39.6,open_meteo_era5_synthetic
3,2025-08-10,0.0,26.4,54.6,74.01,736.3599999999999,38.5,open_meteo_era5_synthetic
3,2025-08-11,0.0,27.9,60.3,76.9,736.3599999999999,38.5,open_meteo_era5_synthetic
3,2025-08-12,0.0,31.0,56.8,80.7,731.56,37.5,open_meteo_era5_synthetic
3,2025-08-13,0.0,31.7,53.9,81.13,690.3499999999999,29.8,open_meteo_era5_synthetic
3,2025-08-14,38.46,31.5,54.1,80.86,728.81,37.0,open_meteo_era5_synthetic
3,2025-08-15,14.26,30.4,53.0,79.14,737.4499999999999,38.7,open_meteo_era5_synthetic
3,2025-08-16,31.48,30.5,51.4,79.07,768.4,44.5,open_meteo_era5_synthetic
3,2025-08-17,9.18,32.5,48.3,81.21,740.26,39.2,open_meteo_era5_synthetic
3,2025-08-18,24.08,29.5,52.1,77.89,655.15,23.2,open_meteo_era5_synthetic
3,2025-08-19,23.79,30.2,53.4,78.99,606.8699999999999,14.1,open_meteo_era5_synthetic
3,2025-08-20,9.73,34.0,50.4,83.44,602.1999999999999,13.2,open_meteo_era5_synthetic
3,2025-08-21,31.3,29.9,48.9,77.93,581.4100000000001,9.3,open_meteo_era5_synthetic
3,2025-08-22,8.13,31.0,58.8,80.98,573.34,7.8,open_meteo_era5_synthetic
3,2025-08-23,48.4,29.1,48.5,76.83,621.74,16.9,open_meteo_era5_synthetic
3,2025-08-24,0.0,31.6,63.1,82.57,615.22,15.7,open_meteo_era5_synthetic
3,2025-08-25,63.56,27.2,48.9,74.45,593.4000000000001,11.6,open_meteo_era5_synthetic
3,2025-08-26,1.79,30.6,65.7,81.46,574.58,8.0,open_meteo_era5_synthetic
3,2025-08-27,14.96,30.5,51.1,79.02,557.01,4.7,open_meteo_era5_synthetic
3,2025-08-28,40.49,31.9,39.3,78.83,570.8599999999999,7.3,open_meteo_era5_synthetic
3,2025-08-29,27.78,30.6,56.0,79.92,598.64,12.6,open_meteo_era5_synthetic
3,2025-08-30,7.99,33.3,52.8,83.06,547.86,3.0,open_meteo_era5_synthetic
3,2025-08-31,0.0,30.8,49.1,79.08,547.86,3.0,open_meteo_era5_synthetic
3,2025-09-01,2.06,33.7,49.4,82.88,549.92,16.4,open_meteo_era5_synthetic
3,2025-09-02,0.0,30.6,48.1,78.65,528.88,12.0,open_meteo_era5_synthetic
3,2025-09-03,0.0,30.0,51.0,78.39,505.48,7.0,open_meteo_era5_synthetic
3,2025-09-04,70.18,31.2,39.1,77.99,513.11,8.6,open_meteo_era5_synthetic
3,2025-09-05,0.0,31.5,48.7,79.97,513.11,8.6,open_meteo_era5_synthetic
3,2025-09-06,0.0,33.2,45.9,81.52,502.5,6.4,open_meteo_era5_synthetic
3,2025-09-07,0.0,31.1,42.8,78.38,473.73,0.3,open_meteo_era5_synthetic
3,2025-09-08,0.0,31.3,51.0,80.11,467.62,-1.0,open_meteo_era5_synthetic
3,2025-09-09,0.0,32.5,57.0,82.7,467.62,-1.0,open_meteo_era5_synthetic
3,2025-09-10,3.83,33.3,38.0,80.16,471.45000000000005,-0.2,open_meteo_era5_synthetic
3,2025-09-11,29.41,31.4,48.5,79.83,500.86,6.0,open_meteo_era5_synthetic
3,2025-09-12,0.0,33.5,41.8,81.24,500.86,6.0,open_meteo_era5_synthetic
3,2025-09-13,46.93,32.8,54.6,82.72,509.33000000000004,7.8,open_meteo_era5_synthetic
3,2025-09-14,0.0,31.6,46.3,79.59,495.07,4.8,open_meteo_era5_synthetic
3,2025-09-15,0.0,33.0,53.2,82.71,463.59000000000003,-1.9,open_meteo_era5_synthetic
3,2025-09-16,0.0,29.7,48.8,77.61,454.41,-3.8,open_meteo_era5_synthetic
3,2025-09-17,10.49,35.3,47.9,84.63,440.82000000000005,-6.7,open_meteo_era5_synthetic
3,2025-09-18,21.4,32.8,44.9,80.85,438.43,-7.2,open_meteo_era5_synthetic
3,2025-09-19,0.0,31.7,56.2,81.54,428.7,-9.3,open_meteo_era5_synthetic
3,2025-09-20,0.0,30.1,36.6,76.23,397.4,-15.9,open_meteo_era5_synthetic
3,2025-09-21,0.0,33.3,49.1,82.31,389.27,-17.6,open_meteo_era5_synthetic
3,2025-09-22,3.23,34.7,40.4,82.39,344.1,-27.2,open_meteo_era5_synthetic
3,2025-09-23,14.05,32.8,51.3,82.08,358.15000000000003,-24.2,open_meteo_era5_synthetic
3,2025-09-24,5.66,30.9,55.1,80.2,300.25,-36.4,open_meteo_era5_synthetic
3,2025-09-25,0.0,28.9,48.6,76.62,298.46,-36.8,open_meteo_era5_synthetic
3,2025-09-26,7.28,30.6,39.8,77.34,290.78000000000003,-38.4,open_meteo_era5_synthetic
3,2025-09-27,0.0,29.8,38.9,76.28,250.29000000000002,-47.0,open_meteo_era5_synthetic
3,2025-09-28,0.0,31.2,49.1,79.56,222.51000000000002,-52.9,open_meteo_era5_synthetic
3,2025-09-29,0.0,33.2,53.4,83.06,214.52000000000004,-54.6,open_meteo_era5_synthetic
3,2025-09-30,0.0,31.4,46.4,79.37,214.52000000000004,-54.6,open_meteo_era5_synthetic
3,2025-10-01,0.0,31.4,36.8,77.77,212.46000000000004,5.3,open_meteo_era5_synthetic
3,2025-10-02,9.07,34.0,38.8,81.24,221.53000000000003,9.8,open_meteo_era5_synthetic
3,2025-10-03,0.0,33.2,42.3,80.96,221.53000000000003,9.8,open_meteo_era5_synthetic
3,2025-10-04,27.39,31.5,35.6,77.65,178.74,-11.4,open_meteo_era5_synthetic
3,2025-10-05,0.0,32.9,35.6,79.36,178.74,-11.4,open_meteo_era5_synthetic
3,2025-10-06,0.0,31.2,54.4,80.45,178.74,-11.4,open_meteo_era5_synthetic
3,2025-10-07,4.87,32.4,45.1,80.45,183.61,-9.0,open_meteo_era5_synthetic
3,2025-10-08,0.0,32.7,37.0,79.3,183.61,-9.0,open_meteo_era5_synthetic
3,2025-10-09,0.0,30.4,47.8,78.4,183.61,-9.0,open_meteo_era5_synthetic
3,2025-10-10,3.89,36.2,59.2,88.2,183.67000000000002,-9.0,open_meteo_era5_synthetic
3,2025-10-11,0.0,32.5,38.1,79.31,154.26000000000002,-23.6,open_meteo_era5_synthetic
3,2025-10-12,0.0,29.5,44.5,76.68,154.26000000000002,-23.6,open_meteo_era5_synthetic
3,2025-10-13,11.65,32.8,44.1,80.75,118.98,-41.0,open_meteo_era5_synthetic
3,2025-10-14,14.32,31.8,49.5,80.41,133.3,-34.0,open_meteo_era5_synthetic
3,2025-10-15,0.0,31.6,42.6,79.0,133.3,-34.0,open_meteo_era5_synthetic
3,2025-10-16,36.13,32.4,35.5,78.76,169.43,-16.0,open_meteo_era5_synthetic
3,2025-10-17,0.0,30.8,36.2,76.94,158.94,-21.2,open_meteo_era5_synthetic
3,2025-10-18,0.0,32.0,50.9,80.94,137.54000000000002,-31.9,open_meteo_era5_synthetic
3,2025-10-19,13.69,30.3,57.8,79.84,151.23000000000002,-25.1,open_meteo_era5_synthetic
3,2025-10-20,3.88,34.4,38.5,81.61,155.11,-23.1,open_meteo_era5_synthetic
3,2025-10-21,10.58,30.9,39.8,77.7,165.69000000000003,-17.9,open_meteo_era5_synthetic
3,2025-10-22,9.69,31.9,40.6,78.97,172.15,-14.7,open_meteo_era5_synthetic
3,2025-10-23,0.0,30.7,39.7,77.37,158.10000000000002,-21.7,open_meteo_era5_synthetic
3,2025-10-24,6.78,31.3,45.6,79.14,159.22,-21.1,open_meteo_era5_synthetic
3,2025-10-25,19.76,30.6,48.2,78.68,178.98,-11.3,open_meteo_era5_synthetic
3,2025-10-26,0.0,29.8,43.8,77.03,171.7,-14.9,open_meteo_era5_synthetic
3,2025-10-27,0.0,30.3,42.5,77.43,171.7,-14.9,open_meteo_era5_synthetic
3,2025-10-28,0.0,30.9,54.3,80.03,171.7,-14.9,open_meteo_era5_synthetic
3,2025-10-29,0.0,30.3,41.0,77.12,171.7,-14.9,open_meteo_era5_synthetic
3,2025-10-30,0.0,32.0,44.2,79.76,171.7,-14.9,open_meteo_era5_synthetic
3,2025-10-31,7.31,29.6,42.9,76.58,179.01,-11.3,open_meteo_era5_synthetic
3,2025-11-01,0.0,29.7,48.2,77.56,169.94,185.4,open_meteo_era5_synthetic
3,2025-11-02,0.0,29.0,35.5,74.81,169.94,185.4,open_meteo_era5_synthetic
3,2025-11-03,0.0,28.4,42.5,75.08,142.55,139.4,open_meteo_era5_synthetic
3,2025-11-04,0.0,30.1,46.7,77.86,142.55,139.4,open_meteo_era5_synthetic
3,2025-11-05,0.0,28.4,36.0,74.18,142.55,139.4,open_meteo_era5_synthetic
3,2025-11-06,2.0,26.4,32.9,71.41,139.68,134.6,open_meteo_era5_synthetic
3,2025-11-07,0.0,28.6,46.9,75.96,139.68,134.6,open_meteo_era5_synthetic
3,2025-11-08,0.0,32.6,40.8,79.9,139.68,134.6,open_meteo_era5_synthetic
3,2025-11-09,0.0,29.1,38.6,75.3,135.79,128.0,open_meteo_era5_synthetic
3,2025-11-10,0.0,32.0,32.6,77.77,135.79,128.0,open_meteo_era5_synthetic
3,2025-11-11,0.0,33.5,45.4,81.84,135.79,128.0,open_meteo_era5_synthetic
3,2025-11-12,0.0,30.4,35.6,76.37,124.14,108.5,open_meteo_era5_synthetic
3,2025-11-13,0.0,30.3,45.1,77.83,109.82,84.4,open_meteo_era5_synthetic
3,2025-11-14,0.0,31.5,39.2,78.32,109.82,84.4,open_meteo_era5_synthetic
3,2025-11-15,0.0,28.4,25.9,72.79,73.69,23.8,open_meteo_era5_synthetic
3,2025-11-16,0.0,30.0,38.6,76.38,73.69,23.8,open_meteo_era5_synthetic
3,2025-11-17,0.0,26.5,38.0,72.26,73.69,23.8,open_meteo_era5_synthetic
3,2025-11-18,1.36,30.6,29.5,75.65,61.36,3.0,open_meteo_era5_synthetic
3,2025-11-19,0.0,31.3,37.4,77.75,57.48,-3.5,open_meteo_era5_synthetic
3,2025-11-20,0.0,32.1,33.0,77.87,46.9,-21.2,open_meteo_era5_synthetic
3,2025-11-21,0.0,30.6,31.2,75.87,37.21,-37.5,open_meteo_era5_synthetic
3,2025-11-22,0.0,29.9,48.3,77.85,37.21,-37.5,open_meteo_era5_synthetic
3,2025-11-23,0.0,28.6,43.8,75.47,30.43,-48.9,open_meteo_era5_synthetic
3,2025-11-24,0.0,30.9,34.0,76.76,10.67,-82.1,open_meteo_era5_synthetic
3,2025-11-25,0.0,26.3,41.4,72.37,10.67,-82.1,open_meteo_era5_synthetic
3,2025-11-26,3.61,29.9,44.7,77.26,14.28,-76.0,open_meteo_era5_synthetic
3,2025-11-27,0.0,31.8,32.3,77.49,14.28,-76.0,open_meteo_era5_synthetic
3,2025-11-28,0.0,33.0,34.6,79.21,14.28,-76.0,open_meteo_era5_synthetic
3,2025-11-29,3.47,29.4,27.1,73.97,17.75,-70.2,open_meteo_era5_synthetic
3,2025-11-30,0.0,27.6,40.2,73.75,10.440000000000001,-82.5,open_meteo_era5_synthetic
3,2025-12-01,0.0,27.7,31.8,72.74,10.440000000000001,98.3,open_meteo_era5_synthetic
3,2025-12-02,0.0,29.1,38.6,75.31,10.440000000000001,98.3,open_meteo_era5_synthetic
3,2025-12-03,0.0,29.6,25.3,73.91,10.440000000000001,98.3,open_meteo_era5_synthetic
3,2025-12-04,0.0,30.5,39.1,77.05,10.440000000000001,98.3,open_meteo_era5_synthetic
3,2025-12-05,0.0,29.4,42.6,76.34,10.440000000000001,98.3,open_meteo_era5_synthetic
3,2025-12-06,0.0,31.1,41.2,78.18,8.440000000000001,60.4,open_meteo_era5_synthetic
3,2025-12-07,0.0,30.3,48.7,78.39,8.440000000000001,60.4,open_meteo_era5_synthetic
3,2025-12-08,0.0,27.4,36.0,73.02,8.440000000000001,60.4,open_meteo_era5_synthetic
3,2025-12-09,0.0,31.1,36.6,77.39,8.440000000000001,60.4,open_meteo_era5_synthetic
3,2025-12-10,0.0,27.6,33.8,72.97,8.440000000000001,60.4,open_meteo_era5_synthetic
3,2025-12-11,0.0,28.5,38.0,74.55,8.440000000000001,60.4,open_meteo_era5_synthetic
3,2025-12-12,0.0,30.5,34.8,76.38,8.440000000000001,60.4,open_meteo_era5_synthetic
3,2025-12-13,0.0,27.5,47.6,74.6,8.440000000000001,60.4,open_meteo_era5_synthetic
3,2025-12-14,0.0,28.8,42.0,75.46,8.440000000000001,60.4,open_meteo_era5_synthetic
3,2025-12-15,0.0,27.7,36.2,73.33,8.440000000000001,60.4,open_meteo_era5_synthetic
3,2025-12-16,0.72,28.6,23.7,72.6,9.16,74.0,open_meteo_era5_synthetic
3,2025-12-17,0.0,31.6,30.4,76.9,9.16,74.0,open_meteo_era5_synthetic
3,2025-12-18,0.0,32.2,38.2,78.95,7.8,48.2,open_meteo_era5_synthetic
3,2025-12-19,0.0,29.3,34.3,74.97,7.8,48.2,open_meteo_era5_synthetic
3,2025-12-20,0.0,31.0,35.9,77.18,7.8,48.2,open_meteo_era5_synthetic
3,2025-12-21,0.0,32.8,39.1,79.78,7.8,48.2,open_meteo_era5_synthetic
3,2025-12-22,0.0,27.0,39.3,72.97,7.8,48.2,open_meteo_era5_synthetic
3,2025-12-23,0.0,28.7,30.5,73.77,7.8,48.2,open_meteo_era5_synthetic
3,2025-12-24,0.0,27.1,35.9,72.66,7.8,48.2,open_meteo_era5_synthetic
3,2025-12-25,0.0,27.3,31.9,72.29,7.8,48.2,open_meteo_era5_synthetic
3,2025-12-26,0.0,30.7,32.9,76.34,4.19,-20.4,open_meteo_era5_synthetic
3,2025-12-27,0.0,28.6,38.1,74.67,4.19,-20.4,open_meteo_era5_synthetic
3,2025-12-28,1.04,30.8,32.3,76.33,5.23,-0.6,open_meteo_era5_synthetic
3,2025-12-29,0.0,28.3,41.7,74.82,1.76,-66.6,open_meteo_era5_synthetic
3,2025-12-30,0.0,31.3,31.9,76.87,1.76,-66.6,open_meteo_era5_synthetic
3,2025-12-31,0.0,27.9,36.5,73.67,1.76,-66.6,open_meteo_era5_synthetic
3,2026-01-01,0.48,28.0,45.3,74.97,2.24,52.2,open_meteo_era5_synthetic
3,2026-01-02,0.0,30.1,41.6,76.96,2.24,52.2,open_meteo_era5_synthetic
3,2026-01-03,0.0,26.7,32.8,71.8,2.24,52.2,open_meteo_era5_synthetic
3,2026-01-04,0.0,30.5,44.6,77.98,2.24,52.2,open_meteo_era5_synthetic
3,2026-01-05,0.0,29.1,35.0,74.8,2.24,52.2,open_meteo_era5_synthetic
3,2026-01-06,0.0,30.5,36.8,76.74,2.24,52.2,open_meteo_era5_synthetic
3,2026-01-07,0.0,27.6,41.9,74.04,2.24,52.2,open_meteo_era5_synthetic
3,2026-01-08,0.0,28.6,43.8,75.56,2.24,52.2,open_meteo_era5_synthetic
3,2026-01-09,0.0,29.3,38.1,75.51,2.24,52.2,open_meteo_era5_synthetic
3,2026-01-10,0.0,28.6,36.6,74.48,2.24,52.2,open_meteo_era5_synthetic
3,2026-01-11,0.0,31.2,29.8,76.36,2.24,52.2,open_meteo_era5_synthetic
3,2026-01-12,0.0,32.2,46.4,80.48,2.24,52.2,open_meteo_era5_synthetic
3,2026-01-13,0.0,28.3,45.6,75.41,2.24,52.2,open_meteo_era5_synthetic
3,2026-01-14,0.0,26.2,37.3,71.74,2.24,52.2,open_meteo_era5_synthetic
3,2026-01-15,0.42,30.0,23.5,74.06,1.94,31.8,open_meteo_era5_synthetic
3,2026-01-16,0.0,31.3,38.3,77.91,1.94,31.8,open_meteo_era5_synthetic
3,2026-01-17,0.0,31.3,39.3,78.04,1.94,31.8,open_meteo_era5_synthetic
3,2026-01-18,0.0,28.5,32.9,73.84,1.94,31.8,open_meteo_era5_synthetic
3,2026-01-19,0.0,29.0,37.0,75.03,1.94,31.8,open_meteo_era5_synthetic
3,2026-01-20,0.35,29.2,34.5,74.86,2.29,55.6,open_meteo_era5_synthetic
3,2026-01-21,0.0,29.2,43.1,76.18,2.29,55.6,open_meteo_era5_synthetic
3,2026-01-22,0.0,33.8,36.0,80.42,2.29,55.6,open_meteo_era5_synthetic
3,2026-01-23,0.0,32.1,29.3,77.26,2.29,55.6,open_meteo_era5_synthetic
3,2026-01-24,0.0,27.7,33.8,73.07,2.29,55.6,open_meteo_era5_synthetic
3,2026-01-25,0.0,33.5,43.0,81.42,2.29,55.6,open_meteo_era5_synthetic
3,2026-01-26,0.0,30.0,39.7,76.58,2.29,55.6,open_meteo_era5_synthetic
3,2026-01-27,0.63,29.0,28.6,73.72,1.88,27.7,open_meteo_era5_synthetic
3,2026-01-28,0.0,30.8,34.9,76.73,1.88,27.7,open_meteo_era5_synthetic
3,2026-01-29,0.66,28.3,31.1,73.41,2.54,72.6,open_meteo_era5_synthetic
3,2026-01-30,0.0,33.8,37.2,80.72,2.54,72.6,open_meteo_era5_synthetic
3,2026-01-31,0.0,27.5,33.3,72.81,2.06,40.0,open_meteo_era5_synthetic
3,2026-02-01,0.0,35.0,29.6,80.45,2.06,-24.7,open_meteo_era5_synthetic
3,2026-02-02,0.0,31.7,37.4,78.23,2.06,-24.7,open_meteo_era5_synthetic
3,2026-02-03,0.51,33.1,42.6,80.88,2.57,-6.1,open_meteo_era5_synthetic
3,2026-02-04,0.0,31.7,32.4,77.34,2.57,-6.1,open_meteo_era5_synthetic
3,2026-02-05,0.42,34.2,44.5,82.6,2.9899999999999998,9.3,open_meteo_era5_synthetic
3,2026-02-06,0.0,31.6,32.5,77.26,2.9899999999999998,9.3,open_meteo_era5_synthetic
3,2026-02-07,0.0,32.4,28.5,77.42,2.9899999999999998,9.3,open_meteo_era5_synthetic
3,2026-02-08,0.0,36.1,38.2,83.57,2.9899999999999998,9.3,open_meteo_era5_synthetic
3,2026-02-09,2.12,32.9,36.4,79.45,5.109999999999999,86.8,open_meteo_era5_synthetic
3,2026-02-10,0.0,36.9,35.8,83.95,5.109999999999999,86.8,open_meteo_era5_synthetic
3,2026-02-11,0.0,30.3,37.6,76.66,5.109999999999999,86.8,open_meteo_era5_synthetic
3,2026-02-12,0.0,34.3,35.7,80.97,5.109999999999999,86.8,open_meteo_era5_synthetic
3,2026-02-13,0.0,32.3,45.6,80.34,5.109999999999999,86.8,open_meteo_era5_synthetic
3,2026-02-14,1.84,33.3,37.8,80.18,6.53,138.7,open_meteo_era5_synthetic
3,2026-02-15,0.0,31.8,28.3,76.71,6.53,138.7,open_meteo_era5_synthetic
3,2026-02-16,0.0,32.5,30.3,77.91,6.53,138.7,open_meteo_era5_synthetic
3,2026-02-17,0.0,32.6,37.9,79.38,6.53,138.7,open_meteo_era5_synthetic
3,2026-02-18,0.0,33.8,36.8,80.56,6.53,138.7,open_meteo_era5_synthetic
3,2026-02-19,0.0,32.6,35.9,79.01,6.180000000000001,125.9,open_meteo_era5_synthetic
3,2026-02-20,0.0,33.8,39.8,81.11,6.180000000000001,125.9,open_meteo_era5_synthetic
3,2026-02-21,0.0,34.6,48.6,83.87,6.180000000000001,125.9,open_meteo_era5_synthetic
3,2026-02-22,0.0,32.0,37.6,78.63,6.180000000000001,125.9,open_meteo_era5_synthetic
3,2026-02-23,0.0,34.3,30.4,79.87,6.180000000000001,125.9,open_meteo_era5_synthetic
3,2026-02-24,0.0,33.8,41.8,81.6,6.180000000000001,125.9,open_meteo_era5_synthetic
3,2026-02-25,0.0,31.8,45.2,79.66,6.180000000000001,125.9,open_meteo_era5_synthetic
3,2026-02-26,0.0,32.0,38.8,78.87,5.550000000000001,102.9,open_meteo_era5_synthetic
3,2026-02-27,0.0,33.9,36.7,80.68,5.550000000000001,102.9,open_meteo_era5_synthetic
3,2026-02-28,0.0,33.7,32.0,79.51,4.890000000000001,78.7,open_meteo_era5_synthetic
3,2026-03-01,0.0,36.8,36.9,84.15,4.890000000000001,30.3,open_meteo_era5_synthetic
3,2026-03-02,0.0,37.2,31.5,83.29,4.890000000000001,30.3,open_meteo_era5_synthetic
3,2026-03-03,0.0,30.9,35.5,76.98,4.890000000000001,30.3,open_meteo_era5_synthetic
3,2026-03-04,0.0,39.0,34.3,86.0,4.890000000000001,30.3,open_meteo_era5_synthetic
3,2026-03-05,0.0,36.8,51.7,87.47,4.38,16.8,open_meteo_era5_synthetic
3,2026-03-06,0.0,36.5,48.4,86.33,4.38,16.8,open_meteo_era5_synthetic
3,2026-03-07,0.0,34.0,37.0,80.8,3.96,5.6,open_meteo_era5_synthetic
3,2026-03-08,0.0,37.4,43.8,86.34,3.96,5.6,open_meteo_era5_synthetic
3,2026-03-09,0.0,35.0,43.7,83.37,3.96,5.6,open_meteo_era5_synthetic
3,2026-03-10,0.0,34.4,41.3,82.15,3.96,5.6,open_meteo_era5_synthetic
3,2026-03-11,0.0,38.1,46.3,87.81,1.84,-51.0,open_meteo_era5_synthetic
3,2026-03-12,0.0,35.4,37.2,82.56,1.84,-51.0,open_meteo_era5_synthetic
3,2026-03-13,0.0,41.4,40.1,90.32,1.84,-51.0,open_meteo_era5_synthetic
3,2026-03-14,0.0,40.5,43.1,90.06,1.84,-51.0,open_meteo_era5_synthetic
3,2026-03-15,0.0,36.5,43.3,85.21,1.84,-51.0,open_meteo_era5_synthetic
3,2026-03-16,0.0,36.9,39.7,84.8,0.0,-100.0,open_meteo_era5_synthetic
3,2026-03-17,0.0,37.8,32.2,84.22,0.0,-100.0,open_meteo_era5_synthetic
3,2026-03-18,0.0,36.9,35.6,83.97,0.0,-100.0,open_meteo_era5_synthetic
3,2026-03-19,2.1,38.8,43.3,88.04,2.1,-44.0,open_meteo_era5_synthetic
3,2026-03-20,2.4,37.2,36.4,84.42,4.5,20.0,open_meteo_era5_synthetic
3,2026-03-21,0.0,36.9,35.5,83.93,4.5,20.0,open_meteo_era5_synthetic
3,2026-03-22,0.0,36.8,28.3,82.21,4.5,20.0,open_meteo_era5_synthetic
3,2026-03-23,0.0,42.1,25.9,87.28,4.5,20.0,open_meteo_era5_synthetic
3,2026-03-24,0.0,37.7,31.1,83.83,4.5,20.0,open_meteo_era5_synthetic
3,2026-03-25,0.0,35.2,46.4,84.25,4.5,20.0,open_meteo_era5_synthetic
3,2026-03-26,0.0,36.8,37.9,84.31,4.5,20.0,open_meteo_era5_synthetic
3,2026-03-27,0.0,37.2,27.4,82.36,4.5,20.0,open_meteo_era5_synthetic
3,2026-03-28,0.0,36.4,38.6,84.05,4.5,20.0,open_meteo_era5_synthetic
3,2026-03-29,0.0,39.1,31.3,85.44,4.5,20.0,open_meteo_era5_synthetic
3,2026-03-30,0.0,38.8,54.5,90.7,4.5,20.0,open_meteo_era5_synthetic
3,2026-03-31,0.0,36.6,20.9,80.35,4.5,20.0,open_meteo_era5_synthetic
3,2026-04-01,1.12,41.1,41.1,90.28,5.62,82.9,open_meteo_era5_synthetic
3,2026-04-02,0.0,38.8,46.0,88.72,5.62,82.9,open_meteo_era5_synthetic
3,2026-04-03,0.0,43.5,25.4,88.56,5.62,82.9,open_meteo_era5_synthetic
3,2026-04-04,0.0,39.3,44.3,88.92,5.62,82.9,open_meteo_era5_synthetic
3,2026-04-05,0.0,39.5,27.5,84.86,5.62,82.9,open_meteo_era5_synthetic
3,2026-04-06,0.0,39.2,40.6,87.84,5.62,82.9,open_meteo_era5_synthetic
3,2026-04-07,0.0,41.3,35.6,89.06,5.62,82.9,open_meteo_era5_synthetic
3,2026-04-08,0.0,40.3,38.2,88.57,5.62,82.9,open_meteo_era5_synthetic
3,2026-04-09,0.0,40.8,38.2,89.17,5.62,82.9,open_meteo_era5_synthetic
3,2026-04-10,0.0,40.2,33.0,87.09,5.62,82.9,open_meteo_era5_synthetic
3,2026-04-11,0.0,38.7,47.0,88.81,5.62,82.9,open_meteo_era5_synthetic
3,2026-04-12,0.0,36.4,37.7,83.82,5.62,82.9,open_meteo_era5_synthetic
3,2026-04-13,0.0,42.1,28.9,88.12,5.62,82.9,open_meteo_era5_synthetic
3,2026-04-14,0.0,40.4,40.8,89.38,5.62,82.9,open_meteo_era5_synthetic
3,2026-04-15,0.0,39.7,40.0,88.31,5.62,82.9,open_meteo_era5_synthetic
3,2026-04-16,0.0,43.3,44.4,93.86,5.62,82.9,open_meteo_era5_synthetic
3,2026-04-17,0.0,41.6,35.3,89.24,5.62,82.9,open_meteo_era5_synthetic
3,2026-04-18,0.0,42.3,30.8,88.84,3.52,14.5,open_meteo_era5_synthetic
3,2026-04-19,0.0,41.2,40.2,90.12,1.12,-63.6,open_meteo_era5_synthetic
3,2026-04-20,0.0,42.3,33.3,89.58,1.12,-63.6,open_meteo_era5_synthetic
3,2026-04-21,0.0,39.6,41.7,88.55,1.12,-63.6,open_meteo_era5_synthetic
3,2026-04-22,0.0,41.0,28.1,86.71,1.12,-63.6,open_meteo_era5_synthetic
3,2026-04-23,0.0,39.5,47.6,89.93,1.12,-63.6,open_meteo_era5_synthetic
3,2026-04-24,0.0,38.2,41.6,86.83,1.12,-63.6,open_meteo_era5_synthetic
3,2026-04-25,0.0,37.8,41.3,86.31,1.12,-63.6,open_meteo_era5_synthetic
3,2026-04-26,2.38,37.3,34.0,84.03,3.5,13.9,open_meteo_era5_synthetic
3,2026-04-27,0.0,40.8,29.2,86.72,3.5,13.9,open_meteo_era5_synthetic
3,2026-04-28,0.0,39.6,33.1,86.41,3.5,13.9,open_meteo_era5_synthetic
3,2026-04-29,0.0,39.5,41.3,88.37,3.5,13.9,open_meteo_era5_synthetic
3,2026-04-30,0.0,43.2,37.8,91.83,3.5,13.9,open_meteo_era5_synthetic
3,2026-05-01,0.0,40.1,48.7,91.02,2.38,-77.3,open_meteo_era5_synthetic
3,2026-05-02,0.0,40.9,32.4,87.73,2.38,-77.3,open_meteo_era5_synthetic
3,2026-05-03,0.0,42.8,46.6,93.88,2.38,-77.3,open_meteo_era5_synthetic
3,2026-05-04,8.07,43.4,37.6,92.05,10.45,-0.3,open_meteo_era5_synthetic
3,2026-05-05,0.0,42.7,40.5,91.98,10.45,-0.3,open_meteo_era5_synthetic
3,2026-05-06,0.0,45.2,56.6,100.02,10.45,-0.3,open_meteo_era5_synthetic
3,2026-05-07,0.0,45.3,37.3,94.21,10.45,-0.3,open_meteo_era5_synthetic
3,2026-05-08,0.0,42.2,34.7,89.8,10.45,-0.3,open_meteo_era5_synthetic
3,2026-05-09,3.3,41.8,39.6,90.65,13.75,31.2,open_meteo_era5_synthetic
3,2026-05-10,0.0,45.3,48.6,97.66,13.75,31.2,open_meteo_era5_synthetic
3,2026-05-11,0.0,43.5,37.0,91.91,13.75,31.2,open_meteo_era5_synthetic
3,2026-05-12,0.0,39.3,44.4,88.94,13.75,31.2,open_meteo_era5_synthetic
3,2026-05-13,0.0,38.5,32.6,85.1,13.75,31.2,open_meteo_era5_synthetic
3,2026-05-14,0.0,40.4,51.5,92.12,13.75,31.2,open_meteo_era5_synthetic
3,2026-05-15,0.0,40.7,30.5,86.99,13.75,31.2,open_meteo_era5_synthetic
3,2026-05-16,0.0,39.7,33.7,86.68,13.75,31.2,open_meteo_era5_synthetic
3,2026-05-17,0.0,42.6,34.5,90.16,13.75,31.2,open_meteo_era5_synthetic
3,2026-05-18,0.0,43.8,43.0,94.13,13.75,31.2,open_meteo_era5_synthetic
3,2026-05-19,0.0,40.3,45.6,90.44,13.75,31.2,open_meteo_era5_synthetic
3,2026-05-20,0.0,44.6,45.0,95.71,13.75,31.2,open_meteo_era5_synthetic
3,2026-05-21,0.0,40.4,31.7,87.0,13.75,31.2,open_meteo_era5_synthetic
3,2026-05-22,2.97,42.5,46.9,93.6,16.72,59.5,open_meteo_era5_synthetic
3,2026-05-23,0.0,42.7,41.7,92.31,16.72,59.5,open_meteo_era5_synthetic
3,2026-05-24,0.0,42.2,41.9,91.75,16.72,59.5,open_meteo_era5_synthetic
3,2026-05-25,0.0,45.6,41.9,95.93,16.72,59.5,open_meteo_era5_synthetic
3,2026-05-26,0.0,44.4,37.8,93.25,14.34,36.8,open_meteo_era5_synthetic
3,2026-05-27,0.0,43.0,50.2,95.18,14.34,36.8,open_meteo_era5_synthetic
3,2026-05-28,0.0,40.1,29.7,86.11,14.34,36.8,open_meteo_era5_synthetic
3,2026-05-29,0.67,44.6,40.9,94.39,15.01,43.2,open_meteo_era5_synthetic
3,2026-05-30,3.26,47.4,42.5,98.28,18.27,74.3,open_meteo_era5_synthetic
3,2026-05-31,0.0,40.9,48.4,91.91,18.27,74.3,open_meteo_era5_synthetic
3,2026-06-01,29.25,38.6,45.8,88.34,47.519999999999996,-51.0,open_meteo_era5_synthetic
3,2026-06-02,0.0,32.9,48.3,81.66,47.519999999999996,-51.0,open_meteo_era5_synthetic
3,2026-06-03,0.0,38.6,41.2,87.25,39.45,-59.3,open_meteo_era5_synthetic
3,2026-06-04,0.0,36.4,34.9,83.24,39.45,-59.3,open_meteo_era5_synthetic
3,2026-06-05,0.0,39.3,48.3,89.88,39.45,-59.3,open_meteo_era5_synthetic
3,2026-06-06,15.0,36.7,54.0,87.77,54.45,-43.8,open_meteo_era5_synthetic
3,2026-06-07,0.0,36.6,51.0,86.95,54.45,-43.8,open_meteo_era5_synthetic
3,2026-06-08,13.2,38.6,51.0,89.64,64.35,-33.6,open_meteo_era5_synthetic
3,2026-06-09,0.0,40.5,47.9,91.36,64.35,-33.6,open_meteo_era5_synthetic
3,2026-06-10,0.0,38.6,52.5,89.97,64.35,-33.6,open_meteo_era5_synthetic
3,2026-06-11,0.0,34.5,45.8,83.15,64.35,-33.6,open_meteo_era5_synthetic
3,2026-06-12,7.97,36.5,40.2,84.52,72.32000000000001,-25.4,open_meteo_era5_synthetic
3,2026-06-13,0.0,36.0,45.3,84.96,72.32000000000001,-25.4,open_meteo_era5_synthetic
3,2026-06-14,0.0,35.2,55.8,86.15,72.32000000000001,-25.4,open_meteo_era5_synthetic
3,2026-06-15,0.0,40.1,50.7,91.53,72.32000000000001,-25.4,open_meteo_era5_synthetic
3,2026-06-16,1.02,33.9,41.0,81.48,73.34,-24.4,open_meteo_era5_synthetic
3,2026-06-17,0.0,38.7,43.3,87.86,73.34,-24.4,open_meteo_era5_synthetic
3,2026-06-18,54.78,37.4,45.9,86.84,128.12,32.1,open_meteo_era5_synthetic
3,2026-06-19,9.78,35.1,44.3,83.64,137.9,42.2,open_meteo_era5_synthetic
3,2026-06-20,34.43,36.4,42.6,84.94,172.33,77.7,open_meteo_era5_synthetic
3,2026-06-21,0.0,36.0,51.4,86.35,169.36,74.7,open_meteo_era5_synthetic
3,2026-06-22,7.85,37.2,43.7,86.15,177.21,82.8,open_meteo_era5_synthetic
3,2026-06-23,0.0,38.0,36.1,85.32,177.21,82.8,open_meteo_era5_synthetic
3,2026-06-24,21.32,36.2,49.2,86.15,198.53,104.8,open_meteo_era5_synthetic
3,2026-06-25,0.0,38.9,55.5,91.06,198.53,104.8,open_meteo_era5_synthetic
3,2026-06-26,20.83,37.5,37.2,84.98,219.36,126.2,open_meteo_era5_synthetic
3,2026-06-27,9.13,35.7,54.1,86.47,228.49,135.7,open_meteo_era5_synthetic
3,2026-06-28,21.49,35.8,50.4,85.89,249.31,157.1,open_meteo_era5_synthetic
3,2026-06-29,8.65,37.6,40.4,85.87,254.7,162.7,open_meteo_era5_synthetic
3,2026-06-30,18.24,37.3,48.1,87.27,272.94,181.5,open_meteo_era5_synthetic
3,2026-07-01,0.0,33.9,53.1,83.87,243.69,-49.6,open_meteo_era5_synthetic
3,2026-07-02,44.33,30.7,57.6,80.37,288.02,-40.4,open_meteo_era5_synthetic
3,2026-07-03,12.95,31.6,54.7,81.13,300.96999999999997,-37.7,open_meteo_era5_synthetic
3,2026-07-04,0.0,33.9,62.3,85.71,300.96999999999997,-37.7,open_meteo_era5_synthetic
3,2026-07-05,0.0,32.4,50.2,81.33,300.96999999999997,-37.7,open_meteo_era5_synthetic
3,2026-07-06,0.0,34.8,57.8,85.96,285.96999999999997,-40.8,open_meteo_era5_synthetic
3,2026-07-07,69.45,34.1,57.2,84.91,355.42,-26.5,open_meteo_era5_synthetic
3,2026-07-08,40.9,31.3,52.3,80.28,383.12,-20.7,open_meteo_era5_synthetic
3,2026-07-09,38.99,29.0,54.7,77.56,422.11,-12.7,open_meteo_era5_synthetic
3,2026-07-10,0.0,31.0,50.7,79.57,422.11,-12.7,open_meteo_era5_synthetic
3,2026-07-11,11.79,31.8,51.4,80.83,433.90000000000003,-10.2,open_meteo_era5_synthetic
3,2026-07-12,2.31,30.5,43.3,77.8,428.24,-11.4,open_meteo_era5_synthetic
3,2026-07-13,12.25,35.1,53.3,85.55,440.49,-8.9,open_meteo_era5_synthetic
3,2026-07-14,73.97,33.7,55.5,84.06,514.46,6.4,open_meteo_era5_synthetic
3,2026-07-15,20.73,30.8,43.2,78.08,535.1899999999999,10.7,open_meteo_era5_synthetic
3,2026-07-16,40.87,33.4,60.5,84.55,575.04,19.0,open_meteo_era5_synthetic
3,2026-07-17,0.0,35.3,59.0,86.93,575.04,19.0,open_meteo_era5_synthetic
3,2026-07-18,154.18,31.2,45.5,78.98,674.44,39.5,open_meteo_era5_synthetic
3,2026-07-19,8.25,32.3,55.6,82.21,672.9100000000001,39.2,open_meteo_era5_synthetic
3,2026-07-20,11.49,30.8,55.8,80.16,649.97,34.5,open_meteo_era5_synthetic
3,2026-07-21,27.18,29.5,52.0,77.83,677.15,40.1,open_meteo_era5_synthetic
3,2026-07-22,0.0,33.5,53.5,83.41,669.3,38.5,open_meteo_era5_synthetic
3,2026-07-23,76.38,30.8,60.8,80.96,745.68,54.3,open_meteo_era5_synthetic
3,2026-07-24,64.3,34.9,59.0,86.41,788.6600000000001,63.1,open_meteo_era5_synthetic
3,2026-07-25,37.65,30.4,50.4,78.8,826.3100000000001,70.9,open_meteo_era5_synthetic
3,2026-07-26,7.14,33.1,49.5,82.2,812.62,68.1,open_meteo_era5_synthetic
3,2026-07-27,28.46,28.7,48.9,76.36,831.95,72.1,open_meteo_era5_synthetic
3,2026-07-28,44.08,31.3,56.3,80.95,854.54,76.8,open_meteo_era5_synthetic
3,2026-07-29,0.0,29.3,62.5,79.17,845.89,75.0,open_meteo_era5_synthetic
3,2026-07-30,15.92,31.8,46.9,80.0,843.5699999999999,74.5,open_meteo_era5_synthetic
3,2026-07-31,9.35,30.1,50.6,78.4,852.92,76.4,open_meteo_era5_synthetic
4,2023-08-01,0.0,27.4,62.7,76.42,0.0,-100.0,open_meteo_era5_synthetic
4,2023-08-02,24.93,24.8,56.6,72.08,24.93,-96.8,open_meteo_era5_synthetic
4,2023-08-03,0.0,25.8,57.5,73.61,24.93,-96.8,open_meteo_era5_synthetic
4,2023-08-04,12.65,27.8,61.4,76.83,37.58,-95.1,open_meteo_era5_synthetic
4,2023-08-05,20.02,29.8,46.9,77.48,57.6,-92.6,open_meteo_era5_synthetic
4,2023-08-06,41.69,25.8,64.6,74.45,99.28999999999999,-87.2,open_meteo_era5_synthetic
4,2023-08-07,50.84,25.9,57.0,73.65,150.13,-80.6,open_meteo_era5_synthetic
4,2023-08-08,65.61,27.7,67.0,77.43,215.74,-72.1,open_meteo_era5_synthetic
4,2023-08-09,9.14,25.0,56.5,72.46,224.88,-70.9,open_meteo_era5_synthetic
4,2023-08-10,69.95,26.4,54.1,73.96,294.83000000000004,-61.9,open_meteo_era5_synthetic
4,2023-08-11,0.0,28.3,61.3,77.6,294.83000000000004,-61.9,open_meteo_era5_synthetic
4,2023-08-12,4.08,27.4,69.4,77.3,298.91,-61.4,open_meteo_era5_synthetic
4,2023-08-13,32.18,27.3,55.0,75.36,331.09000000000003,-57.2,open_meteo_era5_synthetic
4,2023-08-14,15.97,28.1,56.7,76.59,347.06,-55.1,open_meteo_era5_synthetic
4,2023-08-15,5.34,31.0,74.6,83.53,352.40000000000003,-54.4,open_meteo_era5_synthetic
4,2023-08-16,9.98,28.9,55.8,77.55,362.38,-53.1,open_meteo_era5_synthetic
4,2023-08-17,41.94,25.6,53.9,72.92,404.32,-47.7,open_meteo_era5_synthetic
4,2023-08-18,32.68,28.2,69.6,78.63,437.0,-43.5,open_meteo_era5_synthetic
4,2023-08-19,0.0,33.4,54.1,83.41,437.0,-43.5,open_meteo_era5_synthetic
4,2023-08-20,14.07,28.0,61.2,77.11,451.07,-41.7,open_meteo_era5_synthetic
4,2023-08-21,43.34,32.3,58.0,82.66,494.41,-36.1,open_meteo_era5_synthetic
4,2023-08-22,68.21,29.0,59.9,78.41,562.62,-27.3,open_meteo_era5_synthetic
4,2023-08-23,0.0,28.9,56.5,77.65,562.62,-27.3,open_meteo_era5_synthetic
4,2023-08-24,2.68,25.4,60.1,73.29,565.3,-26.9,open_meteo_era5_synthetic
4,2023-08-25,56.12,29.3,56.4,78.19,621.42,-19.7,open_meteo_era5_synthetic
4,2023-08-26,0.0,27.4,53.1,75.19,621.42,-19.7,open_meteo_era5_synthetic
4,2023-08-27,5.52,30.2,45.2,77.76,626.94,-18.9,open_meteo_era5_synthetic
4,2023-08-28,14.41,26.5,71.5,76.24,641.35,-17.1,open_meteo_era5_synthetic
4,2023-08-29,7.47,27.9,51.1,75.59,648.82,-16.1,open_meteo_era5_synthetic
4,2023-08-30,33.1,27.8,62.0,77.0,681.92,-11.8,open_meteo_era5_synthetic
4,2023-08-31,62.44,26.0,62.7,74.52,744.36,-3.8,open_meteo_era5_synthetic
4,2023-09-01,11.07,30.1,45.3,77.64,730.5,12.2,open_meteo_era5_synthetic
4,2023-09-02,25.89,29.4,39.8,75.88,756.3900000000001,16.2,open_meteo_era5_synthetic
4,2023-09-03,0.0,29.1,44.4,76.18,743.74,14.2,open_meteo_era5_synthetic
4,2023-09-04,46.29,27.8,50.3,75.35,770.01,18.3,open_meteo_era5_synthetic
4,2023-09-05,0.0,28.7,44.5,75.73,728.32,11.9,open_meteo_era5_synthetic
4,2023-09-06,0.0,28.9,47.6,76.45,677.48,4.1,open_meteo_era5_synthetic
4,2023-09-07,0.0,30.4,49.9,78.77,611.87,-6.0,open_meteo_era5_synthetic
4,2023-09-08,26.98,30.8,57.1,80.37,629.71,-3.3,open_meteo_era5_synthetic
4,2023-09-09,31.43,29.3,40.2,75.84,591.1899999999999,-9.2,open_meteo_era5_synthetic
4,2023-09-10,0.0,27.3,54.5,75.27,591.1899999999999,-9.2,open_meteo_era5_synthetic
4,2023-09-11,21.22,29.4,45.7,76.77,608.33,-6.6,open_meteo_era5_synthetic
4,2023-09-12,12.9,27.4,55.3,75.48,589.05,-9.5,open_meteo_era5_synthetic
4,2023-09-13,26.83,28.6,59.4,77.75,599.91,-7.8,open_meteo_era5_synthetic
4,2023-09-14,20.37,30.4,42.7,77.61,614.94,-5.5,open_meteo_era5_synthetic
4,2023-09-15,4.97,29.7,57.0,78.92,609.93,-6.3,open_meteo_era5_synthetic
4,2023-09-16,0.0,27.1,52.0,74.67,567.9899999999999,-12.8,open_meteo_era5_synthetic
4,2023-09-17,20.39,25.4,51.1,72.3,555.7,-14.6,open_meteo_era5_synthetic
4,2023-09-18,24.03,29.4,55.9,78.23,579.73,-10.9,open_meteo_era5_synthetic
4,2023-09-19,33.47,30.4,54.4,79.39,599.13,-8.0,open_meteo_era5_synthetic
4,2023-09-20,0.0,29.6,48.1,77.41,555.7900000000001,-14.6,open_meteo_era5_synthetic
4,2023-09-21,34.23,28.0,40.9,74.42,521.81,-19.8,open_meteo_era5_synthetic
4,2023-09-22,105.58,31.6,47.9,79.88,627.39,-3.6,open_meteo_era5_synthetic
4,2023-09-23,0.0,29.4,46.2,76.78,624.71,-4.0,open_meteo_era5_synthetic
4,2023-09-24,7.18,27.6,45.4,74.53,575.77,-11.6,open_meteo_era5_synthetic
4,2023-09-25,0.0,29.2,52.5,77.6,575.77,-11.6,open_meteo_era5_synthetic
4,2023-09-26,0.0,28.9,43.1,75.81,570.2499999999999,-12.4,open_meteo_era5_synthetic
4,2023-09-27,16.9,29.2,43.9,76.27,572.74,-12.0,open_meteo_era5_synthetic
4,2023-09-28,0.0,29.0,42.1,75.76,565.27,-13.2,open_meteo_era5_synthetic
4,2023-09-29,0.0,32.6,42.6,80.28,532.1700000000001,-18.3,open_meteo_era5_synthetic
4,2023-09-30,0.0,28.0,39.8,74.27,469.72999999999996,-27.8,open_meteo_era5_synthetic
4,2023-10-01,0.0,29.8,44.6,77.18,458.65999999999997,72.9,open_meteo_era5_synthetic
4,2023-10-02,30.8,30.7,36.0,76.86,463.57,74.8,open_meteo_era5_synthetic
4,2023-10-03,0.0,28.2,39.7,74.4,463.57,74.8,open_meteo_era5_synthetic
4,2023-10-04,0.0,30.0,45.2,77.51,417.28,57.3,open_meteo_era5_synthetic
4,2023-10-05,0.0,31.4,48.3,79.74,417.28,57.3,open_meteo_era5_synthetic
4,2023-10-06,1.01,29.4,30.2,74.47,418.28999999999996,57.7,open_meteo_era5_synthetic
4,2023-10-07,0.0,29.7,34.8,75.53,418.28999999999996,57.7,open_meteo_era5_synthetic
4,2023-10-08,0.0,29.6,49.2,77.59,391.31,47.5,open_meteo_era5_synthetic
4,2023-10-09,0.0,28.2,41.0,74.62,359.88,35.7,open_meteo_era5_synthetic
4,2023-10-10,10.8,34.0,45.1,82.42,370.68,39.8,open_meteo_era5_synthetic
4,2023-10-11,2.09,29.1,40.5,75.65,351.54999999999995,32.6,open_meteo_era5_synthetic
4,2023-10-12,11.68,32.5,38.6,79.37,350.33,32.1,open_meteo_era5_synthetic
4,2023-10-13,9.41,32.2,44.3,80.09,332.91,25.5,open_meteo_era5_synthetic
4,2023-10-14,6.68,27.7,51.6,75.44,319.22,20.4,open_meteo_era5_synthetic
4,2023-10-15,0.0,32.2,44.3,80.02,314.25,18.5,open_meteo_era5_synthetic
4,2023-10-16,0.0,29.8,50.4,78.03,314.25,18.5,open_meteo_era5_synthetic
4,2023-10-17,0.0,32.2,48.0,80.67,293.86,10.8,open_meteo_era5_synthetic
4,2023-10-18,0.0,32.5,44.5,80.51,269.83,1.7,open_meteo_era5_synthetic
4,2023-10-19,5.93,29.4,42.8,76.4,242.29,-8.6,open_meteo_era5_synthetic
4,2023-10-20,0.0,30.3,52.1,78.95,242.28999999999996,-8.6,open_meteo_era5_synthetic
4,2023-10-21,0.0,34.8,33.2,80.97,208.05999999999997,-21.6,open_meteo_era5_synthetic
4,2023-10-22,0.0,30.2,35.3,76.16,102.48,-61.4,open_meteo_era5_synthetic
4,2023-10-23,8.96,31.7,30.3,77.03,111.44,-58.0,open_meteo_era5_synthetic
4,2023-10-24,0.0,31.0,43.1,78.41,104.25999999999999,-60.7,open_meteo_era5_synthetic
4,2023-10-25,0.0,34.1,39.6,81.45,104.25999999999999,-60.7,open_meteo_era5_synthetic
4,2023-10-26,0.0,30.3,51.0,78.8,104.25999999999999,-60.7,open_meteo_era5_synthetic
4,2023-10-27,0.0,33.1,43.3,80.99,87.36,-67.1,open_meteo_era5_synthetic
4,2023-10-28,0.0,30.9,51.9,79.69,87.36,-67.1,open_meteo_era5_synthetic
4,2023-10-29,0.0,33.0,43.0,80.76,87.36,-67.1,open_meteo_era5_synthetic
4,2023-10-30,20.66,25.4,49.9,72.18,108.02000000000001,-59.3,open_meteo_era5_synthetic
4,2023-10-31,0.0,27.3,33.6,72.53,108.02000000000001,-59.3,open_meteo_era5_synthetic
4,2023-11-01,0.0,31.1,44.7,78.72,77.22,4.5,open_meteo_era5_synthetic
4,2023-11-02,0.0,33.3,32.2,79.15,77.22,4.5,open_meteo_era5_synthetic
4,2023-11-03,5.21,30.4,44.9,77.95,82.43,11.6,open_meteo_era5_synthetic
4,2023-11-04,0.0,32.2,29.5,77.4,82.43,11.6,open_meteo_era5_synthetic
4,2023-11-05,0.0,30.5,43.8,77.82,81.42,10.2,open_meteo_era5_synthetic
4,2023-11-06,0.0,27.8,39.4,73.92,81.42,10.2,open_meteo_era5_synthetic
4,2023-11-07,0.0,26.4,42.9,72.62,81.42,10.2,open_meteo_era5_synthetic
4,2023-11-08,0.0,29.4,39.8,75.92,81.42,10.2,open_meteo_era5_synthetic
4,2023-11-09,0.0,25.2,43.9,71.31,70.62,-4.4,open_meteo_era5_synthetic
4,2023-11-10,0.0,27.5,29.8,72.26,68.53,-7.2,open_meteo_era5_synthetic
4,2023-11-11,0.0,27.3,28.9,71.94,56.85,-23.0,open_meteo_era5_synthetic
4,2023-11-12,0.0,28.7,25.0,72.88,47.440000000000005,-35.8,open_meteo_era5_synthetic
4,2023-11-13,0.0,30.2,47.4,78.1,40.760000000000005,-44.8,open_meteo_era5_synthetic
4,2023-11-14,0.0,31.1,46.4,79.07,40.760000000000005,-44.8,open_meteo_era5_synthetic
4,2023-11-15,0.0,27.0,38.7,72.83,40.760000000000005,-44.8,open_meteo_era5_synthetic
4,2023-11-16,0.0,31.5,44.4,79.23,40.760000000000005,-44.8,open_meteo_era5_synthetic
4,2023-11-17,0.0,30.0,46.4,77.62,40.760000000000005,-44.8,open_meteo_era5_synthetic
4,2023-11-18,0.0,28.3,50.5,76.12,34.830000000000005,-52.9,open_meteo_era5_synthetic
4,2023-11-19,0.0,29.7,39.2,76.12,34.830000000000005,-52.9,open_meteo_era5_synthetic
4,2023-11-20,0.0,27.7,43.6,74.39,34.830000000000005,-52.9,open_meteo_era5_synthetic
4,2023-11-21,0.0,31.0,34.1,76.89,34.830000000000005,-52.9,open_meteo_era5_synthetic
4,2023-11-22,0.0,27.6,33.8,72.92,25.870000000000005,-65.0,open_meteo_era5_synthetic
4,2023-11-23,0.0,32.6,41.5,80.04,25.870000000000005,-65.0,open_meteo_era5_synthetic
4,2023-11-24,0.0,27.8,31.7,72.86,25.870000000000005,-65.0,open_meteo_era5_synthetic
4,2023-11-25,0.0,26.7,35.7,72.19,25.870000000000005,-65.0,open_meteo_era5_synthetic
4,2023-11-26,0.0,27.6,36.8,73.36,25.870000000000005,-65.0,open_meteo_era5_synthetic
4,2023-11-27,0.0,29.6,44.8,76.87,25.870000000000005,-65.0,open_meteo_era5_synthetic
4,2023-11-28,0.0,30.0,36.9,76.14,25.870000000000005,-65.0,open_meteo_era5_synthetic
4,2023-11-29,0.0,32.0,40.4,79.1,5.21,-92.9,open_meteo_era5_synthetic
4,2023-11-30,0.0,30.5,52.8,79.26,5.21,-92.9,open_meteo_era5_synthetic
4,2023-12-01,0.0,27.6,42.5,74.11,5.21,-24.0,open_meteo_era5_synthetic
4,2023-12-02,0.0,28.0,36.1,73.67,5.21,-24.0,open_meteo_era5_synthetic
4,2023-12-03,0.0,28.4,36.9,74.31,0.0,-100.0,open_meteo_era5_synthetic
4,2023-12-04,0.0,29.8,34.5,75.55,0.0,-100.0,open_meteo_era5_synthetic
4,2023-12-05,0.0,27.9,50.4,75.56,0.0,-100.0,open_meteo_era5_synthetic
4,2023-12-06,0.0,29.6,37.3,75.77,0.0,-100.0,open_meteo_era5_synthetic
4,2023-12-07,0.0,29.6,45.6,77.01,0.0,-100.0,open_meteo_era5_synthetic
4,2023-12-08,0.0,29.2,33.5,74.72,0.0,-100.0,open_meteo_era5_synthetic
4,2023-12-09,0.39,28.8,44.9,75.94,0.39,-94.3,open_meteo_era5_synthetic
4,2023-12-10,0.0,28.6,46.1,75.78,0.39,-94.3,open_meteo_era5_synthetic
4,2023-12-11,0.0,30.1,27.3,74.73,0.39,-94.3,open_meteo_era5_synthetic
4,2023-12-12,0.0,27.0,48.8,74.12,0.39,-94.3,open_meteo_era5_synthetic
4,2023-12-13,0.0,27.2,44.6,73.88,0.39,-94.3,open_meteo_era5_synthetic
4,2023-12-14,0.0,29.4,23.0,73.35,0.39,-94.3,open_meteo_era5_synthetic
4,2023-12-15,0.0,28.7,35.7,74.41,0.39,-94.3,open_meteo_era5_synthetic
4,2023-12-16,0.0,28.3,40.7,74.72,0.39,-94.3,open_meteo_era5_synthetic
4,2023-12-17,0.0,31.3,48.8,79.65,0.39,-94.3,open_meteo_era5_synthetic
4,2023-12-18,0.0,28.8,34.3,74.43,0.39,-94.3,open_meteo_era5_synthetic
4,2023-12-19,0.0,29.4,50.2,77.44,0.39,-94.3,open_meteo_era5_synthetic
4,2023-12-20,0.0,27.3,32.7,72.44,0.39,-94.3,open_meteo_era5_synthetic
4,2023-12-21,0.0,27.1,41.5,73.39,0.39,-94.3,open_meteo_era5_synthetic
4,2023-12-22,0.0,30.5,47.0,78.37,0.39,-94.3,open_meteo_era5_synthetic
4,2023-12-23,0.0,29.9,28.0,74.62,0.39,-94.3,open_meteo_era5_synthetic
4,2023-12-24,0.0,28.4,46.5,75.58,0.39,-94.3,open_meteo_era5_synthetic
4,2023-12-25,0.0,27.8,31.0,72.83,0.39,-94.3,open_meteo_era5_synthetic
4,2023-12-26,0.0,30.0,41.0,76.77,0.39,-94.3,open_meteo_era5_synthetic
4,2023-12-27,0.0,30.5,30.9,75.81,0.39,-94.3,open_meteo_era5_synthetic
4,2023-12-28,0.0,30.6,43.6,77.97,0.39,-94.3,open_meteo_era5_synthetic
4,2023-12-29,0.0,30.6,42.6,77.8,0.39,-94.3,open_meteo_era5_synthetic
4,2023-12-30,0.0,27.9,48.1,75.18,0.39,-94.3,open_meteo_era5_synthetic
4,2023-12-31,0.0,28.1,33.5,73.47,0.39,-94.3,open_meteo_era5_synthetic
4,2024-01-01,0.0,28.0,38.2,74.03,0.39,-59.6,open_meteo_era5_synthetic
4,2024-01-02,0.0,28.5,30.4,73.51,0.39,-59.6,open_meteo_era5_synthetic
4,2024-01-03,0.0,31.4,37.2,77.86,0.39,-59.6,open_meteo_era5_synthetic
4,2024-01-04,0.0,30.5,41.6,77.52,0.39,-59.6,open_meteo_era5_synthetic
4,2024-01-05,0.0,28.3,38.9,74.47,0.39,-59.6,open_meteo_era5_synthetic
4,2024-01-06,0.0,28.5,32.5,73.81,0.39,-59.6,open_meteo_era5_synthetic
4,2024-01-07,0.0,28.9,32.8,74.25,0.39,-59.6,open_meteo_era5_synthetic
4,2024-01-08,0.0,29.4,48.3,77.14,0.0,-100.0,open_meteo_era5_synthetic
4,2024-01-09,0.48,30.1,38.4,76.55,0.48,-50.3,open_meteo_era5_synthetic
4,2024-01-10,0.0,30.2,36.6,76.29,0.48,-50.3,open_meteo_era5_synthetic
4,2024-01-11,0.0,27.8,38.6,73.77,0.48,-50.3,open_meteo_era5_synthetic
4,2024-01-12,0.22,30.1,37.0,76.33,0.7,-27.5,open_meteo_era5_synthetic
4,2024-01-13,0.0,28.1,44.8,75.01,0.7,-27.5,open_meteo_era5_synthetic
4,2024-01-14,0.0,28.0,37.6,73.94,0.7,-27.5,open_meteo_era5_synthetic
4,2024-01-15,0.0,28.3,40.9,74.68,0.7,-27.5,open_meteo_era5_synthetic
4,2024-01-16,0.0,28.6,30.4,73.64,0.7,-27.5,open_meteo_era5_synthetic
4,2024-01-17,0.0,31.4,48.5,79.8,0.7,-27.5,open_meteo_era5_synthetic
4,2024-01-18,0.0,32.9,39.1,79.99,0.7,-27.5,open_meteo_era5_synthetic
4,2024-01-19,0.0,32.4,49.6,81.23,0.7,-27.5,open_meteo_era5_synthetic
4,2024-01-20,0.0,30.8,33.5,76.48,0.7,-27.5,open_meteo_era5_synthetic
4,2024-01-21,0.0,31.4,48.3,79.67,0.7,-27.5,open_meteo_era5_synthetic
4,2024-01-22,0.0,29.0,31.1,74.14,0.7,-27.5,open_meteo_era5_synthetic
4,2024-01-23,0.0,28.6,49.8,76.37,0.7,-27.5,open_meteo_era5_synthetic
4,2024-01-24,0.0,29.7,35.0,75.48,0.7,-27.5,open_meteo_era5_synthetic
4,2024-01-25,0.0,27.6,31.6,72.6,0.7,-27.5,open_meteo_era5_synthetic
4,2024-01-26,0.0,29.6,46.1,77.06,0.7,-27.5,open_meteo_era5_synthetic
4,2024-01-27,0.0,32.1,35.8,78.44,0.7,-27.5,open_meteo_era5_synthetic
4,2024-01-28,0.0,30.0,28.8,74.87,0.7,-27.5,open_meteo_era5_synthetic
4,2024-01-29,0.0,31.3,33.9,77.18,0.7,-27.5,open_meteo_era5_synthetic
4,2024-01-30,0.0,32.9,39.3,80.04,0.7,-27.5,open_meteo_era5_synthetic
4,2024-01-31,0.0,30.1,36.7,76.23,0.7,-27.5,open_meteo_era5_synthetic
4,2024-02-01,0.0,31.4,34.0,77.32,0.7,-27.3,open_meteo_era5_synthetic
4,2024-02-02,0.0,28.6,42.9,75.35,0.7,-27.3,open_meteo_era5_synthetic
4,2024-02-03,0.0,32.4,32.5,78.18,0.7,-27.3,open_meteo_era5_synthetic
4,2024-02-04,0.0,31.4,34.3,77.3,0.7,-27.3,open_meteo_era5_synthetic
4,2024-02-05,0.0,31.0,33.9,76.79,0.7,-27.3,open_meteo_era5_synthetic
4,2024-02-06,0.0,31.5,35.4,77.61,0.7,-27.3,open_meteo_era5_synthetic
4,2024-02-07,0.0,34.4,37.7,81.41,0.7,-27.3,open_meteo_era5_synthetic
4,2024-02-08,0.0,28.2,44.1,75.0,0.22,-77.2,open_meteo_era5_synthetic
4,2024-02-09,0.0,34.7,39.9,82.24,0.22,-77.2,open_meteo_era5_synthetic
4,2024-02-10,0.0,30.7,39.7,77.42,0.22,-77.2,open_meteo_era5_synthetic
4,2024-02-11,0.0,35.4,35.3,82.09,0.0,-100.0,open_meteo_era5_synthetic
4,2024-02-12,0.0,34.2,49.9,83.63,0.0,-100.0,open_meteo_era5_synthetic
4,2024-02-13,0.0,30.9,28.7,75.84,0.0,-100.0,open_meteo_era5_synthetic
4,2024-02-14,0.0,33.1,43.8,81.02,0.0,-100.0,open_meteo_era5_synthetic
4,2024-02-15,0.0,32.8,31.7,78.44,0.0,-100.0,open_meteo_era5_synthetic
4,2024-02-16,0.0,33.4,42.7,81.24,0.0,-100.0,open_meteo_era5_synthetic
4,2024-02-17,0.0,31.1,42.3,78.35,0.0,-100.0,open_meteo_era5_synthetic
4,2024-02-18,0.0,34.0,48.7,83.16,0.0,-100.0,open_meteo_era5_synthetic
4,2024-02-19,0.0,31.8,38.0,78.4,0.0,-100.0,open_meteo_era5_synthetic
4,2024-02-20,0.28,34.1,45.3,82.61,0.28,-70.9,open_meteo_era5_synthetic
4,2024-02-21,1.61,32.4,45.4,80.49,1.8900000000000001,96.2,open_meteo_era5_synthetic
4,2024-02-22,0.0,30.5,57.0,79.92,1.8900000000000001,96.2,open_meteo_era5_synthetic
4,2024-02-23,0.0,31.0,46.8,78.97,1.8900000000000001,96.2,open_meteo_era5_synthetic
4,2024-02-24,0.0,33.6,54.8,83.86,1.8900000000000001,96.2,open_meteo_era5_synthetic
4,2024-02-25,0.0,30.2,31.2,75.51,1.8900000000000001,96.2,open_meteo_era5_synthetic
4,2024-02-26,0.0,32.3,38.8,79.13,1.8900000000000001,96.2,open_meteo_era5_synthetic
4,2024-02-27,0.0,29.1,47.7,76.72,1.8900000000000001,96.2,open_meteo_era5_synthetic
4,2024-02-28,0.0,31.0,39.6,77.82,1.8900000000000001,96.2,open_meteo_era5_synthetic
4,2024-02-29,0.0,31.4,38.7,78.07,1.8900000000000001,96.2,open_meteo_era5_synthetic
4,2024-03-01,0.0,36.3,36.9,83.53,1.8900000000000001,-1.5,open_meteo_era5_synthetic
4,2024-03-02,0.0,36.9,37.7,84.44,1.8900000000000001,-1.5,open_meteo_era5_synthetic
4,2024-03-03,0.0,36.0,28.1,81.29,1.8900000000000001,-1.5,open_meteo_era5_synthetic
4,2024-03-04,0.0,34.4,41.4,82.25,1.8900000000000001,-1.5,open_meteo_era5_synthetic
4,2024-03-05,0.0,35.1,32.8,81.27,1.8900000000000001,-1.5,open_meteo_era5_synthetic
4,2024-03-06,0.0,35.4,30.8,81.2,1.8900000000000001,-1.5,open_meteo_era5_synthetic
4,2024-03-07,0.0,35.1,37.7,82.28,1.8900000000000001,-1.5,open_meteo_era5_synthetic
4,2024-03-08,0.0,34.1,29.4,79.46,1.8900000000000001,-1.5,open_meteo_era5_synthetic
4,2024-03-09,0.0,33.8,27.0,78.63,1.8900000000000001,-1.5,open_meteo_era5_synthetic
4,2024-03-10,0.0,35.2,34.0,81.58,1.8900000000000001,-1.5,open_meteo_era5_synthetic
4,2024-03-11,0.0,35.7,38.7,83.17,1.8900000000000001,-1.5,open_meteo_era5_synthetic
4,2024-03-12,2.49,32.3,34.9,78.48,4.380000000000001,128.3,open_meteo_era5_synthetic
4,2024-03-13,0.0,32.3,32.2,77.98,4.380000000000001,128.3,open_meteo_era5_synthetic
4,2024-03-14,0.0,34.0,34.3,80.31,4.380000000000001,128.3,open_meteo_era5_synthetic
4,2024-03-15,0.0,36.0,33.5,82.47,4.380000000000001,128.3,open_meteo_era5_synthetic
4,2024-03-16,0.0,31.6,35.3,77.73,4.380000000000001,128.3,open_meteo_era5_synthetic
4,2024-03-17,0.0,37.5,34.8,84.45,4.380000000000001,128.3,open_meteo_era5_synthetic
4,2024-03-18,0.0,37.3,44.1,86.33,4.380000000000001,128.3,open_meteo_era5_synthetic
4,2024-03-19,0.0,34.0,53.1,84.08,4.380000000000001,128.3,open_meteo_era5_synthetic
4,2024-03-20,0.0,35.6,29.8,81.18,4.380000000000001,128.3,open_meteo_era5_synthetic
4,2024-03-21,0.0,33.9,40.8,81.46,4.1,113.7,open_meteo_era5_synthetic
4,2024-03-22,0.0,35.5,51.7,85.65,2.49,29.8,open_meteo_era5_synthetic
4,2024-03-23,0.0,37.5,38.2,85.18,2.49,29.8,open_meteo_era5_synthetic
4,2024-03-24,0.0,37.4,33.5,83.99,2.49,29.8,open_meteo_era5_synthetic
4,2024-03-25,0.0,32.2,45.9,80.28,2.49,29.8,open_meteo_era5_synthetic
4,2024-03-26,0.0,35.1,36.9,82.06,2.49,29.8,open_meteo_era5_synthetic
4,2024-03-27,0.0,38.9,38.6,86.93,2.49,29.8,open_meteo_era5_synthetic
4,2024-03-28,0.0,33.0,38.7,79.95,2.49,29.8,open_meteo_era5_synthetic
4,2024-03-29,0.0,34.8,41.1,82.61,2.49,29.8,open_meteo_era5_synthetic
4,2024-03-30,0.0,31.1,28.7,76.03,2.49,29.8,open_meteo_era5_synthetic
4,2024-03-31,0.0,36.2,33.6,82.65,2.49,29.8,open_meteo_era5_synthetic
4,2024-04-01,0.0,38.3,33.2,84.98,2.49,-53.3,open_meteo_era5_synthetic
4,2024-04-02,0.0,38.8,38.3,86.75,2.49,-53.3,open_meteo_era5_synthetic
4,2024-04-03,0.0,34.9,41.7,82.83,2.49,-53.3,open_meteo_era5_synthetic
4,2024-04-04,0.0,35.0,43.4,83.3,2.49,-53.3,open_meteo_era5_synthetic
4,2024-04-05,0.0,36.2,42.0,84.54,2.49,-53.3,open_meteo_era5_synthetic
4,2024-04-06,0.0,39.1,41.9,88.02,2.49,-53.3,open_meteo_era5_synthetic
4,2024-04-07,0.0,38.5,35.3,85.72,2.49,-53.3,open_meteo_era5_synthetic
4,2024-04-08,0.0,37.1,23.2,81.37,2.49,-53.3,open_meteo_era5_synthetic
4,2024-04-09,6.63,36.1,49.0,85.9,9.120000000000001,71.0,open_meteo_era5_synthetic
4,2024-04-10,0.0,40.3,44.7,90.2,9.120000000000001,71.0,open_meteo_era5_synthetic
4,2024-04-11,0.0,38.2,45.7,87.84,6.63,24.3,open_meteo_era5_synthetic
4,2024-04-12,0.0,38.8,48.5,89.21,6.63,24.3,open_meteo_era5_synthetic
4,2024-04-13,0.31,35.9,34.0,82.39,6.9399999999999995,30.1,open_meteo_era5_synthetic
4,2024-04-14,0.0,36.4,36.0,83.42,6.9399999999999995,30.1,open_meteo_era5_synthetic
4,2024-04-15,0.0,37.2,41.2,85.58,6.9399999999999995,30.1,open_meteo_era5_synthetic
4,2024-04-16,0.0,38.2,35.6,85.46,6.9399999999999995,30.1,open_meteo_era5_synthetic
4,2024-04-17,2.34,36.3,35.8,83.26,9.28,74.0,open_meteo_era5_synthetic
4,2024-04-18,0.0,36.7,32.6,83.05,9.28,74.0,open_meteo_era5_synthetic
4,2024-04-19,0.0,37.2,37.7,84.79,9.28,74.0,open_meteo_era5_synthetic
4,2024-04-20,0.0,34.2,35.6,80.83,9.28,74.0,open_meteo_era5_synthetic
4,2024-04-21,0.0,35.7,27.7,80.85,9.28,74.0,open_meteo_era5_synthetic
4,2024-04-22,0.0,38.2,38.3,86.03,9.28,74.0,open_meteo_era5_synthetic
4,2024-04-23,0.0,39.2,33.4,86.03,9.28,74.0,open_meteo_era5_synthetic
4,2024-04-24,0.0,35.8,26.1,80.68,9.28,74.0,open_meteo_era5_synthetic
4,2024-04-25,0.0,38.5,34.5,85.53,9.28,74.0,open_meteo_era5_synthetic
4,2024-04-26,0.0,36.9,45.8,86.25,9.28,74.0,open_meteo_era5_synthetic
4,2024-04-27,0.0,37.3,37.0,84.71,9.28,74.0,open_meteo_era5_synthetic
4,2024-04-28,0.0,34.0,28.9,79.21,9.28,74.0,open_meteo_era5_synthetic
4,2024-04-29,0.0,34.7,40.9,82.52,9.28,74.0,open_meteo_era5_synthetic
4,2024-04-30,0.0,38.7,45.6,88.41,9.28,74.0,open_meteo_era5_synthetic
4,2024-05-01,0.0,34.3,37.6,81.33,9.28,-42.6,open_meteo_era5_synthetic
4,2024-05-02,0.0,35.0,33.9,81.34,9.28,-42.6,open_meteo_era5_synthetic
4,2024-05-03,0.0,35.0,45.8,83.78,9.28,-42.6,open_meteo_era5_synthetic
4,2024-05-04,0.0,35.0,43.8,83.36,9.28,-42.6,open_meteo_era5_synthetic
4,2024-05-05,0.0,36.4,41.1,84.55,9.28,-42.6,open_meteo_era5_synthetic
4,2024-05-06,0.0,36.3,41.7,84.63,9.28,-42.6,open_meteo_era5_synthetic
4,2024-05-07,0.0,34.7,52.5,84.81,9.28,-42.6,open_meteo_era5_synthetic
4,2024-05-08,0.0,33.6,33.1,79.61,9.28,-42.6,open_meteo_era5_synthetic
4,2024-05-09,0.0,39.5,47.6,89.89,2.65,-83.6,open_meteo_era5_synthetic
4,2024-05-10,0.0,34.6,45.9,83.36,2.65,-83.6,open_meteo_era5_synthetic
4,2024-05-11,2.32,37.8,41.3,86.26,4.97,-69.3,open_meteo_era5_synthetic
4,2024-05-12,0.0,36.5,43.7,85.25,4.97,-69.3,open_meteo_era5_synthetic
4,2024-05-13,27.24,36.3,36.7,83.45,31.9,97.3,open_meteo_era5_synthetic
4,2024-05-14,3.71,35.0,35.6,81.7,35.61,120.3,open_meteo_era5_synthetic
4,2024-05-15,7.46,34.6,41.6,82.45,43.07,166.4,open_meteo_era5_synthetic
4,2024-05-16,0.0,39.9,45.1,89.86,43.07,166.4,open_meteo_era5_synthetic
4,2024-05-17,0.0,35.0,37.5,82.16,40.73,152.0,open_meteo_era5_synthetic
4,2024-05-18,0.0,30.2,37.6,76.52,40.73,152.0,open_meteo_era5_synthetic
4,2024-05-19,0.0,34.7,45.2,83.33,40.73,152.0,open_meteo_era5_synthetic
4,2024-05-20,0.0,34.3,42.4,82.22,40.73,152.0,open_meteo_era5_synthetic
4,2024-05-21,0.0,33.5,54.1,83.47,40.73,152.0,open_meteo_era5_synthetic
4,2024-05-22,0.0,33.5,46.8,82.15,40.73,152.0,open_meteo_era5_synthetic
4,2024-05-23,0.0,36.9,43.9,85.73,40.73,152.0,open_meteo_era5_synthetic
4,2024-05-24,0.0,34.5,52.2,84.48,40.73,152.0,open_meteo_era5_synthetic
4,2024-05-25,0.0,36.5,49.5,86.53,40.73,152.0,open_meteo_era5_synthetic
4,2024-05-26,6.9,34.7,35.6,81.44,47.629999999999995,194.6,open_meteo_era5_synthetic
4,2024-05-27,12.03,36.1,46.3,85.36,59.66,269.1,open_meteo_era5_synthetic
4,2024-05-28,0.0,35.8,50.6,85.92,59.66,269.1,open_meteo_era5_synthetic
4,2024-05-29,15.44,37.1,47.3,86.85,75.1,364.6,open_meteo_era5_synthetic
4,2024-05-30,3.65,34.0,35.4,80.52,78.75,387.1,open_meteo_era5_synthetic
4,2024-05-31,0.0,36.1,37.8,83.48,78.75,387.1,open_meteo_era5_synthetic
4,2024-06-01,95.85,27.6,67.0,77.28,174.6,-72.1,open_meteo_era5_synthetic
4,2024-06-02,112.9,33.5,61.8,84.97,287.5,-54.1,open_meteo_era5_synthetic
4,2024-06-03,0.0,24.2,60.6,71.63,287.5,-54.1,open_meteo_era5_synthetic
4,2024-06-04,0.0,27.0,72.5,77.2,287.5,-54.1,open_meteo_era5_synthetic
4,2024-06-05,137.19,30.4,71.9,82.24,424.69,-32.3,open_meteo_era5_synthetic
4,2024-06-06,28.28,30.6,73.8,82.76,452.97,-27.7,open_meteo_era5_synthetic
4,2024-06-07,0.0,28.3,66.8,78.3,452.97,-27.7,open_meteo_era5_synthetic
4,2024-06-08,8.55,35.4,57.7,86.83,461.52,-26.4,open_meteo_era5_synthetic
4,2024-06-09,32.25,28.2,47.5,75.57,493.77,-21.2,open_meteo_era5_synthetic
4,2024-06-10,21.29,33.8,72.1,87.39,512.74,-18.2,open_meteo_era5_synthetic
4,2024-06-11,0.0,27.1,64.2,76.31,512.74,-18.2,open_meteo_era5_synthetic
4,2024-06-12,25.44,29.6,67.4,80.36,510.94,-18.5,open_meteo_era5_synthetic
4,2024-06-13,0.0,31.7,62.2,82.54,507.23,-19.1,open_meteo_era5_synthetic
4,2024-06-14,0.0,29.2,76.6,81.12,499.77,-20.3,open_meteo_era5_synthetic
4,2024-06-15,16.09,26.8,67.6,76.17,515.86,-17.7,open_meteo_era5_synthetic
4,2024-06-16,0.0,32.8,69.0,85.29,515.86,-17.7,open_meteo_era5_synthetic
4,2024-06-17,115.77,29.3,60.3,78.82,631.63,0.8,open_meteo_era5_synthetic
4,2024-06-18,57.6,31.0,73.8,83.45,689.23,9.9,open_meteo_era5_synthetic
4,2024-06-19,65.87,30.2,75.5,82.42,755.0999999999999,20.5,open_meteo_era5_synthetic
4,2024-06-20,85.81,28.4,59.1,77.38,840.91,34.1,open_meteo_era5_synthetic
4,2024-06-21,28.51,33.7,74.2,87.65,869.42,38.7,open_meteo_era5_synthetic
4,2024-06-22,0.0,32.2,64.4,83.64,869.42,38.7,open_meteo_era5_synthetic
4,2024-06-23,0.0,33.6,57.6,84.31,869.42,38.7,open_meteo_era5_synthetic
4,2024-06-24,68.17,30.5,68.9,81.88,937.5899999999999,49.6,open_meteo_era5_synthetic
4,2024-06-25,12.65,29.4,69.5,80.29,943.34,50.5,open_meteo_era5_synthetic
4,2024-06-26,55.39,31.6,64.4,82.73,986.7,57.4,open_meteo_era5_synthetic
4,2024-06-27,122.42,32.3,69.1,84.56,1109.1200000000001,76.9,open_meteo_era5_synthetic
4,2024-06-28,0.0,32.8,68.4,85.16,1093.68,74.5,open_meteo_era5_synthetic
4,2024-06-29,51.06,29.7,63.8,79.92,1141.0900000000001,82.0,open_meteo_era5_synthetic
4,2024-06-30,44.26,29.1,61.6,78.71,1185.3500000000001,89.1,open_meteo_era5_synthetic
4,2024-07-01,9.75,28.1,68.8,78.35,1099.25,-19.3,open_meteo_era5_synthetic
4,2024-07-02,176.5,28.6,73.7,79.73,1162.85,-14.6,open_meteo_era5_synthetic
4,2024-07-03,50.53,25.3,73.8,74.69,1213.38,-10.9,open_meteo_era5_synthetic
4,2024-07-04,42.92,25.0,79.6,74.88,1256.3,-7.8,open_meteo_era5_synthetic
4,2024-07-05,15.63,24.2,72.5,72.92,1134.74,-16.7,open_meteo_era5_synthetic
4,2024-07-06,64.78,27.2,80.3,78.49,1171.24,-14.0,open_meteo_era5_synthetic
4,2024-07-07,6.04,27.6,77.4,78.69,1177.28,-13.6,open_meteo_era5_synthetic
4,2024-07-08,45.01,25.3,74.4,74.77,1213.74,-10.9,open_meteo_era5_synthetic
4,2024-07-09,91.66,26.7,65.4,75.85,1273.15,-6.5,open_meteo_era5_synthetic
4,2024-07-10,32.14,25.9,69.2,75.07,1284.0,-5.7,open_meteo_era5_synthetic
4,2024-07-11,0.0,27.0,79.9,78.09,1284.0,-5.7,open_meteo_era5_synthetic
4,2024-07-12,57.79,23.6,68.5,71.53,1316.35,-3.4,open_meteo_era5_synthetic
4,2024-07-13,2.53,28.1,72.2,78.82,1318.8799999999999,-3.2,open_meteo_era5_synthetic
4,2024-07-14,13.07,28.7,87.1,81.81,1331.95,-2.2,open_meteo_era5_synthetic
4,2024-07-15,104.51,24.0,61.8,71.55,1420.3700000000001,4.3,open_meteo_era5_synthetic
4,2024-07-16,15.58,27.8,66.7,77.64,1435.95,5.4,open_meteo_era5_synthetic
4,2024-07-17,108.77,28.7,62.9,78.34,1428.95,4.9,open_meteo_era5_synthetic
4,2024-07-18,53.22,22.3,69.6,69.79,1424.57,4.6,open_meteo_era5_synthetic
4,2024-07-19,34.96,29.1,62.0,78.74,1393.66,2.3,open_meteo_era5_synthetic
4,2024-07-20,197.55,25.9,63.5,74.4,1505.3999999999999,10.5,open_meteo_era5_synthetic
4,2024-07-21,15.48,28.1,73.0,78.89,1492.37,9.6,open_meteo_era5_synthetic
4,2024-07-22,2.42,24.3,70.4,72.77,1494.79,9.7,open_meteo_era5_synthetic
4,2024-07-23,0.0,23.9,79.0,72.97,1494.79,9.7,open_meteo_era5_synthetic
4,2024-07-24,71.53,28.8,81.4,81.17,1498.15,10.0,open_meteo_era5_synthetic
4,2024-07-25,11.0,25.6,75.0,75.24,1496.5,9.9,open_meteo_era5_synthetic
4,2024-07-26,64.3,30.1,73.2,81.97,1505.41,10.5,open_meteo_era5_synthetic
4,2024-07-27,132.03,28.5,71.8,79.31,1515.02,11.2,open_meteo_era5_synthetic
4,2024-07-28,106.94,26.4,75.3,76.48,1621.96,19.1,open_meteo_era5_synthetic
4,2024-07-29,14.61,28.4,68.0,78.68,1585.51,16.4,open_meteo_era5_synthetic
4,2024-07-30,0.0,26.1,76.6,76.24,1541.25,13.2,open_meteo_era5_synthetic
4,2024-07-31,0.0,28.5,66.8,78.67,1531.5,12.4,open_meteo_era5_synthetic
4,2024-08-01,0.0,28.3,54.5,76.6,1355.0,75.2,open_meteo_era5_synthetic
4,2024-08-02,44.28,24.9,54.8,72.09,1348.75,74.4,open_meteo_era5_synthetic
4,2024-08-03,15.3,24.9,54.6,72.07,1321.13,70.8,open_meteo_era5_synthetic
4,2024-08-04,94.33,27.5,62.8,76.58,1399.83,81.0,open_meteo_era5_synthetic
4,2024-08-05,46.65,31.2,61.2,81.59,1381.7,78.6,open_meteo_era5_synthetic
4,2024-08-06,0.0,26.9,52.7,74.48,1375.66,77.9,open_meteo_era5_synthetic
4,2024-08-07,20.86,27.3,58.2,75.77,1351.51,74.7,open_meteo_era5_synthetic
4,2024-08-08,10.56,24.4,57.7,71.73,1270.4099999999999,64.2,open_meteo_era5_synthetic
4,2024-08-09,20.81,31.1,54.6,80.38,1259.0800000000002,62.8,open_meteo_era5_synthetic
4,2024-08-10,0.0,28.4,59.0,77.42,1259.0800000000002,62.8,open_meteo_era5_synthetic
4,2024-08-11,7.9,25.3,61.3,73.38,1209.19,56.3,open_meteo_era5_synthetic
4,2024-08-12,29.85,26.8,60.9,75.47,1236.5100000000002,59.9,open_meteo_era5_synthetic
4,2024-08-13,12.08,25.6,65.0,74.19,1235.52,59.7,open_meteo_era5_synthetic
4,2024-08-14,51.49,25.4,53.7,72.66,1182.5,52.9,open_meteo_era5_synthetic
4,2024-08-15,2.4,27.9,70.0,78.14,1169.32,51.2,open_meteo_era5_synthetic
4,2024-08-16,8.63,26.0,63.0,74.56,1069.18,38.2,open_meteo_era5_synthetic
4,2024-08-17,24.58,26.5,47.1,73.34,1040.54,34.5,open_meteo_era5_synthetic
4,2024-08-18,20.83,27.2,64.2,76.4,1026.41,32.7,open_meteo_era5_synthetic
4,2024-08-19,53.96,28.5,63.3,78.08,882.82,14.1,open_meteo_era5_synthetic
4,2024-08-20,28.39,23.4,61.8,70.63,895.73,15.8,open_meteo_era5_synthetic
4,2024-08-21,51.96,25.9,52.5,73.16,945.2700000000001,22.2,open_meteo_era5_synthetic
4,2024-08-22,12.85,28.8,58.0,77.85,958.12,23.9,open_meteo_era5_synthetic
4,2024-08-23,59.87,25.2,49.6,71.87,946.4599999999999,22.4,open_meteo_era5_synthetic
4,2024-08-24,4.27,23.4,69.0,71.29,939.73,21.5,open_meteo_era5_synthetic
4,2024-08-25,17.61,28.4,49.7,76.11,893.04,15.5,open_meteo_era5_synthetic
4,2024-08-26,27.18,23.8,65.9,71.57,788.19,1.9,open_meteo_era5_synthetic
4,2024-08-27,29.91,31.1,56.4,80.63,711.16,-8.1,open_meteo_era5_synthetic
4,2024-08-28,0.0,29.0,67.9,79.46,696.55,-9.9,open_meteo_era5_synthetic
4,2024-08-29,216.17,27.7,46.3,74.67,912.72,18.0,open_meteo_era5_synthetic
4,2024-08-30,0.0,29.1,60.7,78.58,912.72,18.0,open_meteo_era5_synthetic
4,2024-08-31,79.88,27.3,66.6,76.89,992.5999999999999,28.3,open_meteo_era5_synthetic
4,2024-09-01,16.74,29.7,47.3,77.43,965.06,48.2,open_meteo_era5_synthetic
4,2024-09-02,18.34,31.9,54.4,81.51,968.0999999999999,48.7,open_meteo_era5_synthetic
4,2024-09-03,0.0,30.6,48.1,78.64,873.77,34.2,open_meteo_era5_synthetic
4,2024-09-04,0.0,28.9,37.8,75.02,827.12,27.1,open_meteo_era5_synthetic
4,2024-09-05,0.87,32.0,46.9,80.29,827.99,27.2,open_meteo_era5_synthetic
4,2024-09-06,22.66,29.9,51.7,78.39,829.79,27.5,open_meteo_era5_synthetic
4,2024-09-07,1.3,26.5,43.0,72.77,820.53,26.0,open_meteo_era5_synthetic
4,2024-09-08,75.98,25.5,56.2,73.02,875.7,34.5,open_meteo_era5_synthetic
4,2024-09-09,4.07,28.7,49.8,76.53,879.77,35.1,open_meteo_era5_synthetic
4,2024-09-10,0.0,36.3,53.6,87.14,871.87,33.9,open_meteo_era5_synthetic
4,2024-09-11,33.81,29.3,56.5,78.28,875.83,34.5,open_meteo_era5_synthetic
4,2024-09-12,30.15,29.4,51.3,77.68,893.9,37.3,open_meteo_era5_synthetic
4,2024-09-13,0.0,29.0,55.9,77.77,842.41,29.4,open_meteo_era5_synthetic
4,2024-09-14,9.63,27.3,51.4,74.88,849.64,30.5,open_meteo_era5_synthetic
4,2024-09-15,46.48,25.3,50.6,72.11,887.49,36.3,open_meteo_era5_synthetic
4,2024-09-16,27.85,28.2,44.1,75.02,890.76,36.8,open_meteo_era5_synthetic
4,2024-09-17,0.0,29.2,47.1,76.68,869.9300000000001,33.6,open_meteo_era5_synthetic
4,2024-09-18,17.51,32.7,39.3,79.8,833.48,28.0,open_meteo_era5_synthetic
4,2024-09-19,16.46,31.9,51.3,80.92,821.55,26.2,open_meteo_era5_synthetic
4,2024-09-20,0.0,32.4,56.2,82.39,769.5899999999999,18.2,open_meteo_era5_synthetic
4,2024-09-21,31.26,30.3,44.7,77.77,788.0,21.0,open_meteo_era5_synthetic
4,2024-09-22,0.0,29.8,49.2,77.82,728.13,11.8,open_meteo_era5_synthetic
4,2024-09-23,0.0,29.2,44.6,76.36,723.8599999999999,11.2,open_meteo_era5_synthetic
4,2024-09-24,13.16,31.6,49.8,80.28,719.4100000000001,10.5,open_meteo_era5_synthetic
4,2024-09-25,0.0,28.5,36.8,74.41,692.23,6.3,open_meteo_era5_synthetic
4,2024-09-26,37.0,28.3,42.3,74.9,699.32,7.4,open_meteo_era5_synthetic
4,2024-09-27,36.09,31.3,47.8,79.52,735.4100000000001,13.0,open_meteo_era5_synthetic
4,2024-09-28,37.54,30.1,56.2,79.25,556.78,-14.5,open_meteo_era5_synthetic
4,2024-09-29,0.0,30.1,38.6,76.49,556.78,-14.5,open_meteo_era5_synthetic
4,2024-09-30,0.0,26.6,43.4,72.94,476.90000000000003,-26.7,open_meteo_era5_synthetic
4,2024-10-01,0.0,29.9,47.0,77.59,460.16,73.5,open_meteo_era5_synthetic
4,2024-10-02,0.0,31.2,45.3,78.98,441.82000000000005,66.6,open_meteo_era5_synthetic
4,2024-10-03,0.0,32.4,45.8,80.54,441.82000000000005,66.6,open_meteo_era5_synthetic
4,2024-10-04,0.0,32.1,45.3,80.12,441.82000000000005,66.6,open_meteo_era5_synthetic
4,2024-10-05,0.0,32.5,53.3,82.0,440.95000000000005,66.3,open_meteo_era5_synthetic
4,2024-10-06,0.0,31.7,42.4,79.06,418.29,57.7,open_meteo_era5_synthetic
4,2024-10-07,0.0,30.4,42.3,77.5,416.99,57.2,open_meteo_era5_synthetic
4,2024-10-08,0.0,31.3,47.4,79.41,341.01000000000005,28.6,open_meteo_era5_synthetic
4,2024-10-09,0.0,32.4,45.0,80.47,336.94000000000005,27.0,open_meteo_era5_synthetic
4,2024-10-10,0.0,31.4,42.9,78.77,336.94000000000005,27.0,open_meteo_era5_synthetic
4,2024-10-11,1.34,33.1,49.8,82.21,304.47,14.8,open_meteo_era5_synthetic
4,2024-10-12,0.0,33.0,39.2,80.08,274.32,3.4,open_meteo_era5_synthetic
4,2024-10-13,0.0,32.4,48.9,81.12,274.32,3.4,open_meteo_era5_synthetic
4,2024-10-14,29.1,30.7,37.4,77.08,293.79,10.8,open_meteo_era5_synthetic
4,2024-10-15,3.96,30.8,41.7,77.85,251.27,-5.3,open_meteo_era5_synthetic
4,2024-10-16,0.0,31.6,44.4,79.32,223.42000000000002,-15.8,open_meteo_era5_synthetic
4,2024-10-17,2.85,35.3,47.7,84.61,226.27,-14.7,open_meteo_era5_synthetic
4,2024-10-18,2.37,30.4,40.1,77.14,211.13,-20.4,open_meteo_era5_synthetic
4,2024-10-19,19.69,33.9,39.6,81.23,214.36,-19.2,open_meteo_era5_synthetic
4,2024-10-20,0.0,28.2,41.4,74.64,214.36,-19.2,open_meteo_era5_synthetic
4,2024-10-21,0.0,32.2,50.3,81.16,183.1,-31.0,open_meteo_era5_synthetic
4,2024-10-22,0.0,35.0,43.1,83.27,183.1,-31.0,open_meteo_era5_synthetic
4,2024-10-23,5.5,27.5,43.0,74.04,188.6,-28.9,open_meteo_era5_synthetic
4,2024-10-24,6.85,27.6,54.1,75.66,182.29,-31.3,open_meteo_era5_synthetic
4,2024-10-25,0.0,33.1,33.7,79.2,182.29,-31.3,open_meteo_era5_synthetic
4,2024-10-26,13.3,33.1,33.6,79.16,158.59,-40.2,open_meteo_era5_synthetic
4,2024-10-27,0.0,34.5,46.9,83.45,122.5,-53.8,open_meteo_era5_synthetic
4,2024-10-28,0.0,30.7,44.8,78.26,84.96000000000001,-68.0,open_meteo_era5_synthetic
4,2024-10-29,16.32,33.3,42.0,81.02,101.28,-61.8,open_meteo_era5_synthetic
4,2024-10-30,16.44,33.1,46.1,81.48,117.72000000000001,-55.6,open_meteo_era5_synthetic
4,2024-10-31,0.0,26.3,44.9,72.84,117.72,-55.6,open_meteo_era5_synthetic
4,2024-11-01,0.0,32.1,41.8,79.5,117.72,59.4,open_meteo_era5_synthetic
4,2024-11-02,0.0,32.5,36.5,78.96,117.72,59.4,open_meteo_era5_synthetic
4,2024-11-03,9.94,28.5,33.5,73.88,127.66,72.8,open_meteo_era5_synthetic
4,2024-11-04,0.0,31.4,38.3,78.02,127.66,72.8,open_meteo_era5_synthetic
4,2024-11-05,0.0,30.7,36.6,76.89,127.66,72.8,open_meteo_era5_synthetic
4,2024-11-06,0.0,26.9,47.0,73.76,127.66,72.8,open_meteo_era5_synthetic
4,2024-11-07,7.24,31.3,38.4,77.88,134.9,82.6,open_meteo_era5_synthetic
4,2024-11-08,0.0,31.1,43.3,78.46,134.9,82.6,open_meteo_era5_synthetic
4,2024-11-09,0.0,32.1,43.4,79.75,134.9,82.6,open_meteo_era5_synthetic
4,2024-11-10,0.0,30.0,27.3,74.63,133.56,80.8,open_meteo_era5_synthetic
4,2024-11-11,0.0,28.9,38.0,75.05,133.56,80.8,open_meteo_era5_synthetic
4,2024-11-12,1.08,28.9,42.1,75.63,134.64,82.3,open_meteo_era5_synthetic
4,2024-11-13,0.0,31.4,50.3,80.01,105.53999999999999,42.9,open_meteo_era5_synthetic
4,2024-11-14,6.87,29.8,37.5,76.01,108.45,46.8,open_meteo_era5_synthetic
4,2024-11-15,0.0,30.5,40.3,77.24,108.45,46.8,open_meteo_era5_synthetic
4,2024-11-16,1.96,30.8,38.9,77.41,107.56,45.6,open_meteo_era5_synthetic
4,2024-11-17,0.0,29.7,43.1,76.74,105.19,42.4,open_meteo_era5_synthetic
4,2024-11-18,0.0,25.7,53.1,72.91,85.5,15.7,open_meteo_era5_synthetic
4,2024-11-19,0.0,31.9,45.2,79.89,85.5,15.7,open_meteo_era5_synthetic
4,2024-11-20,0.0,28.6,45.6,75.71,85.5,15.7,open_meteo_era5_synthetic
4,2024-11-21,0.0,31.4,30.5,76.74,85.5,15.7,open_meteo_era5_synthetic
4,2024-11-22,0.0,29.7,38.2,75.98,80.0,8.3,open_meteo_era5_synthetic
4,2024-11-23,0.0,27.4,32.5,72.59,73.15,-1.0,open_meteo_era5_synthetic
4,2024-11-24,0.0,31.7,30.3,77.05,73.15,-1.0,open_meteo_era5_synthetic
4,2024-11-25,0.0,28.8,47.6,76.34,59.85,-19.0,open_meteo_era5_synthetic
4,2024-11-26,0.0,28.6,46.2,75.8,59.85,-19.0,open_meteo_era5_synthetic
4,2024-11-27,0.0,31.0,26.9,75.66,59.85,-19.0,open_meteo_era5_synthetic
4,2024-11-28,5.16,27.4,35.0,72.87,48.69,-34.1,open_meteo_era5_synthetic
4,2024-11-29,0.0,27.3,31.5,72.29,32.25,-56.3,open_meteo_era5_synthetic
4,2024-11-30,0.0,27.2,38.8,73.11,32.25,-56.3,open_meteo_era5_synthetic
4,2024-12-01,0.0,30.1,37.8,76.44,32.25,370.3,open_meteo_era5_synthetic
4,2024-12-02,0.0,26.4,41.1,72.42,32.25,370.3,open_meteo_era5_synthetic
4,2024-12-03,0.0,27.6,36.3,73.23,22.31,225.3,open_meteo_era5_synthetic
4,2024-12-04,0.0,29.0,35.8,74.79,22.310000000000002,225.3,open_meteo_era5_synthetic
4,2024-12-05,0.0,30.4,32.5,75.93,22.310000000000002,225.3,open_meteo_era5_synthetic
4,2024-12-06,0.0,26.9,46.5,73.78,22.310000000000002,225.3,open_meteo_era5_synthetic
4,2024-12-07,0.0,25.8,37.0,71.28,15.07,119.8,open_meteo_era5_synthetic
4,2024-12-08,1.3,29.2,38.2,75.39,16.37,138.7,open_meteo_era5_synthetic
4,2024-12-09,0.0,29.8,32.2,75.21,16.37,138.7,open_meteo_era5_synthetic
4,2024-12-10,0.0,27.6,43.5,74.25,16.37,138.7,open_meteo_era5_synthetic
4,2024-12-11,0.0,27.6,42.7,74.09,16.37,138.7,open_meteo_era5_synthetic
4,2024-12-12,0.0,30.2,49.0,78.36,15.290000000000001,123.0,open_meteo_era5_synthetic
4,2024-12-13,0.0,31.7,38.3,78.36,15.290000000000001,123.0,open_meteo_era5_synthetic
4,2024-12-14,0.0,28.8,43.4,75.74,8.420000000000002,22.8,open_meteo_era5_synthetic
4,2024-12-15,0.0,29.0,31.0,74.11,8.420000000000002,22.8,open_meteo_era5_synthetic
4,2024-12-16,0.0,30.1,42.1,77.04,6.46,-5.8,open_meteo_era5_synthetic
4,2024-12-17,0.0,31.6,51.6,80.58,6.46,-5.8,open_meteo_era5_synthetic
4,2024-12-18,0.0,30.9,35.0,76.85,6.46,-5.8,open_meteo_era5_synthetic
4,2024-12-19,0.0,29.0,33.7,74.46,6.46,-5.8,open_meteo_era5_synthetic
4,2024-12-20,0.0,29.4,45.8,76.83,6.46,-5.8,open_meteo_era5_synthetic
4,2024-12-21,0.0,27.8,42.8,74.34,6.46,-5.8,open_meteo_era5_synthetic
4,2024-12-22,0.0,27.9,47.4,75.17,6.46,-5.8,open_meteo_era5_synthetic
4,2024-12-23,0.0,28.4,47.3,75.74,6.46,-5.8,open_meteo_era5_synthetic
4,2024-12-24,0.0,27.9,45.0,74.79,6.46,-5.8,open_meteo_era5_synthetic
4,2024-12-25,0.0,26.7,35.8,72.16,6.46,-5.8,open_meteo_era5_synthetic
4,2024-12-26,0.0,34.0,40.2,81.5,6.46,-5.8,open_meteo_era5_synthetic
4,2024-12-27,0.0,27.6,34.4,73.01,6.46,-5.8,open_meteo_era5_synthetic
4,2024-12-28,1.32,27.1,32.0,72.11,2.62,-61.8,open_meteo_era5_synthetic
4,2024-12-29,0.0,25.6,36.7,71.0,2.62,-61.8,open_meteo_era5_synthetic
4,2024-12-30,0.0,32.1,46.9,80.39,2.62,-61.8,open_meteo_era5_synthetic
4,2024-12-31,0.0,26.2,40.4,72.12,2.62,-61.8,open_meteo_era5_synthetic
4,2025-01-01,0.0,34.5,38.1,81.6,2.62,171.4,open_meteo_era5_synthetic
4,2025-01-02,0.0,29.2,34.0,74.74,2.62,171.4,open_meteo_era5_synthetic
4,2025-01-03,0.0,28.6,31.2,73.73,2.62,171.4,open_meteo_era5_synthetic
4,2025-01-04,0.0,28.4,40.3,74.77,2.62,171.4,open_meteo_era5_synthetic
4,2025-01-05,0.0,31.6,27.0,76.36,2.62,171.4,open_meteo_era5_synthetic
4,2025-01-06,0.0,31.7,38.2,78.33,2.62,171.4,open_meteo_era5_synthetic
4,2025-01-07,0.0,31.1,34.5,77.06,1.32,36.7,open_meteo_era5_synthetic
4,2025-01-08,0.0,30.4,30.5,75.6,1.32,36.7,open_meteo_era5_synthetic
4,2025-01-09,0.0,31.5,28.1,76.42,1.32,36.7,open_meteo_era5_synthetic
4,2025-01-10,0.0,32.1,41.9,79.52,1.32,36.7,open_meteo_era5_synthetic
4,2025-01-11,0.0,29.6,39.8,76.16,1.32,36.7,open_meteo_era5_synthetic
4,2025-01-12,0.0,31.1,41.7,78.18,1.32,36.7,open_meteo_era5_synthetic
4,2025-01-13,0.0,28.3,44.7,75.23,1.32,36.7,open_meteo_era5_synthetic
4,2025-01-14,0.0,31.6,35.5,77.78,1.32,36.7,open_meteo_era5_synthetic
4,2025-01-15,0.0,31.2,47.3,79.28,1.32,36.7,open_meteo_era5_synthetic
4,2025-01-16,0.0,31.6,40.9,78.71,1.32,36.7,open_meteo_era5_synthetic
4,2025-01-17,0.0,31.4,31.1,76.8,1.32,36.7,open_meteo_era5_synthetic
4,2025-01-18,0.0,28.6,32.3,73.86,1.32,36.7,open_meteo_era5_synthetic
4,2025-01-19,0.0,29.3,40.5,75.84,1.32,36.7,open_meteo_era5_synthetic
4,2025-01-20,0.41,30.8,32.8,76.37,1.73,79.2,open_meteo_era5_synthetic
4,2025-01-21,0.0,27.5,29.6,72.28,1.73,79.2,open_meteo_era5_synthetic
4,2025-01-22,0.0,29.2,42.6,76.07,1.73,79.2,open_meteo_era5_synthetic
4,2025-01-23,0.0,32.4,44.6,80.36,1.73,79.2,open_meteo_era5_synthetic
4,2025-01-24,0.0,30.9,49.6,79.25,1.73,79.2,open_meteo_era5_synthetic
4,2025-01-25,0.0,27.6,35.3,73.18,1.73,79.2,open_meteo_era5_synthetic
4,2025-01-26,0.0,29.5,44.1,76.61,1.73,79.2,open_meteo_era5_synthetic
4,2025-01-27,0.0,29.0,34.4,74.59,0.41,-57.5,open_meteo_era5_synthetic
4,2025-01-28,0.0,31.6,39.9,78.59,0.41,-57.5,open_meteo_era5_synthetic
4,2025-01-29,0.0,28.5,25.3,72.75,0.41,-57.5,open_meteo_era5_synthetic
4,2025-01-30,0.0,31.4,25.8,75.86,0.41,-57.5,open_meteo_era5_synthetic
4,2025-01-31,0.0,30.1,39.2,76.62,0.41,-57.5,open_meteo_era5_synthetic
4,2025-02-01,0.0,32.7,43.3,80.46,0.41,-57.4,open_meteo_era5_synthetic
4,2025-02-02,0.0,33.1,31.4,78.8,0.41,-57.4,open_meteo_era5_synthetic
4,2025-02-03,0.0,32.8,33.5,78.79,0.41,-57.4,open_meteo_era5_synthetic
4,2025-02-04,0.0,33.1,44.1,81.13,0.41,-57.4,open_meteo_era5_synthetic
4,2025-02-05,0.0,34.0,39.8,81.38,0.41,-57.4,open_meteo_era5_synthetic
4,2025-02-06,0.0,32.2,26.6,76.87,0.41,-57.4,open_meteo_era5_synthetic
4,2025-02-07,0.0,34.5,29.7,79.92,0.41,-57.4,open_meteo_era5_synthetic
4,2025-02-08,0.0,35.2,39.3,82.7,0.41,-57.4,open_meteo_era5_synthetic
4,2025-02-09,0.0,32.8,40.6,80.06,0.41,-57.4,open_meteo_era5_synthetic
4,2025-02-10,0.0,31.4,37.9,78.0,0.41,-57.4,open_meteo_era5_synthetic
4,2025-02-11,0.0,31.9,41.3,79.14,0.41,-57.4,open_meteo_era5_synthetic
4,2025-02-12,0.0,32.9,38.1,79.77,0.41,-57.4,open_meteo_era5_synthetic
4,2025-02-13,0.0,30.7,23.7,74.83,0.41,-57.4,open_meteo_era5_synthetic
4,2025-02-14,0.0,30.9,38.4,77.51,0.41,-57.4,open_meteo_era5_synthetic
4,2025-02-15,0.0,35.8,39.4,83.49,0.41,-57.4,open_meteo_era5_synthetic
4,2025-02-16,0.0,31.0,30.2,76.19,0.41,-57.4,open_meteo_era5_synthetic
4,2025-02-17,0.0,30.1,36.9,76.3,0.41,-57.4,open_meteo_era5_synthetic
4,2025-02-18,0.0,31.0,28.4,75.88,0.41,-57.4,open_meteo_era5_synthetic
4,2025-02-19,0.0,32.1,27.1,76.9,0.0,-100.0,open_meteo_era5_synthetic
4,2025-02-20,0.0,29.6,35.9,75.53,0.0,-100.0,open_meteo_era5_synthetic
4,2025-02-21,0.0,33.4,34.6,79.66,0.0,-100.0,open_meteo_era5_synthetic
4,2025-02-22,0.0,33.7,38.6,80.8,0.0,-100.0,open_meteo_era5_synthetic
4,2025-02-23,0.0,34.5,33.9,80.76,0.0,-100.0,open_meteo_era5_synthetic
4,2025-02-24,0.0,30.6,42.8,77.81,0.0,-100.0,open_meteo_era5_synthetic
4,2025-02-25,0.0,32.5,40.8,79.76,0.0,-100.0,open_meteo_era5_synthetic
4,2025-02-26,0.0,36.7,44.0,85.54,0.0,-100.0,open_meteo_era5_synthetic
4,2025-02-27,0.0,29.6,31.3,74.86,0.0,-100.0,open_meteo_era5_synthetic
4,2025-02-28,0.0,31.0,26.9,75.7,0.0,-100.0,open_meteo_era5_synthetic
4,2025-03-01,0.0,34.6,33.3,80.84,0.0,-100.0,open_meteo_era5_synthetic
4,2025-03-02,0.0,34.0,29.7,79.41,0.0,-100.0,open_meteo_era5_synthetic
4,2025-03-03,0.0,35.3,46.5,84.33,0.0,-100.0,open_meteo_era5_synthetic
4,2025-03-04,0.0,32.7,35.2,78.99,0.0,-100.0,open_meteo_era5_synthetic
4,2025-03-05,0.0,33.9,31.9,79.77,0.0,-100.0,open_meteo_era5_synthetic
4,2025-03-06,0.0,36.9,49.7,87.15,0.0,-100.0,open_meteo_era5_synthetic
4,2025-03-07,0.0,33.1,45.3,81.39,0.0,-100.0,open_meteo_era5_synthetic
4,2025-03-08,0.0,36.6,45.8,85.79,0.0,-100.0,open_meteo_era5_synthetic
4,2025-03-09,0.0,34.8,31.8,80.72,0.0,-100.0,open_meteo_era5_synthetic
4,2025-03-10,0.0,33.5,42.1,81.27,0.0,-100.0,open_meteo_era5_synthetic
4,2025-03-11,0.0,34.4,24.9,78.91,0.0,-100.0,open_meteo_era5_synthetic
4,2025-03-12,0.0,34.1,33.5,80.28,0.0,-100.0,open_meteo_era5_synthetic
4,2025-03-13,0.0,36.4,43.9,85.23,0.0,-100.0,open_meteo_era5_synthetic
4,2025-03-14,0.52,33.8,37.7,80.7,0.52,-72.9,open_meteo_era5_synthetic
4,2025-03-15,0.0,34.7,44.4,83.23,0.52,-72.9,open_meteo_era5_synthetic
4,2025-03-16,0.0,33.5,35.6,80.04,0.52,-72.9,open_meteo_era5_synthetic
4,2025-03-17,0.0,37.8,41.8,86.42,0.52,-72.9,open_meteo_era5_synthetic
4,2025-03-18,0.0,36.4,32.1,82.6,0.52,-72.9,open_meteo_era5_synthetic
4,2025-03-19,0.0,33.5,29.1,78.8,0.52,-72.9,open_meteo_era5_synthetic
4,2025-03-20,1.11,34.3,50.8,83.95,1.6300000000000001,-15.1,open_meteo_era5_synthetic
4,2025-03-21,0.0,33.5,37.6,80.36,1.6300000000000001,-15.1,open_meteo_era5_synthetic
4,2025-03-22,0.0,35.3,47.5,84.59,1.6300000000000001,-15.1,open_meteo_era5_synthetic
4,2025-03-23,0.0,37.1,37.6,84.58,1.6300000000000001,-15.1,open_meteo_era5_synthetic
4,2025-03-24,0.0,34.1,37.8,81.12,1.6300000000000001,-15.1,open_meteo_era5_synthetic
4,2025-03-25,0.0,36.9,32.5,83.19,1.6300000000000001,-15.1,open_meteo_era5_synthetic
4,2025-03-26,0.31,35.4,28.8,80.77,1.9400000000000002,1.1,open_meteo_era5_synthetic
4,2025-03-27,1.32,34.7,49.2,84.16,3.2600000000000002,69.9,open_meteo_era5_synthetic
4,2025-03-28,0.0,36.0,42.7,84.45,3.2600000000000002,69.9,open_meteo_era5_synthetic
4,2025-03-29,0.0,36.5,35.2,83.35,3.2600000000000002,69.9,open_meteo_era5_synthetic
4,2025-03-30,0.0,33.3,35.9,79.88,3.2600000000000002,69.9,open_meteo_era5_synthetic
4,2025-03-31,0.99,34.2,35.2,80.75,4.25,121.5,open_meteo_era5_synthetic
4,2025-04-01,0.0,36.7,28.0,81.96,4.25,-20.3,open_meteo_era5_synthetic
4,2025-04-02,0.0,38.3,42.7,87.28,4.25,-20.3,open_meteo_era5_synthetic
4,2025-04-03,0.0,35.1,29.8,80.6,4.25,-20.3,open_meteo_era5_synthetic
4,2025-04-04,0.0,38.6,43.6,87.85,4.25,-20.3,open_meteo_era5_synthetic
4,2025-04-05,2.01,36.3,36.2,83.4,6.26,17.4,open_meteo_era5_synthetic
4,2025-04-06,0.0,36.5,37.5,83.82,6.26,17.4,open_meteo_era5_synthetic
4,2025-04-07,0.0,37.6,40.5,85.82,6.26,17.4,open_meteo_era5_synthetic
4,2025-04-08,0.0,38.0,38.4,85.81,6.26,17.4,open_meteo_era5_synthetic
4,2025-04-09,0.0,37.7,32.7,84.15,6.26,17.4,open_meteo_era5_synthetic
4,2025-04-10,1.19,38.3,52.2,89.51,7.449999999999999,39.7,open_meteo_era5_synthetic
4,2025-04-11,1.67,35.6,35.0,82.27,9.12,71.0,open_meteo_era5_synthetic
4,2025-04-12,0.0,35.3,28.4,80.53,9.12,71.0,open_meteo_era5_synthetic
4,2025-04-13,0.0,39.4,35.3,86.79,8.6,61.3,open_meteo_era5_synthetic
4,2025-04-14,0.0,33.8,35.1,80.26,8.6,61.3,open_meteo_era5_synthetic
4,2025-04-15,0.0,38.0,41.3,86.51,8.6,61.3,open_meteo_era5_synthetic
4,2025-04-16,0.0,35.2,50.3,84.97,8.6,61.3,open_meteo_era5_synthetic
4,2025-04-17,0.0,39.3,49.4,90.14,8.6,61.3,open_meteo_era5_synthetic
4,2025-04-18,0.0,34.4,41.4,82.19,8.6,61.3,open_meteo_era5_synthetic
4,2025-04-19,0.0,36.2,33.7,82.67,7.49,40.4,open_meteo_era5_synthetic
4,2025-04-20,0.0,36.7,45.5,85.92,7.49,40.4,open_meteo_era5_synthetic
4,2025-04-21,0.0,38.1,35.8,85.37,7.49,40.4,open_meteo_era5_synthetic
4,2025-04-22,0.0,34.8,46.6,83.75,7.49,40.4,open_meteo_era5_synthetic
4,2025-04-23,0.0,36.6,45.8,85.9,7.49,40.4,open_meteo_era5_synthetic
4,2025-04-24,0.0,35.1,52.0,85.2,7.49,40.4,open_meteo_era5_synthetic
4,2025-04-25,0.0,35.3,45.2,84.1,7.18,34.6,open_meteo_era5_synthetic
4,2025-04-26,0.0,38.7,36.8,86.3,5.859999999999999,9.9,open_meteo_era5_synthetic
4,2025-04-27,0.0,39.9,36.5,87.63,5.859999999999999,9.9,open_meteo_era5_synthetic
4,2025-04-28,0.0,36.8,42.5,85.35,5.859999999999999,9.9,open_meteo_era5_synthetic
4,2025-04-29,1.21,35.8,41.1,83.81,7.0699999999999985,32.6,open_meteo_era5_synthetic
4,2025-04-30,0.0,38.4,43.6,87.54,6.08,14.0,open_meteo_era5_synthetic
4,2025-05-01,3.91,38.7,50.4,89.57,9.99,-38.2,open_meteo_era5_synthetic
4,2025-05-02,0.0,38.1,35.9,85.38,9.99,-38.2,open_meteo_era5_synthetic
4,2025-05-03,0.0,35.6,41.2,83.65,9.99,-38.2,open_meteo_era5_synthetic
4,2025-05-04,0.0,36.3,46.8,85.73,9.99,-38.2,open_meteo_era5_synthetic
4,2025-05-05,0.35,32.6,37.1,79.22,8.33,-48.5,open_meteo_era5_synthetic
4,2025-05-06,0.0,35.4,53.1,85.83,8.33,-48.5,open_meteo_era5_synthetic
4,2025-05-07,0.0,35.1,38.5,82.47,8.33,-48.5,open_meteo_era5_synthetic
4,2025-05-08,0.0,36.3,36.0,83.32,8.33,-48.5,open_meteo_era5_synthetic
4,2025-05-09,0.0,36.7,41.9,85.08,8.33,-48.5,open_meteo_era5_synthetic
4,2025-05-10,0.0,38.0,44.5,87.25,7.140000000000001,-55.8,open_meteo_era5_synthetic
4,2025-05-11,0.0,35.5,41.4,83.55,5.470000000000001,-66.2,open_meteo_era5_synthetic
4,2025-05-12,0.0,33.3,39.9,80.56,5.470000000000001,-66.2,open_meteo_era5_synthetic
4,2025-05-13,0.0,36.9,50.3,87.19,5.470000000000001,-66.2,open_meteo_era5_synthetic
4,2025-05-14,0.0,38.2,35.1,85.3,5.470000000000001,-66.2,open_meteo_era5_synthetic
4,2025-05-15,0.0,33.1,41.9,80.73,5.470000000000001,-66.2,open_meteo_era5_synthetic
4,2025-05-16,0.0,35.1,42.7,83.3,5.470000000000001,-66.2,open_meteo_era5_synthetic
4,2025-05-17,0.0,38.5,51.5,89.56,5.470000000000001,-66.2,open_meteo_era5_synthetic
4,2025-05-18,2.93,32.5,37.9,79.23,8.4,-48.0,open_meteo_era5_synthetic
4,2025-05-19,0.0,38.9,29.3,84.74,8.4,-48.0,open_meteo_era5_synthetic
4,2025-05-20,0.0,37.1,42.4,85.68,8.4,-48.0,open_meteo_era5_synthetic
4,2025-05-21,0.0,36.8,44.4,85.79,8.4,-48.0,open_meteo_era5_synthetic
4,2025-05-22,0.0,37.6,33.5,84.29,8.4,-48.0,open_meteo_era5_synthetic
4,2025-05-23,0.42,36.4,43.3,85.0,8.82,-45.4,open_meteo_era5_synthetic
4,2025-05-24,0.0,37.0,47.2,86.63,8.82,-45.4,open_meteo_era5_synthetic
4,2025-05-25,0.0,34.1,45.7,82.7,8.82,-45.4,open_meteo_era5_synthetic
4,2025-05-26,0.0,30.9,40.8,77.91,8.82,-45.4,open_meteo_era5_synthetic
4,2025-05-27,0.0,37.6,37.9,85.21,8.82,-45.4,open_meteo_era5_synthetic
4,2025-05-28,0.0,39.8,36.7,87.52,8.82,-45.4,open_meteo_era5_synthetic
4,2025-05-29,5.09,36.5,42.8,85.04,12.7,-21.4,open_meteo_era5_synthetic
4,2025-05-30,12.73,34.4,54.1,84.68,25.43,57.3,open_meteo_era5_synthetic
4,2025-05-31,3.74,35.3,41.9,83.36,25.259999999999998,56.3,open_meteo_era5_synthetic
4,2025-06-01,94.11,31.4,74.2,84.08,119.37,-81.0,open_meteo_era5_synthetic
4,2025-06-02,0.0,30.6,65.0,81.38,119.36999999999999,-81.0,open_meteo_era5_synthetic
4,2025-06-03,93.81,31.3,58.8,81.44,213.18,-66.0,open_meteo_era5_synthetic
4,2025-06-04,75.29,29.6,63.5,79.73,288.12,-54.0,open_meteo_era5_synthetic
4,2025-06-05,0.0,28.1,65.6,77.8,288.12,-54.0,open_meteo_era5_synthetic
4,2025-06-06,0.0,29.7,69.4,80.74,288.12,-54.0,open_meteo_era5_synthetic
4,2025-06-07,54.76,31.4,63.3,82.35,342.88,-45.3,open_meteo_era5_synthetic
4,2025-06-08,20.76,29.0,57.9,77.99,363.64,-42.0,open_meteo_era5_synthetic
4,2025-06-09,0.0,27.9,65.0,77.56,363.64,-42.0,open_meteo_era5_synthetic
4,2025-06-10,2.74,29.9,70.0,81.24,366.38,-41.6,open_meteo_era5_synthetic
4,2025-06-11,130.54,32.1,68.0,84.14,496.91999999999996,-20.7,open_meteo_era5_synthetic
4,2025-06-12,0.0,28.9,61.2,78.38,496.91999999999996,-20.7,open_meteo_era5_synthetic
4,2025-06-13,98.69,30.0,71.3,81.55,595.61,-5.0,open_meteo_era5_synthetic
4,2025-06-14,0.0,27.8,74.3,78.6,595.61,-5.0,open_meteo_era5_synthetic
4,2025-06-15,40.34,29.5,76.0,81.41,635.95,1.4,open_meteo_era5_synthetic
4,2025-06-16,79.92,29.7,70.2,80.96,715.87,14.2,open_meteo_era5_synthetic
4,2025-06-17,28.86,32.0,72.1,84.61,741.8000000000001,18.3,open_meteo_era5_synthetic
4,2025-06-18,65.27,29.7,63.2,79.85,807.07,28.7,open_meteo_era5_synthetic
4,2025-06-19,16.21,31.1,59.8,81.23,823.2800000000001,31.3,open_meteo_era5_synthetic
4,2025-06-20,12.94,30.9,64.1,81.72,836.22,33.4,open_meteo_era5_synthetic
4,2025-06-21,37.19,27.3,57.4,75.59,873.4100000000001,39.3,open_meteo_era5_synthetic
4,2025-06-22,0.0,29.9,73.1,81.58,872.99,39.3,open_meteo_era5_synthetic
4,2025-06-23,0.0,30.8,66.1,81.94,872.99,39.3,open_meteo_era5_synthetic
4,2025-06-24,11.67,29.9,58.6,79.41,884.66,41.1,open_meteo_era5_synthetic
4,2025-06-25,0.0,28.1,55.4,76.53,884.66,41.1,open_meteo_era5_synthetic
4,2025-06-26,0.0,27.3,74.4,77.88,884.66,41.1,open_meteo_era5_synthetic
4,2025-06-27,0.0,25.8,60.1,73.86,884.66,41.1,open_meteo_era5_synthetic
4,2025-06-28,10.17,30.8,67.4,82.13,889.7399999999999,41.9,open_meteo_era5_synthetic
4,2025-06-29,177.61,31.4,58.7,81.45,1054.6200000000001,68.2,open_meteo_era5_synthetic
4,2025-06-30,91.96,28.0,61.2,77.17,1142.84,82.3,open_meteo_era5_synthetic
4,2025-07-01,165.84,24.5,64.4,72.47,1214.57,-10.8,open_meteo_era5_synthetic
4,2025-07-02,183.52,26.0,69.3,75.27,1398.09,2.6,open_meteo_era5_synthetic
4,2025-07-03,0.0,24.6,80.5,74.26,1304.28,-4.2,open_meteo_era5_synthetic
4,2025-07-04,40.75,29.4,75.3,81.23,1269.74,-6.8,open_meteo_era5_synthetic
4,2025-07-05,96.12,25.7,72.6,75.18,1365.86,0.3,open_meteo_era5_synthetic
4,2025-07-06,0.0,25.6,58.6,73.47,1365.86,0.3,open_meteo_era5_synthetic
4,2025-07-07,0.0,25.7,71.5,75.02,1311.1,-3.7,open_meteo_era5_synthetic
4,2025-07-08,116.05,25.2,80.5,75.3,1406.39,3.3,open_meteo_era5_synthetic
4,2025-07-09,48.99,27.2,65.9,76.65,1455.38,6.9,open_meteo_era5_synthetic
4,2025-07-10,25.42,26.5,75.7,76.83,1478.06,8.5,open_meteo_era5_synthetic
4,2025-07-11,0.0,27.4,63.8,76.58,1347.52,-1.1,open_meteo_era5_synthetic
4,2025-07-12,2.4,25.4,63.7,73.76,1349.92,-0.9,open_meteo_era5_synthetic
4,2025-07-13,0.0,23.6,78.2,72.42,1251.23,-8.1,open_meteo_era5_synthetic
4,2025-07-14,0.0,26.9,66.8,76.22,1251.23,-8.1,open_meteo_era5_synthetic
4,2025-07-15,31.07,28.5,75.7,79.81,1241.96,-8.8,open_meteo_era5_synthetic
4,2025-07-16,15.9,25.4,83.4,75.91,1177.94,-13.5,open_meteo_era5_synthetic
4,2025-07-17,54.57,29.9,71.7,81.41,1203.6499999999999,-11.6,open_meteo_era5_synthetic
4,2025-07-18,126.62,26.2,74.2,76.11,1265.0,-7.1,open_meteo_era5_synthetic
4,2025-07-19,43.86,26.5,64.0,75.34,1292.65,-5.1,open_meteo_era5_synthetic
4,2025-07-20,39.28,28.5,74.5,79.77,1318.99,-3.2,open_meteo_era5_synthetic
4,2025-07-21,41.46,27.0,68.0,76.59,1323.26,-2.8,open_meteo_era5_synthetic
4,2025-07-22,7.09,23.7,70.0,71.91,1330.35,-2.3,open_meteo_era5_synthetic
4,2025-07-23,67.53,25.5,69.5,74.47,1397.8799999999999,2.6,open_meteo_era5_synthetic
4,2025-07-24,0.0,26.3,74.4,76.37,1386.2099999999998,1.8,open_meteo_era5_synthetic
4,2025-07-25,27.14,26.4,70.9,76.04,1413.35,3.8,open_meteo_era5_synthetic
4,2025-07-26,17.43,27.2,70.1,77.16,1430.78,5.0,open_meteo_era5_synthetic
4,2025-07-27,119.8,26.2,74.0,76.04,1550.58,13.8,open_meteo_era5_synthetic
4,2025-07-28,18.44,29.0,78.9,81.16,1558.8500000000001,14.4,open_meteo_era5_synthetic
4,2025-07-29,25.68,29.5,79.7,81.98,1406.9199999999998,3.3,open_meteo_era5_synthetic
4,2025-07-30,0.0,27.7,71.2,78.09,1314.9599999999998,-3.5,open_meteo_era5_synthetic
4,2025-07-31,0.0,26.4,78.8,76.92,1149.12,-15.6,open_meteo_era5_synthetic
4,2025-08-01,54.16,29.4,62.8,79.33,1019.76,31.8,open_meteo_era5_synthetic
4,2025-08-02,2.64,27.0,69.2,76.75,1022.4,32.2,open_meteo_era5_synthetic
4,2025-08-03,26.75,26.7,69.9,76.33,1008.4,30.4,open_meteo_era5_synthetic
4,2025-08-04,6.45,25.1,58.5,72.73,918.73,18.8,open_meteo_era5_synthetic
4,2025-08-05,50.27,28.2,61.3,77.43,969.0,25.3,open_meteo_era5_synthetic
4,2025-08-06,0.0,29.2,60.7,78.73,969.0,25.3,open_meteo_era5_synthetic
4,2025-08-07,0.0,26.8,55.6,74.7,852.9499999999999,10.3,open_meteo_era5_synthetic
4,2025-08-08,0.0,24.7,69.9,73.3,803.9599999999999,3.9,open_meteo_era5_synthetic
4,2025-08-09,36.3,22.8,57.4,69.47,814.8399999999999,5.3,open_meteo_era5_synthetic
4,2025-08-10,22.44,30.4,58.5,80.11,837.28,8.2,open_meteo_era5_synthetic
4,2025-08-11,135.25,26.9,53.8,74.64,970.13,25.4,open_meteo_era5_synthetic
4,2025-08-12,13.96,26.6,59.4,74.97,984.0899999999999,27.2,open_meteo_era5_synthetic
4,2025-08-13,44.24,28.4,57.3,77.21,1028.33,32.9,open_meteo_era5_synthetic
4,2025-08-14,36.17,26.5,54.4,74.17,1033.4299999999998,33.6,open_meteo_era5_synthetic
4,2025-08-15,0.0,30.0,59.4,79.62,1017.53,31.6,open_meteo_era5_synthetic
4,2025-08-16,3.16,25.9,66.0,74.68,966.12,24.9,open_meteo_era5_synthetic
4,2025-08-17,0.0,25.8,58.5,73.65,839.5,8.5,open_meteo_era5_synthetic
4,2025-08-18,0.0,28.4,58.5,77.27,795.64,2.9,open_meteo_era5_synthetic
4,2025-08-19,31.29,27.3,50.0,74.7,787.6499999999999,1.8,open_meteo_era5_synthetic
4,2025-08-20,31.5,29.7,60.4,79.36,777.6899999999999,0.5,open_meteo_era5_synthetic
4,2025-08-21,54.27,25.2,58.7,72.84,824.8699999999999,6.6,open_meteo_era5_synthetic
4,2025-08-22,14.74,29.9,54.3,78.72,772.0799999999999,-0.2,open_meteo_era5_synthetic
4,2025-08-23,32.16,27.6,61.1,76.59,804.24,4.0,open_meteo_era5_synthetic
4,2025-08-24,0.0,24.9,55.4,72.19,777.1,0.5,open_meteo_era5_synthetic
4,2025-08-25,0.0,25.3,57.8,72.99,759.67,-1.8,open_meteo_era5_synthetic
4,2025-08-26,19.71,27.0,59.0,75.37,659.5799999999999,-14.7,open_meteo_era5_synthetic
4,2025-08-27,28.6,25.7,46.5,72.24,669.7399999999999,-13.4,open_meteo_era5_synthetic
4,2025-08-28,16.1,25.6,50.3,72.51,660.16,-14.7,open_meteo_era5_synthetic
4,2025-08-29,19.33,27.3,52.1,74.92,679.49,-12.2,open_meteo_era5_synthetic
4,2025-08-30,10.51,26.2,70.8,75.67,690.0,-10.8,open_meteo_era5_synthetic
4,2025-08-31,1.7,26.7,67.2,76.02,637.5399999999998,-17.6,open_meteo_era5_synthetic
4,2025-09-01,36.2,31.1,43.5,78.61,671.0999999999999,3.1,open_meteo_era5_synthetic
4,2025-09-02,14.13,30.0,54.7,78.95,658.4799999999999,1.1,open_meteo_era5_synthetic
4,2025-09-03,0.0,31.0,48.8,79.36,652.03,0.2,open_meteo_era5_synthetic
4,2025-09-04,24.43,25.7,57.3,73.48,626.1899999999999,-3.8,open_meteo_era5_synthetic
4,2025-09-05,23.41,31.9,49.3,80.49,649.6,-0.2,open_meteo_era5_synthetic
4,2025-09-06,19.45,27.9,57.9,76.6,669.05,2.8,open_meteo_era5_synthetic
4,2025-09-07,9.45,29.3,57.6,78.4,678.5,4.2,open_meteo_era5_synthetic
4,2025-09-08,52.54,30.4,53.2,79.23,694.7399999999999,6.7,open_meteo_era5_synthetic
4,2025-09-09,0.0,31.2,57.0,80.95,672.3,3.3,open_meteo_era5_synthetic
4,2025-09-10,0.0,31.0,56.9,80.67,537.05,-17.5,open_meteo_era5_synthetic
4,2025-09-11,10.86,29.7,45.7,77.12,533.9499999999999,-18.0,open_meteo_era5_synthetic
4,2025-09-12,0.0,27.4,57.8,75.9,489.7099999999999,-24.8,open_meteo_era5_synthetic
4,2025-09-13,0.86,25.9,46.6,72.46,454.4,-30.2,open_meteo_era5_synthetic
4,2025-09-14,0.0,31.6,50.7,80.44,454.4,-30.2,open_meteo_era5_synthetic
4,2025-09-15,66.45,27.7,49.0,75.03,517.6899999999999,-20.5,open_meteo_era5_synthetic
4,2025-09-16,0.0,29.7,53.2,78.35,517.6899999999999,-20.5,open_meteo_era5_synthetic
4,2025-09-17,0.0,27.3,52.0,74.97,517.6899999999999,-20.5,open_meteo_era5_synthetic
4,2025-09-18,0.0,27.8,49.8,75.25,486.3999999999999,-25.3,open_meteo_era5_synthetic
4,2025-09-19,84.64,31.7,35.8,77.93,539.54,-17.1,open_meteo_era5_synthetic
4,2025-09-20,0.0,27.7,48.3,75.03,485.27,-25.5,open_meteo_era5_synthetic
4,2025-09-21,22.3,29.8,54.7,78.62,492.8299999999999,-24.3,open_meteo_era5_synthetic
4,2025-09-22,0.0,26.7,52.5,74.24,460.66999999999996,-29.2,open_meteo_era5_synthetic
4,2025-09-23,0.0,27.9,38.6,73.94,460.66999999999996,-29.2,open_meteo_era5_synthetic
4,2025-09-24,40.44,32.4,54.2,82.1,501.10999999999996,-23.0,open_meteo_era5_synthetic
4,2025-09-25,40.57,29.0,54.5,77.62,521.9699999999999,-19.8,open_meteo_era5_synthetic
4,2025-09-26,0.0,27.7,51.0,75.33,493.36999999999995,-24.2,open_meteo_era5_synthetic
4,2025-09-27,0.0,27.3,52.6,75.01,477.2699999999999,-26.7,open_meteo_era5_synthetic
4,2025-09-28,0.0,30.7,53.6,79.66,457.93999999999994,-29.7,open_meteo_era5_synthetic
4,2025-09-29,13.55,28.2,44.2,75.11,460.97999999999996,-29.2,open_meteo_era5_synthetic
4,2025-09-30,1.58,26.6,54.7,74.3,460.8599999999999,-29.2,open_meteo_era5_synthetic
4,2025-10-01,0.0,34.9,27.8,80.0,424.6599999999999,60.1,open_meteo_era5_synthetic
4,2025-10-02,0.0,31.2,52.8,80.24,410.5299999999999,54.8,open_meteo_era5_synthetic
4,2025-10-03,3.58,27.7,50.5,75.27,414.10999999999996,56.1,open_meteo_era5_synthetic
4,2025-10-04,0.0,31.8,39.5,78.75,389.67999999999995,46.9,open_meteo_era5_synthetic
4,2025-10-05,17.16,31.9,47.0,80.1,383.42999999999995,44.6,open_meteo_era5_synthetic
4,2025-10-06,0.0,31.4,43.4,78.95,363.9799999999999,37.2,open_meteo_era5_synthetic
4,2025-10-07,10.53,34.0,43.4,82.12,365.05999999999995,37.6,open_meteo_era5_synthetic
4,2025-10-08,0.0,35.1,38.4,82.4,312.52,17.8,open_meteo_era5_synthetic
4,2025-10-09,0.0,30.1,38.2,76.45,312.52,17.8,open_meteo_era5_synthetic
4,2025-10-10,0.0,30.6,38.0,77.04,312.52,17.8,open_meteo_era5_synthetic
4,2025-10-11,0.0,29.9,49.0,77.88,301.65999999999997,13.7,open_meteo_era5_synthetic
4,2025-10-12,38.9,31.8,58.2,82.02,340.55999999999995,28.4,open_meteo_era5_synthetic
4,2025-10-13,0.0,30.7,55.9,80.08,339.69999999999993,28.1,open_meteo_era5_synthetic
4,2025-10-14,1.87,29.4,31.3,74.58,341.56999999999994,28.8,open_meteo_era5_synthetic
4,2025-10-15,0.0,32.2,40.7,79.38,275.11999999999995,3.7,open_meteo_era5_synthetic
4,2025-10-16,0.0,28.2,39.2,74.34,275.11999999999995,3.7,open_meteo_era5_synthetic
4,2025-10-17,0.0,30.0,55.1,79.06,275.11999999999995,3.7,open_meteo_era5_synthetic
4,2025-10-18,0.0,33.4,39.9,80.7,275.11999999999995,3.7,open_meteo_era5_synthetic
4,2025-10-19,6.39,30.7,43.0,77.94,196.86999999999995,-25.8,open_meteo_era5_synthetic
4,2025-10-20,0.0,30.4,47.4,78.35,196.86999999999995,-25.8,open_meteo_era5_synthetic
4,2025-10-21,15.08,29.9,53.8,78.64,189.64999999999992,-28.5,open_meteo_era5_synthetic
4,2025-10-22,0.0,30.7,47.5,78.71,189.64999999999992,-28.5,open_meteo_era5_synthetic
4,2025-10-23,0.0,31.9,45.2,79.78,189.64999999999992,-28.5,open_meteo_era5_synthetic
4,2025-10-24,0.0,32.8,52.1,82.28,149.20999999999992,-43.7,open_meteo_era5_synthetic
4,2025-10-25,0.0,31.0,49.3,79.41,108.63999999999993,-59.0,open_meteo_era5_synthetic
4,2025-10-26,4.65,32.3,42.1,79.72,113.28999999999994,-57.3,open_meteo_era5_synthetic
4,2025-10-27,0.0,29.2,57.4,78.33,113.28999999999994,-57.3,open_meteo_era5_synthetic
4,2025-10-28,9.52,30.5,39.6,77.11,122.80999999999993,-53.7,open_meteo_era5_synthetic
4,2025-10-29,0.0,32.0,42.8,79.53,109.25999999999993,-58.8,open_meteo_era5_synthetic
4,2025-10-30,24.46,28.4,52.7,76.48,132.13999999999993,-50.2,open_meteo_era5_synthetic
4,2025-10-31,0.0,34.6,51.9,84.58,132.13999999999993,-50.2,open_meteo_era5_synthetic
4,2025-11-01,0.0,29.1,33.3,74.61,132.13999999999993,78.9,open_meteo_era5_synthetic
4,2025-11-02,0.0,30.0,55.1,79.05,128.55999999999995,74.0,open_meteo_era5_synthetic
4,2025-11-03,0.0,31.5,47.4,79.73,128.55999999999995,74.0,open_meteo_era5_synthetic
4,2025-11-04,0.0,33.3,46.8,81.88,111.39999999999995,50.8,open_meteo_era5_synthetic
4,2025-11-05,8.27,30.9,42.6,78.14,119.66999999999994,62.0,open_meteo_era5_synthetic
4,2025-11-06,0.0,30.6,39.4,77.3,109.13999999999994,47.7,open_meteo_era5_synthetic
4,2025-11-07,0.0,29.3,38.5,75.55,109.13999999999994,47.7,open_meteo_era5_synthetic
4,2025-11-08,0.0,29.6,37.1,75.7,109.13999999999994,47.7,open_meteo_era5_synthetic
4,2025-11-09,0.0,27.2,34.6,72.6,109.13999999999994,47.7,open_meteo_era5_synthetic
4,2025-11-10,0.0,31.6,42.0,78.88,109.13999999999994,47.7,open_meteo_era5_synthetic
4,2025-11-11,0.0,27.2,40.2,73.31,70.23999999999995,-4.9,open_meteo_era5_synthetic
4,2025-11-12,0.0,29.2,50.5,77.29,70.23999999999995,-4.9,open_meteo_era5_synthetic
4,2025-11-13,0.0,30.1,24.6,74.36,68.36999999999995,-7.5,open_meteo_era5_synthetic
4,2025-11-14,0.0,32.0,41.1,79.27,68.36999999999995,-7.5,open_meteo_era5_synthetic
4,2025-11-15,0.0,28.4,45.5,75.47,68.36999999999995,-7.5,open_meteo_era5_synthetic
4,2025-11-16,0.0,27.6,45.7,74.51,68.36999999999995,-7.5,open_meteo_era5_synthetic
4,2025-11-17,4.84,31.6,41.8,78.87,73.20999999999995,-0.9,open_meteo_era5_synthetic
4,2025-11-18,0.0,33.2,37.3,79.93,66.81999999999994,-9.5,open_meteo_era5_synthetic
4,2025-11-19,0.0,29.2,33.7,74.74,66.81999999999994,-9.5,open_meteo_era5_synthetic
4,2025-11-20,0.0,28.4,30.1,73.36,51.739999999999945,-30.0,open_meteo_era5_synthetic
4,2025-11-21,0.0,30.2,39.3,76.73,51.73999999999994,-30.0,open_meteo_era5_synthetic
4,2025-11-22,3.87,29.8,40.1,76.41,55.609999999999935,-24.7,open_meteo_era5_synthetic
4,2025-11-23,0.0,29.8,46.2,77.32,55.60999999999994,-24.7,open_meteo_era5_synthetic
4,2025-11-24,0.0,27.5,30.4,72.35,55.60999999999994,-24.7,open_meteo_era5_synthetic
4,2025-11-25,0.0,28.7,36.3,74.51,50.95999999999994,-31.0,open_meteo_era5_synthetic
4,2025-11-26,0.0,27.2,39.4,73.2,50.95999999999994,-31.0,open_meteo_era5_synthetic
4,2025-11-27,0.0,28.2,45.9,75.24,41.43999999999994,-43.9,open_meteo_era5_synthetic
4,2025-11-28,0.0,31.6,33.3,77.44,41.43999999999994,-43.9,open_meteo_era5_synthetic
4,2025-11-29,0.0,32.2,49.8,80.99,16.979999999999944,-77.0,open_meteo_era5_synthetic
4,2025-11-30,1.01,30.2,30.3,75.29,17.98999999999994,-75.6,open_meteo_era5_synthetic
4,2025-12-01,0.0,29.4,33.0,74.84,17.98999999999994,162.3,open_meteo_era5_synthetic
4,2025-12-02,0.0,30.7,37.3,77.07,17.98999999999994,162.3,open_meteo_era5_synthetic
4,2025-12-03,0.0,29.7,36.8,75.84,17.98999999999994,162.3,open_meteo_era5_synthetic
4,2025-12-04,0.0,27.9,42.5,74.49,17.98999999999994,162.3,open_meteo_era5_synthetic
4,2025-12-05,0.0,26.4,40.5,72.4,9.719999999999944,41.7,open_meteo_era5_synthetic
4,2025-12-06,0.0,29.0,42.1,75.79,9.719999999999944,41.7,open_meteo_era5_synthetic
4,2025-12-07,0.0,29.5,36.7,75.55,9.719999999999944,41.7,open_meteo_era5_synthetic
4,2025-12-08,0.0,32.0,37.9,78.65,9.719999999999944,41.7,open_meteo_era5_synthetic
4,2025-12-09,0.0,26.7,39.9,72.71,9.719999999999944,41.7,open_meteo_era5_synthetic
4,2025-12-10,0.0,29.2,37.0,75.21,9.719999999999944,41.7,open_meteo_era5_synthetic
4,2025-12-11,0.0,25.9,38.8,71.54,9.719999999999944,41.7,open_meteo_era5_synthetic
4,2025-12-12,0.0,26.7,40.1,72.72,9.719999999999944,41.7,open_meteo_era5_synthetic
4,2025-12-13,1.45,28.2,37.2,74.1,11.169999999999943,62.9,open_meteo_era5_synthetic
4,2025-12-14,0.0,32.4,33.0,78.23,11.169999999999943,62.9,open_meteo_era5_synthetic
4,2025-12-15,0.0,28.0,38.5,74.04,11.169999999999943,62.9,open_meteo_era5_synthetic
4,2025-12-16,0.0,30.2,50.2,78.53,11.169999999999943,62.9,open_meteo_era5_synthetic
4,2025-12-17,0.0,30.9,37.7,77.33,6.329999999999943,-7.7,open_meteo_era5_synthetic
4,2025-12-18,0.0,28.5,36.1,74.25,6.329999999999943,-7.7,open_meteo_era5_synthetic
4,2025-12-19,0.0,28.2,29.0,72.93,6.329999999999943,-7.7,open_meteo_era5_synthetic
4,2025-12-20,0.0,30.8,37.5,77.24,6.329999999999943,-7.7,open_meteo_era5_synthetic
4,2025-12-21,0.0,30.3,39.5,76.94,6.329999999999943,-7.7,open_meteo_era5_synthetic
4,2025-12-22,0.0,30.9,30.6,76.16,2.459999999999943,-64.1,open_meteo_era5_synthetic
4,2025-12-23,0.0,31.3,34.2,77.25,2.459999999999943,-64.1,open_meteo_era5_synthetic
4,2025-12-24,0.0,26.7,40.7,72.78,2.459999999999943,-64.1,open_meteo_era5_synthetic
4,2025-12-25,0.0,27.7,49.8,75.22,2.459999999999943,-64.1,open_meteo_era5_synthetic
4,2025-12-26,0.0,27.6,31.3,72.67,2.459999999999943,-64.1,open_meteo_era5_synthetic
4,2025-12-27,0.0,28.7,39.8,75.04,2.459999999999943,-64.1,open_meteo_era5_synthetic
4,2025-12-28,0.0,24.4,35.9,69.55,2.459999999999943,-64.1,open_meteo_era5_synthetic
4,2025-12-29,0.0,26.6,44.6,73.07,2.459999999999943,-64.1,open_meteo_era5_synthetic
4,2025-12-30,0.0,28.8,36.3,74.72,1.4499999999999431,-78.9,open_meteo_era5_synthetic
4,2025-12-31,0.0,27.0,47.0,73.88,1.4499999999999431,-78.9,open_meteo_era5_synthetic
4,2026-01-01,0.0,30.5,30.8,75.75,1.4499999999999431,50.2,open_meteo_era5_synthetic
4,2026-01-02,0.0,29.3,47.4,76.85,1.4499999999999431,50.2,open_meteo_era5_synthetic
4,2026-01-03,0.0,30.5,32.7,76.06,1.4499999999999431,50.2,open_meteo_era5_synthetic
4,2026-01-04,0.0,29.9,35.6,75.87,1.4499999999999431,50.2,open_meteo_era5_synthetic
4,2026-01-05,0.0,30.8,38.7,77.34,1.4499999999999431,50.2,open_meteo_era5_synthetic
4,2026-01-06,0.0,33.1,37.7,79.94,1.4499999999999431,50.2,open_meteo_era5_synthetic
4,2026-01-07,0.0,28.9,48.7,76.52,1.4499999999999431,50.2,open_meteo_era5_synthetic
4,2026-01-08,0.0,28.6,43.4,75.44,1.4499999999999431,50.2,open_meteo_era5_synthetic
4,2026-01-09,0.0,28.3,38.0,74.3,1.4499999999999431,50.2,open_meteo_era5_synthetic
4,2026-01-10,0.0,28.5,36.4,74.29,1.4499999999999431,50.2,open_meteo_era5_synthetic
4,2026-01-11,0.0,31.4,36.8,77.8,1.4499999999999431,50.2,open_meteo_era5_synthetic
4,2026-01-12,0.0,32.2,38.7,79.07,0.0,-100.0,open_meteo_era5_synthetic
4,2026-01-13,0.0,32.9,39.1,80.01,0.0,-100.0,open_meteo_era5_synthetic
4,2026-01-14,0.0,33.2,46.5,81.67,0.0,-100.0,open_meteo_era5_synthetic
4,2026-01-15,0.0,28.6,35.4,74.35,0.0,-100.0,open_meteo_era5_synthetic
4,2026-01-16,0.0,28.1,36.3,73.89,0.0,-100.0,open_meteo_era5_synthetic
4,2026-01-17,0.0,28.6,50.1,76.35,0.0,-100.0,open_meteo_era5_synthetic
4,2026-01-18,0.0,33.2,43.0,81.06,0.0,-100.0,open_meteo_era5_synthetic
4,2026-01-19,0.0,29.2,36.3,75.15,0.0,-100.0,open_meteo_era5_synthetic
4,2026-01-20,0.0,27.8,27.9,72.36,0.0,-100.0,open_meteo_era5_synthetic
4,2026-01-21,0.0,28.3,38.6,74.43,0.0,-100.0,open_meteo_era5_synthetic
4,2026-01-22,0.0,31.4,28.2,76.29,0.0,-100.0,open_meteo_era5_synthetic
4,2026-01-23,0.0,32.6,33.4,78.6,0.0,-100.0,open_meteo_era5_synthetic
4,2026-01-24,0.67,30.3,39.1,76.9,0.6699999999999432,-30.6,open_meteo_era5_synthetic
4,2026-01-25,0.0,31.6,33.6,77.44,0.6699999999999432,-30.6,open_meteo_era5_synthetic
4,2026-01-26,0.0,31.4,43.4,78.88,0.6699999999999432,-30.6,open_meteo_era5_synthetic
4,2026-01-27,0.65,27.5,40.6,73.72,1.3199999999999432,36.7,open_meteo_era5_synthetic
4,2026-01-28,0.0,31.2,38.2,77.79,1.3199999999999432,36.7,open_meteo_era5_synthetic
4,2026-01-29,0.0,29.0,37.6,75.07,1.3199999999999432,36.7,open_meteo_era5_synthetic
4,2026-01-30,0.0,31.8,40.9,79.02,1.3199999999999432,36.7,open_meteo_era5_synthetic
4,2026-01-31,0.0,31.7,43.4,79.29,1.3199999999999432,36.7,open_meteo_era5_synthetic
4,2026-02-01,0.0,33.3,38.7,80.34,1.3199999999999432,37.1,open_meteo_era5_synthetic
4,2026-02-02,0.36,29.3,42.5,76.13,1.6799999999999433,74.4,open_meteo_era5_synthetic
4,2026-02-03,0.0,34.4,27.1,79.36,1.6799999999999433,74.4,open_meteo_era5_synthetic
4,2026-02-04,0.0,32.2,40.6,79.38,1.6799999999999433,74.4,open_meteo_era5_synthetic
4,2026-02-05,0.0,34.1,34.1,80.42,1.6799999999999433,74.4,open_meteo_era5_synthetic
4,2026-02-06,0.0,27.6,27.1,72.07,1.6799999999999433,74.4,open_meteo_era5_synthetic
4,2026-02-07,0.0,31.6,44.3,79.3,1.6799999999999433,74.4,open_meteo_era5_synthetic
4,2026-02-08,0.0,35.1,33.1,81.36,1.6799999999999433,74.4,open_meteo_era5_synthetic
4,2026-02-09,0.0,34.5,48.8,83.77,1.6799999999999433,74.4,open_meteo_era5_synthetic
4,2026-02-10,0.0,32.7,36.0,79.11,1.6799999999999433,74.4,open_meteo_era5_synthetic
4,2026-02-11,0.0,31.1,48.8,79.43,1.6799999999999433,74.4,open_meteo_era5_synthetic
4,2026-02-12,0.0,30.2,44.9,77.66,1.6799999999999433,74.4,open_meteo_era5_synthetic
4,2026-02-13,0.0,33.0,32.2,78.74,1.6799999999999433,74.4,open_meteo_era5_synthetic
4,2026-02-14,0.0,27.5,31.5,72.48,1.6799999999999433,74.4,open_meteo_era5_synthetic
4,2026-02-15,0.0,33.8,31.0,79.4,1.6799999999999433,74.4,open_meteo_era5_synthetic
4,2026-02-16,0.0,34.8,38.8,82.15,1.6799999999999433,74.4,open_meteo_era5_synthetic
4,2026-02-17,0.0,32.6,38.9,79.51,1.6799999999999433,74.4,open_meteo_era5_synthetic
4,2026-02-18,0.0,30.3,26.4,74.85,1.6799999999999433,74.4,open_meteo_era5_synthetic
4,2026-02-19,0.0,30.3,40.9,77.12,1.6799999999999433,74.4,open_meteo_era5_synthetic
4,2026-02-20,0.0,29.7,45.5,77.09,1.6799999999999433,74.4,open_meteo_era5_synthetic
4,2026-02-21,0.0,34.1,25.1,78.61,1.6799999999999433,74.4,open_meteo_era5_synthetic
4,2026-02-22,1.56,31.1,50.5,79.68,3.2399999999999434,236.4,open_meteo_era5_synthetic
4,2026-02-23,0.0,31.1,32.9,76.76,2.5699999999999434,166.9,open_meteo_era5_synthetic
4,2026-02-24,0.0,31.1,39.6,77.91,2.5699999999999434,166.9,open_meteo_era5_synthetic
4,2026-02-25,0.0,29.9,41.6,76.72,2.5699999999999434,166.9,open_meteo_era5_synthetic
4,2026-02-26,0.0,33.8,43.8,81.99,1.9199999999999433,99.4,open_meteo_era5_synthetic
4,2026-02-27,0.0,34.2,52.1,84.02,1.9199999999999433,99.4,open_meteo_era5_synthetic
4,2026-02-28,0.0,35.4,38.5,82.76,1.9199999999999433,99.4,open_meteo_era5_synthetic
4,2026-03-01,0.0,32.2,39.0,79.08,1.9199999999999433,0.1,open_meteo_era5_synthetic
4,2026-03-02,0.0,33.7,42.8,81.57,1.9199999999999433,0.1,open_meteo_era5_synthetic
4,2026-03-03,0.0,35.6,51.4,85.79,1.9199999999999433,0.1,open_meteo_era5_synthetic
4,2026-03-04,0.0,33.2,38.8,80.21,1.5599999999999432,-18.7,open_meteo_era5_synthetic
4,2026-03-05,0.0,33.8,40.6,81.27,1.5599999999999432,-18.7,open_meteo_era5_synthetic
4,2026-03-06,0.0,34.5,47.8,83.64,1.5599999999999432,-18.7,open_meteo_era5_synthetic
4,2026-03-07,0.0,34.9,32.4,81.0,1.5599999999999432,-18.7,open_meteo_era5_synthetic
4,2026-03-08,0.0,32.5,31.5,78.14,1.5599999999999432,-18.7,open_meteo_era5_synthetic
4,2026-03-09,0.0,36.5,38.3,84.08,1.5599999999999432,-18.7,open_meteo_era5_synthetic
4,2026-03-10,0.0,34.6,42.8,82.76,1.5599999999999432,-18.7,open_meteo_era5_synthetic
4,2026-03-11,0.0,33.2,40.2,80.47,1.5599999999999432,-18.7,open_meteo_era5_synthetic
4,2026-03-12,0.0,33.4,29.3,78.74,1.5599999999999432,-18.7,open_meteo_era5_synthetic
4,2026-03-13,0.0,34.3,28.0,79.46,1.5599999999999432,-18.7,open_meteo_era5_synthetic
4,2026-03-14,0.0,36.6,29.8,82.32,1.5599999999999432,-18.7,open_meteo_era5_synthetic
4,2026-03-15,0.0,36.1,47.9,85.72,1.5599999999999432,-18.7,open_meteo_era5_synthetic
4,2026-03-16,0.0,34.3,35.4,80.88,1.5599999999999432,-18.7,open_meteo_era5_synthetic
4,2026-03-17,0.0,35.3,27.4,80.34,1.5599999999999432,-18.7,open_meteo_era5_synthetic
4,2026-03-18,0.0,32.5,38.3,79.38,1.5599999999999432,-18.7,open_meteo_era5_synthetic
4,2026-03-19,0.0,35.9,38.4,83.36,1.5599999999999432,-18.7,open_meteo_era5_synthetic
4,2026-03-20,1.68,31.5,40.6,78.57,3.2399999999999434,68.8,open_meteo_era5_synthetic
4,2026-03-21,0.0,34.4,35.8,81.07,3.2399999999999434,68.8,open_meteo_era5_synthetic
4,2026-03-22,0.0,34.1,31.3,79.78,3.2399999999999434,68.8,open_meteo_era5_synthetic
4,2026-03-23,0.0,36.4,42.6,84.88,3.2399999999999434,68.8,open_meteo_era5_synthetic
4,2026-03-24,0.0,34.4,39.6,81.81,1.679999999999943,-12.5,open_meteo_era5_synthetic
4,2026-03-25,0.0,36.4,32.1,82.62,1.679999999999943,-12.5,open_meteo_era5_synthetic
4,2026-03-26,0.0,36.3,43.4,84.92,1.679999999999943,-12.5,open_meteo_era5_synthetic
4,2026-03-27,0.0,31.4,37.7,77.98,1.679999999999943,-12.5,open_meteo_era5_synthetic
4,2026-03-28,0.0,35.3,34.6,81.83,1.679999999999943,-12.5,open_meteo_era5_synthetic
4,2026-03-29,0.0,31.9,41.8,79.24,1.679999999999943,-12.5,open_meteo_era5_synthetic
4,2026-03-30,0.0,34.6,37.7,81.66,1.679999999999943,-12.5,open_meteo_era5_synthetic
4,2026-03-31,0.0,37.2,33.4,83.75,1.679999999999943,-12.5,open_meteo_era5_synthetic
4,2026-04-01,0.65,36.0,33.5,82.43,2.3299999999999432,-56.3,open_meteo_era5_synthetic
4,2026-04-02,0.0,37.4,45.0,86.66,2.3299999999999432,-56.3,open_meteo_era5_synthetic
4,2026-04-03,0.0,37.5,39.8,85.65,2.3299999999999432,-56.3,open_meteo_era5_synthetic
4,2026-04-04,0.0,37.5,43.4,86.46,2.3299999999999432,-56.3,open_meteo_era5_synthetic
4,2026-04-05,0.0,40.0,25.4,84.91,2.3299999999999432,-56.3,open_meteo_era5_synthetic
4,2026-04-06,0.0,38.4,37.0,85.95,2.3299999999999432,-56.3,open_meteo_era5_synthetic
4,2026-04-07,0.0,36.0,42.7,84.47,2.3299999999999432,-56.3,open_meteo_era5_synthetic
4,2026-04-08,0.0,34.2,38.1,81.34,2.3299999999999432,-56.3,open_meteo_era5_synthetic
4,2026-04-09,0.0,41.2,36.0,88.96,2.3299999999999432,-56.3,open_meteo_era5_synthetic
4,2026-04-10,0.0,37.5,34.1,84.22,2.3299999999999432,-56.3,open_meteo_era5_synthetic
4,2026-04-11,0.0,39.5,35.1,86.77,2.3299999999999432,-56.3,open_meteo_era5_synthetic
4,2026-04-12,0.0,39.8,30.2,85.97,2.3299999999999432,-56.3,open_meteo_era5_synthetic
4,2026-04-13,0.0,38.2,38.8,86.16,2.3299999999999432,-56.3,open_meteo_era5_synthetic
4,2026-04-14,0.0,34.8,32.7,80.86,2.3299999999999432,-56.3,open_meteo_era5_synthetic
4,2026-04-15,0.0,35.7,47.0,84.95,2.3299999999999432,-56.3,open_meteo_era5_synthetic
4,2026-04-16,0.0,36.6,50.8,86.92,2.3299999999999432,-56.3,open_meteo_era5_synthetic
4,2026-04-17,0.0,39.2,34.9,86.41,2.3299999999999432,-56.3,open_meteo_era5_synthetic
4,2026-04-18,0.0,36.9,36.0,83.98,2.3299999999999432,-56.3,open_meteo_era5_synthetic
4,2026-04-19,0.0,38.1,44.1,87.33,0.6499999999999432,-87.8,open_meteo_era5_synthetic
4,2026-04-20,0.0,40.2,34.6,87.54,0.6499999999999432,-87.8,open_meteo_era5_synthetic
4,2026-04-21,0.0,35.0,47.7,84.18,0.6499999999999432,-87.8,open_meteo_era5_synthetic
4,2026-04-22,1.41,35.9,40.6,83.9,2.059999999999943,-61.4,open_meteo_era5_synthetic
4,2026-04-23,0.0,33.3,46.0,81.76,2.0599999999999428,-61.4,open_meteo_era5_synthetic
4,2026-04-24,0.0,34.9,44.5,83.48,2.0599999999999428,-61.4,open_meteo_era5_synthetic
4,2026-04-25,0.0,38.1,41.7,86.75,2.0599999999999428,-61.4,open_meteo_era5_synthetic
4,2026-04-26,0.0,39.8,42.1,88.93,2.0599999999999428,-61.4,open_meteo_era5_synthetic
4,2026-04-27,0.0,38.7,33.9,85.6,2.0599999999999428,-61.4,open_meteo_era5_synthetic
4,2026-04-28,0.0,36.7,39.7,84.68,2.0599999999999428,-61.4,open_meteo_era5_synthetic
4,2026-04-29,0.0,37.6,44.2,86.71,2.0599999999999428,-61.4,open_meteo_era5_synthetic
4,2026-04-30,0.0,31.8,45.1,79.69,2.0599999999999428,-61.4,open_meteo_era5_synthetic
4,2026-05-01,0.0,35.9,39.8,83.68,1.409999999999943,-91.3,open_meteo_era5_synthetic
4,2026-05-02,0.0,34.5,49.3,83.91,1.4099999999999429,-91.3,open_meteo_era5_synthetic
4,2026-05-03,0.0,38.3,46.7,88.19,1.4099999999999429,-91.3,open_meteo_era5_synthetic
4,2026-05-04,0.0,33.0,39.9,80.19,1.4099999999999429,-91.3,open_meteo_era5_synthetic
4,2026-05-05,0.0,36.7,33.3,83.2,1.4099999999999429,-91.3,open_meteo_era5_synthetic
4,2026-05-06,0.0,34.9,40.5,82.58,1.4099999999999429,-91.3,open_meteo_era5_synthetic
4,2026-05-07,0.0,33.7,44.9,82.0,1.4099999999999429,-91.3,open_meteo_era5_synthetic
4,2026-05-08,0.0,34.6,43.5,82.84,1.4099999999999429,-91.3,open_meteo_era5_synthetic
4,2026-05-09,0.0,34.9,37.5,82.03,1.4099999999999429,-91.3,open_meteo_era5_synthetic
4,2026-05-10,0.0,34.4,38.6,81.69,1.4099999999999429,-91.3,open_meteo_era5_synthetic
4,2026-05-11,0.0,39.7,47.4,90.12,1.4099999999999429,-91.3,open_meteo_era5_synthetic
4,2026-05-12,0.0,37.7,39.1,85.71,1.4099999999999429,-91.3,open_meteo_era5_synthetic
4,2026-05-13,0.0,32.8,43.5,80.62,1.4099999999999429,-91.3,open_meteo_era5_synthetic
4,2026-05-14,7.88,36.5,41.2,84.73,9.289999999999942,-42.5,open_meteo_era5_synthetic
4,2026-05-15,0.0,36.8,50.9,87.2,9.289999999999942,-42.5,open_meteo_era5_synthetic
4,2026-05-16,0.0,36.6,36.9,83.9,9.289999999999942,-42.5,open_meteo_era5_synthetic
4,2026-05-17,0.0,36.4,58.0,88.29,9.289999999999942,-42.5,open_meteo_era5_synthetic
4,2026-05-18,0.0,37.6,50.7,88.24,9.289999999999942,-42.5,open_meteo_era5_synthetic
4,2026-05-19,0.0,36.7,39.9,84.69,9.289999999999942,-42.5,open_meteo_era5_synthetic
4,2026-05-20,0.0,35.5,38.3,82.93,9.289999999999942,-42.5,open_meteo_era5_synthetic
4,2026-05-21,0.0,34.1,36.5,80.9,9.289999999999942,-42.5,open_meteo_era5_synthetic
4,2026-05-22,0.0,39.8,44.8,89.55,7.879999999999943,-51.3,open_meteo_era5_synthetic
4,2026-05-23,1.18,32.4,36.4,78.84,9.059999999999944,-44.0,open_meteo_era5_synthetic
4,2026-05-24,0.0,35.7,47.4,85.03,9.059999999999944,-44.0,open_meteo_era5_synthetic
4,2026-05-25,0.0,33.0,40.0,80.22,9.059999999999944,-44.0,open_meteo_era5_synthetic
4,2026-05-26,0.0,35.9,42.3,84.27,9.059999999999944,-44.0,open_meteo_era5_synthetic
4,2026-05-27,5.19,35.3,41.7,83.36,14.249999999999943,-11.9,open_meteo_era5_synthetic
4,2026-05-28,0.0,35.7,48.2,85.2,14.249999999999943,-11.9,open_meteo_era5_synthetic
4,2026-05-29,0.0,36.6,33.7,83.11,14.249999999999943,-11.9,open_meteo_era5_synthetic
4,2026-05-30,0.0,36.4,40.0,84.36,14.249999999999943,-11.9,open_meteo_era5_synthetic
4,2026-05-31,0.8,36.2,47.9,85.85,15.049999999999944,-6.9,open_meteo_era5_synthetic
4,2026-06-01,0.0,33.3,56.9,83.85,15.049999999999944,-97.6,open_meteo_era5_synthetic
4,2026-06-02,0.0,31.2,61.4,81.71,15.049999999999944,-97.6,open_meteo_era5_synthetic
4,2026-06-03,100.76,32.5,62.6,83.74,115.80999999999995,-81.5,open_meteo_era5_synthetic
4,2026-06-04,0.0,28.7,64.8,78.67,115.80999999999995,-81.5,open_meteo_era5_synthetic
4,2026-06-05,55.16,31.7,64.5,82.95,170.96999999999994,-72.7,open_meteo_era5_synthetic
4,2026-06-06,23.35,26.5,72.6,76.33,194.31999999999994,-69.0,open_meteo_era5_synthetic
4,2026-06-07,22.87,30.4,60.5,80.43,217.18999999999994,-65.4,open_meteo_era5_synthetic
4,2026-06-08,106.59,27.6,60.4,76.44,323.78,-48.4,open_meteo_era5_synthetic
4,2026-06-09,80.94,29.3,73.4,80.77,404.7199999999999,-35.4,open_meteo_era5_synthetic
4,2026-06-10,23.01,30.1,66.5,80.95,427.72999999999996,-31.8,open_meteo_era5_synthetic
4,2026-06-11,53.35,29.7,64.9,80.15,481.0799999999999,-23.3,open_meteo_era5_synthetic
4,2026-06-12,8.7,29.2,59.5,78.59,489.7799999999999,-21.9,open_meteo_era5_synthetic
4,2026-06-13,1.75,26.8,53.9,74.53,483.6499999999999,-22.8,open_meteo_era5_synthetic
4,2026-06-14,50.29,27.9,66.8,77.8,533.9399999999999,-14.8,open_meteo_era5_synthetic
4,2026-06-15,17.5,30.1,57.8,79.62,551.4399999999999,-12.0,open_meteo_era5_synthetic
4,2026-06-16,35.55,27.7,56.5,76.14,586.9899999999999,-6.4,open_meteo_era5_synthetic
4,2026-06-17,54.68,32.8,59.0,83.46,641.67,2.4,open_meteo_era5_synthetic
4,2026-06-18,36.38,30.2,67.4,81.22,678.05,8.2,open_meteo_era5_synthetic
4,2026-06-19,27.17,32.0,64.4,83.38,705.2199999999999,12.5,open_meteo_era5_synthetic
4,2026-06-20,39.33,31.1,75.8,84.01,744.55,18.8,open_meteo_era5_synthetic
4,2026-06-21,136.19,29.1,59.3,78.34,880.74,40.5,open_meteo_era5_synthetic
4,2026-06-22,66.11,31.1,51.1,79.82,945.67,50.9,open_meteo_era5_synthetic
4,2026-06-23,0.0,29.4,58.2,78.6,945.67,50.9,open_meteo_era5_synthetic
4,2026-06-24,0.0,31.0,66.0,82.12,945.67,50.9,open_meteo_era5_synthetic
4,2026-06-25,0.0,29.1,63.7,79.05,945.67,50.9,open_meteo_era5_synthetic
4,2026-06-26,36.66,32.0,61.5,82.86,977.14,55.9,open_meteo_era5_synthetic
4,2026-06-27,32.95,27.7,61.9,76.74,1010.0899999999999,61.1,open_meteo_era5_synthetic
4,2026-06-28,53.11,31.3,68.1,82.99,1063.2,69.6,open_meteo_era5_synthetic
4,2026-06-29,0.0,29.5,54.2,78.13,1063.2,69.6,open_meteo_era5_synthetic
4,2026-06-30,120.0,26.9,66.0,76.2,1182.4,88.6,open_meteo_era5_synthetic
4,2026-07-01,26.28,29.5,72.6,81.0,1208.68,-11.3,open_meteo_era5_synthetic
4,2026-07-02,0.0,28.7,71.0,79.47,1208.68,-11.3,open_meteo_era5_synthetic
4,2026-07-03,49.63,26.0,59.0,74.06,1157.55,-15.0,open_meteo_era5_synthetic
4,2026-07-04,154.65,31.0,63.5,81.74,1312.2,-3.7,open_meteo_era5_synthetic
4,2026-07-05,58.32,26.5,72.3,76.4,1315.36,-3.4,open_meteo_era5_synthetic
4,2026-07-06,47.33,28.2,76.9,79.55,1339.34,-1.7,open_meteo_era5_synthetic
4,2026-07-07,182.34,28.8,68.8,79.37,1498.81,10.0,open_meteo_era5_synthetic
4,2026-07-08,213.43,25.9,72.3,75.5,1605.65,17.9,open_meteo_era5_synthetic
4,2026-07-09,0.0,28.1,69.9,78.45,1524.71,11.9,open_meteo_era5_synthetic
4,2026-07-10,0.0,26.8,70.3,76.54,1501.7,10.3,open_meteo_era5_synthetic
4,2026-07-11,25.76,26.6,78.7,77.26,1474.1100000000001,8.2,open_meteo_era5_synthetic
4,2026-07-12,75.38,26.6,65.1,75.62,1540.79,13.1,open_meteo_era5_synthetic
4,2026-07-13,0.0,28.2,73.9,79.2,1539.04,13.0,open_meteo_era5_synthetic
4,2026-07-14,0.0,29.5,78.6,81.87,1488.75,9.3,open_meteo_era5_synthetic
4,2026-07-15,0.0,30.5,70.6,82.12,1471.25,8.0,open_meteo_era5_synthetic
4,2026-07-16,0.0,28.6,81.8,80.91,1435.7,5.4,open_meteo_era5_synthetic
4,2026-07-17,0.0,28.6,64.9,78.49,1381.02,1.4,open_meteo_era5_synthetic
4,2026-07-18,52.84,26.0,72.6,75.63,1397.48,2.6,open_meteo_era5_synthetic
4,2026-07-19,4.13,29.0,74.3,80.52,1374.44,0.9,open_meteo_era5_synthetic
4,2026-07-20,0.0,27.2,61.1,76.0,1335.11,-2.0,open_meteo_era5_synthetic
4,2026-07-21,13.75,29.2,72.7,80.53,1212.67,-11.0,open_meteo_era5_synthetic
4,2026-07-22,38.23,29.5,71.5,80.79,1184.79,-13.0,open_meteo_era5_synthetic
4,2026-07-23,59.45,28.4,65.6,78.25,1244.24,-8.6,open_meteo_era5_synthetic
4,2026-07-24,63.04,27.3,75.3,78.02,1307.28,-4.0,open_meteo_era5_synthetic
4,2026-07-25,44.24,25.8,73.4,75.4,1351.52,-0.8,open_meteo_era5_synthetic
4,2026-07-26,0.0,26.4,66.9,75.5,1314.86,-3.5,open_meteo_era5_synthetic
4,2026-07-27,64.94,23.7,69.0,71.75,1346.8500000000001,-1.1,open_meteo_era5_synthetic
4,2026-07-28,47.9,25.6,60.9,73.64,1341.6399999999999,-1.5,open_meteo_era5_synthetic
4,2026-07-29,42.88,25.2,75.7,74.67,1384.52,1.6,open_meteo_era5_synthetic
4,2026-07-30,78.4,26.9,83.6,78.4,1342.9199999999998,-1.4,open_meteo_era5_synthetic
4,2026-07-31,57.16,22.3,64.8,69.4,1373.8,0.9,open_meteo_era5_synthetic
5,2023-08-01,0.0,35.3,55.8,86.25,0.0,-100.0,open_meteo_era5_synthetic
5,2023-08-02,20.43,30.6,55.0,79.84,20.43,-96.0,open_meteo_era5_synthetic
5,2023-08-03,0.0,24.6,55.0,71.63,20.43,-96.0,open_meteo_era5_synthetic
5,2023-08-04,0.0,32.9,53.8,82.73,20.43,-96.0,open_meteo_era5_synthetic
5,2023-08-05,20.19,33.0,53.3,82.66,40.620000000000005,-92.1,open_meteo_era5_synthetic
5,2023-08-06,54.07,29.2,50.7,77.26,94.69,-81.6,open_meteo_era5_synthetic
5,2023-08-07,0.0,32.5,41.3,79.88,94.69,-81.6,open_meteo_era5_synthetic
5,2023-08-08,18.46,29.3,55.0,78.06,113.15,-78.0,open_meteo_era5_synthetic
5,2023-08-09,75.7,31.9,50.0,80.67,188.85,-63.3,open_meteo_era5_synthetic
5,2023-08-10,0.0,31.5,50.7,80.3,188.85,-63.3,open_meteo_era5_synthetic
5,2023-08-11,9.63,31.2,51.5,80.01,198.48,-61.5,open_meteo_era5_synthetic
5,2023-08-12,7.01,34.6,46.7,83.55,205.49,-60.1,open_meteo_era5_synthetic
5,2023-08-13,66.96,33.2,48.6,82.07,272.45,-47.1,open_meteo_era5_synthetic
5,2023-08-14,12.66,30.3,31.5,75.65,285.11,-44.6,open_meteo_era5_synthetic
5,2023-08-15,21.42,28.1,51.3,75.89,306.53,-40.5,open_meteo_era5_synthetic
5,2023-08-16,30.0,32.0,52.1,81.14,336.53,-34.6,open_meteo_era5_synthetic
5,2023-08-17,14.43,31.5,48.0,79.83,350.96,-31.8,open_meteo_era5_synthetic
5,2023-08-18,23.1,35.7,55.5,86.8,374.06,-27.4,open_meteo_era5_synthetic
5,2023-08-19,0.0,29.2,43.5,76.16,374.06,-27.4,open_meteo_era5_synthetic
5,2023-08-20,0.0,32.3,44.4,80.25,374.06,-27.4,open_meteo_era5_synthetic
5,2023-08-21,50.82,33.1,57.4,83.61,424.88,-17.5,open_meteo_era5_synthetic
5,2023-08-22,9.87,31.3,50.3,79.96,434.75,-15.6,open_meteo_era5_synthetic
5,2023-08-23,1.61,34.4,57.4,85.42,436.36,-15.3,open_meteo_era5_synthetic
5,2023-08-24,24.57,32.8,57.6,83.2,460.93,-10.5,open_meteo_era5_synthetic
5,2023-08-25,31.14,32.6,45.6,80.75,492.07,-4.4,open_meteo_era5_synthetic
5,2023-08-26,0.0,33.0,44.4,81.06,492.07,-4.4,open_meteo_era5_synthetic
5,2023-08-27,34.9,33.1,39.9,80.33,526.97,2.3,open_meteo_era5_synthetic
5,2023-08-28,0.0,34.8,48.0,84.06,526.97,2.3,open_meteo_era5_synthetic
5,2023-08-29,27.19,30.0,52.8,78.66,554.16,7.6,open_meteo_era5_synthetic
5,2023-08-30,2.07,34.6,46.9,83.56,556.23,8.0,open_meteo_era5_synthetic
5,2023-08-31,72.63,29.5,57.5,78.72,628.86,22.1,open_meteo_era5_synthetic
5,2023-09-01,0.0,32.5,42.9,80.21,608.4300000000001,47.5,open_meteo_era5_synthetic
5,2023-09-02,7.27,29.9,55.3,78.83,615.7,49.3,open_meteo_era5_synthetic
5,2023-09-03,23.97,34.4,55.0,84.97,639.6700000000001,55.1,open_meteo_era5_synthetic
5,2023-09-04,6.88,30.5,53.3,79.35,626.36,51.8,open_meteo_era5_synthetic
5,2023-09-05,21.12,32.6,49.0,81.45,593.41,43.9,open_meteo_era5_synthetic
5,2023-09-06,0.0,34.2,58.0,85.27,593.4100000000001,43.9,open_meteo_era5_synthetic
5,2023-09-07,0.0,33.8,41.8,81.6,574.95,39.4,open_meteo_era5_synthetic
5,2023-09-08,24.52,33.2,45.9,81.6,523.77,27.0,open_meteo_era5_synthetic
5,2023-09-09,0.0,31.2,64.1,82.18,523.77,27.0,open_meteo_era5_synthetic
5,2023-09-10,8.96,30.6,47.7,78.57,523.1,26.8,open_meteo_era5_synthetic
5,2023-09-11,9.48,35.9,47.7,85.37,525.5699999999999,27.4,open_meteo_era5_synthetic
5,2023-09-12,18.88,35.0,48.5,84.4,477.49,15.8,open_meteo_era5_synthetic
5,2023-09-13,1.62,31.5,47.6,79.75,466.45,13.1,open_meteo_era5_synthetic
5,2023-09-14,0.0,30.1,40.5,76.81,445.03000000000003,7.9,open_meteo_era5_synthetic
5,2023-09-15,0.0,29.7,46.0,77.24,415.03000000000003,0.6,open_meteo_era5_synthetic
5,2023-09-16,0.0,29.4,51.3,77.55,400.6,-2.9,open_meteo_era5_synthetic
5,2023-09-17,0.0,35.9,44.4,84.69,377.5,-8.5,open_meteo_era5_synthetic
5,2023-09-18,0.0,32.8,42.3,80.43,377.5,-8.5,open_meteo_era5_synthetic
5,2023-09-19,0.0,34.0,47.3,82.84,377.5,-8.5,open_meteo_era5_synthetic
5,2023-09-20,0.0,34.6,40.4,82.18,326.68,-20.8,open_meteo_era5_synthetic
5,2023-09-21,45.38,34.1,52.3,83.96,362.19,-12.2,open_meteo_era5_synthetic
5,2023-09-22,0.0,31.8,42.1,79.21,360.58,-12.6,open_meteo_era5_synthetic
5,2023-09-23,28.76,33.6,47.8,82.42,364.77,-11.6,open_meteo_era5_synthetic
5,2023-09-24,3.31,31.8,50.4,80.55,336.94,-18.3,open_meteo_era5_synthetic
5,2023-09-25,0.0,27.7,48.3,74.99,336.94,-18.3,open_meteo_era5_synthetic
5,2023-09-26,0.0,35.4,34.8,82.05,302.03999999999996,-26.8,open_meteo_era5_synthetic
5,2023-09-27,21.92,30.4,43.7,77.76,323.96,-21.5,open_meteo_era5_synthetic
5,2023-09-28,31.82,31.6,45.9,79.63,328.59,-20.3,open_meteo_era5_synthetic
5,2023-09-29,0.0,30.7,43.9,78.18,326.52,-20.8,open_meteo_era5_synthetic
5,2023-09-30,45.78,34.8,48.0,84.03,299.66999999999996,-27.4,open_meteo_era5_synthetic
5,2023-10-01,0.0,27.9,45.0,74.83,299.66999999999996,18.4,open_meteo_era5_synthetic
5,2023-10-02,0.0,32.0,42.7,79.53,292.4,15.6,open_meteo_era5_synthetic
5,2023-10-03,0.0,29.5,46.6,77.1,268.42999999999995,6.1,open_meteo_era5_synthetic
5,2023-10-04,13.61,30.5,42.4,77.61,275.15999999999997,8.7,open_meteo_era5_synthetic
5,2023-10-05,0.0,33.4,50.2,82.69,254.04000000000002,0.4,open_meteo_era5_synthetic
5,2023-10-06,16.9,28.0,42.9,74.59,270.94,7.1,open_meteo_era5_synthetic
5,2023-10-07,0.0,30.4,54.2,79.4,270.94,7.1,open_meteo_era5_synthetic
5,2023-10-08,10.74,34.4,57.5,85.37,257.15999999999997,1.6,open_meteo_era5_synthetic
5,2023-10-09,8.13,31.5,40.2,78.46,265.29,4.8,open_meteo_era5_synthetic
5,2023-10-10,5.26,32.5,48.6,81.22,261.59000000000003,3.4,open_meteo_era5_synthetic
5,2023-10-11,0.0,29.1,47.4,76.63,252.10999999999999,-0.4,open_meteo_era5_synthetic
5,2023-10-12,0.0,32.0,54.3,81.59,233.23,-7.8,open_meteo_era5_synthetic
5,2023-10-13,0.0,32.9,58.0,83.45,231.60999999999999,-8.5,open_meteo_era5_synthetic
5,2023-10-14,0.0,28.3,50.9,76.15,231.60999999999999,-8.5,open_meteo_era5_synthetic
5,2023-10-15,18.16,34.7,47.7,83.78,249.76999999999998,-1.3,open_meteo_era5_synthetic
5,2023-10-16,0.0,29.7,40.6,76.38,249.76999999999998,-1.3,open_meteo_era5_synthetic
5,2023-10-17,0.0,33.3,50.8,82.71,249.76999999999998,-1.3,open_meteo_era5_synthetic
5,2023-10-18,9.47,35.0,32.1,81.05,259.24,2.4,open_meteo_era5_synthetic
5,2023-10-19,0.0,31.5,44.2,79.15,259.24,2.4,open_meteo_era5_synthetic
5,2023-10-20,0.0,29.5,40.3,76.13,259.24,2.4,open_meteo_era5_synthetic
5,2023-10-21,0.0,30.1,46.6,77.78,213.86,-15.5,open_meteo_era5_synthetic
5,2023-10-22,0.58,30.0,52.4,78.61,214.44,-15.3,open_meteo_era5_synthetic
5,2023-10-23,0.0,32.1,47.3,80.44,185.68,-26.6,open_meteo_era5_synthetic
5,2023-10-24,27.67,30.2,44.3,77.54,210.04000000000002,-17.0,open_meteo_era5_synthetic
5,2023-10-25,0.0,30.2,43.5,77.41,210.04000000000002,-17.0,open_meteo_era5_synthetic
5,2023-10-26,0.0,29.4,33.8,75.05,210.04000000000002,-17.0,open_meteo_era5_synthetic
5,2023-10-27,0.0,35.3,41.1,83.2,188.12,-25.7,open_meteo_era5_synthetic
5,2023-10-28,7.67,30.7,42.5,77.88,163.97,-35.2,open_meteo_era5_synthetic
5,2023-10-29,0.0,30.4,39.1,77.0,163.97,-35.2,open_meteo_era5_synthetic
5,2023-10-30,0.0,30.2,49.3,78.32,118.19,-53.3,open_meteo_era5_synthetic
5,2023-10-31,0.0,28.8,27.5,73.37,118.19,-53.3,open_meteo_era5_synthetic
5,2023-11-01,0.0,28.4,43.8,75.29,118.19,59.1,open_meteo_era5_synthetic
5,2023-11-02,0.0,26.0,32.6,70.94,118.19,59.1,open_meteo_era5_synthetic
5,2023-11-03,0.0,26.8,39.0,72.74,104.58,40.8,open_meteo_era5_synthetic
5,2023-11-04,0.0,27.4,36.0,72.98,104.58,40.8,open_meteo_era5_synthetic
5,2023-11-05,0.0,25.0,43.7,71.05,87.68,18.0,open_meteo_era5_synthetic
5,2023-11-06,0.0,29.4,44.6,76.66,87.68,18.0,open_meteo_era5_synthetic
5,2023-11-07,0.0,24.8,31.7,69.54,76.94,3.6,open_meteo_era5_synthetic
5,2023-11-08,0.0,28.5,34.6,74.08,68.81,-7.4,open_meteo_era5_synthetic
5,2023-11-09,0.0,29.2,37.9,75.36,63.55,-14.4,open_meteo_era5_synthetic
5,2023-11-10,0.0,28.6,31.7,73.78,63.55,-14.4,open_meteo_era5_synthetic
5,2023-11-11,0.0,29.2,26.0,73.58,63.55,-14.4,open_meteo_era5_synthetic
5,2023-11-12,0.0,27.6,32.8,72.76,63.55,-14.4,open_meteo_era5_synthetic
5,2023-11-13,0.0,28.3,41.3,74.75,63.55,-14.4,open_meteo_era5_synthetic
5,2023-11-14,0.0,27.2,31.2,72.21,45.39,-38.9,open_meteo_era5_synthetic
5,2023-11-15,0.0,28.1,34.0,73.55,45.39,-38.9,open_meteo_era5_synthetic
5,2023-11-16,0.0,27.6,47.8,74.79,45.39,-38.9,open_meteo_era5_synthetic
5,2023-11-17,0.0,25.8,44.4,72.05,35.92,-51.6,open_meteo_era5_synthetic
5,2023-11-18,2.15,29.2,41.4,75.87,38.07,-48.7,open_meteo_era5_synthetic
5,2023-11-19,0.0,27.4,46.5,74.34,38.07,-48.7,open_meteo_era5_synthetic
5,2023-11-20,0.0,26.9,41.4,73.08,38.07,-48.7,open_meteo_era5_synthetic
5,2023-11-21,0.0,28.1,47.4,75.35,37.49,-49.5,open_meteo_era5_synthetic
5,2023-11-22,0.0,27.1,37.3,72.84,37.49,-49.5,open_meteo_era5_synthetic
5,2023-11-23,0.0,31.2,44.5,78.82,9.82,-86.8,open_meteo_era5_synthetic
5,2023-11-24,0.0,30.6,29.6,75.63,9.82,-86.8,open_meteo_era5_synthetic
5,2023-11-25,0.0,31.2,39.2,77.95,9.82,-86.8,open_meteo_era5_synthetic
5,2023-11-26,0.0,31.5,36.4,77.82,9.82,-86.8,open_meteo_era5_synthetic
5,2023-11-27,0.0,31.1,42.1,78.36,2.15,-97.1,open_meteo_era5_synthetic
5,2023-11-28,0.0,26.9,37.0,72.58,2.15,-97.1,open_meteo_era5_synthetic
5,2023-11-29,0.0,29.9,44.8,77.27,2.15,-97.1,open_meteo_era5_synthetic
5,2023-11-30,0.0,25.7,40.8,71.56,2.15,-97.1,open_meteo_era5_synthetic
5,2023-12-01,0.0,23.8,34.1,68.69,2.15,-20.2,open_meteo_era5_synthetic
5,2023-12-02,0.0,23.5,39.3,68.77,2.15,-20.2,open_meteo_era5_synthetic
5,2023-12-03,0.0,22.4,31.1,66.8,2.15,-20.2,open_meteo_era5_synthetic
5,2023-12-04,0.0,27.3,42.8,73.74,2.15,-20.2,open_meteo_era5_synthetic
5,2023-12-05,0.0,22.2,34.8,66.91,2.15,-20.2,open_meteo_era5_synthetic
5,2023-12-06,0.0,22.1,43.6,67.42,2.15,-20.2,open_meteo_era5_synthetic
5,2023-12-07,0.0,23.9,30.0,68.42,2.15,-20.2,open_meteo_era5_synthetic
5,2023-12-08,0.0,25.6,29.3,70.11,2.15,-20.2,open_meteo_era5_synthetic
5,2023-12-09,0.0,26.3,34.2,71.48,2.15,-20.2,open_meteo_era5_synthetic
5,2023-12-10,0.0,25.3,41.3,71.2,2.15,-20.2,open_meteo_era5_synthetic
5,2023-12-11,0.0,20.5,35.5,64.97,2.15,-20.2,open_meteo_era5_synthetic
5,2023-12-12,0.0,24.6,32.9,69.49,2.15,-20.2,open_meteo_era5_synthetic
5,2023-12-13,0.0,25.2,44.2,71.29,2.15,-20.2,open_meteo_era5_synthetic
5,2023-12-14,0.0,26.2,30.5,70.97,2.15,-20.2,open_meteo_era5_synthetic
5,2023-12-15,0.0,25.6,29.3,70.11,2.15,-20.2,open_meteo_era5_synthetic
5,2023-12-16,0.0,23.8,31.8,68.39,2.15,-20.2,open_meteo_era5_synthetic
5,2023-12-17,0.0,25.2,34.0,70.19,2.15,-20.2,open_meteo_era5_synthetic
5,2023-12-18,0.63,28.1,43.1,74.82,0.63,-76.6,open_meteo_era5_synthetic
5,2023-12-19,0.0,25.1,46.0,71.45,0.63,-76.6,open_meteo_era5_synthetic
5,2023-12-20,0.0,23.6,45.6,69.54,0.63,-76.6,open_meteo_era5_synthetic
5,2023-12-21,0.0,25.7,39.3,71.39,0.63,-76.6,open_meteo_era5_synthetic
5,2023-12-22,0.0,26.0,39.3,71.7,0.63,-76.6,open_meteo_era5_synthetic
5,2023-12-23,0.0,28.3,35.6,74.02,0.63,-76.6,open_meteo_era5_synthetic
5,2023-12-24,0.0,26.1,38.2,71.73,0.63,-76.6,open_meteo_era5_synthetic
5,2023-12-25,0.0,26.9,36.3,72.47,0.63,-76.6,open_meteo_era5_synthetic
5,2023-12-26,0.0,24.7,38.0,70.08,0.63,-76.6,open_meteo_era5_synthetic
5,2023-12-27,0.0,28.1,35.2,73.71,0.63,-76.6,open_meteo_era5_synthetic
5,2023-12-28,0.0,24.3,45.8,70.35,0.63,-76.6,open_meteo_era5_synthetic
5,2023-12-29,0.0,25.4,36.1,70.71,0.63,-76.6,open_meteo_era5_synthetic
5,2023-12-30,0.0,26.4,37.6,72.06,0.63,-76.6,open_meteo_era5_synthetic
5,2023-12-31,0.0,26.2,36.8,71.65,0.63,-76.6,open_meteo_era5_synthetic
5,2024-01-01,0.0,25.1,38.4,70.53,0.63,-43.3,open_meteo_era5_synthetic
5,2024-01-02,0.0,27.9,29.7,72.78,0.63,-43.3,open_meteo_era5_synthetic
5,2024-01-03,0.0,22.0,37.2,66.87,0.63,-43.3,open_meteo_era5_synthetic
5,2024-01-04,0.0,22.6,36.7,67.54,0.63,-43.3,open_meteo_era5_synthetic
5,2024-01-05,0.0,22.7,39.4,67.88,0.63,-43.3,open_meteo_era5_synthetic
5,2024-01-06,0.0,21.5,42.0,66.56,0.63,-43.3,open_meteo_era5_synthetic
5,2024-01-07,0.0,23.1,39.0,68.25,0.63,-43.3,open_meteo_era5_synthetic
5,2024-01-08,0.0,26.3,43.0,72.58,0.63,-43.3,open_meteo_era5_synthetic
5,2024-01-09,0.0,22.8,37.0,67.71,0.63,-43.3,open_meteo_era5_synthetic
5,2024-01-10,0.0,29.4,40.8,76.08,0.63,-43.3,open_meteo_era5_synthetic
5,2024-01-11,0.0,22.1,32.0,66.56,0.63,-43.3,open_meteo_era5_synthetic
5,2024-01-12,0.0,25.7,41.5,71.7,0.63,-43.3,open_meteo_era5_synthetic
5,2024-01-13,0.0,21.0,30.1,65.19,0.63,-43.3,open_meteo_era5_synthetic
5,2024-01-14,0.0,28.3,25.7,72.67,0.63,-43.3,open_meteo_era5_synthetic
5,2024-01-15,0.0,26.0,42.3,72.1,0.63,-43.3,open_meteo_era5_synthetic
5,2024-01-16,0.0,25.7,32.3,70.6,0.63,-43.3,open_meteo_era5_synthetic
5,2024-01-17,0.0,23.6,30.3,68.1,0.0,-100.0,open_meteo_era5_synthetic
5,2024-01-18,1.41,21.5,42.2,66.61,1.41,27.0,open_meteo_era5_synthetic
5,2024-01-19,0.0,25.5,37.9,71.05,1.41,27.0,open_meteo_era5_synthetic
5,2024-01-20,0.0,23.9,36.8,68.98,1.41,27.0,open_meteo_era5_synthetic
5,2024-01-21,0.0,26.6,25.0,70.75,1.41,27.0,open_meteo_era5_synthetic
5,2024-01-22,0.0,22.1,34.9,66.74,1.41,27.0,open_meteo_era5_synthetic
5,2024-01-23,0.0,27.8,38.6,73.85,1.41,27.0,open_meteo_era5_synthetic
5,2024-01-24,0.0,25.0,33.2,69.88,1.41,27.0,open_meteo_era5_synthetic
5,2024-01-25,0.0,24.3,39.6,69.74,1.41,27.0,open_meteo_era5_synthetic
5,2024-01-26,0.0,23.1,36.4,67.99,1.41,27.0,open_meteo_era5_synthetic
5,2024-01-27,0.0,24.7,44.3,70.73,1.41,27.0,open_meteo_era5_synthetic
5,2024-01-28,0.0,23.6,30.3,68.04,1.41,27.0,open_meteo_era5_synthetic
5,2024-01-29,0.0,22.3,33.3,66.91,1.41,27.0,open_meteo_era5_synthetic
5,2024-01-30,0.0,24.5,34.9,69.5,1.41,27.0,open_meteo_era5_synthetic
5,2024-01-31,0.0,23.7,35.6,68.65,1.41,27.0,open_meteo_era5_synthetic
5,2024-02-01,0.0,27.3,42.5,73.68,1.41,-72.5,open_meteo_era5_synthetic
5,2024-02-02,0.0,27.6,41.8,73.97,1.41,-72.5,open_meteo_era5_synthetic
5,2024-02-03,0.0,28.4,44.0,75.32,1.41,-72.5,open_meteo_era5_synthetic
5,2024-02-04,0.0,30.7,45.8,78.39,1.41,-72.5,open_meteo_era5_synthetic
5,2024-02-05,0.0,25.8,40.7,71.69,1.41,-72.5,open_meteo_era5_synthetic
5,2024-02-06,0.0,24.8,39.1,70.32,1.41,-72.5,open_meteo_era5_synthetic
5,2024-02-07,0.0,25.7,44.7,72.03,1.41,-72.5,open_meteo_era5_synthetic
5,2024-02-08,1.57,28.8,44.8,75.87,2.98,-42.0,open_meteo_era5_synthetic
5,2024-02-09,0.0,25.2,39.1,70.8,2.98,-42.0,open_meteo_era5_synthetic
5,2024-02-10,0.0,24.7,37.1,69.99,2.98,-42.0,open_meteo_era5_synthetic
5,2024-02-11,3.59,27.0,31.6,72.02,6.57,28.0,open_meteo_era5_synthetic
5,2024-02-12,0.0,25.3,39.4,70.88,6.57,28.0,open_meteo_era5_synthetic
5,2024-02-13,3.46,29.2,43.5,76.18,10.03,95.3,open_meteo_era5_synthetic
5,2024-02-14,0.0,25.2,32.1,70.02,10.03,95.3,open_meteo_era5_synthetic
5,2024-02-15,0.0,25.4,37.2,70.79,10.03,95.3,open_meteo_era5_synthetic
5,2024-02-16,0.0,27.9,41.5,74.33,10.03,95.3,open_meteo_era5_synthetic
5,2024-02-17,0.0,23.9,33.3,68.73,8.62,67.9,open_meteo_era5_synthetic
5,2024-02-18,4.9,24.7,41.5,70.44,13.52,163.3,open_meteo_era5_synthetic
5,2024-02-19,0.0,28.0,36.5,73.8,13.52,163.3,open_meteo_era5_synthetic
5,2024-02-20,0.0,27.3,57.7,75.74,13.52,163.3,open_meteo_era5_synthetic
5,2024-02-21,0.0,29.3,34.4,75.0,13.52,163.3,open_meteo_era5_synthetic
5,2024-02-22,0.0,28.9,39.0,75.21,13.52,163.3,open_meteo_era5_synthetic
5,2024-02-23,5.68,23.8,45.1,69.66,19.2,273.9,open_meteo_era5_synthetic
5,2024-02-24,0.0,26.3,33.1,71.41,19.2,273.9,open_meteo_era5_synthetic
5,2024-02-25,0.0,27.5,36.4,73.13,19.2,273.9,open_meteo_era5_synthetic
5,2024-02-26,0.0,25.7,50.4,72.64,19.2,273.9,open_meteo_era5_synthetic
5,2024-02-27,0.0,26.4,48.8,73.39,19.2,273.9,open_meteo_era5_synthetic
5,2024-02-28,0.0,27.6,39.2,73.63,19.2,273.9,open_meteo_era5_synthetic
5,2024-02-29,0.0,29.3,45.1,76.55,19.2,273.9,open_meteo_era5_synthetic
5,2024-03-01,0.0,30.8,42.6,78.05,19.2,-55.5,open_meteo_era5_synthetic
5,2024-03-02,0.9,30.0,45.1,77.38,20.099999999999998,-53.4,open_meteo_era5_synthetic
5,2024-03-03,0.0,32.4,40.0,79.56,20.099999999999998,-53.4,open_meteo_era5_synthetic
5,2024-03-04,4.94,32.0,48.8,80.54,25.04,-41.9,open_meteo_era5_synthetic
5,2024-03-05,7.44,28.6,36.5,74.46,32.480000000000004,-24.7,open_meteo_era5_synthetic
5,2024-03-06,0.0,30.8,48.9,79.08,32.480000000000004,-24.7,open_meteo_era5_synthetic
5,2024-03-07,0.0,29.3,39.6,75.77,32.480000000000004,-24.7,open_meteo_era5_synthetic
5,2024-03-08,18.83,29.2,50.4,77.25,51.31,19.0,open_meteo_era5_synthetic
5,2024-03-09,0.0,31.0,40.7,77.93,49.739999999999995,15.4,open_meteo_era5_synthetic
5,2024-03-10,0.0,30.8,48.1,78.93,49.739999999999995,15.4,open_meteo_era5_synthetic
5,2024-03-11,0.0,32.1,53.5,81.56,49.739999999999995,15.4,open_meteo_era5_synthetic
5,2024-03-12,0.0,34.2,39.9,81.65,46.150000000000006,7.0,open_meteo_era5_synthetic
5,2024-03-13,0.0,27.9,49.2,75.41,46.150000000000006,7.0,open_meteo_era5_synthetic
5,2024-03-14,1.63,30.6,41.8,77.66,44.32,2.8,open_meteo_era5_synthetic
5,2024-03-15,0.0,31.2,43.6,78.69,44.32,2.8,open_meteo_era5_synthetic
5,2024-03-16,0.0,27.6,39.4,73.68,44.32,2.8,open_meteo_era5_synthetic
5,2024-03-17,0.0,29.9,39.9,76.53,44.32,2.8,open_meteo_era5_synthetic
5,2024-03-18,3.44,26.9,37.8,72.69,47.76,10.8,open_meteo_era5_synthetic
5,2024-03-19,0.0,29.2,42.0,75.96,42.86,-0.6,open_meteo_era5_synthetic
5,2024-03-20,0.0,31.7,40.5,78.77,42.86,-0.6,open_meteo_era5_synthetic
5,2024-03-21,0.0,32.2,47.1,80.56,42.86,-0.6,open_meteo_era5_synthetic
5,2024-03-22,10.61,27.8,34.8,73.33,53.47,24.0,open_meteo_era5_synthetic
5,2024-03-23,0.0,30.9,35.2,76.97,53.47,24.0,open_meteo_era5_synthetic
5,2024-03-24,0.0,30.8,42.8,78.03,47.78999999999999,10.8,open_meteo_era5_synthetic
5,2024-03-25,0.0,29.5,53.5,78.14,47.78999999999999,10.8,open_meteo_era5_synthetic
5,2024-03-26,0.0,32.9,38.1,79.74,47.78999999999999,10.8,open_meteo_era5_synthetic
5,2024-03-27,0.0,27.6,40.0,73.76,47.78999999999999,10.8,open_meteo_era5_synthetic
5,2024-03-28,0.0,31.6,45.5,79.48,47.78999999999999,10.8,open_meteo_era5_synthetic
5,2024-03-29,0.0,29.7,53.2,78.36,47.78999999999999,10.8,open_meteo_era5_synthetic
5,2024-03-30,0.0,33.7,38.2,80.68,47.78999999999999,10.8,open_meteo_era5_synthetic
5,2024-03-31,11.93,31.7,46.4,79.76,59.72,38.5,open_meteo_era5_synthetic
5,2024-04-01,0.0,33.5,51.1,83.01,58.81999999999999,-63.7,open_meteo_era5_synthetic
5,2024-04-02,9.6,27.7,48.8,75.1,68.42,-57.8,open_meteo_era5_synthetic
5,2024-04-03,7.84,27.6,47.8,74.81,71.32,-56.0,open_meteo_era5_synthetic
5,2024-04-04,10.84,30.7,49.2,79.0,74.72,-53.9,open_meteo_era5_synthetic
5,2024-04-05,0.0,29.3,45.0,76.51,74.72,-53.9,open_meteo_era5_synthetic
5,2024-04-06,48.29,30.3,46.6,78.0,123.00999999999999,-24.1,open_meteo_era5_synthetic
5,2024-04-07,0.0,28.5,47.6,75.91,104.18,-35.8,open_meteo_era5_synthetic
5,2024-04-08,0.0,33.9,50.4,83.39,104.18,-35.8,open_meteo_era5_synthetic
5,2024-04-09,0.0,30.5,41.5,77.51,104.18,-35.8,open_meteo_era5_synthetic
5,2024-04-10,28.86,30.5,48.3,78.52,133.04,-18.0,open_meteo_era5_synthetic
5,2024-04-11,0.0,29.9,37.8,76.15,133.04,-18.0,open_meteo_era5_synthetic
5,2024-04-12,0.0,32.9,47.6,81.55,133.04,-18.0,open_meteo_era5_synthetic
5,2024-04-13,32.99,31.8,41.6,79.05,164.4,1.4,open_meteo_era5_synthetic
5,2024-04-14,1.47,28.7,51.0,76.7,165.87,2.3,open_meteo_era5_synthetic
5,2024-04-15,5.17,30.6,47.8,78.58,171.04,5.5,open_meteo_era5_synthetic
5,2024-04-16,7.0,30.7,46.4,78.47,178.04,9.8,open_meteo_era5_synthetic
5,2024-04-17,0.0,28.5,45.0,75.57,174.6,7.7,open_meteo_era5_synthetic
5,2024-04-18,0.0,33.1,42.1,80.69,174.6,7.7,open_meteo_era5_synthetic
5,2024-04-19,45.95,29.7,43.2,76.76,220.55,36.0,open_meteo_era5_synthetic
5,2024-04-20,0.0,30.1,43.2,77.26,220.55,36.0,open_meteo_era5_synthetic
5,2024-04-21,4.4,32.6,46.2,80.93,214.34,32.2,open_meteo_era5_synthetic
5,2024-04-22,17.52,31.5,59.7,81.85,231.86,43.0,open_meteo_era5_synthetic
5,2024-04-23,22.42,31.6,56.1,81.36,254.28,56.8,open_meteo_era5_synthetic
5,2024-04-24,0.0,31.4,53.1,80.51,254.28,56.8,open_meteo_era5_synthetic
5,2024-04-25,13.82,30.5,41.0,77.37,268.1,65.3,open_meteo_era5_synthetic
5,2024-04-26,0.0,30.3,49.2,78.41,268.1,65.3,open_meteo_era5_synthetic
5,2024-04-27,0.0,28.9,55.9,77.66,268.1,65.3,open_meteo_era5_synthetic
5,2024-04-28,11.5,30.7,40.9,77.66,279.6,72.4,open_meteo_era5_synthetic
5,2024-04-29,0.0,33.1,36.1,79.62,279.6,72.4,open_meteo_era5_synthetic
5,2024-04-30,4.29,30.4,34.2,76.18,271.96,67.7,open_meteo_era5_synthetic
5,2024-05-01,10.76,34.3,49.1,83.65,282.71999999999997,-30.8,open_meteo_era5_synthetic
5,2024-05-02,7.72,29.2,60.5,78.68,280.84000000000003,-31.3,open_meteo_era5_synthetic
5,2024-05-03,18.54,32.7,50.3,81.76,291.54,-28.6,open_meteo_era5_synthetic
5,2024-05-04,56.7,33.8,47.6,82.73,337.40000000000003,-17.4,open_meteo_era5_synthetic
5,2024-05-05,0.0,33.9,49.2,83.06,337.40000000000003,-17.4,open_meteo_era5_synthetic
5,2024-05-06,29.78,32.8,55.2,82.85,318.89,-22.0,open_meteo_era5_synthetic
5,2024-05-07,31.48,32.1,59.0,82.57,350.37,-14.2,open_meteo_era5_synthetic
5,2024-05-08,0.0,31.9,47.2,80.16,350.37,-14.2,open_meteo_era5_synthetic
5,2024-05-09,22.58,30.8,49.4,79.11,372.95,-8.7,open_meteo_era5_synthetic
5,2024-05-10,0.0,33.1,57.8,83.68,344.09,-15.8,open_meteo_era5_synthetic
5,2024-05-11,0.0,33.8,64.2,85.88,344.09,-15.8,open_meteo_era5_synthetic
5,2024-05-12,14.75,32.1,57.8,82.25,358.84,-12.2,open_meteo_era5_synthetic
5,2024-05-13,9.73,34.1,45.8,82.64,335.58000000000004,-17.9,open_meteo_era5_synthetic
5,2024-05-14,2.07,32.1,43.1,79.75,336.18,-17.7,open_meteo_era5_synthetic
5,2024-05-15,44.93,33.8,58.4,84.79,375.94,-8.0,open_meteo_era5_synthetic
5,2024-05-16,7.29,34.2,59.0,85.45,376.23,-7.9,open_meteo_era5_synthetic
5,2024-05-17,36.77,27.6,60.0,76.39,413.0,1.1,open_meteo_era5_synthetic
5,2024-05-18,32.83,37.2,45.1,86.43,445.83,9.1,open_meteo_era5_synthetic
5,2024-05-19,41.94,34.4,49.6,83.88,441.82,8.1,open_meteo_era5_synthetic
5,2024-05-20,0.0,33.1,60.7,84.27,441.82,8.1,open_meteo_era5_synthetic
5,2024-05-21,0.0,30.6,47.9,78.61,437.42,7.1,open_meteo_era5_synthetic
5,2024-05-22,13.26,35.3,53.3,85.79,433.15999999999997,6.0,open_meteo_era5_synthetic
5,2024-05-23,26.6,35.0,62.2,87.17,437.34000000000003,7.0,open_meteo_era5_synthetic
5,2024-05-24,0.0,31.2,47.0,79.23,437.34000000000003,7.0,open_meteo_era5_synthetic
5,2024-05-25,31.8,30.0,63.4,80.28,455.32,11.4,open_meteo_era5_synthetic
5,2024-05-26,9.07,33.4,48.7,82.37,464.39,13.7,open_meteo_era5_synthetic
5,2024-05-27,7.31,34.1,51.7,83.86,471.7,15.5,open_meteo_era5_synthetic
5,2024-05-28,0.0,35.9,51.5,86.15,460.2,12.6,open_meteo_era5_synthetic
5,2024-05-29,8.95,31.5,54.3,80.87,469.15,14.8,open_meteo_era5_synthetic
5,2024-05-30,10.58,33.9,56.4,84.47,475.44,16.4,open_meteo_era5_synthetic
5,2024-05-31,0.0,31.7,51.1,80.56,464.68,13.7,open_meteo_era5_synthetic
5,2024-06-01,73.83,32.7,51.9,82.09,530.79,-17.0,open_meteo_era5_synthetic
5,2024-06-02,0.0,29.1,51.7,77.3,512.25,-19.9,open_meteo_era5_synthetic
5,2024-06-03,0.0,31.9,58.9,82.26,455.54999999999995,-28.8,open_meteo_era5_synthetic
5,2024-06-04,0.0,33.9,42.4,81.74,455.54999999999995,-28.8,open_meteo_era5_synthetic
5,2024-06-05,9.09,32.4,46.8,80.76,434.86,-32.0,open_meteo_era5_synthetic
5,2024-06-06,16.49,30.4,59.3,80.16,419.87,-34.4,open_meteo_era5_synthetic
5,2024-06-07,15.28,32.0,58.0,82.14,435.15,-32.0,open_meteo_era5_synthetic
5,2024-06-08,30.85,33.5,53.7,83.44,443.42,-30.7,open_meteo_era5_synthetic
5,2024-06-09,15.6,27.8,65.9,77.41,459.02,-28.2,open_meteo_era5_synthetic
5,2024-06-10,0.0,32.5,67.3,84.62,459.02,-28.2,open_meteo_era5_synthetic
5,2024-06-11,54.06,36.0,48.8,85.69,498.33000000000004,-22.1,open_meteo_era5_synthetic
5,2024-06-12,26.58,33.3,59.9,84.29,515.18,-19.5,open_meteo_era5_synthetic
5,2024-06-13,0.0,31.3,56.2,80.88,513.11,-19.8,open_meteo_era5_synthetic
5,2024-06-14,0.0,33.4,51.7,82.94,468.18,-26.8,open_meteo_era5_synthetic
5,2024-06-15,21.59,29.6,64.1,79.76,482.47999999999996,-24.6,open_meteo_era5_synthetic
5,2024-06-16,100.85,32.4,51.6,81.61,546.56,-14.6,open_meteo_era5_synthetic
5,2024-06-17,9.31,34.1,60.7,85.61,523.04,-18.2,open_meteo_era5_synthetic
5,2024-06-18,0.0,32.5,56.3,82.57,481.1,-24.8,open_meteo_era5_synthetic
5,2024-06-19,0.0,31.4,62.6,82.22,481.1,-24.8,open_meteo_era5_synthetic
5,2024-06-20,5.6,32.5,55.7,82.42,486.7,-23.9,open_meteo_era5_synthetic
5,2024-06-21,0.0,33.1,55.4,83.23,473.44,-26.0,open_meteo_era5_synthetic
5,2024-06-22,0.0,33.3,57.8,83.99,446.84,-30.2,open_meteo_era5_synthetic
5,2024-06-23,6.66,29.5,55.8,78.45,453.5,-29.1,open_meteo_era5_synthetic
5,2024-06-24,0.0,32.2,59.8,82.8,421.7,-34.1,open_meteo_era5_synthetic
5,2024-06-25,52.41,31.3,54.1,80.62,465.03999999999996,-27.3,open_meteo_era5_synthetic
5,2024-06-26,5.1,33.2,45.0,81.43,462.83,-27.7,open_meteo_era5_synthetic
5,2024-06-27,33.36,31.3,69.2,83.18,496.19,-22.4,open_meteo_era5_synthetic
5,2024-06-28,0.0,27.8,69.4,77.98,487.24,-23.8,open_meteo_era5_synthetic
5,2024-06-29,58.74,34.3,55.4,84.88,535.4,-16.3,open_meteo_era5_synthetic
5,2024-06-30,0.0,32.5,58.4,82.97,535.4,-16.3,open_meteo_era5_synthetic
5,2024-07-01,26.62,29.1,59.2,78.42,488.19,-35.4,open_meteo_era5_synthetic
5,2024-07-02,27.56,33.4,58.0,84.18,515.75,-31.7,open_meteo_era5_synthetic
5,2024-07-03,12.37,32.8,70.2,85.59,528.12,-30.1,open_meteo_era5_synthetic
5,2024-07-04,89.34,30.3,57.2,79.67,617.46,-18.2,open_meteo_era5_synthetic
5,2024-07-05,0.0,32.8,60.6,83.84,608.37,-19.4,open_meteo_era5_synthetic
5,2024-07-06,0.0,32.8,62.0,84.02,591.88,-21.6,open_meteo_era5_synthetic
5,2024-07-07,67.22,34.9,54.9,85.51,643.82,-14.8,open_meteo_era5_synthetic
5,2024-07-08,19.09,30.6,64.0,81.18,632.06,-16.3,open_meteo_era5_synthetic
5,2024-07-09,18.47,31.8,46.7,79.94,634.93,-15.9,open_meteo_era5_synthetic
5,2024-07-10,67.76,29.8,59.3,79.34,702.6899999999999,-7.0,open_meteo_era5_synthetic
5,2024-07-11,0.0,31.2,56.6,80.84,648.63,-14.1,open_meteo_era5_synthetic
5,2024-07-12,9.52,33.3,53.3,83.13,631.57,-16.4,open_meteo_era5_synthetic
5,2024-07-13,29.21,33.0,58.5,83.65,660.78,-12.5,open_meteo_era5_synthetic
5,2024-07-14,8.85,33.7,58.1,84.64,669.63,-11.3,open_meteo_era5_synthetic
5,2024-07-15,17.55,31.2,70.6,83.22,665.5899999999999,-11.9,open_meteo_era5_synthetic
5,2024-07-16,0.0,32.9,49.8,81.88,564.74,-25.2,open_meteo_era5_synthetic
5,2024-07-17,40.32,31.2,53.4,80.32,595.75,-21.1,open_meteo_era5_synthetic
5,2024-07-18,31.2,31.8,66.8,83.48,626.95,-17.0,open_meteo_era5_synthetic
5,2024-07-19,0.0,36.1,54.7,87.08,626.95,-17.0,open_meteo_era5_synthetic
5,2024-07-20,0.47,31.8,57.5,81.88,621.8199999999999,-17.7,open_meteo_era5_synthetic
5,2024-07-21,2.74,32.6,54.2,82.36,624.56,-17.3,open_meteo_era5_synthetic
5,2024-07-22,15.41,31.7,56.2,81.55,639.97,-15.3,open_meteo_era5_synthetic
5,2024-07-23,35.74,36.4,55.6,87.74,669.05,-11.4,open_meteo_era5_synthetic
5,2024-07-24,48.49,31.4,53.1,80.48,717.54,-5.0,open_meteo_era5_synthetic
5,2024-07-25,1.12,37.7,56.3,89.73,666.25,-11.8,open_meteo_era5_synthetic
5,2024-07-26,0.0,31.8,45.9,79.87,661.15,-12.5,open_meteo_era5_synthetic
5,2024-07-27,86.44,28.0,61.3,77.08,714.23,-5.4,open_meteo_era5_synthetic
5,2024-07-28,0.0,32.3,56.0,82.23,714.23,-5.4,open_meteo_era5_synthetic
5,2024-07-29,26.53,30.8,52.3,79.67,682.02,-9.7,open_meteo_era5_synthetic
5,2024-07-30,0.0,33.1,63.3,84.74,682.02,-9.7,open_meteo_era5_synthetic
5,2024-07-31,39.6,31.5,54.2,80.81,695.0,-8.0,open_meteo_era5_synthetic
5,2024-08-01,0.0,34.8,54.2,85.25,667.44,29.6,open_meteo_era5_synthetic
5,2024-08-02,0.0,34.3,47.1,83.26,655.07,27.2,open_meteo_era5_synthetic
5,2024-08-03,17.25,33.5,38.6,80.55,582.98,13.2,open_meteo_era5_synthetic
5,2024-08-04,44.9,29.6,55.1,78.47,627.88,21.9,open_meteo_era5_synthetic
5,2024-08-05,12.21,32.6,48.2,81.22,640.09,24.3,open_meteo_era5_synthetic
5,2024-08-06,25.45,30.8,46.3,78.62,598.3199999999999,16.2,open_meteo_era5_synthetic
5,2024-08-07,29.77,32.7,56.5,82.91,609.0000000000001,18.3,open_meteo_era5_synthetic
5,2024-08-08,13.9,31.4,53.1,80.52,604.4300000000001,17.4,open_meteo_era5_synthetic
5,2024-08-09,26.61,31.5,47.6,79.72,563.2800000000001,9.4,open_meteo_era5_synthetic
5,2024-08-10,5.54,34.7,45.6,83.44,568.82,10.5,open_meteo_era5_synthetic
5,2024-08-11,35.34,32.4,48.4,81.1,594.64,15.5,open_meteo_era5_synthetic
5,2024-08-12,11.79,31.1,51.6,79.91,577.22,12.1,open_meteo_era5_synthetic
5,2024-08-13,38.04,31.8,55.6,81.47,606.41,17.8,open_meteo_era5_synthetic
5,2024-08-14,3.55,33.2,51.0,82.55,592.4100000000001,15.0,open_meteo_era5_synthetic
5,2024-08-15,31.48,30.9,62.0,81.29,623.8900000000001,21.2,open_meteo_era5_synthetic
5,2024-08-16,7.59,32.8,46.8,81.3,591.16,14.8,open_meteo_era5_synthetic
5,2024-08-17,37.28,33.0,53.2,82.67,597.24,16.0,open_meteo_era5_synthetic
5,2024-08-18,34.66,34.2,50.6,83.82,631.9,22.7,open_meteo_era5_synthetic
5,2024-08-19,30.4,30.7,40.5,77.58,661.83,28.5,open_meteo_era5_synthetic
5,2024-08-20,14.68,31.8,50.3,80.63,673.77,30.8,open_meteo_era5_synthetic
5,2024-08-21,24.25,33.6,54.0,83.66,682.6099999999999,32.6,open_meteo_era5_synthetic
5,2024-08-22,5.6,28.9,47.7,76.42,652.4699999999999,26.7,open_meteo_era5_synthetic
5,2024-08-23,9.88,30.1,57.1,79.38,613.86,19.2,open_meteo_era5_synthetic
5,2024-08-24,11.69,34.0,44.1,82.29,624.4300000000001,21.3,open_meteo_era5_synthetic
5,2024-08-25,19.13,31.4,58.5,81.42,643.5600000000001,25.0,open_meteo_era5_synthetic
5,2024-08-26,11.73,35.3,54.1,85.92,568.85,10.5,open_meteo_era5_synthetic
5,2024-08-27,14.2,32.2,52.5,81.55,583.05,13.2,open_meteo_era5_synthetic
5,2024-08-28,0.0,29.3,40.8,75.93,556.52,8.1,open_meteo_era5_synthetic
5,2024-08-29,26.89,30.1,52.7,78.69,583.41,13.3,open_meteo_era5_synthetic
5,2024-08-30,31.79,28.9,47.6,76.4,575.6,11.8,open_meteo_era5_synthetic
5,2024-08-31,53.84,31.8,50.8,80.68,629.4399999999999,22.2,open_meteo_era5_synthetic
5,2024-09-01,3.09,34.7,37.7,81.81,632.53,53.3,open_meteo_era5_synthetic
5,2024-09-02,3.29,33.7,50.4,83.07,618.5699999999999,50.0,open_meteo_era5_synthetic
5,2024-09-03,12.14,31.0,53.7,80.07,585.8100000000001,42.0,open_meteo_era5_synthetic
5,2024-09-04,3.65,34.2,38.1,81.36,577.25,39.9,open_meteo_era5_synthetic
5,2024-09-05,1.43,31.2,44.9,78.84,553.23,34.1,open_meteo_era5_synthetic
5,2024-09-06,0.0,33.1,56.9,83.45,523.4599999999999,26.9,open_meteo_era5_synthetic
5,2024-09-07,14.92,33.9,50.3,83.3,524.48,27.2,open_meteo_era5_synthetic
5,2024-09-08,0.0,31.2,43.7,78.76,497.87,20.7,open_meteo_era5_synthetic
5,2024-09-09,0.0,29.5,53.4,78.03,492.33,19.4,open_meteo_era5_synthetic
5,2024-09-10,0.0,34.5,50.0,84.12,456.99,10.8,open_meteo_era5_synthetic
5,2024-09-11,0.0,31.9,43.0,79.46,445.2,7.9,open_meteo_era5_synthetic
5,2024-09-12,0.0,30.9,54.1,80.02,407.15999999999997,-1.3,open_meteo_era5_synthetic
5,2024-09-13,11.04,30.9,50.4,79.47,414.65000000000003,0.5,open_meteo_era5_synthetic
5,2024-09-14,6.95,31.1,44.0,78.68,390.12,-5.4,open_meteo_era5_synthetic
5,2024-09-15,0.0,31.9,48.4,80.44,382.53,-7.3,open_meteo_era5_synthetic
5,2024-09-16,0.0,31.2,41.2,78.26,345.25,-16.3,open_meteo_era5_synthetic
5,2024-09-17,31.21,35.8,66.4,89.29,341.8,-17.1,open_meteo_era5_synthetic
5,2024-09-18,0.0,29.6,57.9,78.9,311.4,-24.5,open_meteo_era5_synthetic
5,2024-09-19,0.0,34.7,46.0,83.51,296.71999999999997,-28.1,open_meteo_era5_synthetic
5,2024-09-20,0.0,34.0,44.2,82.28,272.46999999999997,-33.9,open_meteo_era5_synthetic
5,2024-09-21,0.0,30.0,51.2,78.45,266.87,-35.3,open_meteo_era5_synthetic
5,2024-09-22,0.0,34.1,53.9,84.25,256.99,-37.7,open_meteo_era5_synthetic
5,2024-09-23,65.61,31.4,48.5,79.81,310.90999999999997,-24.6,open_meteo_era5_synthetic
5,2024-09-24,28.46,31.6,48.1,79.93,320.24,-22.4,open_meteo_era5_synthetic
5,2024-09-25,5.08,32.3,48.9,80.93,313.59,-24.0,open_meteo_era5_synthetic
5,2024-09-26,11.7,33.6,58.7,84.59,311.09,-24.6,open_meteo_era5_synthetic
5,2024-09-27,2.99,33.6,44.1,81.68,314.08,-23.9,open_meteo_era5_synthetic
5,2024-09-28,13.0,31.8,34.8,77.93,300.19,-27.2,open_meteo_era5_synthetic
5,2024-09-29,46.81,33.7,60.1,84.91,315.21,-23.6,open_meteo_era5_synthetic
5,2024-09-30,40.09,34.2,50.4,83.79,301.46000000000004,-26.9,open_meteo_era5_synthetic
5,2024-10-01,3.0,30.7,39.9,77.41,301.37,19.1,open_meteo_era5_synthetic
5,2024-10-02,2.5,31.9,34.1,77.85,300.58000000000004,18.8,open_meteo_era5_synthetic
5,2024-10-03,12.28,32.0,45.4,79.94,300.71999999999997,18.8,open_meteo_era5_synthetic
5,2024-10-04,18.62,32.5,46.1,80.77,315.69,24.8,open_meteo_era5_synthetic
5,2024-10-05,0.0,29.8,46.7,77.39,314.26,24.2,open_meteo_era5_synthetic
5,2024-10-06,0.0,32.1,41.7,79.49,314.26,24.2,open_meteo_era5_synthetic
5,2024-10-07,0.0,31.9,38.2,78.62,299.34,18.3,open_meteo_era5_synthetic
5,2024-10-08,54.82,30.5,48.6,78.68,354.15999999999997,40.0,open_meteo_era5_synthetic
5,2024-10-09,0.0,33.1,43.5,80.97,354.15999999999997,40.0,open_meteo_era5_synthetic
5,2024-10-10,0.0,28.6,38.1,74.72,354.15999999999997,40.0,open_meteo_era5_synthetic
5,2024-10-11,0.0,32.4,38.8,79.31,354.15999999999997,40.0,open_meteo_era5_synthetic
5,2024-10-12,0.0,28.6,38.2,74.75,354.15999999999997,40.0,open_meteo_era5_synthetic
5,2024-10-13,0.0,32.2,27.0,76.93,343.12,35.6,open_meteo_era5_synthetic
5,2024-10-14,0.0,33.6,43.4,81.63,336.17,32.8,open_meteo_era5_synthetic
5,2024-10-15,0.0,30.9,48.3,79.1,336.17,32.8,open_meteo_era5_synthetic
5,2024-10-16,0.0,33.3,46.1,81.69,336.17,32.8,open_meteo_era5_synthetic
5,2024-10-17,20.17,29.9,49.3,78.0,325.13,28.5,open_meteo_era5_synthetic
5,2024-10-18,9.09,26.7,37.4,72.33,334.21999999999997,32.1,open_meteo_era5_synthetic
5,2024-10-19,0.0,31.6,27.2,76.31,334.21999999999997,32.1,open_meteo_era5_synthetic
5,2024-10-20,0.0,25.5,44.9,71.78,334.21999999999997,32.1,open_meteo_era5_synthetic
5,2024-10-21,0.0,33.8,33.9,79.96,334.21999999999997,32.1,open_meteo_era5_synthetic
5,2024-10-22,9.03,28.9,45.4,76.09,343.25,35.6,open_meteo_era5_synthetic
5,2024-10-23,0.0,34.7,53.7,85.09,277.64,9.7,open_meteo_era5_synthetic
5,2024-10-24,0.0,30.4,43.2,77.64,249.18,-1.5,open_meteo_era5_synthetic
5,2024-10-25,0.0,28.7,42.0,75.36,244.10000000000002,-3.5,open_meteo_era5_synthetic
5,2024-10-26,0.0,31.3,50.5,79.98,232.4,-8.2,open_meteo_era5_synthetic
5,2024-10-27,20.09,27.2,33.7,72.53,249.50000000000003,-1.4,open_meteo_era5_synthetic
5,2024-10-28,0.0,27.2,38.2,73.04,236.50000000000003,-6.5,open_meteo_era5_synthetic
5,2024-10-29,0.0,32.7,34.3,78.79,189.69,-25.0,open_meteo_era5_synthetic
5,2024-10-30,0.0,31.2,48.2,79.45,149.60000000000002,-40.9,open_meteo_era5_synthetic
5,2024-10-31,0.0,28.2,37.5,74.11,146.60000000000002,-42.1,open_meteo_era5_synthetic
5,2024-11-01,0.0,30.5,34.6,76.32,144.10000000000002,94.0,open_meteo_era5_synthetic
5,2024-11-02,0.0,28.5,38.7,74.71,131.82000000000002,77.5,open_meteo_era5_synthetic
5,2024-11-03,0.0,24.4,35.9,69.49,113.20000000000002,52.4,open_meteo_era5_synthetic
5,2024-11-04,0.0,28.9,35.6,74.67,113.20000000000002,52.4,open_meteo_era5_synthetic
5,2024-11-05,0.0,28.5,38.1,74.62,113.20000000000002,52.4,open_meteo_era5_synthetic
5,2024-11-06,0.0,28.7,43.8,75.57,113.20000000000002,52.4,open_meteo_era5_synthetic
5,2024-11-07,1.52,28.3,40.6,74.74,59.900000000000006,-19.4,open_meteo_era5_synthetic
5,2024-11-08,0.0,27.8,33.2,73.07,59.900000000000006,-19.4,open_meteo_era5_synthetic
5,2024-11-09,0.0,31.0,32.0,76.54,59.900000000000006,-19.4,open_meteo_era5_synthetic
5,2024-11-10,0.0,26.7,43.4,73.15,59.900000000000006,-19.4,open_meteo_era5_synthetic
5,2024-11-11,0.0,28.2,42.4,74.77,59.900000000000006,-19.4,open_meteo_era5_synthetic
5,2024-11-12,0.0,28.3,33.7,73.74,59.900000000000006,-19.4,open_meteo_era5_synthetic
5,2024-11-13,3.69,26.9,40.6,73.01,63.59,-14.4,open_meteo_era5_synthetic
5,2024-11-14,0.0,28.7,53.8,77.01,63.59,-14.4,open_meteo_era5_synthetic
5,2024-11-15,0.0,27.5,38.3,73.39,63.59,-14.4,open_meteo_era5_synthetic
5,2024-11-16,0.0,27.6,41.2,73.91,43.42,-41.5,open_meteo_era5_synthetic
5,2024-11-17,0.0,24.5,37.5,69.82,34.33,-53.8,open_meteo_era5_synthetic
5,2024-11-18,0.0,30.9,38.5,77.49,34.33,-53.8,open_meteo_era5_synthetic
5,2024-11-19,0.75,27.5,46.3,74.48,35.08,-52.8,open_meteo_era5_synthetic
5,2024-11-20,0.0,31.2,40.4,78.14,35.08,-52.8,open_meteo_era5_synthetic
5,2024-11-21,0.0,27.3,45.1,74.12,26.050000000000004,-64.9,open_meteo_era5_synthetic
5,2024-11-22,0.0,27.7,36.2,73.37,26.050000000000004,-64.9,open_meteo_era5_synthetic
5,2024-11-23,0.0,27.7,40.5,73.91,26.050000000000004,-64.9,open_meteo_era5_synthetic
5,2024-11-24,0.0,30.3,30.8,75.52,26.050000000000004,-64.9,open_meteo_era5_synthetic
5,2024-11-25,0.0,31.8,38.0,78.44,26.050000000000004,-64.9,open_meteo_era5_synthetic
5,2024-11-26,0.0,27.5,36.3,73.11,5.96,-92.0,open_meteo_era5_synthetic
5,2024-11-27,0.0,24.6,46.8,70.88,5.96,-92.0,open_meteo_era5_synthetic
5,2024-11-28,0.0,26.5,38.7,72.23,5.96,-92.0,open_meteo_era5_synthetic
5,2024-11-29,3.22,29.2,25.3,73.53,9.18,-87.6,open_meteo_era5_synthetic
5,2024-11-30,0.0,27.5,35.2,72.96,9.18,-87.6,open_meteo_era5_synthetic
5,2024-12-01,0.0,22.2,26.3,66.26,9.18,240.5,open_meteo_era5_synthetic
5,2024-12-02,0.0,24.4,29.8,68.91,9.18,240.5,open_meteo_era5_synthetic
5,2024-12-03,0.0,26.3,45.6,72.82,9.18,240.5,open_meteo_era5_synthetic
5,2024-12-04,0.0,22.3,36.6,67.18,9.18,240.5,open_meteo_era5_synthetic
5,2024-12-05,0.0,28.0,39.8,74.22,9.18,240.5,open_meteo_era5_synthetic
5,2024-12-06,0.0,25.5,40.3,71.32,9.18,240.5,open_meteo_era5_synthetic
5,2024-12-07,0.0,27.8,29.3,72.59,7.66,184.1,open_meteo_era5_synthetic
5,2024-12-08,0.0,27.2,44.0,73.76,7.66,184.1,open_meteo_era5_synthetic
5,2024-12-09,0.0,26.6,29.6,71.32,7.66,184.1,open_meteo_era5_synthetic
5,2024-12-10,0.0,24.4,39.6,69.82,7.66,184.1,open_meteo_era5_synthetic
5,2024-12-11,0.0,25.5,26.7,69.77,7.66,184.1,open_meteo_era5_synthetic
5,2024-12-12,0.0,28.3,35.7,73.97,7.66,184.1,open_meteo_era5_synthetic
5,2024-12-13,0.0,21.9,44.2,67.26,3.97,47.3,open_meteo_era5_synthetic
5,2024-12-14,0.0,22.9,30.2,67.31,3.97,47.3,open_meteo_era5_synthetic
5,2024-12-15,0.0,25.5,33.6,70.57,3.97,47.3,open_meteo_era5_synthetic
5,2024-12-16,0.0,26.8,48.6,73.83,3.97,47.3,open_meteo_era5_synthetic
5,2024-12-17,0.0,23.9,39.7,69.35,3.97,47.3,open_meteo_era5_synthetic
5,2024-12-18,0.0,26.5,38.8,72.29,3.97,47.3,open_meteo_era5_synthetic
5,2024-12-19,0.0,26.7,40.5,72.73,3.22,19.4,open_meteo_era5_synthetic
5,2024-12-20,0.0,26.1,30.3,70.77,3.22,19.4,open_meteo_era5_synthetic
5,2024-12-21,0.0,28.7,35.6,74.49,3.22,19.4,open_meteo_era5_synthetic
5,2024-12-22,0.0,21.2,41.2,66.22,3.22,19.4,open_meteo_era5_synthetic
5,2024-12-23,0.0,24.0,41.2,69.52,3.22,19.4,open_meteo_era5_synthetic
5,2024-12-24,0.56,25.4,48.2,72.08,3.7800000000000002,40.2,open_meteo_era5_synthetic
5,2024-12-25,0.76,24.3,34.9,69.33,4.54,68.4,open_meteo_era5_synthetic
5,2024-12-26,0.0,24.8,45.6,71.01,4.54,68.4,open_meteo_era5_synthetic
5,2024-12-27,0.0,24.0,36.0,69.03,4.54,68.4,open_meteo_era5_synthetic
5,2024-12-28,0.0,23.3,32.2,67.95,4.54,68.4,open_meteo_era5_synthetic
5,2024-12-29,0.0,25.2,38.8,70.75,1.32,-51.0,open_meteo_era5_synthetic
5,2024-12-30,0.0,22.8,45.7,68.45,1.32,-51.0,open_meteo_era5_synthetic
5,2024-12-31,0.0,27.3,42.6,73.71,1.32,-51.0,open_meteo_era5_synthetic
5,2025-01-01,0.0,25.8,39.1,71.49,1.32,18.9,open_meteo_era5_synthetic
5,2025-01-02,0.0,20.5,48.7,65.83,1.32,18.9,open_meteo_era5_synthetic
5,2025-01-03,0.0,26.7,42.4,72.98,1.32,18.9,open_meteo_era5_synthetic
5,2025-01-04,0.0,23.4,41.7,68.91,1.32,18.9,open_meteo_era5_synthetic
5,2025-01-05,0.0,25.5,28.9,69.98,1.32,18.9,open_meteo_era5_synthetic
5,2025-01-06,0.0,23.2,36.2,68.09,1.32,18.9,open_meteo_era5_synthetic
5,2025-01-07,0.0,24.1,35.9,69.12,1.32,18.9,open_meteo_era5_synthetic
5,2025-01-08,0.0,24.3,45.2,70.37,1.32,18.9,open_meteo_era5_synthetic
5,2025-01-09,0.0,22.8,36.3,67.71,1.32,18.9,open_meteo_era5_synthetic
5,2025-01-10,0.0,25.2,39.4,70.84,1.32,18.9,open_meteo_era5_synthetic
5,2025-01-11,0.0,27.1,38.2,72.96,1.32,18.9,open_meteo_era5_synthetic
5,2025-01-12,0.0,27.7,38.7,73.7,1.32,18.9,open_meteo_era5_synthetic
5,2025-01-13,0.0,24.1,39.3,69.53,1.32,18.9,open_meteo_era5_synthetic
5,2025-01-14,0.0,24.1,49.4,70.48,1.32,18.9,open_meteo_era5_synthetic
5,2025-01-15,0.0,23.8,44.5,69.6,1.32,18.9,open_meteo_era5_synthetic
5,2025-01-16,0.0,23.4,34.0,68.14,1.32,18.9,open_meteo_era5_synthetic
5,2025-01-17,0.0,24.2,56.1,71.21,1.32,18.9,open_meteo_era5_synthetic
5,2025-01-18,0.0,24.9,51.5,71.7,1.32,18.9,open_meteo_era5_synthetic
5,2025-01-19,0.0,27.3,46.5,74.23,1.32,18.9,open_meteo_era5_synthetic
5,2025-01-20,0.0,23.0,42.3,68.42,1.32,18.9,open_meteo_era5_synthetic
5,2025-01-21,0.0,21.1,30.5,65.35,1.32,18.9,open_meteo_era5_synthetic
5,2025-01-22,0.0,23.8,37.8,69.04,1.32,18.9,open_meteo_era5_synthetic
5,2025-01-23,0.0,23.5,32.8,68.16,0.76,-31.6,open_meteo_era5_synthetic
5,2025-01-24,0.3,25.3,37.2,70.7,0.3,-73.0,open_meteo_era5_synthetic
5,2025-01-25,0.0,27.1,44.9,73.82,0.3,-73.0,open_meteo_era5_synthetic
5,2025-01-26,0.78,23.6,35.2,68.56,1.08,-2.7,open_meteo_era5_synthetic
5,2025-01-27,0.0,23.6,42.4,69.17,1.08,-2.7,open_meteo_era5_synthetic
5,2025-01-28,0.0,26.3,44.2,72.65,1.08,-2.7,open_meteo_era5_synthetic
5,2025-01-29,0.0,22.6,49.8,68.52,1.08,-2.7,open_meteo_era5_synthetic
5,2025-01-30,0.0,24.6,33.2,69.44,1.08,-2.7,open_meteo_era5_synthetic
5,2025-01-31,0.16,27.0,39.9,73.03,1.24,11.7,open_meteo_era5_synthetic
5,2025-02-01,0.0,27.0,26.6,71.32,1.24,-75.8,open_meteo_era5_synthetic
5,2025-02-02,0.0,30.1,42.9,77.21,1.24,-75.8,open_meteo_era5_synthetic
5,2025-02-03,0.0,24.6,37.4,69.84,1.24,-75.8,open_meteo_era5_synthetic
5,2025-02-04,0.0,26.6,40.4,72.58,1.24,-75.8,open_meteo_era5_synthetic
5,2025-02-05,0.0,28.9,39.5,75.22,1.24,-75.8,open_meteo_era5_synthetic
5,2025-02-06,0.0,29.3,38.2,75.51,1.24,-75.8,open_meteo_era5_synthetic
5,2025-02-07,0.0,27.2,34.2,72.49,1.24,-75.8,open_meteo_era5_synthetic
5,2025-02-08,0.0,25.0,36.0,70.23,1.24,-75.8,open_meteo_era5_synthetic
5,2025-02-09,0.0,31.1,35.8,77.29,1.24,-75.8,open_meteo_era5_synthetic
5,2025-02-10,0.0,28.8,42.4,75.57,1.24,-75.8,open_meteo_era5_synthetic
5,2025-02-11,0.0,25.9,36.9,71.39,1.24,-75.8,open_meteo_era5_synthetic
5,2025-02-12,0.0,27.2,48.8,74.4,1.24,-75.8,open_meteo_era5_synthetic
5,2025-02-13,0.0,28.0,37.1,73.79,1.24,-75.8,open_meteo_era5_synthetic
5,2025-02-14,0.0,26.3,26.5,70.61,1.24,-75.8,open_meteo_era5_synthetic
5,2025-02-15,0.0,25.5,37.4,70.92,1.24,-75.8,open_meteo_era5_synthetic
5,2025-02-16,0.0,25.7,38.6,71.29,1.24,-75.8,open_meteo_era5_synthetic
5,2025-02-17,0.0,26.6,45.9,73.27,1.24,-75.8,open_meteo_era5_synthetic
5,2025-02-18,0.0,28.2,33.4,73.59,1.24,-75.8,open_meteo_era5_synthetic
5,2025-02-19,0.0,26.6,37.4,72.19,1.24,-75.8,open_meteo_era5_synthetic
5,2025-02-20,0.0,25.4,39.5,71.09,1.24,-75.8,open_meteo_era5_synthetic
5,2025-02-21,0.0,28.4,44.1,75.29,1.24,-75.8,open_meteo_era5_synthetic
5,2025-02-22,0.0,28.4,54.2,76.71,1.24,-75.8,open_meteo_era5_synthetic
5,2025-02-23,0.0,28.0,46.2,75.14,0.9400000000000001,-81.7,open_meteo_era5_synthetic
5,2025-02-24,0.0,29.6,35.9,75.48,0.9400000000000002,-81.7,open_meteo_era5_synthetic
5,2025-02-25,0.0,29.2,31.6,74.46,0.16000000000000011,-96.9,open_meteo_era5_synthetic
5,2025-02-26,0.0,25.9,34.0,71.02,0.16000000000000011,-96.9,open_meteo_era5_synthetic
5,2025-02-27,0.0,25.3,42.5,71.3,0.16000000000000011,-96.9,open_meteo_era5_synthetic
5,2025-02-28,0.0,26.2,36.2,71.59,0.16000000000000011,-96.9,open_meteo_era5_synthetic
5,2025-03-01,5.74,30.1,33.2,75.66,5.9,-86.3,open_meteo_era5_synthetic
5,2025-03-02,11.2,29.9,42.6,76.89,16.939999999999998,-60.7,open_meteo_era5_synthetic
5,2025-03-03,5.89,27.9,38.9,73.92,22.83,-47.0,open_meteo_era5_synthetic
5,2025-03-04,0.0,29.5,42.1,76.35,22.83,-47.0,open_meteo_era5_synthetic
5,2025-03-05,9.3,30.2,33.3,75.85,32.129999999999995,-25.5,open_meteo_era5_synthetic
5,2025-03-06,0.0,29.5,50.0,77.5,32.129999999999995,-25.5,open_meteo_era5_synthetic
5,2025-03-07,0.0,30.8,50.6,79.39,32.129999999999995,-25.5,open_meteo_era5_synthetic
5,2025-03-08,0.0,30.3,53.0,79.07,32.129999999999995,-25.5,open_meteo_era5_synthetic
5,2025-03-09,0.0,33.1,45.2,81.28,32.129999999999995,-25.5,open_meteo_era5_synthetic
5,2025-03-10,0.0,30.3,42.5,77.41,32.129999999999995,-25.5,open_meteo_era5_synthetic
5,2025-03-11,13.62,29.1,42.2,75.85,45.75,6.1,open_meteo_era5_synthetic
5,2025-03-12,0.0,30.9,45.7,78.69,45.75,6.1,open_meteo_era5_synthetic
5,2025-03-13,0.0,30.8,44.7,78.33,45.75,6.1,open_meteo_era5_synthetic
5,2025-03-14,0.0,29.5,39.3,75.88,45.75,6.1,open_meteo_era5_synthetic
5,2025-03-15,0.0,29.5,43.5,76.51,45.75,6.1,open_meteo_era5_synthetic
5,2025-03-16,0.0,29.8,51.0,78.04,45.75,6.1,open_meteo_era5_synthetic
5,2025-03-17,1.4,32.6,34.8,78.8,47.15,9.4,open_meteo_era5_synthetic
5,2025-03-18,6.57,29.2,46.5,76.61,53.72,24.6,open_meteo_era5_synthetic
5,2025-03-19,7.43,29.5,36.3,75.53,61.15,41.8,open_meteo_era5_synthetic
5,2025-03-20,0.0,30.0,45.0,77.38,61.15,41.8,open_meteo_era5_synthetic
5,2025-03-21,0.66,32.2,43.0,79.85,61.809999999999995,43.4,open_meteo_era5_synthetic
5,2025-03-22,7.63,29.4,47.5,77.11,69.44,61.1,open_meteo_era5_synthetic
5,2025-03-23,0.0,28.2,36.0,73.96,69.44,61.1,open_meteo_era5_synthetic
5,2025-03-24,0.0,31.2,38.9,77.93,69.44,61.1,open_meteo_era5_synthetic
5,2025-03-25,1.02,31.9,40.5,78.97,70.46,63.4,open_meteo_era5_synthetic
5,2025-03-26,0.0,28.6,34.9,74.19,70.46,63.4,open_meteo_era5_synthetic
5,2025-03-27,0.0,30.1,44.4,77.48,70.46,63.4,open_meteo_era5_synthetic
5,2025-03-28,0.0,29.8,33.3,75.32,70.46,63.4,open_meteo_era5_synthetic
5,2025-03-29,7.39,33.2,41.6,80.77,77.85,80.6,open_meteo_era5_synthetic
5,2025-03-30,0.0,28.1,36.3,73.83,77.85,80.6,open_meteo_era5_synthetic
5,2025-03-31,2.36,30.0,47.3,77.8,74.47,72.7,open_meteo_era5_synthetic
5,2025-04-01,24.64,30.0,49.9,78.23,87.91,-45.8,open_meteo_era5_synthetic
5,2025-04-02,0.0,31.5,47.0,79.64,82.02,-49.4,open_meteo_era5_synthetic
5,2025-04-03,0.0,30.9,44.5,78.46,82.02,-49.4,open_meteo_era5_synthetic
5,2025-04-04,0.0,33.8,40.0,81.23,72.72,-55.2,open_meteo_era5_synthetic
5,2025-04-05,19.48,27.2,32.8,72.31,92.2,-43.1,open_meteo_era5_synthetic
5,2025-04-06,0.0,29.3,45.4,76.56,92.2,-43.1,open_meteo_era5_synthetic
5,2025-04-07,9.84,32.4,53.9,82.01,102.04,-37.1,open_meteo_era5_synthetic
5,2025-04-08,0.0,30.0,48.6,78.01,102.04,-37.1,open_meteo_era5_synthetic
5,2025-04-09,2.54,30.9,49.2,79.2,104.58,-35.5,open_meteo_era5_synthetic
5,2025-04-10,28.45,26.8,46.8,73.64,119.41,-26.4,open_meteo_era5_synthetic
5,2025-04-11,0.0,33.1,54.7,83.13,119.41,-26.4,open_meteo_era5_synthetic
5,2025-04-12,0.0,30.5,45.7,78.11,119.41,-26.4,open_meteo_era5_synthetic
5,2025-04-13,10.37,31.8,47.4,80.05,129.78,-20.0,open_meteo_era5_synthetic
5,2025-04-14,0.0,28.7,48.7,76.38,129.78,-20.0,open_meteo_era5_synthetic
5,2025-04-15,0.0,33.4,47.5,82.17,129.78,-20.0,open_meteo_era5_synthetic
5,2025-04-16,17.5,29.8,46.2,77.37,145.88,-10.0,open_meteo_era5_synthetic
5,2025-04-17,9.57,30.3,47.9,78.28,148.88,-8.2,open_meteo_era5_synthetic
5,2025-04-18,0.0,31.1,48.4,79.36,141.45,-12.8,open_meteo_era5_synthetic
5,2025-04-19,21.62,32.7,51.8,81.99,163.07,0.6,open_meteo_era5_synthetic
5,2025-04-20,6.02,28.4,53.7,76.62,168.43,3.9,open_meteo_era5_synthetic
5,2025-04-21,8.88,30.3,42.3,77.35,169.68,4.6,open_meteo_era5_synthetic
5,2025-04-22,0.0,30.1,47.4,77.96,169.68,4.6,open_meteo_era5_synthetic
5,2025-04-23,14.69,30.6,43.4,77.86,184.37,13.7,open_meteo_era5_synthetic
5,2025-04-24,4.63,32.9,66.5,85.06,187.98,15.9,open_meteo_era5_synthetic
5,2025-04-25,0.0,32.2,54.5,81.91,187.98,15.9,open_meteo_era5_synthetic
5,2025-04-26,3.31,27.1,50.5,74.52,191.29,18.0,open_meteo_era5_synthetic
5,2025-04-27,0.0,31.5,53.8,80.77,191.29,18.0,open_meteo_era5_synthetic
5,2025-04-28,0.0,29.8,53.5,78.43,183.9,13.4,open_meteo_era5_synthetic
5,2025-04-29,0.22,30.9,48.0,79.01,184.12,13.5,open_meteo_era5_synthetic
5,2025-04-30,0.0,30.4,46.0,78.11,181.76,12.1,open_meteo_era5_synthetic
5,2025-05-01,52.37,33.3,57.4,83.84,209.49,-48.7,open_meteo_era5_synthetic
5,2025-05-02,11.47,34.6,62.6,86.68,220.96,-45.9,open_meteo_era5_synthetic
5,2025-05-03,30.09,33.5,58.7,84.37,251.05,-38.6,open_meteo_era5_synthetic
5,2025-05-04,0.0,30.5,51.2,79.06,251.05,-38.6,open_meteo_era5_synthetic
5,2025-05-05,0.0,32.6,39.6,79.73,231.57,-43.3,open_meteo_era5_synthetic
5,2025-05-06,0.0,33.6,45.8,82.13,231.57,-43.3,open_meteo_era5_synthetic
5,2025-05-07,23.49,35.6,45.8,84.53,245.22,-40.0,open_meteo_era5_synthetic
5,2025-05-08,43.62,29.7,45.9,77.17,288.84000000000003,-29.3,open_meteo_era5_synthetic
5,2025-05-09,2.99,31.5,53.3,80.7,289.28999999999996,-29.2,open_meteo_era5_synthetic
5,2025-05-10,11.07,30.8,47.2,78.83,271.90999999999997,-33.4,open_meteo_era5_synthetic
5,2025-05-11,37.65,32.6,54.6,82.47,309.56,-24.2,open_meteo_era5_synthetic
5,2025-05-12,46.65,30.3,45.7,77.89,356.21,-12.8,open_meteo_era5_synthetic
5,2025-05-13,26.87,34.0,46.4,82.66,372.71,-8.8,open_meteo_era5_synthetic
5,2025-05-14,66.99,32.9,48.0,81.63,439.7,7.6,open_meteo_era5_synthetic
5,2025-05-15,14.87,31.4,47.1,79.49,454.57,11.3,open_meteo_era5_synthetic
5,2025-05-16,2.69,33.6,44.1,81.79,439.76,7.6,open_meteo_era5_synthetic
5,2025-05-17,15.62,32.0,60.9,82.76,445.81,9.1,open_meteo_era5_synthetic
5,2025-05-18,13.3,33.5,43.3,81.5,459.11,12.4,open_meteo_era5_synthetic
5,2025-05-19,37.64,33.0,51.5,82.42,475.13,16.3,open_meteo_era5_synthetic
5,2025-05-20,0.0,29.3,53.5,77.8,469.11,14.8,open_meteo_era5_synthetic
5,2025-05-21,5.33,29.8,44.8,77.21,465.56,13.9,open_meteo_era5_synthetic
5,2025-05-22,58.09,30.6,46.2,78.34,523.65,28.2,open_meteo_era5_synthetic
5,2025-05-23,0.0,34.1,47.2,83.02,508.96000000000004,24.6,open_meteo_era5_synthetic
5,2025-05-24,34.41,35.3,63.5,87.93,538.74,31.9,open_meteo_era5_synthetic
5,2025-05-25,1.49,28.9,56.6,77.76,540.23,32.2,open_meteo_era5_synthetic
5,2025-05-26,26.88,33.2,47.4,81.91,563.8,38.0,open_meteo_era5_synthetic
5,2025-05-27,38.97,33.1,53.9,83.01,602.77,47.5,open_meteo_era5_synthetic
5,2025-05-28,38.6,35.3,47.4,84.6,641.37,57.0,open_meteo_era5_synthetic
5,2025-05-29,14.76,32.0,56.2,81.93,655.9100000000001,60.5,open_meteo_era5_synthetic
5,2025-05-30,21.01,29.3,52.7,77.69,676.9200000000001,65.7,open_meteo_era5_synthetic
5,2025-05-31,5.19,30.6,43.6,77.95,629.74,54.1,open_meteo_era5_synthetic
5,2025-06-01,69.87,31.9,53.0,81.14,688.14,7.6,open_meteo_era5_synthetic
5,2025-06-02,11.99,35.9,57.0,87.39,670.04,4.7,open_meteo_era5_synthetic
5,2025-06-03,57.0,31.8,48.1,80.15,727.04,13.6,open_meteo_era5_synthetic
5,2025-06-04,28.19,30.8,54.8,80.01,755.23,18.1,open_meteo_era5_synthetic
5,2025-06-05,15.92,30.8,64.7,81.71,771.15,20.5,open_meteo_era5_synthetic
5,2025-06-06,0.0,35.7,49.7,85.51,747.66,16.9,open_meteo_era5_synthetic
5,2025-06-07,22.26,31.1,63.2,81.82,726.3,13.5,open_meteo_era5_synthetic
5,2025-06-08,0.0,31.9,49.8,80.59,723.31,13.1,open_meteo_era5_synthetic
5,2025-06-09,51.94,32.9,50.3,82.03,764.1800000000001,19.5,open_meteo_era5_synthetic
5,2025-06-10,61.33,34.1,47.3,83.07,787.86,23.2,open_meteo_era5_synthetic
5,2025-06-11,31.12,31.8,52.8,81.09,772.3299999999999,20.7,open_meteo_era5_synthetic
5,2025-06-12,9.19,34.2,55.2,84.66,754.65,18.0,open_meteo_era5_synthetic
5,2025-06-13,64.5,31.7,56.8,81.64,752.1600000000001,17.6,open_meteo_era5_synthetic
5,2025-06-14,0.0,33.7,53.9,83.78,737.2900000000001,15.2,open_meteo_era5_synthetic
5,2025-06-15,22.0,31.7,46.7,79.85,756.6,18.3,open_meteo_era5_synthetic
5,2025-06-16,8.68,31.3,59.6,81.46,749.66,17.2,open_meteo_era5_synthetic
5,2025-06-17,48.77,32.6,52.2,82.02,785.13,22.7,open_meteo_era5_synthetic
5,2025-06-18,2.37,32.2,49.4,80.9,749.86,17.2,open_meteo_era5_synthetic
5,2025-06-19,15.38,31.1,57.3,80.88,765.24,19.6,open_meteo_era5_synthetic
5,2025-06-20,15.32,32.9,62.5,84.31,775.23,21.2,open_meteo_era5_synthetic
5,2025-06-21,0.0,33.8,52.6,83.62,717.14,12.1,open_meteo_era5_synthetic
5,2025-06-22,6.34,29.7,53.7,78.4,723.48,13.1,open_meteo_era5_synthetic
5,2025-06-23,0.0,33.0,56.1,83.28,689.07,7.7,open_meteo_era5_synthetic
5,2025-06-24,7.33,32.9,59.6,83.75,694.91,8.6,open_meteo_era5_synthetic
5,2025-06-25,27.77,30.4,61.9,80.63,695.8,8.8,open_meteo_era5_synthetic
5,2025-06-26,41.6,29.2,45.9,76.57,698.43,9.2,open_meteo_era5_synthetic
5,2025-06-27,18.55,33.9,40.3,81.41,678.38,6.0,open_meteo_era5_synthetic
5,2025-06-28,16.84,31.0,58.3,80.83,680.4599999999999,6.4,open_meteo_era5_synthetic
5,2025-06-29,69.86,32.5,65.5,84.29,729.31,14.0,open_meteo_era5_synthetic
5,2025-06-30,89.45,30.8,65.9,81.78,813.57,27.2,open_meteo_era5_synthetic
5,2025-07-01,98.35,28.4,56.5,76.97,842.0500000000001,11.5,open_meteo_era5_synthetic
5,2025-07-02,0.0,30.3,59.8,80.2,830.0600000000001,9.9,open_meteo_era5_synthetic
5,2025-07-03,0.0,30.9,48.6,79.1,773.0600000000001,2.4,open_meteo_era5_synthetic
5,2025-07-04,40.18,33.0,64.0,84.76,785.05,3.9,open_meteo_era5_synthetic
5,2025-07-05,36.24,33.3,59.1,84.17,805.37,6.6,open_meteo_era5_synthetic
5,2025-07-06,0.0,36.5,49.9,86.64,805.37,6.6,open_meteo_era5_synthetic
5,2025-07-07,41.47,32.9,40.5,80.2,824.58,9.2,open_meteo_era5_synthetic
5,2025-07-08,42.59,34.7,61.2,86.62,867.1700000000001,14.8,open_meteo_era5_synthetic
5,2025-07-09,19.87,31.1,68.4,82.76,835.0999999999999,10.6,open_meteo_era5_synthetic
5,2025-07-10,0.0,32.1,59.9,82.66,773.77,2.5,open_meteo_era5_synthetic
5,2025-07-11,79.34,32.7,57.8,83.15,821.99,8.8,open_meteo_era5_synthetic
5,2025-07-12,0.0,33.8,49.4,82.98,812.8,7.6,open_meteo_era5_synthetic
5,2025-07-13,18.72,30.9,57.5,80.62,767.02,1.6,open_meteo_era5_synthetic
5,2025-07-14,25.7,31.7,56.9,81.58,792.72,5.0,open_meteo_era5_synthetic
5,2025-07-15,48.3,30.6,63.6,81.14,819.02,8.4,open_meteo_era5_synthetic
5,2025-07-16,23.6,29.3,52.2,77.65,833.94,10.4,open_meteo_era5_synthetic
5,2025-07-17,90.65,32.3,54.1,81.94,875.82,16.0,open_meteo_era5_synthetic
5,2025-07-18,22.8,28.9,50.9,76.96,896.25,18.7,open_meteo_era5_synthetic
5,2025-07-19,65.76,31.7,50.7,80.59,946.6300000000001,25.3,open_meteo_era5_synthetic
5,2025-07-20,0.0,32.5,57.2,82.81,931.31,23.3,open_meteo_era5_synthetic
5,2025-07-21,7.61,31.4,55.7,81.06,938.92,24.3,open_meteo_era5_synthetic
5,2025-07-22,0.0,30.4,65.0,81.1,932.5799999999999,23.5,open_meteo_era5_synthetic
5,2025-07-23,50.76,34.0,65.4,86.36,983.3399999999999,30.2,open_meteo_era5_synthetic
5,2025-07-24,17.65,32.5,61.2,83.45,993.6600000000001,31.6,open_meteo_era5_synthetic
5,2025-07-25,27.89,32.8,50.2,81.87,993.7800000000001,31.6,open_meteo_era5_synthetic
5,2025-07-26,42.07,31.9,55.1,81.56,994.25,31.6,open_meteo_era5_synthetic
5,2025-07-27,0.0,31.0,66.2,82.24,975.6999999999999,29.2,open_meteo_era5_synthetic
5,2025-07-28,51.82,33.8,61.8,85.41,1010.6800000000001,33.8,open_meteo_era5_synthetic
5,2025-07-29,34.64,30.3,57.4,79.7,975.46,29.2,open_meteo_era5_synthetic
5,2025-07-30,43.21,30.2,57.5,79.6,929.22,23.0,open_meteo_era5_synthetic
5,2025-07-31,17.11,30.2,56.8,79.57,847.98,12.3,open_meteo_era5_synthetic
5,2025-08-01,0.0,32.2,49.6,81.02,847.98,64.7,open_meteo_era5_synthetic
5,2025-08-02,0.0,32.0,66.8,83.71,847.98,64.7,open_meteo_era5_synthetic
5,2025-08-03,0.0,34.0,55.1,84.4,807.8000000000001,56.9,open_meteo_era5_synthetic
5,2025-08-04,0.0,33.0,57.3,83.44,771.5600000000001,49.8,open_meteo_era5_synthetic
5,2025-08-05,0.0,32.0,42.5,79.45,771.5600000000001,49.8,open_meteo_era5_synthetic
5,2025-08-06,2.24,30.5,44.6,77.95,732.3299999999999,42.2,open_meteo_era5_synthetic
5,2025-08-07,0.0,27.4,40.5,73.62,689.74,33.9,open_meteo_era5_synthetic
5,2025-08-08,16.74,34.6,55.0,85.15,686.61,33.3,open_meteo_era5_synthetic
5,2025-08-09,40.31,33.8,48.4,82.86,726.9200000000001,41.2,open_meteo_era5_synthetic
5,2025-08-10,30.1,33.8,46.6,82.41,677.6800000000001,31.6,open_meteo_era5_synthetic
5,2025-08-11,0.0,26.0,43.9,72.29,677.6800000000001,31.6,open_meteo_era5_synthetic
5,2025-08-12,45.38,31.5,50.4,80.21,704.34,36.8,open_meteo_era5_synthetic
5,2025-08-13,57.15,29.9,45.7,77.37,735.79,42.9,open_meteo_era5_synthetic
5,2025-08-14,0.0,33.2,47.9,81.93,687.49,33.5,open_meteo_era5_synthetic
5,2025-08-15,41.04,34.7,58.9,86.14,704.93,36.9,open_meteo_era5_synthetic
5,2025-08-16,0.0,30.9,41.4,77.9,614.28,19.3,open_meteo_era5_synthetic
5,2025-08-17,14.65,30.3,43.9,77.57,606.13,17.7,open_meteo_era5_synthetic
5,2025-08-18,16.61,30.8,52.5,79.7,556.9799999999999,8.2,open_meteo_era5_synthetic
5,2025-08-19,0.0,28.7,63.5,78.42,556.98,8.2,open_meteo_era5_synthetic
5,2025-08-20,22.63,33.8,48.9,82.87,572.0,11.1,open_meteo_era5_synthetic
5,2025-08-21,44.64,29.2,48.4,76.97,616.6400000000001,19.8,open_meteo_era5_synthetic
5,2025-08-22,0.0,33.3,53.3,83.14,565.8800000000001,9.9,open_meteo_era5_synthetic
5,2025-08-23,0.0,31.7,57.1,81.62,548.23,6.5,open_meteo_era5_synthetic
5,2025-08-24,28.43,32.4,53.8,81.97,548.77,6.6,open_meteo_era5_synthetic
5,2025-08-25,0.0,32.7,39.1,79.67,506.7,-1.6,open_meteo_era5_synthetic
5,2025-08-26,14.15,30.0,56.8,79.21,520.85,1.1,open_meteo_era5_synthetic
5,2025-08-27,26.46,32.5,47.5,81.0,495.49,-3.8,open_meteo_era5_synthetic
5,2025-08-28,0.0,32.8,55.5,82.84,460.85,-10.5,open_meteo_era5_synthetic
5,2025-08-29,10.57,30.4,51.1,78.87,428.21000000000004,-16.8,open_meteo_era5_synthetic
5,2025-08-30,11.24,30.9,54.7,80.2,422.34000000000003,-18.0,open_meteo_era5_synthetic
5,2025-08-31,0.41,30.8,55.1,80.08,422.75,-17.9,open_meteo_era5_synthetic
5,2025-09-01,21.91,31.9,43.4,79.46,444.66,7.8,open_meteo_era5_synthetic
5,2025-09-02,0.0,29.0,46.9,76.45,444.66,7.8,open_meteo_era5_synthetic
5,2025-09-03,0.0,32.6,43.4,80.37,444.66,7.8,open_meteo_era5_synthetic
5,2025-09-04,40.11,30.7,54.7,79.92,484.77,17.5,open_meteo_era5_synthetic
5,2025-09-05,30.64,30.5,50.1,78.88,513.17,24.4,open_meteo_era5_synthetic
5,2025-09-06,0.0,30.0,45.9,77.51,513.17,24.4,open_meteo_era5_synthetic
5,2025-09-07,8.95,31.3,48.8,79.73,505.38,22.5,open_meteo_era5_synthetic
5,2025-09-08,24.34,28.2,53.0,76.29,489.40999999999997,18.6,open_meteo_era5_synthetic
5,2025-09-09,7.86,33.4,44.3,81.56,467.17,13.3,open_meteo_era5_synthetic
5,2025-09-10,10.51,32.7,47.6,81.33,477.68,15.8,open_meteo_era5_synthetic
5,2025-09-11,0.0,32.4,47.4,80.87,432.29999999999995,4.8,open_meteo_era5_synthetic
5,2025-09-12,0.0,34.0,41.2,81.67,375.15,-9.1,open_meteo_era5_synthetic
5,2025-09-13,0.0,29.4,35.2,75.19,375.15,-9.1,open_meteo_era5_synthetic
5,2025-09-14,0.0,32.1,43.9,79.81,334.11,-19.0,open_meteo_era5_synthetic
5,2025-09-15,15.9,32.9,46.1,81.28,350.01000000000005,-15.1,open_meteo_era5_synthetic
5,2025-09-16,16.7,31.8,48.4,80.24,352.06,-14.6,open_meteo_era5_synthetic
5,2025-09-17,30.08,30.4,43.9,77.8,365.53,-11.4,open_meteo_era5_synthetic
5,2025-09-18,0.0,29.7,51.4,77.98,365.53,-11.4,open_meteo_era5_synthetic
5,2025-09-19,25.02,31.7,61.5,82.38,367.91999999999996,-10.8,open_meteo_era5_synthetic
5,2025-09-20,15.32,36.1,51.1,86.37,338.6,-17.9,open_meteo_era5_synthetic
5,2025-09-21,15.34,35.1,57.8,86.38,353.94,-14.2,open_meteo_era5_synthetic
5,2025-09-22,0.0,30.8,43.9,78.22,353.94,-14.2,open_meteo_era5_synthetic
5,2025-09-23,0.0,33.3,49.5,82.34,325.51,-21.1,open_meteo_era5_synthetic
5,2025-09-24,0.0,31.0,44.8,78.69,325.51,-21.1,open_meteo_era5_synthetic
5,2025-09-25,0.0,33.5,53.3,83.43,311.36,-24.5,open_meteo_era5_synthetic
5,2025-09-26,11.13,30.9,56.3,80.48,296.03,-28.2,open_meteo_era5_synthetic
5,2025-09-27,0.0,30.5,52.1,79.2,296.03,-28.2,open_meteo_era5_synthetic
5,2025-09-28,12.79,32.7,49.0,81.47,298.25,-27.7,open_meteo_era5_synthetic
5,2025-09-29,57.03,29.9,48.2,77.85,344.03999999999996,-16.6,open_meteo_era5_synthetic
5,2025-09-30,0.0,33.7,40.3,81.09,343.63,-16.7,open_meteo_era5_synthetic
5,2025-10-01,0.0,29.9,34.2,75.58,321.71999999999997,27.1,open_meteo_era5_synthetic
5,2025-10-02,0.0,28.1,40.8,74.48,321.71999999999997,27.1,open_meteo_era5_synthetic
5,2025-10-03,0.0,30.8,35.2,76.76,321.71999999999997,27.1,open_meteo_era5_synthetic
5,2025-10-04,0.0,31.7,45.6,79.7,281.61,11.3,open_meteo_era5_synthetic
5,2025-10-05,0.0,32.3,51.7,81.5,250.96999999999997,-0.8,open_meteo_era5_synthetic
5,2025-10-06,4.33,31.3,45.3,79.04,255.29999999999998,0.9,open_meteo_era5_synthetic
5,2025-10-07,0.0,32.0,50.5,80.85,246.35,-2.6,open_meteo_era5_synthetic
5,2025-10-08,18.31,29.8,43.8,77.01,240.32,-5.0,open_meteo_era5_synthetic
5,2025-10-09,0.0,31.3,33.6,77.14,232.46,-8.1,open_meteo_era5_synthetic
5,2025-10-10,0.0,29.0,37.3,74.99,221.95,-12.3,open_meteo_era5_synthetic
5,2025-10-11,4.11,34.4,42.6,82.38,226.06,-10.7,open_meteo_era5_synthetic
5,2025-10-12,0.0,33.1,38.3,80.08,226.06,-10.7,open_meteo_era5_synthetic
5,2025-10-13,0.0,30.6,36.4,76.77,226.06,-10.7,open_meteo_era5_synthetic
5,2025-10-14,0.0,27.3,51.8,74.88,226.06,-10.7,open_meteo_era5_synthetic
5,2025-10-15,0.0,29.8,56.7,78.96,210.16000000000003,-16.9,open_meteo_era5_synthetic
5,2025-10-16,33.75,31.0,43.6,78.46,227.20999999999998,-10.2,open_meteo_era5_synthetic
5,2025-10-17,0.0,31.3,53.6,80.45,197.13,-22.1,open_meteo_era5_synthetic
5,2025-10-18,16.52,31.1,54.9,80.39,213.65,-15.6,open_meteo_era5_synthetic
5,2025-10-19,0.0,30.4,60.2,80.37,188.63,-25.5,open_meteo_era5_synthetic
5,2025-10-20,33.87,33.5,43.7,81.54,207.18,-18.1,open_meteo_era5_synthetic
5,2025-10-21,18.53,32.6,43.7,80.4,210.37,-16.9,open_meteo_era5_synthetic
5,2025-10-22,0.0,34.0,49.9,83.37,210.37,-16.9,open_meteo_era5_synthetic
5,2025-10-23,0.0,32.9,42.3,80.52,210.37,-16.9,open_meteo_era5_synthetic
5,2025-10-24,1.23,32.4,48.9,81.19,211.6,-16.4,open_meteo_era5_synthetic
5,2025-10-25,0.0,32.1,34.5,78.19,211.6,-16.4,open_meteo_era5_synthetic
5,2025-10-26,27.64,30.1,47.9,77.94,228.11,-9.9,open_meteo_era5_synthetic
5,2025-10-27,0.0,30.8,46.6,78.75,228.11,-9.9,open_meteo_era5_synthetic
5,2025-10-28,0.0,30.4,45.4,77.97,215.32000000000002,-14.9,open_meteo_era5_synthetic
5,2025-10-29,9.13,31.2,31.2,76.59,167.42000000000002,-33.8,open_meteo_era5_synthetic
5,2025-10-30,0.0,31.9,49.4,80.6,167.42000000000002,-33.8,open_meteo_era5_synthetic
5,2025-10-31,26.27,31.2,51.7,80.04,193.69000000000003,-23.5,open_meteo_era5_synthetic
5,2025-11-01,0.0,28.6,38.2,74.75,193.69,160.7,open_meteo_era5_synthetic
5,2025-11-02,0.0,25.2,49.4,71.95,193.69,160.7,open_meteo_era5_synthetic
5,2025-11-03,0.0,28.4,37.8,74.4,193.69,160.7,open_meteo_era5_synthetic
5,2025-11-04,0.0,30.8,44.4,78.32,193.69,160.7,open_meteo_era5_synthetic
5,2025-11-05,0.0,32.7,44.8,80.73,189.36,154.9,open_meteo_era5_synthetic
5,2025-11-06,0.0,26.2,33.5,71.32,189.36,154.9,open_meteo_era5_synthetic
5,2025-11-07,0.0,30.8,43.9,78.19,171.05,130.3,open_meteo_era5_synthetic
5,2025-11-08,0.0,26.8,37.4,72.49,171.05,130.3,open_meteo_era5_synthetic
5,2025-11-09,0.0,26.7,38.8,72.55,171.05,130.3,open_meteo_era5_synthetic
5,2025-11-10,0.0,28.7,29.2,73.56,166.94,124.7,open_meteo_era5_synthetic
5,2025-11-11,0.0,27.3,41.4,73.62,166.94,124.7,open_meteo_era5_synthetic
5,2025-11-12,0.0,27.9,34.5,73.36,166.94,124.7,open_meteo_era5_synthetic
5,2025-11-13,0.0,27.1,46.4,73.98,166.94,124.7,open_meteo_era5_synthetic
5,2025-11-14,0.0,29.1,39.0,75.4,166.94,124.7,open_meteo_era5_synthetic
5,2025-11-15,0.0,25.0,31.8,69.79,133.19,79.3,open_meteo_era5_synthetic
5,2025-11-16,0.0,25.2,31.8,69.96,133.19,79.3,open_meteo_era5_synthetic
5,2025-11-17,0.0,25.5,46.5,72.01,116.67000000000002,57.1,open_meteo_era5_synthetic
5,2025-11-18,0.0,26.3,35.2,71.67,116.67000000000002,57.1,open_meteo_era5_synthetic
5,2025-11-19,0.0,29.1,28.5,73.89,82.80000000000001,11.5,open_meteo_era5_synthetic
5,2025-11-20,0.0,28.4,37.0,74.26,64.27000000000001,-13.5,open_meteo_era5_synthetic
5,2025-11-21,0.0,26.0,35.6,71.28,64.27000000000001,-13.5,open_meteo_era5_synthetic
5,2025-11-22,0.0,30.3,47.5,78.21,64.27000000000001,-13.5,open_meteo_era5_synthetic
5,2025-11-23,0.0,29.6,34.0,75.2,63.040000000000006,-15.1,open_meteo_era5_synthetic
5,2025-11-24,0.0,28.9,35.4,74.61,63.040000000000006,-15.1,open_meteo_era5_synthetic
5,2025-11-25,0.0,28.0,37.7,73.9,35.400000000000006,-52.3,open_meteo_era5_synthetic
5,2025-11-26,0.0,33.0,49.1,81.99,35.400000000000006,-52.3,open_meteo_era5_synthetic
5,2025-11-27,0.0,28.5,43.9,75.34,35.400000000000006,-52.3,open_meteo_era5_synthetic
5,2025-11-28,0.93,26.6,38.1,72.32,27.200000000000003,-63.4,open_meteo_era5_synthetic
5,2025-11-29,0.0,26.9,38.2,72.75,27.200000000000003,-63.4,open_meteo_era5_synthetic
5,2025-11-30,0.0,26.5,37.8,72.17,0.93,-98.7,open_meteo_era5_synthetic
5,2025-12-01,0.0,25.1,31.3,69.83,0.93,-65.5,open_meteo_era5_synthetic
5,2025-12-02,0.0,26.9,31.2,71.86,0.93,-65.5,open_meteo_era5_synthetic
5,2025-12-03,0.0,26.5,34.4,71.71,0.93,-65.5,open_meteo_era5_synthetic
5,2025-12-04,0.0,21.6,39.9,66.59,0.93,-65.5,open_meteo_era5_synthetic
5,2025-12-05,0.0,22.9,42.9,68.33,0.93,-65.5,open_meteo_era5_synthetic
5,2025-12-06,0.0,24.4,39.9,69.92,0.93,-65.5,open_meteo_era5_synthetic
5,2025-12-07,0.0,22.4,35.4,67.19,0.93,-65.5,open_meteo_era5_synthetic
5,2025-12-08,0.0,26.2,41.8,72.27,0.93,-65.5,open_meteo_era5_synthetic
5,2025-12-09,0.0,21.3,45.9,66.67,0.93,-65.5,open_meteo_era5_synthetic
5,2025-12-10,0.0,26.1,46.4,72.74,0.93,-65.5,open_meteo_era5_synthetic
5,2025-12-11,0.0,25.5,31.6,70.27,0.93,-65.5,open_meteo_era5_synthetic
5,2025-12-12,0.0,24.6,39.7,70.18,0.93,-65.5,open_meteo_era5_synthetic
5,2025-12-13,0.0,26.8,36.1,72.36,0.93,-65.5,open_meteo_era5_synthetic
5,2025-12-14,0.0,22.7,48.8,68.67,0.93,-65.5,open_meteo_era5_synthetic
5,2025-12-15,0.0,23.7,31.5,68.29,0.93,-65.5,open_meteo_era5_synthetic
5,2025-12-16,0.0,25.9,41.6,71.9,0.93,-65.5,open_meteo_era5_synthetic
5,2025-12-17,0.0,29.0,45.9,76.32,0.93,-65.5,open_meteo_era5_synthetic
5,2025-12-18,0.23,24.1,34.4,68.97,1.1600000000000001,-57.0,open_meteo_era5_synthetic
5,2025-12-19,0.0,25.4,43.9,71.6,1.1600000000000001,-57.0,open_meteo_era5_synthetic
5,2025-12-20,0.1,25.9,38.5,71.55,1.26,-53.3,open_meteo_era5_synthetic
5,2025-12-21,0.0,26.7,42.5,73.02,1.26,-53.3,open_meteo_era5_synthetic
5,2025-12-22,0.0,26.0,35.0,71.24,1.26,-53.3,open_meteo_era5_synthetic
5,2025-12-23,0.52,21.7,23.7,65.49,1.78,-34.0,open_meteo_era5_synthetic
5,2025-12-24,0.0,27.0,37.9,72.82,1.78,-34.0,open_meteo_era5_synthetic
5,2025-12-25,0.61,26.5,33.7,71.63,2.39,-11.3,open_meteo_era5_synthetic
5,2025-12-26,0.0,23.7,40.6,69.13,2.39,-11.3,open_meteo_era5_synthetic
5,2025-12-27,0.0,24.6,44.1,70.56,2.39,-11.3,open_meteo_era5_synthetic
5,2025-12-28,0.0,23.9,45.3,69.8,1.46,-45.8,open_meteo_era5_synthetic
5,2025-12-29,0.0,26.4,40.0,72.37,1.46,-45.8,open_meteo_era5_synthetic
5,2025-12-30,0.0,27.5,39.6,73.55,1.46,-45.8,open_meteo_era5_synthetic
5,2025-12-31,0.0,26.0,44.5,72.34,1.46,-45.8,open_meteo_era5_synthetic
5,2026-01-01,0.0,23.9,34.7,68.8,1.46,31.5,open_meteo_era5_synthetic
5,2026-01-02,0.0,20.5,37.7,65.14,1.46,31.5,open_meteo_era5_synthetic
5,2026-01-03,0.0,20.9,26.7,64.87,1.46,31.5,open_meteo_era5_synthetic
5,2026-01-04,0.0,24.7,55.4,71.83,1.46,31.5,open_meteo_era5_synthetic
5,2026-01-05,0.0,23.2,29.9,67.55,1.46,31.5,open_meteo_era5_synthetic
5,2026-01-06,0.0,25.2,46.7,71.64,1.46,31.5,open_meteo_era5_synthetic
5,2026-01-07,0.0,23.8,35.5,68.73,1.46,31.5,open_meteo_era5_synthetic
5,2026-01-08,0.0,24.6,42.5,70.41,1.46,31.5,open_meteo_era5_synthetic
5,2026-01-09,0.0,25.1,29.5,69.59,1.46,31.5,open_meteo_era5_synthetic
5,2026-01-10,0.0,22.4,41.4,67.69,1.46,31.5,open_meteo_era5_synthetic
5,2026-01-11,0.0,23.9,31.2,68.49,1.46,31.5,open_meteo_era5_synthetic
5,2026-01-12,0.0,26.5,29.2,71.11,1.46,31.5,open_meteo_era5_synthetic
5,2026-01-13,0.0,25.2,31.2,69.97,1.46,31.5,open_meteo_era5_synthetic
5,2026-01-14,0.0,22.8,42.0,68.14,1.46,31.5,open_meteo_era5_synthetic
5,2026-01-15,0.0,26.9,36.7,72.45,1.46,31.5,open_meteo_era5_synthetic
5,2026-01-16,0.0,22.1,35.4,66.76,1.46,31.5,open_meteo_era5_synthetic
5,2026-01-17,0.0,24.3,38.5,69.62,1.23,10.8,open_meteo_era5_synthetic
5,2026-01-18,0.0,21.6,34.2,66.12,1.23,10.8,open_meteo_era5_synthetic
5,2026-01-19,0.46,23.4,51.6,69.77,1.59,43.2,open_meteo_era5_synthetic
5,2026-01-20,0.0,25.1,27.8,69.4,1.59,43.2,open_meteo_era5_synthetic
5,2026-01-21,0.0,24.2,25.6,68.29,1.59,43.2,open_meteo_era5_synthetic
5,2026-01-22,0.0,24.3,46.6,70.51,1.07,-3.6,open_meteo_era5_synthetic
5,2026-01-23,0.0,27.0,42.6,73.37,1.07,-3.6,open_meteo_era5_synthetic
5,2026-01-24,0.0,22.9,38.6,68.02,0.46,-58.6,open_meteo_era5_synthetic
5,2026-01-25,0.0,23.4,45.1,69.16,0.46,-58.6,open_meteo_era5_synthetic
5,2026-01-26,0.0,21.8,39.1,66.72,0.46,-58.6,open_meteo_era5_synthetic
5,2026-01-27,0.0,19.1,32.2,63.22,0.46,-58.6,open_meteo_era5_synthetic
5,2026-01-28,0.0,22.0,48.4,67.7,0.46,-58.6,open_meteo_era5_synthetic
5,2026-01-29,0.0,25.5,43.8,71.66,0.46,-58.6,open_meteo_era5_synthetic
5,2026-01-30,0.0,20.1,37.4,64.59,0.46,-58.6,open_meteo_era5_synthetic
5,2026-01-31,0.0,25.9,29.7,70.57,0.46,-58.6,open_meteo_era5_synthetic
5,2026-02-01,0.0,27.3,40.2,73.37,0.46,-91.0,open_meteo_era5_synthetic
5,2026-02-02,0.0,25.5,41.4,71.37,0.46,-91.0,open_meteo_era5_synthetic
5,2026-02-03,0.0,26.0,40.0,71.78,0.46,-91.0,open_meteo_era5_synthetic
5,2026-02-04,0.0,24.8,49.2,71.37,0.46,-91.0,open_meteo_era5_synthetic
5,2026-02-05,0.0,24.9,46.5,71.2,0.46,-91.0,open_meteo_era5_synthetic
5,2026-02-06,0.0,26.7,49.1,73.77,0.46,-91.0,open_meteo_era5_synthetic
5,2026-02-07,3.34,27.3,34.8,72.79,3.8,-26.0,open_meteo_era5_synthetic
5,2026-02-08,0.0,25.8,41.2,71.7,3.8,-26.0,open_meteo_era5_synthetic
5,2026-02-09,0.0,28.5,33.3,73.9,3.8,-26.0,open_meteo_era5_synthetic
5,2026-02-10,0.0,26.7,40.4,72.78,3.8,-26.0,open_meteo_era5_synthetic
5,2026-02-11,0.0,26.1,46.2,72.72,3.8,-26.0,open_meteo_era5_synthetic
5,2026-02-12,0.0,29.1,47.8,76.71,3.8,-26.0,open_meteo_era5_synthetic
5,2026-02-13,0.0,29.2,36.4,75.18,3.8,-26.0,open_meteo_era5_synthetic
5,2026-02-14,0.0,27.9,39.7,74.11,3.8,-26.0,open_meteo_era5_synthetic
5,2026-02-15,0.0,27.3,39.5,73.3,3.8,-26.0,open_meteo_era5_synthetic
5,2026-02-16,3.28,24.5,45.3,70.54,7.08,37.9,open_meteo_era5_synthetic
5,2026-02-17,0.0,26.3,40.8,72.32,7.08,37.9,open_meteo_era5_synthetic
5,2026-02-18,0.0,25.2,44.3,71.39,6.619999999999999,28.9,open_meteo_era5_synthetic
5,2026-02-19,0.0,27.2,41.5,73.47,6.619999999999999,28.9,open_meteo_era5_synthetic
5,2026-02-20,0.0,28.1,46.1,75.23,6.619999999999999,28.9,open_meteo_era5_synthetic
5,2026-02-21,0.0,26.7,43.5,73.13,6.619999999999999,28.9,open_meteo_era5_synthetic
5,2026-02-22,0.0,26.1,34.2,71.23,6.619999999999999,28.9,open_meteo_era5_synthetic
5,2026-02-23,0.0,26.4,36.3,71.91,6.619999999999999,28.9,open_meteo_era5_synthetic
5,2026-02-24,0.0,30.3,32.0,75.7,6.619999999999999,28.9,open_meteo_era5_synthetic
5,2026-02-25,0.0,27.1,42.7,73.47,6.619999999999999,28.9,open_meteo_era5_synthetic
5,2026-02-26,0.0,23.2,37.1,68.2,6.619999999999999,28.9,open_meteo_era5_synthetic
5,2026-02-27,0.0,27.9,48.1,75.26,6.619999999999999,28.9,open_meteo_era5_synthetic
5,2026-02-28,0.0,27.0,37.2,72.66,6.619999999999999,28.9,open_meteo_era5_synthetic
5,2026-03-01,0.0,26.7,50.5,73.91,6.619999999999999,-84.6,open_meteo_era5_synthetic
5,2026-03-02,8.74,28.3,44.2,75.21,15.36,-64.4,open_meteo_era5_synthetic
5,2026-03-03,2.22,33.4,38.8,80.54,17.58,-59.2,open_meteo_era5_synthetic
5,2026-03-04,0.0,28.4,33.9,73.88,17.58,-59.2,open_meteo_era5_synthetic
5,2026-03-05,0.0,31.8,35.1,77.99,17.58,-59.2,open_meteo_era5_synthetic
5,2026-03-06,7.73,29.2,35.6,75.07,25.310000000000002,-41.3,open_meteo_era5_synthetic
5,2026-03-07,0.0,29.3,27.0,73.9,25.310000000000002,-41.3,open_meteo_era5_synthetic
5,2026-03-08,1.98,30.4,45.2,77.94,27.29,-36.7,open_meteo_era5_synthetic
5,2026-03-09,0.0,29.4,52.3,77.77,23.95,-44.4,open_meteo_era5_synthetic
5,2026-03-10,8.23,29.6,37.6,75.79,32.18,-25.4,open_meteo_era5_synthetic
5,2026-03-11,0.0,30.5,45.3,78.08,32.18,-25.4,open_meteo_era5_synthetic
5,2026-03-12,4.18,31.1,42.7,78.42,36.36,-15.7,open_meteo_era5_synthetic
5,2026-03-13,0.0,31.3,45.5,79.13,36.36,-15.7,open_meteo_era5_synthetic
5,2026-03-14,0.0,31.5,40.3,78.55,36.36,-15.7,open_meteo_era5_synthetic
5,2026-03-15,0.0,28.0,30.5,72.99,36.36,-15.7,open_meteo_era5_synthetic
5,2026-03-16,7.36,31.3,52.9,80.4,43.72,1.4,open_meteo_era5_synthetic
5,2026-03-17,0.0,30.3,46.3,77.95,43.72,1.4,open_meteo_era5_synthetic
5,2026-03-18,0.0,31.8,44.0,79.45,40.44,-6.2,open_meteo_era5_synthetic
5,2026-03-19,0.0,33.9,40.1,81.38,40.44,-6.2,open_meteo_era5_synthetic
5,2026-03-20,0.0,29.2,43.4,76.18,40.44,-6.2,open_meteo_era5_synthetic
5,2026-03-21,0.0,33.5,42.9,81.37,40.44,-6.2,open_meteo_era5_synthetic
5,2026-03-22,0.0,30.3,37.1,76.52,40.44,-6.2,open_meteo_era5_synthetic
5,2026-03-23,0.0,29.3,39.1,75.69,40.44,-6.2,open_meteo_era5_synthetic
5,2026-03-24,0.0,29.4,32.7,74.79,40.44,-6.2,open_meteo_era5_synthetic
5,2026-03-25,6.31,30.1,41.1,76.94,46.75,8.4,open_meteo_era5_synthetic
5,2026-03-26,0.0,28.4,39.2,74.66,46.75,8.4,open_meteo_era5_synthetic
5,2026-03-27,0.0,30.7,42.2,77.81,46.75,8.4,open_meteo_era5_synthetic
5,2026-03-28,12.7,30.9,43.6,78.29,59.45,37.9,open_meteo_era5_synthetic
5,2026-03-29,0.0,32.2,44.6,80.12,59.45,37.9,open_meteo_era5_synthetic
5,2026-03-30,0.0,29.4,29.2,74.29,59.45,37.9,open_meteo_era5_synthetic
5,2026-03-31,3.95,28.6,44.1,75.5,63.4,47.1,open_meteo_era5_synthetic
5,2026-04-01,0.0,30.2,53.0,78.91,54.66,-66.3,open_meteo_era5_synthetic
5,2026-04-02,1.32,32.4,51.5,81.62,53.76,-66.8,open_meteo_era5_synthetic
5,2026-04-03,26.51,27.5,48.2,74.65,80.27,-50.5,open_meteo_era5_synthetic
5,2026-04-04,0.0,32.2,43.3,79.87,80.27,-50.5,open_meteo_era5_synthetic
5,2026-04-05,0.0,28.8,50.6,76.72,72.53999999999999,-55.3,open_meteo_era5_synthetic
5,2026-04-06,18.64,33.2,45.1,81.44,91.17999999999999,-43.8,open_meteo_era5_synthetic
5,2026-04-07,16.16,31.4,48.5,79.71,105.36000000000001,-35.0,open_meteo_era5_synthetic
5,2026-04-08,23.44,30.4,42.8,77.55,128.8,-20.6,open_meteo_era5_synthetic
5,2026-04-09,12.72,31.5,48.3,79.84,133.29,-17.8,open_meteo_era5_synthetic
5,2026-04-10,0.0,31.7,36.2,78.05,133.29,-17.8,open_meteo_era5_synthetic
5,2026-04-11,0.0,33.4,45.3,81.78,129.10999999999999,-20.4,open_meteo_era5_synthetic
5,2026-04-12,1.64,29.3,51.4,77.52,130.75,-19.4,open_meteo_era5_synthetic
5,2026-04-13,0.0,31.4,50.5,80.06,130.75,-19.4,open_meteo_era5_synthetic
5,2026-04-14,9.76,33.9,36.7,80.62,140.51,-13.3,open_meteo_era5_synthetic
5,2026-04-15,0.0,30.6,44.4,78.13,133.15,-17.9,open_meteo_era5_synthetic
5,2026-04-16,37.77,30.6,50.8,79.05,170.92000000000002,5.4,open_meteo_era5_synthetic
5,2026-04-17,2.83,30.3,46.2,77.96,173.75000000000003,7.1,open_meteo_era5_synthetic
5,2026-04-18,0.0,30.1,42.7,77.18,173.75000000000003,7.1,open_meteo_era5_synthetic
5,2026-04-19,47.32,28.8,52.4,77.02,221.07000000000002,36.3,open_meteo_era5_synthetic
5,2026-04-20,0.0,31.5,54.1,80.91,221.07000000000002,36.3,open_meteo_era5_synthetic
5,2026-04-21,12.08,30.2,54.9,79.29,233.15,43.8,open_meteo_era5_synthetic
5,2026-04-22,0.0,30.8,43.0,78.04,233.15,43.8,open_meteo_era5_synthetic
5,2026-04-23,31.01,32.1,38.6,78.85,264.16,62.9,open_meteo_era5_synthetic
5,2026-04-24,0.0,29.4,40.5,75.99,257.85,59.0,open_meteo_era5_synthetic
5,2026-04-25,17.62,29.1,49.5,76.96,275.47,69.9,open_meteo_era5_synthetic
5,2026-04-26,0.0,31.1,46.5,79.11,275.47,69.9,open_meteo_era5_synthetic
5,2026-04-27,0.0,32.6,46.1,80.93,262.77000000000004,62.0,open_meteo_era5_synthetic
5,2026-04-28,9.96,35.0,56.6,86.11,272.73,68.2,open_meteo_era5_synthetic
5,2026-04-29,0.0,27.8,51.8,75.54,272.73,68.2,open_meteo_era5_synthetic
5,2026-04-30,12.1,33.0,42.1,80.62,280.88,73.2,open_meteo_era5_synthetic
5,2026-05-01,15.71,36.3,54.5,87.32,296.59,-27.4,open_meteo_era5_synthetic
5,2026-05-02,0.0,30.0,54.2,78.83,295.27,-27.7,open_meteo_era5_synthetic
5,2026-05-03,44.73,31.8,50.5,80.62,313.49,-23.3,open_meteo_era5_synthetic
5,2026-05-04,5.45,33.2,57.0,83.66,318.94,-21.9,open_meteo_era5_synthetic
5,2026-05-05,10.43,30.4,55.6,79.63,329.37,-19.4,open_meteo_era5_synthetic
5,2026-05-06,0.0,28.9,53.3,77.23,310.73,-23.9,open_meteo_era5_synthetic
5,2026-05-07,0.0,31.9,51.7,81.01,294.57,-27.9,open_meteo_era5_synthetic
5,2026-05-08,0.0,33.4,51.0,82.82,271.13,-33.6,open_meteo_era5_synthetic
5,2026-05-09,56.56,35.9,53.6,86.58,314.97,-22.9,open_meteo_era5_synthetic
5,2026-05-10,55.41,32.9,51.3,82.21,370.38,-9.3,open_meteo_era5_synthetic
5,2026-05-11,0.0,31.8,46.9,79.94,370.38,-9.3,open_meteo_era5_synthetic
5,2026-05-12,0.0,31.3,52.0,80.27,368.74,-9.7,open_meteo_era5_synthetic
5,2026-05-13,0.0,31.3,49.3,79.8,368.74,-9.7,open_meteo_era5_synthetic
5,2026-05-14,53.47,30.4,55.4,79.54,412.45,0.9,open_meteo_era5_synthetic
5,2026-05-15,0.0,32.8,46.7,81.22,412.45,0.9,open_meteo_era5_synthetic
5,2026-05-16,9.49,32.7,45.4,80.84,384.17,-6.0,open_meteo_era5_synthetic
5,2026-05-17,0.0,31.6,50.2,80.31,381.34000000000003,-6.7,open_meteo_era5_synthetic
5,2026-05-18,57.61,31.9,52.3,81.06,438.95,7.4,open_meteo_era5_synthetic
5,2026-05-19,11.64,32.0,53.1,81.31,403.27000000000004,-1.3,open_meteo_era5_synthetic
5,2026-05-20,5.98,31.4,46.9,79.48,409.25,0.2,open_meteo_era5_synthetic
5,2026-05-21,13.75,27.5,44.1,74.22,410.91999999999996,0.6,open_meteo_era5_synthetic
5,2026-05-22,29.25,32.2,34.6,78.28,440.16999999999996,7.7,open_meteo_era5_synthetic
5,2026-05-23,25.61,29.6,53.5,78.16,434.77,6.4,open_meteo_era5_synthetic
5,2026-05-24,39.97,34.4,56.3,85.14,474.74,16.2,open_meteo_era5_synthetic
5,2026-05-25,26.97,33.4,61.2,84.74,484.09,18.5,open_meteo_era5_synthetic
5,2026-05-26,3.02,29.7,63.7,79.96,487.10999999999996,19.2,open_meteo_era5_synthetic
5,2026-05-27,40.08,34.2,54.8,84.62,527.1899999999999,29.0,open_meteo_era5_synthetic
5,2026-05-28,83.68,32.7,56.4,82.88,600.91,47.1,open_meteo_era5_synthetic
5,2026-05-29,29.51,33.2,54.0,83.17,630.42,54.3,open_meteo_era5_synthetic
5,2026-05-30,5.67,33.2,46.8,81.78,623.99,52.7,open_meteo_era5_synthetic
5,2026-05-31,7.32,33.7,51.3,83.2,615.6,50.7,open_meteo_era5_synthetic
5,2026-06-01,18.67,31.1,58.1,81.03,634.27,-0.9,open_meteo_era5_synthetic
5,2026-06-02,0.0,30.0,62.7,80.2,589.54,-7.8,open_meteo_era5_synthetic
5,2026-06-03,2.14,33.8,52.3,83.65,586.23,-8.4,open_meteo_era5_synthetic
5,2026-06-04,82.15,34.8,52.9,85.01,657.95,2.8,open_meteo_era5_synthetic
5,2026-06-05,30.09,31.7,57.4,81.69,688.04,7.5,open_meteo_era5_synthetic
5,2026-06-06,33.57,33.5,52.1,83.19,721.61,12.8,open_meteo_era5_synthetic
5,2026-06-07,51.29,30.6,58.2,80.28,772.9,20.8,open_meteo_era5_synthetic
5,2026-06-08,13.91,29.0,54.7,77.53,730.25,14.1,open_meteo_era5_synthetic
5,2026-06-09,0.0,30.8,54.0,79.96,674.8399999999999,5.5,open_meteo_era5_synthetic
5,2026-06-10,26.61,32.8,63.9,84.44,701.4499999999999,9.6,open_meteo_era5_synthetic
5,2026-06-11,28.8,33.3,57.3,83.84,730.25,14.1,open_meteo_era5_synthetic
5,2026-06-12,10.56,30.6,55.4,79.89,740.81,15.8,open_meteo_era5_synthetic
5,2026-06-13,19.49,30.9,55.3,80.2,706.83,10.5,open_meteo_era5_synthetic
5,2026-06-14,39.91,33.0,62.1,84.29,746.74,16.7,open_meteo_era5_synthetic
5,2026-06-15,23.03,33.7,57.2,84.35,760.28,18.8,open_meteo_era5_synthetic
5,2026-06-16,33.34,35.1,41.6,83.1,793.62,24.1,open_meteo_era5_synthetic
5,2026-06-17,0.0,34.3,52.0,84.23,736.01,15.0,open_meteo_era5_synthetic
5,2026-06-18,16.08,33.0,56.3,83.26,740.45,15.7,open_meteo_era5_synthetic
5,2026-06-19,0.0,34.2,60.3,85.72,734.47,14.8,open_meteo_era5_synthetic
5,2026-06-20,0.0,31.3,42.5,78.57,720.72,12.7,open_meteo_era5_synthetic
5,2026-06-21,19.24,27.9,50.3,75.52,710.71,11.1,open_meteo_era5_synthetic
5,2026-06-22,33.18,31.6,53.7,80.97,718.28,12.3,open_meteo_era5_synthetic
5,2026-06-23,39.86,32.2,48.9,80.93,718.17,12.3,open_meteo_era5_synthetic
5,2026-06-24,0.0,29.7,55.1,78.58,691.2,8.0,open_meteo_era5_synthetic
5,2026-06-25,25.96,31.3,53.4,80.5,714.14,11.6,open_meteo_era5_synthetic
5,2026-06-26,35.06,32.5,61.0,83.43,709.12,10.8,open_meteo_era5_synthetic
5,2026-06-27,63.74,34.2,56.0,84.81,689.18,7.7,open_meteo_era5_synthetic
5,2026-06-28,0.0,33.7,39.3,80.94,659.67,3.1,open_meteo_era5_synthetic
5,2026-06-29,16.41,33.4,56.0,83.78,670.4100000000001,4.8,open_meteo_era5_synthetic
5,2026-06-30,7.69,27.8,56.7,76.28,670.78,4.9,open_meteo_era5_synthetic
5,2026-07-01,27.55,34.5,40.1,82.06,679.66,-10.0,open_meteo_era5_synthetic
5,2026-07-02,57.98,31.4,65.4,82.66,737.64,-2.3,open_meteo_era5_synthetic
5,2026-07-03,49.2,27.9,49.8,75.42,784.7,3.9,open_meteo_era5_synthetic
5,2026-07-04,86.22,29.1,63.2,79.0,788.77,4.4,open_meteo_era5_synthetic
5,2026-07-05,17.15,28.9,58.7,77.99,775.83,2.7,open_meteo_era5_synthetic
5,2026-07-06,15.45,34.7,62.1,86.77,757.7099999999999,0.3,open_meteo_era5_synthetic
5,2026-07-07,25.27,34.8,56.9,85.81,731.69,-3.1,open_meteo_era5_synthetic
5,2026-07-08,36.25,29.6,55.4,78.57,754.0300000000001,-0.2,open_meteo_era5_synthetic
5,2026-07-09,11.93,33.4,46.3,81.86,765.96,1.4,open_meteo_era5_synthetic
5,2026-07-10,19.53,30.5,52.2,79.18,758.88,0.5,open_meteo_era5_synthetic
5,2026-07-11,0.0,30.5,65.6,81.41,730.0799999999999,-3.3,open_meteo_era5_synthetic
5,2026-07-12,39.5,33.2,58.9,84.08,759.02,0.5,open_meteo_era5_synthetic
5,2026-07-13,0.0,32.0,55.5,81.72,739.53,-2.1,open_meteo_era5_synthetic
5,2026-07-14,0.0,32.9,64.9,84.79,699.62,-7.4,open_meteo_era5_synthetic
5,2026-07-15,0.0,30.9,54.3,80.01,676.5899999999999,-10.4,open_meteo_era5_synthetic
5,2026-07-16,70.35,33.0,58.7,83.75,713.6,-5.5,open_meteo_era5_synthetic
5,2026-07-17,0.0,29.1,61.7,78.79,713.6,-5.5,open_meteo_era5_synthetic
5,2026-07-18,52.16,31.2,58.2,81.16,749.68,-0.7,open_meteo_era5_synthetic
5,2026-07-19,51.41,31.3,60.6,81.63,801.0899999999999,6.1,open_meteo_era5_synthetic
5,2026-07-20,0.0,27.4,66.2,76.88,801.0899999999999,6.1,open_meteo_era5_synthetic
5,2026-07-21,29.57,31.5,49.3,80.0,811.42,7.4,open_meteo_era5_synthetic
5,2026-07-22,48.1,33.6,53.9,83.68,826.34,9.4,open_meteo_era5_synthetic
5,2026-07-23,20.27,31.2,60.5,81.5,806.75,6.8,open_meteo_era5_synthetic
5,2026-07-24,0.0,30.8,56.4,80.35,806.75,6.8,open_meteo_era5_synthetic
5,2026-07-25,0.0,33.8,43.1,81.79,780.79,3.4,open_meteo_era5_synthetic
5,2026-07-26,7.88,32.0,53.8,81.47,753.61,-0.2,open_meteo_era5_synthetic
5,2026-07-27,0.0,34.2,52.2,84.06,689.87,-8.7,open_meteo_era5_synthetic
5,2026-07-28,0.0,33.2,59.0,84.02,689.87,-8.7,open_meteo_era5_synthetic
5,2026-07-29,36.04,31.8,54.3,81.32,709.4999999999999,-6.1,open_meteo_era5_synthetic
5,2026-07-30,56.42,33.2,46.1,81.64,758.23,0.4,open_meteo_era5_synthetic
5,2026-07-31,0.0,32.7,56.8,82.96,730.6800000000001,-3.3,open_meteo_era5_synthetic
6,2023-08-01,63.4,30.7,61.3,80.94,63.4,-88.6,open_meteo_era5_synthetic
6,2023-08-02,33.83,32.4,38.3,79.21,97.22999999999999,-82.5,open_meteo_era5_synthetic
6,2023-08-03,59.45,34.4,53.8,84.64,156.68,-71.8,open_meteo_era5_synthetic
6,2023-08-04,28.39,31.8,40.9,78.93,185.07,-66.7,open_meteo_era5_synthetic
6,2023-08-05,12.86,31.5,54.6,80.92,197.93,-64.4,open_meteo_era5_synthetic
6,2023-08-06,4.1,29.5,60.2,79.08,202.03,-63.7,open_meteo_era5_synthetic
6,2023-08-07,0.0,31.8,56.1,81.66,202.03,-63.7,open_meteo_era5_synthetic
6,2023-08-08,10.69,33.2,54.4,83.23,212.72,-61.7,open_meteo_era5_synthetic
6,2023-08-09,1.31,32.3,47.2,80.71,214.03,-61.5,open_meteo_era5_synthetic
6,2023-08-10,13.66,33.2,58.3,83.87,227.69,-59.1,open_meteo_era5_synthetic
6,2023-08-11,0.0,35.0,55.1,85.81,227.69,-59.1,open_meteo_era5_synthetic
6,2023-08-12,4.26,33.4,52.2,83.06,231.95,-58.3,open_meteo_era5_synthetic
6,2023-08-13,0.0,32.3,50.6,81.32,231.95,-58.3,open_meteo_era5_synthetic
6,2023-08-14,99.97,31.3,60.1,81.61,331.92,-40.3,open_meteo_era5_synthetic
6,2023-08-15,0.0,33.0,60.2,84.0,331.92,-40.3,open_meteo_era5_synthetic
6,2023-08-16,55.13,35.7,58.4,87.34,387.05,-30.4,open_meteo_era5_synthetic
6,2023-08-17,12.58,32.2,56.5,82.19,399.63,-28.1,open_meteo_era5_synthetic
6,2023-08-18,18.53,33.9,48.9,83.08,418.16,-24.8,open_meteo_era5_synthetic
6,2023-08-19,0.0,33.5,55.0,83.64,418.16,-24.8,open_meteo_era5_synthetic
6,2023-08-20,16.45,28.6,56.3,77.29,434.61,-21.9,open_meteo_era5_synthetic
6,2023-08-21,36.55,32.5,60.0,83.26,471.15999999999997,-15.3,open_meteo_era5_synthetic
6,2023-08-22,10.05,33.6,47.8,82.48,481.21,-13.5,open_meteo_era5_synthetic
6,2023-08-23,0.0,32.5,55.2,82.41,481.21,-13.5,open_meteo_era5_synthetic
6,2023-08-24,0.0,31.2,48.3,79.51,481.21,-13.5,open_meteo_era5_synthetic
6,2023-08-25,7.23,30.1,47.0,77.9,488.44,-12.2,open_meteo_era5_synthetic
6,2023-08-26,27.63,36.2,54.0,87.08,516.07,-7.2,open_meteo_era5_synthetic
6,2023-08-27,0.0,33.3,56.5,83.66,516.07,-7.2,open_meteo_era5_synthetic
6,2023-08-28,6.96,32.4,62.1,83.57,523.03,-6.0,open_meteo_era5_synthetic
6,2023-08-29,31.45,33.4,62.8,85.12,554.48,-0.3,open_meteo_era5_synthetic
6,2023-08-30,0.0,33.1,52.2,82.64,554.48,-0.3,open_meteo_era5_synthetic
6,2023-08-31,51.84,32.4,48.1,81.01,542.9200000000001,-2.4,open_meteo_era5_synthetic
6,2023-09-01,17.11,37.9,50.9,88.67,526.1999999999999,-5.0,open_meteo_era5_synthetic
6,2023-09-02,0.0,32.9,46.8,81.32,466.75,-15.7,open_meteo_era5_synthetic
6,2023-09-03,0.0,33.5,62.9,85.21,438.36,-20.8,open_meteo_era5_synthetic
6,2023-09-04,0.0,32.4,54.6,82.19,425.5,-23.2,open_meteo_era5_synthetic
6,2023-09-05,63.87,32.3,47.2,80.74,485.27000000000004,-12.4,open_meteo_era5_synthetic
6,2023-09-06,7.19,34.1,61.4,85.81,492.46000000000004,-11.1,open_meteo_era5_synthetic
6,2023-09-07,131.38,34.2,52.3,84.09,613.15,10.7,open_meteo_era5_synthetic
6,2023-09-08,0.0,36.0,38.2,83.43,611.84,10.5,open_meteo_era5_synthetic
6,2023-09-09,17.79,31.9,55.7,81.62,615.9699999999999,11.2,open_meteo_era5_synthetic
6,2023-09-10,0.0,37.2,57.6,89.25,615.9699999999999,11.2,open_meteo_era5_synthetic
6,2023-09-11,0.0,32.7,44.8,80.81,611.7099999999999,10.5,open_meteo_era5_synthetic
6,2023-09-12,50.34,38.8,50.8,89.82,662.05,19.6,open_meteo_era5_synthetic
6,2023-09-13,25.94,33.2,48.6,82.06,588.0200000000001,6.2,open_meteo_era5_synthetic
6,2023-09-14,13.12,32.8,60.2,83.71,601.1400000000001,8.6,open_meteo_era5_synthetic
6,2023-09-15,6.56,31.0,48.7,79.27,552.57,-0.2,open_meteo_era5_synthetic
6,2023-09-16,6.57,33.3,51.7,82.81,546.5600000000001,-1.3,open_meteo_era5_synthetic
6,2023-09-17,6.46,30.8,54.6,80.0,534.49,-3.5,open_meteo_era5_synthetic
6,2023-09-18,12.69,34.5,50.3,84.13,547.1800000000001,-1.2,open_meteo_era5_synthetic
6,2023-09-19,14.34,31.7,50.4,80.49,545.0699999999999,-1.6,open_meteo_era5_synthetic
6,2023-09-20,8.5,29.7,52.7,78.18,517.02,-6.6,open_meteo_era5_synthetic
6,2023-09-21,13.07,34.1,52.1,83.98,520.0400000000001,-6.1,open_meteo_era5_synthetic
6,2023-09-22,11.23,34.3,40.8,81.92,531.27,-4.1,open_meteo_era5_synthetic
6,2023-09-23,0.0,37.4,50.6,88.02,531.27,-4.1,open_meteo_era5_synthetic
6,2023-09-24,0.0,31.8,41.1,79.04,524.04,-5.4,open_meteo_era5_synthetic
6,2023-09-25,47.09,30.7,51.3,79.3,543.5,-1.9,open_meteo_era5_synthetic
6,2023-09-26,12.08,32.6,51.8,81.9,555.58,0.3,open_meteo_era5_synthetic
6,2023-09-27,0.0,29.6,52.3,77.98,548.62,-0.9,open_meteo_era5_synthetic
6,2023-09-28,0.0,31.3,41.8,78.48,517.1700000000001,-6.6,open_meteo_era5_synthetic
6,2023-09-29,82.31,30.9,46.6,78.79,599.48,8.3,open_meteo_era5_synthetic
6,2023-09-30,42.66,31.4,40.4,78.33,590.3,6.6,open_meteo_era5_synthetic
6,2023-10-01,0.0,31.7,40.4,78.78,573.19,27.1,open_meteo_era5_synthetic
6,2023-10-02,0.0,32.8,48.0,81.41,573.19,27.1,open_meteo_era5_synthetic
6,2023-10-03,0.0,32.8,48.1,81.51,573.19,27.1,open_meteo_era5_synthetic
6,2023-10-04,20.84,33.9,50.7,83.48,594.03,31.7,open_meteo_era5_synthetic
6,2023-10-05,0.0,32.7,45.2,80.81,530.16,17.6,open_meteo_era5_synthetic
6,2023-10-06,15.58,30.8,56.2,80.18,538.5500000000001,19.4,open_meteo_era5_synthetic
6,2023-10-07,0.0,34.1,46.6,82.9,407.17,-9.7,open_meteo_era5_synthetic
6,2023-10-08,0.0,35.2,51.7,85.26,407.17,-9.7,open_meteo_era5_synthetic
6,2023-10-09,0.0,31.7,53.5,81.05,389.38,-13.7,open_meteo_era5_synthetic
6,2023-10-10,23.29,35.8,39.1,83.44,412.66999999999996,-8.5,open_meteo_era5_synthetic
6,2023-10-11,0.0,32.5,52.7,81.9,412.66999999999996,-8.5,open_meteo_era5_synthetic
6,2023-10-12,0.0,33.8,47.5,82.59,362.33,-19.7,open_meteo_era5_synthetic
6,2023-10-13,59.82,34.7,57.2,85.73,396.21000000000004,-12.1,open_meteo_era5_synthetic
6,2023-10-14,19.58,33.3,49.0,82.24,402.67,-10.7,open_meteo_era5_synthetic
6,2023-10-15,28.09,34.1,48.7,83.26,424.2,-5.9,open_meteo_era5_synthetic
6,2023-10-16,0.0,33.0,52.8,82.65,417.63,-7.4,open_meteo_era5_synthetic
6,2023-10-17,1.3,35.3,57.6,86.74,412.46999999999997,-8.5,open_meteo_era5_synthetic
6,2023-10-18,0.0,34.9,59.3,86.46,399.78,-11.3,open_meteo_era5_synthetic
6,2023-10-19,11.15,35.9,52.7,86.48,396.59,-12.1,open_meteo_era5_synthetic
6,2023-10-20,35.42,35.2,56.1,86.24,423.51,-6.1,open_meteo_era5_synthetic
6,2023-10-21,11.2,32.2,53.1,81.58,421.64,-6.5,open_meteo_era5_synthetic
6,2023-10-22,1.91,30.3,47.2,78.15,412.32,-8.6,open_meteo_era5_synthetic
6,2023-10-23,5.18,32.7,53.0,82.22,417.5,-7.4,open_meteo_era5_synthetic
6,2023-10-24,8.6,31.7,47.4,80.0,426.09999999999997,-5.5,open_meteo_era5_synthetic
6,2023-10-25,0.0,34.0,58.1,84.92,379.01,-16.0,open_meteo_era5_synthetic
6,2023-10-26,32.38,36.0,38.3,83.48,399.30999999999995,-11.4,open_meteo_era5_synthetic
6,2023-10-27,28.26,31.8,41.8,79.14,427.57,-5.2,open_meteo_era5_synthetic
6,2023-10-28,0.0,32.1,40.6,79.22,427.57,-5.2,open_meteo_era5_synthetic
6,2023-10-29,16.74,34.3,37.4,81.31,362.0,-19.7,open_meteo_era5_synthetic
6,2023-10-30,0.0,32.0,49.6,80.69,319.34000000000003,-29.2,open_meteo_era5_synthetic
6,2023-10-31,15.8,33.5,50.7,82.9,335.14,-25.7,open_meteo_era5_synthetic
6,2023-11-01,0.0,29.4,50.0,77.42,335.14,77.7,open_meteo_era5_synthetic
6,2023-11-02,0.0,31.4,46.1,79.34,335.14,77.7,open_meteo_era5_synthetic
6,2023-11-03,2.36,28.7,43.1,75.49,316.66,67.9,open_meteo_era5_synthetic
6,2023-11-04,0.0,28.5,31.5,73.62,316.66,67.9,open_meteo_era5_synthetic
6,2023-11-05,0.0,28.1,47.8,75.49,301.08,59.6,open_meteo_era5_synthetic
6,2023-11-06,0.0,29.3,43.3,76.23,301.08,59.6,open_meteo_era5_synthetic
6,2023-11-07,0.0,31.8,45.5,79.82,301.08,59.6,open_meteo_era5_synthetic
6,2023-11-08,0.0,30.2,47.0,78.05,301.08,59.6,open_meteo_era5_synthetic
6,2023-11-09,0.0,33.8,35.7,80.37,277.79,47.3,open_meteo_era5_synthetic
6,2023-11-10,0.0,33.2,31.1,78.79,277.79,47.3,open_meteo_era5_synthetic
6,2023-11-11,0.0,30.7,48.0,78.77,277.79,47.3,open_meteo_era5_synthetic
6,2023-11-12,4.17,31.1,43.5,78.54,222.14000000000001,17.8,open_meteo_era5_synthetic
6,2023-11-13,3.11,25.9,39.2,71.61,205.67,9.1,open_meteo_era5_synthetic
6,2023-11-14,0.0,30.0,41.4,76.83,177.58,-5.8,open_meteo_era5_synthetic
6,2023-11-15,7.62,32.0,34.0,77.97,185.20000000000002,-1.8,open_meteo_era5_synthetic
6,2023-11-16,0.0,32.2,39.8,79.27,183.9,-2.5,open_meteo_era5_synthetic
6,2023-11-17,0.62,30.3,40.0,77.05,184.52,-2.2,open_meteo_era5_synthetic
6,2023-11-18,0.0,32.8,45.8,81.12,173.37,-8.1,open_meteo_era5_synthetic
6,2023-11-19,0.0,27.1,37.1,72.75,137.95000000000002,-26.9,open_meteo_era5_synthetic
6,2023-11-20,9.62,28.5,49.6,76.21,136.37,-27.7,open_meteo_era5_synthetic
6,2023-11-21,0.0,32.4,43.6,80.11,134.46,-28.7,open_meteo_era5_synthetic
6,2023-11-22,0.0,31.2,40.6,78.18,129.28,-31.4,open_meteo_era5_synthetic
6,2023-11-23,0.0,31.5,33.2,77.27,120.68,-36.0,open_meteo_era5_synthetic
6,2023-11-24,7.47,31.6,35.7,77.8,128.15,-32.0,open_meteo_era5_synthetic
6,2023-11-25,0.0,29.6,30.8,74.78,95.77,-49.2,open_meteo_era5_synthetic
6,2023-11-26,0.0,31.4,35.8,77.6,67.50999999999999,-64.2,open_meteo_era5_synthetic
6,2023-11-27,0.0,28.2,36.2,73.96,67.50999999999999,-64.2,open_meteo_era5_synthetic
6,2023-11-28,0.0,31.2,30.7,76.47,50.769999999999996,-73.1,open_meteo_era5_synthetic
6,2023-11-29,0.0,31.6,33.1,77.39,50.769999999999996,-73.1,open_meteo_era5_synthetic
6,2023-11-30,0.0,31.1,39.2,77.78,34.97,-81.5,open_meteo_era5_synthetic
6,2023-12-01,0.0,29.4,33.5,75.0,34.97,104.7,open_meteo_era5_synthetic
6,2023-12-02,0.0,28.5,40.3,74.87,34.97,104.7,open_meteo_era5_synthetic
6,2023-12-03,0.0,28.3,30.2,73.24,32.60999999999999,90.9,open_meteo_era5_synthetic
6,2023-12-04,0.0,29.5,45.5,76.84,32.60999999999999,90.9,open_meteo_era5_synthetic
6,2023-12-05,0.0,27.1,47.5,74.05,32.60999999999999,90.9,open_meteo_era5_synthetic
6,2023-12-06,0.0,28.3,37.7,74.31,32.60999999999999,90.9,open_meteo_era5_synthetic
6,2023-12-07,0.0,27.7,39.7,73.82,32.60999999999999,90.9,open_meteo_era5_synthetic
6,2023-12-08,0.0,25.8,40.7,71.66,32.60999999999999,90.9,open_meteo_era5_synthetic
6,2023-12-09,0.0,28.3,44.2,75.21,32.60999999999999,90.9,open_meteo_era5_synthetic
6,2023-12-10,0.0,26.2,40.7,72.16,32.60999999999999,90.9,open_meteo_era5_synthetic
6,2023-12-11,0.73,24.8,28.1,69.16,33.339999999999996,95.2,open_meteo_era5_synthetic
6,2023-12-12,0.0,26.1,41.0,72.05,29.17,70.8,open_meteo_era5_synthetic
6,2023-12-13,0.0,28.3,45.3,75.32,26.06,52.6,open_meteo_era5_synthetic
6,2023-12-14,0.0,25.1,35.2,70.26,26.06,52.6,open_meteo_era5_synthetic
6,2023-12-15,0.0,25.8,49.1,72.62,18.439999999999998,7.9,open_meteo_era5_synthetic
6,2023-12-16,0.0,26.4,43.9,72.81,18.439999999999998,7.9,open_meteo_era5_synthetic
6,2023-12-17,0.0,29.3,43.3,76.26,17.82,4.3,open_meteo_era5_synthetic
6,2023-12-18,0.0,27.6,48.2,74.87,17.82,4.3,open_meteo_era5_synthetic
6,2023-12-19,0.0,27.2,41.4,73.52,17.82,4.3,open_meteo_era5_synthetic
6,2023-12-20,0.78,28.9,38.8,75.09,8.98,-47.4,open_meteo_era5_synthetic
6,2023-12-21,0.0,25.7,49.6,72.53,8.98,-47.4,open_meteo_era5_synthetic
6,2023-12-22,0.0,29.8,34.3,75.48,8.98,-47.4,open_meteo_era5_synthetic
6,2023-12-23,1.85,23.9,34.3,68.75,10.83,-36.6,open_meteo_era5_synthetic
6,2023-12-24,0.0,28.4,45.4,75.51,3.3600000000000003,-80.3,open_meteo_era5_synthetic
6,2023-12-25,0.0,27.9,42.9,74.56,3.3600000000000003,-80.3,open_meteo_era5_synthetic
6,2023-12-26,0.0,31.6,38.3,78.27,3.3600000000000003,-80.3,open_meteo_era5_synthetic
6,2023-12-27,0.0,28.6,43.4,75.51,3.3600000000000003,-80.3,open_meteo_era5_synthetic
6,2023-12-28,0.0,27.1,33.5,72.32,3.3600000000000003,-80.3,open_meteo_era5_synthetic
6,2023-12-29,0.0,29.0,32.4,74.3,3.3600000000000003,-80.3,open_meteo_era5_synthetic
6,2023-12-30,0.0,27.9,41.7,74.31,3.3600000000000003,-80.3,open_meteo_era5_synthetic
6,2023-12-31,0.0,30.5,34.6,76.38,3.3600000000000003,-80.3,open_meteo_era5_synthetic
6,2024-01-01,0.0,30.9,32.9,76.53,3.3600000000000003,30.5,open_meteo_era5_synthetic
6,2024-01-02,0.0,27.8,42.3,74.28,3.3600000000000003,30.5,open_meteo_era5_synthetic
6,2024-01-03,0.0,30.3,35.7,76.37,3.3600000000000003,30.5,open_meteo_era5_synthetic
6,2024-01-04,0.0,27.2,37.3,72.88,3.3600000000000003,30.5,open_meteo_era5_synthetic
6,2024-01-05,0.0,28.4,49.2,76.02,3.3600000000000003,30.5,open_meteo_era5_synthetic
6,2024-01-06,0.0,30.5,38.8,77.02,3.3600000000000003,30.5,open_meteo_era5_synthetic
6,2024-01-07,0.0,27.9,46.7,75.05,3.3600000000000003,30.5,open_meteo_era5_synthetic
6,2024-01-08,0.0,25.0,39.4,70.62,3.3600000000000003,30.5,open_meteo_era5_synthetic
6,2024-01-09,0.0,31.1,43.0,78.48,3.3600000000000003,30.5,open_meteo_era5_synthetic
6,2024-01-10,0.0,26.3,26.2,70.56,2.63,2.1,open_meteo_era5_synthetic
6,2024-01-11,0.0,28.0,39.9,74.24,2.63,2.1,open_meteo_era5_synthetic
6,2024-01-12,0.0,30.7,38.4,77.17,2.63,2.1,open_meteo_era5_synthetic
6,2024-01-13,0.0,28.4,36.6,74.21,2.63,2.1,open_meteo_era5_synthetic
6,2024-01-14,0.0,26.3,35.6,71.63,2.63,2.1,open_meteo_era5_synthetic
6,2024-01-15,0.0,25.6,43.0,71.64,2.63,2.1,open_meteo_era5_synthetic
6,2024-01-16,0.0,29.9,31.5,75.21,2.63,2.1,open_meteo_era5_synthetic
6,2024-01-17,0.0,27.9,33.0,73.14,2.63,2.1,open_meteo_era5_synthetic
6,2024-01-18,0.0,29.1,47.9,76.73,2.63,2.1,open_meteo_era5_synthetic
6,2024-01-19,0.0,31.6,47.6,79.89,1.85,-28.2,open_meteo_era5_synthetic
6,2024-01-20,0.0,30.5,39.9,77.25,1.85,-28.2,open_meteo_era5_synthetic
6,2024-01-21,0.0,27.2,37.8,72.99,1.85,-28.2,open_meteo_era5_synthetic
6,2024-01-22,0.0,23.9,49.0,70.23,0.0,-100.0,open_meteo_era5_synthetic
6,2024-01-23,0.0,23.6,42.2,69.18,0.0,-100.0,open_meteo_era5_synthetic
6,2024-01-24,0.0,29.7,36.0,75.71,0.0,-100.0,open_meteo_era5_synthetic
6,2024-01-25,0.0,29.2,45.7,76.57,0.0,-100.0,open_meteo_era5_synthetic
6,2024-01-26,1.3,31.0,29.9,76.2,1.3,-49.5,open_meteo_era5_synthetic
6,2024-01-27,0.0,29.2,39.7,75.62,1.3,-49.5,open_meteo_era5_synthetic
6,2024-01-28,1.43,25.8,31.6,70.65,2.73,6.0,open_meteo_era5_synthetic
6,2024-01-29,0.0,24.7,39.2,70.22,2.73,6.0,open_meteo_era5_synthetic
6,2024-01-30,0.0,25.5,38.2,71.08,2.73,6.0,open_meteo_era5_synthetic
6,2024-01-31,0.0,30.1,47.4,77.91,2.73,6.0,open_meteo_era5_synthetic
6,2024-02-01,0.0,36.1,31.3,82.1,2.73,-56.4,open_meteo_era5_synthetic
6,2024-02-02,0.0,30.4,54.1,79.42,2.73,-56.4,open_meteo_era5_synthetic
6,2024-02-03,0.0,32.1,38.2,78.88,2.73,-56.4,open_meteo_era5_synthetic
6,2024-02-04,0.0,32.3,43.3,79.98,2.73,-56.4,open_meteo_era5_synthetic
6,2024-02-05,7.66,32.5,45.0,80.56,10.39,66.1,open_meteo_era5_synthetic
6,2024-02-06,0.0,31.8,35.6,78.06,10.39,66.1,open_meteo_era5_synthetic
6,2024-02-07,0.0,30.5,44.3,77.97,10.39,66.1,open_meteo_era5_synthetic
6,2024-02-08,0.0,29.7,41.4,76.44,10.39,66.1,open_meteo_era5_synthetic
6,2024-02-09,0.0,34.0,39.2,81.33,10.39,66.1,open_meteo_era5_synthetic
6,2024-02-10,0.0,32.9,43.4,80.76,10.39,66.1,open_meteo_era5_synthetic
6,2024-02-11,0.0,29.7,42.7,76.71,10.39,66.1,open_meteo_era5_synthetic
6,2024-02-12,0.0,32.1,42.5,79.6,10.39,66.1,open_meteo_era5_synthetic
6,2024-02-13,0.0,28.4,41.5,74.88,10.39,66.1,open_meteo_era5_synthetic
6,2024-02-14,0.0,31.8,42.0,79.15,10.39,66.1,open_meteo_era5_synthetic
6,2024-02-15,0.0,29.8,45.1,77.2,10.39,66.1,open_meteo_era5_synthetic
6,2024-02-16,0.0,29.9,26.0,74.33,10.39,66.1,open_meteo_era5_synthetic
6,2024-02-17,0.0,32.3,24.9,76.67,10.39,66.1,open_meteo_era5_synthetic
6,2024-02-18,0.0,29.7,40.0,76.34,10.39,66.1,open_meteo_era5_synthetic
6,2024-02-19,0.0,33.4,29.2,78.64,10.39,66.1,open_meteo_era5_synthetic
6,2024-02-20,0.0,30.4,33.8,76.08,10.39,66.1,open_meteo_era5_synthetic
6,2024-02-21,0.0,30.0,47.9,77.91,10.39,66.1,open_meteo_era5_synthetic
6,2024-02-22,0.0,30.7,47.4,78.65,10.39,66.1,open_meteo_era5_synthetic
6,2024-02-23,0.0,29.3,45.7,76.64,10.39,66.1,open_meteo_era5_synthetic
6,2024-02-24,0.81,31.5,49.3,80.08,11.200000000000001,79.0,open_meteo_era5_synthetic
6,2024-02-25,0.0,30.6,43.8,77.95,9.9,58.2,open_meteo_era5_synthetic
6,2024-02-26,0.0,28.7,47.7,76.21,9.9,58.2,open_meteo_era5_synthetic
6,2024-02-27,4.5,28.0,36.1,73.76,12.97,107.3,open_meteo_era5_synthetic
6,2024-02-28,0.0,30.2,31.6,75.59,12.97,107.3,open_meteo_era5_synthetic
6,2024-02-29,0.0,29.6,37.8,75.76,12.97,107.3,open_meteo_era5_synthetic
6,2024-03-01,0.0,33.5,52.4,83.15,12.97,84.0,open_meteo_era5_synthetic
6,2024-03-02,0.0,34.5,35.9,81.23,12.97,84.0,open_meteo_era5_synthetic
6,2024-03-03,0.55,34.5,39.8,81.96,13.520000000000001,91.8,open_meteo_era5_synthetic
6,2024-03-04,0.0,37.0,30.6,82.91,13.520000000000001,91.8,open_meteo_era5_synthetic
6,2024-03-05,1.11,32.2,42.1,79.65,14.63,107.6,open_meteo_era5_synthetic
6,2024-03-06,0.0,35.3,43.8,83.81,6.970000000000001,-1.1,open_meteo_era5_synthetic
6,2024-03-07,0.0,33.7,41.4,81.31,6.970000000000001,-1.1,open_meteo_era5_synthetic
6,2024-03-08,0.0,30.9,44.1,78.42,6.970000000000001,-1.1,open_meteo_era5_synthetic
6,2024-03-09,0.0,34.4,27.9,79.46,6.970000000000001,-1.1,open_meteo_era5_synthetic
6,2024-03-10,0.0,31.4,37.6,77.91,6.970000000000001,-1.1,open_meteo_era5_synthetic
6,2024-03-11,0.0,35.5,41.6,83.52,6.970000000000001,-1.1,open_meteo_era5_synthetic
6,2024-03-12,0.0,33.0,45.5,81.3,6.970000000000001,-1.1,open_meteo_era5_synthetic
6,2024-03-13,0.0,37.7,38.0,85.38,6.970000000000001,-1.1,open_meteo_era5_synthetic
6,2024-03-14,0.0,35.3,40.6,83.16,6.970000000000001,-1.1,open_meteo_era5_synthetic
6,2024-03-15,0.0,34.2,35.6,80.82,6.970000000000001,-1.1,open_meteo_era5_synthetic
6,2024-03-16,0.0,34.3,47.1,83.23,6.970000000000001,-1.1,open_meteo_era5_synthetic
6,2024-03-17,0.0,33.1,38.6,80.09,6.970000000000001,-1.1,open_meteo_era5_synthetic
6,2024-03-18,0.0,30.6,33.3,76.27,6.970000000000001,-1.1,open_meteo_era5_synthetic
6,2024-03-19,0.27,36.6,48.3,86.38,7.24,2.7,open_meteo_era5_synthetic
6,2024-03-20,0.0,34.4,40.9,82.06,7.24,2.7,open_meteo_era5_synthetic
6,2024-03-21,0.0,32.4,37.4,79.03,7.24,2.7,open_meteo_era5_synthetic
6,2024-03-22,0.0,34.3,44.5,82.7,7.24,2.7,open_meteo_era5_synthetic
6,2024-03-23,0.0,36.2,46.6,85.54,7.24,2.7,open_meteo_era5_synthetic
6,2024-03-24,0.0,36.5,44.6,85.51,7.24,2.7,open_meteo_era5_synthetic
6,2024-03-25,0.0,34.9,26.3,79.77,6.43,-8.8,open_meteo_era5_synthetic
6,2024-03-26,0.0,31.3,36.8,77.71,6.43,-8.8,open_meteo_era5_synthetic
6,2024-03-27,0.0,33.8,33.1,79.85,6.43,-8.8,open_meteo_era5_synthetic
6,2024-03-28,0.0,32.5,39.6,79.63,1.9300000000000002,-72.6,open_meteo_era5_synthetic
6,2024-03-29,0.0,33.8,38.4,80.93,1.9300000000000002,-72.6,open_meteo_era5_synthetic
6,2024-03-30,0.0,33.4,40.2,80.78,1.9300000000000002,-72.6,open_meteo_era5_synthetic
6,2024-03-31,0.0,31.9,31.4,77.37,1.9300000000000002,-72.6,open_meteo_era5_synthetic
6,2024-04-01,0.0,38.8,37.0,86.44,1.9300000000000002,-68.2,open_meteo_era5_synthetic
6,2024-04-02,0.0,38.7,35.9,86.08,1.3800000000000001,-77.3,open_meteo_era5_synthetic
6,2024-04-03,0.0,36.8,39.0,84.55,1.3800000000000001,-77.3,open_meteo_era5_synthetic
6,2024-04-04,0.0,39.5,40.2,88.15,0.27,-95.6,open_meteo_era5_synthetic
6,2024-04-05,0.0,34.7,45.6,83.41,0.27,-95.6,open_meteo_era5_synthetic
6,2024-04-06,0.0,36.6,39.8,84.49,0.27,-95.6,open_meteo_era5_synthetic
6,2024-04-07,0.0,36.6,47.8,86.29,0.27,-95.6,open_meteo_era5_synthetic
6,2024-04-08,1.93,36.4,31.8,82.53,2.2,-63.8,open_meteo_era5_synthetic
6,2024-04-09,0.0,36.6,41.1,84.8,2.2,-63.8,open_meteo_era5_synthetic
6,2024-04-10,0.0,37.2,39.4,85.14,2.2,-63.8,open_meteo_era5_synthetic
6,2024-04-11,0.0,35.6,51.1,85.75,2.2,-63.8,open_meteo_era5_synthetic
6,2024-04-12,0.0,33.8,37.9,80.79,2.2,-63.8,open_meteo_era5_synthetic
6,2024-04-13,0.0,36.1,46.5,85.4,2.2,-63.8,open_meteo_era5_synthetic
6,2024-04-14,0.0,36.3,38.5,83.84,2.2,-63.8,open_meteo_era5_synthetic
6,2024-04-15,0.0,35.6,37.9,82.85,2.2,-63.8,open_meteo_era5_synthetic
6,2024-04-16,0.0,36.3,36.1,83.29,2.2,-63.8,open_meteo_era5_synthetic
6,2024-04-17,0.0,37.6,39.8,85.68,2.2,-63.8,open_meteo_era5_synthetic
6,2024-04-18,0.0,35.2,30.8,80.93,1.93,-68.2,open_meteo_era5_synthetic
6,2024-04-19,5.22,38.3,43.0,87.32,7.1499999999999995,17.7,open_meteo_era5_synthetic
6,2024-04-20,0.0,33.6,36.8,80.37,7.1499999999999995,17.7,open_meteo_era5_synthetic
6,2024-04-21,0.0,35.8,47.1,85.08,7.1499999999999995,17.7,open_meteo_era5_synthetic
6,2024-04-22,0.0,35.5,45.2,84.33,7.1499999999999995,17.7,open_meteo_era5_synthetic
6,2024-04-23,0.0,36.0,37.0,83.21,7.1499999999999995,17.7,open_meteo_era5_synthetic
6,2024-04-24,0.0,33.0,44.1,81.01,7.1499999999999995,17.7,open_meteo_era5_synthetic
6,2024-04-25,0.0,38.0,30.2,83.89,7.1499999999999995,17.7,open_meteo_era5_synthetic
6,2024-04-26,0.0,30.8,45.9,78.61,7.1499999999999995,17.7,open_meteo_era5_synthetic
6,2024-04-27,0.0,35.3,45.1,84.04,7.1499999999999995,17.7,open_meteo_era5_synthetic
6,2024-04-28,0.0,33.1,34.4,79.31,7.1499999999999995,17.7,open_meteo_era5_synthetic
6,2024-04-29,0.0,36.7,34.2,83.39,7.1499999999999995,17.7,open_meteo_era5_synthetic
6,2024-04-30,0.0,32.9,33.4,78.9,7.1499999999999995,17.7,open_meteo_era5_synthetic
6,2024-05-01,6.24,37.5,46.3,87.15,13.39,-53.8,open_meteo_era5_synthetic
6,2024-05-02,1.05,38.9,39.8,87.27,14.44,-50.2,open_meteo_era5_synthetic
6,2024-05-03,0.0,36.7,36.4,83.87,14.44,-50.2,open_meteo_era5_synthetic
6,2024-05-04,3.71,39.3,43.4,88.66,18.15,-37.3,open_meteo_era5_synthetic
6,2024-05-05,0.0,36.9,38.1,84.51,18.15,-37.3,open_meteo_era5_synthetic
6,2024-05-06,0.0,39.8,41.5,88.75,18.15,-37.3,open_meteo_era5_synthetic
6,2024-05-07,3.01,39.4,46.2,89.53,21.16,-27.0,open_meteo_era5_synthetic
6,2024-05-08,0.0,36.5,35.7,83.48,19.23,-33.6,open_meteo_era5_synthetic
6,2024-05-09,0.0,40.7,44.9,90.71,19.23,-33.6,open_meteo_era5_synthetic
6,2024-05-10,0.0,35.6,34.8,82.26,19.23,-33.6,open_meteo_era5_synthetic
6,2024-05-11,0.0,37.9,41.3,86.43,19.23,-33.6,open_meteo_era5_synthetic
6,2024-05-12,0.0,37.7,40.4,85.98,19.23,-33.6,open_meteo_era5_synthetic
6,2024-05-13,0.0,37.7,46.3,87.35,19.23,-33.6,open_meteo_era5_synthetic
6,2024-05-14,0.0,38.6,41.3,87.31,19.23,-33.6,open_meteo_era5_synthetic
6,2024-05-15,2.75,35.7,40.5,83.62,21.98,-24.1,open_meteo_era5_synthetic
6,2024-05-16,19.28,35.3,49.6,84.99,41.260000000000005,42.4,open_meteo_era5_synthetic
6,2024-05-17,17.64,37.6,40.7,85.97,58.900000000000006,103.3,open_meteo_era5_synthetic
6,2024-05-18,0.0,36.5,51.3,86.97,58.900000000000006,103.3,open_meteo_era5_synthetic
6,2024-05-19,0.0,37.1,42.4,85.74,53.68000000000001,85.3,open_meteo_era5_synthetic
6,2024-05-20,6.56,38.1,43.8,87.31,60.24,108.0,open_meteo_era5_synthetic
6,2024-05-21,0.0,37.7,48.6,87.89,60.24,108.0,open_meteo_era5_synthetic
6,2024-05-22,0.0,40.4,49.8,91.67,60.24,108.0,open_meteo_era5_synthetic
6,2024-05-23,0.0,38.5,43.8,87.72,60.24,108.0,open_meteo_era5_synthetic
6,2024-05-24,13.34,40.9,42.3,90.28,73.58,154.0,open_meteo_era5_synthetic
6,2024-05-25,0.0,38.3,52.4,89.62,73.58,154.0,open_meteo_era5_synthetic
6,2024-05-26,0.0,34.6,51.6,84.45,73.58,154.0,open_meteo_era5_synthetic
6,2024-05-27,0.0,39.5,44.1,89.07,73.58,154.0,open_meteo_era5_synthetic
6,2024-05-28,0.19,35.9,49.8,85.89,73.77,154.7,open_meteo_era5_synthetic
6,2024-05-29,4.62,39.3,39.8,87.73,78.39,170.6,open_meteo_era5_synthetic
6,2024-05-30,5.71,34.3,40.9,81.95,84.10000000000001,190.3,open_meteo_era5_synthetic
6,2024-05-31,0.0,38.9,38.7,87.0,77.86000000000001,168.8,open_meteo_era5_synthetic
6,2024-06-01,1.54,34.6,54.2,85.08,78.35,-64.7,open_meteo_era5_synthetic
6,2024-06-02,3.42,36.0,51.2,86.3,81.77,-63.2,open_meteo_era5_synthetic
6,2024-06-03,0.0,35.1,49.4,84.77,78.06,-64.8,open_meteo_era5_synthetic
6,2024-06-04,13.48,33.2,51.5,82.63,91.54,-58.8,open_meteo_era5_synthetic
6,2024-06-05,0.0,33.9,50.3,83.39,91.54,-58.8,open_meteo_era5_synthetic
6,2024-06-06,27.91,33.9,51.6,83.61,116.44,-47.5,open_meteo_era5_synthetic
6,2024-06-07,9.92,36.2,45.8,85.41,126.36,-43.1,open_meteo_era5_synthetic
6,2024-06-08,0.0,34.4,52.7,84.42,126.36,-43.1,open_meteo_era5_synthetic
6,2024-06-09,28.86,35.1,55.9,85.99,155.22,-30.1,open_meteo_era5_synthetic
6,2024-06-10,0.0,34.4,50.5,83.98,155.22,-30.1,open_meteo_era5_synthetic
6,2024-06-11,10.38,37.7,45.5,87.21,165.6,-25.4,open_meteo_era5_synthetic
6,2024-06-12,21.75,36.4,39.1,84.16,187.35,-15.6,open_meteo_era5_synthetic
6,2024-06-13,0.0,34.4,46.7,83.21,187.35,-15.6,open_meteo_era5_synthetic
6,2024-06-14,24.45,35.1,48.5,84.46,209.05,-5.8,open_meteo_era5_synthetic
6,2024-06-15,47.23,32.6,41.0,79.98,237.0,6.8,open_meteo_era5_synthetic
6,2024-06-16,4.33,34.0,41.7,81.72,223.69000000000003,0.8,open_meteo_era5_synthetic
6,2024-06-17,5.25,34.9,62.2,87.02,228.94000000000003,3.1,open_meteo_era5_synthetic
6,2024-06-18,12.28,35.8,40.7,83.76,241.22000000000003,8.7,open_meteo_era5_synthetic
6,2024-06-19,0.0,34.2,51.3,83.88,234.66000000000003,5.7,open_meteo_era5_synthetic
6,2024-06-20,0.0,29.8,40.8,76.57,234.66000000000003,5.7,open_meteo_era5_synthetic
6,2024-06-21,0.0,32.7,50.6,81.87,234.66000000000003,5.7,open_meteo_era5_synthetic
6,2024-06-22,0.0,34.6,45.9,83.35,234.66000000000003,5.7,open_meteo_era5_synthetic
6,2024-06-23,10.45,32.1,48.6,80.64,231.77,4.4,open_meteo_era5_synthetic
6,2024-06-24,0.0,35.5,45.3,84.33,231.77,4.4,open_meteo_era5_synthetic
6,2024-06-25,41.36,35.6,45.9,84.55,273.13,23.1,open_meteo_era5_synthetic
6,2024-06-26,10.03,33.8,60.0,85.11,283.16,27.6,open_meteo_era5_synthetic
6,2024-06-27,0.0,33.7,45.7,82.2,282.97,27.5,open_meteo_era5_synthetic
6,2024-06-28,0.0,36.8,50.4,87.1,278.35,25.4,open_meteo_era5_synthetic
6,2024-06-29,0.0,35.5,49.5,85.26,272.64000000000004,22.8,open_meteo_era5_synthetic
6,2024-06-30,8.8,33.9,49.1,83.08,281.44000000000005,26.8,open_meteo_era5_synthetic
6,2024-07-01,0.0,33.4,56.2,83.77,279.90000000000003,-44.1,open_meteo_era5_synthetic
6,2024-07-02,59.43,28.8,62.6,78.41,335.90999999999997,-32.9,open_meteo_era5_synthetic
6,2024-07-03,31.62,31.2,55.7,80.72,367.53,-26.6,open_meteo_era5_synthetic
6,2024-07-04,76.31,29.4,58.8,78.74,430.36,-14.0,open_meteo_era5_synthetic
6,2024-07-05,13.75,32.2,49.9,81.1,444.11,-11.3,open_meteo_era5_synthetic
6,2024-07-06,0.0,30.6,55.3,79.86,416.2,-16.8,open_meteo_era5_synthetic
6,2024-07-07,0.0,31.2,60.4,81.5,406.28,-18.8,open_meteo_era5_synthetic
6,2024-07-08,0.0,29.4,56.9,78.53,406.28,-18.8,open_meteo_era5_synthetic
6,2024-07-09,55.05,29.7,63.5,79.88,432.46999999999997,-13.6,open_meteo_era5_synthetic
6,2024-07-10,7.9,28.6,56.9,77.41,440.37,-12.0,open_meteo_era5_synthetic
6,2024-07-11,22.76,30.6,49.3,78.87,452.75,-9.5,open_meteo_era5_synthetic
6,2024-07-12,0.0,33.8,57.1,84.5,431.0,-13.9,open_meteo_era5_synthetic
6,2024-07-13,74.96,34.5,40.4,82.13,505.96,1.1,open_meteo_era5_synthetic
6,2024-07-14,10.29,30.4,59.4,80.23,491.8,-1.7,open_meteo_era5_synthetic
6,2024-07-15,24.73,34.9,58.3,86.34,469.3,-6.2,open_meteo_era5_synthetic
6,2024-07-16,11.73,25.9,57.5,73.75,476.7,-4.8,open_meteo_era5_synthetic
6,2024-07-17,0.0,31.3,46.7,79.34,471.45,-5.8,open_meteo_era5_synthetic
6,2024-07-18,32.89,33.0,46.7,81.52,492.06,-1.7,open_meteo_era5_synthetic
6,2024-07-19,38.58,32.3,40.8,79.56,530.64,6.0,open_meteo_era5_synthetic
6,2024-07-20,6.88,32.1,63.1,83.18,537.52,7.4,open_meteo_era5_synthetic
6,2024-07-21,0.0,30.1,52.8,78.73,537.52,7.4,open_meteo_era5_synthetic
6,2024-07-22,29.96,32.7,44.9,80.78,567.48,13.4,open_meteo_era5_synthetic
6,2024-07-23,0.0,33.8,55.5,84.17,557.03,11.3,open_meteo_era5_synthetic
6,2024-07-24,51.16,30.8,58.9,80.69,608.1899999999999,21.5,open_meteo_era5_synthetic
6,2024-07-25,14.68,33.5,56.0,83.91,581.51,16.2,open_meteo_era5_synthetic
6,2024-07-26,31.2,33.7,49.0,82.76,602.68,20.4,open_meteo_era5_synthetic
6,2024-07-27,9.03,31.6,46.3,79.64,611.71,22.2,open_meteo_era5_synthetic
6,2024-07-28,57.86,30.6,58.8,80.35,669.5699999999999,33.8,open_meteo_era5_synthetic
6,2024-07-29,5.8,34.7,50.8,84.51,675.37,34.9,open_meteo_era5_synthetic
6,2024-07-30,7.21,30.5,60.3,80.52,673.78,34.6,open_meteo_era5_synthetic
6,2024-07-31,0.0,33.3,48.3,82.13,673.78,34.6,open_meteo_era5_synthetic
6,2024-08-01,51.26,30.2,58.6,79.79,665.6099999999999,19.7,open_meteo_era5_synthetic
6,2024-08-02,0.0,28.9,49.4,76.63,633.99,14.0,open_meteo_era5_synthetic
6,2024-08-03,10.82,31.3,44.0,78.89,568.5,2.2,open_meteo_era5_synthetic
6,2024-08-04,62.58,33.7,56.4,84.22,617.33,11.0,open_meteo_era5_synthetic
6,2024-08-05,9.73,34.0,46.4,82.65,627.0600000000001,12.8,open_meteo_era5_synthetic
6,2024-08-06,32.12,34.0,46.3,82.67,659.1800000000001,18.5,open_meteo_era5_synthetic
6,2024-08-07,75.3,33.8,60.0,85.09,734.48,32.1,open_meteo_era5_synthetic
6,2024-08-08,33.99,33.8,58.1,84.71,713.4200000000001,28.3,open_meteo_era5_synthetic
6,2024-08-09,1.76,28.9,67.1,79.29,707.28,27.2,open_meteo_era5_synthetic
6,2024-08-10,29.58,34.0,47.3,82.85,714.1,28.4,open_meteo_era5_synthetic
6,2024-08-11,41.07,29.8,47.7,77.58,755.17,35.8,open_meteo_era5_synthetic
6,2024-08-12,48.89,27.6,51.7,75.24,729.1,31.1,open_meteo_era5_synthetic
6,2024-08-13,23.56,30.9,48.4,79.09,742.37,33.5,open_meteo_era5_synthetic
6,2024-08-14,23.17,33.6,55.3,83.89,740.81,33.2,open_meteo_era5_synthetic
6,2024-08-15,52.9,36.2,50.3,86.33,781.9799999999999,40.6,open_meteo_era5_synthetic
6,2024-08-16,13.31,29.8,46.9,77.49,795.2900000000001,43.0,open_meteo_era5_synthetic
6,2024-08-17,28.9,33.5,50.6,82.88,791.3,42.3,open_meteo_era5_synthetic
6,2024-08-18,32.78,33.3,58.3,84.11,785.5,41.2,open_meteo_era5_synthetic
6,2024-08-19,24.23,32.9,50.8,82.18,802.85,44.4,open_meteo_era5_synthetic
6,2024-08-20,21.53,31.7,46.6,79.83,824.38,48.2,open_meteo_era5_synthetic
6,2024-08-21,10.4,35.2,56.8,86.34,804.8199999999999,44.7,open_meteo_era5_synthetic
6,2024-08-22,0.0,30.6,53.7,79.55,804.8199999999999,44.7,open_meteo_era5_synthetic
6,2024-08-23,9.14,31.6,54.2,81.04,762.8000000000001,37.2,open_meteo_era5_synthetic
6,2024-08-24,6.23,35.6,64.0,88.51,754.3499999999999,35.6,open_meteo_era5_synthetic
6,2024-08-25,4.09,32.6,56.1,82.72,727.24,30.8,open_meteo_era5_synthetic
6,2024-08-26,0.0,33.0,55.8,83.16,718.2099999999999,29.1,open_meteo_era5_synthetic
6,2024-08-27,0.0,31.1,57.8,80.89,660.35,18.7,open_meteo_era5_synthetic
6,2024-08-28,28.82,34.0,48.4,83.13,683.37,22.9,open_meteo_era5_synthetic
6,2024-08-29,3.41,29.1,51.5,77.2,679.57,22.2,open_meteo_era5_synthetic
6,2024-08-30,1.98,32.3,67.4,84.38,681.5500000000001,22.6,open_meteo_era5_synthetic
6,2024-08-31,23.48,35.1,58.7,86.62,653.77,17.6,open_meteo_era5_synthetic
6,2024-09-01,0.0,32.4,58.5,82.84,653.77,18.1,open_meteo_era5_synthetic
6,2024-09-02,18.94,32.5,60.1,83.31,661.89,19.5,open_meteo_era5_synthetic
6,2024-09-03,20.55,36.6,62.1,89.53,619.86,11.9,open_meteo_era5_synthetic
6,2024-09-04,6.87,33.9,48.5,82.91,617.0,11.4,open_meteo_era5_synthetic
6,2024-09-05,0.0,33.8,47.4,82.68,584.8800000000001,5.6,open_meteo_era5_synthetic
6,2024-09-06,22.21,32.6,52.8,82.08,531.79,-4.0,open_meteo_era5_synthetic
6,2024-09-07,23.07,32.6,49.9,81.56,520.87,-5.9,open_meteo_era5_synthetic
6,2024-09-08,24.97,29.1,55.6,77.91,544.08,-1.7,open_meteo_era5_synthetic
6,2024-09-09,26.58,34.4,48.5,83.58,541.0799999999999,-2.3,open_meteo_era5_synthetic
6,2024-09-10,31.45,31.6,43.7,79.17,531.46,-4.0,open_meteo_era5_synthetic
6,2024-09-11,0.0,33.0,50.0,82.09,482.57000000000005,-12.9,open_meteo_era5_synthetic
6,2024-09-12,13.03,29.4,58.9,78.78,472.04,-14.8,open_meteo_era5_synthetic
6,2024-09-13,42.46,34.0,47.6,82.96,491.33000000000004,-11.3,open_meteo_era5_synthetic
6,2024-09-14,24.94,35.2,55.1,86.01,463.37000000000006,-16.3,open_meteo_era5_synthetic
6,2024-09-15,36.03,29.5,49.5,77.51,486.09000000000003,-12.2,open_meteo_era5_synthetic
6,2024-09-16,57.87,33.6,51.7,83.15,515.06,-7.0,open_meteo_era5_synthetic
6,2024-09-17,0.0,32.7,58.5,83.24,482.28000000000003,-12.9,open_meteo_era5_synthetic
6,2024-09-18,1.95,34.0,46.6,82.69,460.0,-16.9,open_meteo_era5_synthetic
6,2024-09-19,45.04,33.9,53.0,83.9,483.51,-12.7,open_meteo_era5_synthetic
6,2024-09-20,8.84,32.8,57.1,83.11,481.95,-13.0,open_meteo_era5_synthetic
6,2024-09-21,0.0,36.6,58.4,88.62,481.95,-13.0,open_meteo_era5_synthetic
6,2024-09-22,50.06,31.2,53.8,80.44,522.87,-5.6,open_meteo_era5_synthetic
6,2024-09-23,17.31,33.1,57.7,83.7,533.95,-3.6,open_meteo_era5_synthetic
6,2024-09-24,0.0,34.1,50.8,83.71,529.86,-4.3,open_meteo_era5_synthetic
6,2024-09-25,5.72,31.2,58.3,81.11,535.5799999999999,-3.3,open_meteo_era5_synthetic
6,2024-09-26,35.2,32.7,72.3,85.85,570.78,3.1,open_meteo_era5_synthetic
6,2024-09-27,0.0,34.1,49.7,83.51,541.96,-2.1,open_meteo_era5_synthetic
6,2024-09-28,50.55,32.8,58.9,83.51,589.0999999999999,6.4,open_meteo_era5_synthetic
6,2024-09-29,6.49,30.4,40.8,77.25,593.61,7.2,open_meteo_era5_synthetic
6,2024-09-30,0.0,32.7,42.0,80.24,570.13,3.0,open_meteo_era5_synthetic
6,2024-10-01,1.1,32.1,51.8,81.22,571.23,26.7,open_meteo_era5_synthetic
6,2024-10-02,0.0,33.8,46.7,82.47,552.29,22.5,open_meteo_era5_synthetic
6,2024-10-03,31.98,32.2,45.5,80.26,563.72,25.0,open_meteo_era5_synthetic
6,2024-10-04,0.0,30.3,52.5,78.93,556.85,23.5,open_meteo_era5_synthetic
6,2024-10-05,0.0,32.3,49.4,81.09,556.85,23.5,open_meteo_era5_synthetic
6,2024-10-06,40.99,35.5,51.2,85.61,575.63,27.7,open_meteo_era5_synthetic
6,2024-10-07,10.82,31.9,51.6,80.98,563.38,24.9,open_meteo_era5_synthetic
6,2024-10-08,0.0,32.8,40.5,80.13,538.41,19.4,open_meteo_era5_synthetic
6,2024-10-09,13.12,35.3,45.9,84.3,524.9499999999999,16.4,open_meteo_era5_synthetic
6,2024-10-10,0.0,33.6,48.7,82.63,493.5,9.4,open_meteo_era5_synthetic
6,2024-10-11,6.73,31.3,40.3,78.19,500.22999999999996,10.9,open_meteo_era5_synthetic
6,2024-10-12,44.22,30.6,57.3,80.19,531.4200000000001,17.8,open_meteo_era5_synthetic
6,2024-10-13,29.74,34.2,44.7,82.6,518.6999999999999,15.0,open_meteo_era5_synthetic
6,2024-10-14,3.55,30.6,53.1,79.51,497.31,10.3,open_meteo_era5_synthetic
6,2024-10-15,0.0,34.2,51.7,84.0,461.28000000000003,2.3,open_meteo_era5_synthetic
6,2024-10-16,9.42,31.8,50.3,80.63,412.83,-8.5,open_meteo_era5_synthetic
6,2024-10-17,29.56,33.7,41.8,81.45,442.39,-1.9,open_meteo_era5_synthetic
6,2024-10-18,0.0,30.5,52.5,79.3,440.44,-2.3,open_meteo_era5_synthetic
6,2024-10-19,0.0,32.7,51.7,82.08,395.4,-12.3,open_meteo_era5_synthetic
6,2024-10-20,0.0,31.7,42.6,79.14,386.56,-14.3,open_meteo_era5_synthetic
6,2024-10-21,9.56,35.0,59.4,86.58,396.12,-12.2,open_meteo_era5_synthetic
6,2024-10-22,44.59,34.7,56.1,85.54,390.65000000000003,-13.4,open_meteo_era5_synthetic
6,2024-10-23,0.0,32.5,42.7,80.07,373.34000000000003,-17.2,open_meteo_era5_synthetic
6,2024-10-24,0.0,33.1,51.0,82.38,373.34000000000003,-17.2,open_meteo_era5_synthetic
6,2024-10-25,28.97,34.4,55.8,85.08,396.59,-12.1,open_meteo_era5_synthetic
6,2024-10-26,18.74,32.5,41.0,79.85,380.13,-15.7,open_meteo_era5_synthetic
6,2024-10-27,9.87,30.5,49.8,78.76,390.0,-13.5,open_meteo_era5_synthetic
6,2024-10-28,0.0,30.3,60.2,80.2,339.45,-24.7,open_meteo_era5_synthetic
6,2024-10-29,7.68,35.0,44.5,83.52,340.64,-24.5,open_meteo_era5_synthetic
6,2024-10-30,0.0,32.1,53.9,81.62,340.64,-24.5,open_meteo_era5_synthetic
6,2024-10-31,15.35,33.5,47.3,82.2,354.89,-21.3,open_meteo_era5_synthetic
6,2024-11-01,0.0,31.3,49.6,79.75,354.89,88.2,open_meteo_era5_synthetic
6,2024-11-02,0.0,29.8,38.8,76.27,322.90999999999997,71.2,open_meteo_era5_synthetic
6,2024-11-03,0.0,29.3,47.8,76.99,322.90999999999997,71.2,open_meteo_era5_synthetic
6,2024-11-04,0.0,31.6,38.0,78.24,322.90999999999997,71.2,open_meteo_era5_synthetic
6,2024-11-05,2.5,30.9,37.4,77.35,284.41999999999996,50.8,open_meteo_era5_synthetic
6,2024-11-06,4.51,29.2,36.9,75.17,278.11,47.5,open_meteo_era5_synthetic
6,2024-11-07,0.0,31.5,44.2,79.18,278.11,47.5,open_meteo_era5_synthetic
6,2024-11-08,0.0,31.9,36.7,78.34,264.99,40.5,open_meteo_era5_synthetic
6,2024-11-09,0.0,28.7,42.9,75.53,264.99,40.5,open_meteo_era5_synthetic
6,2024-11-10,0.0,28.7,44.1,75.7,258.26000000000005,36.9,open_meteo_era5_synthetic
6,2024-11-11,0.0,29.7,47.2,77.33,214.04,13.5,open_meteo_era5_synthetic
6,2024-11-12,3.02,30.0,31.2,75.22,187.32,-0.7,open_meteo_era5_synthetic
6,2024-11-13,3.56,29.5,40.3,76.13,187.33,-0.7,open_meteo_era5_synthetic
6,2024-11-14,0.0,33.3,43.7,81.28,187.33,-0.7,open_meteo_era5_synthetic
6,2024-11-15,0.0,30.2,47.1,78.03,177.91,-5.7,open_meteo_era5_synthetic
6,2024-11-16,0.0,31.9,36.4,78.23,148.35000000000002,-21.3,open_meteo_era5_synthetic
6,2024-11-17,0.0,29.9,37.6,76.16,148.35000000000002,-21.3,open_meteo_era5_synthetic
6,2024-11-18,0.0,30.0,50.3,78.18,148.35000000000002,-21.3,open_meteo_era5_synthetic
6,2024-11-19,0.0,29.4,40.7,75.98,148.35000000000002,-21.3,open_meteo_era5_synthetic
6,2024-11-20,0.0,31.3,37.2,77.77,138.79000000000002,-26.4,open_meteo_era5_synthetic
6,2024-11-21,0.0,27.2,31.0,72.09,94.19999999999999,-50.1,open_meteo_era5_synthetic
6,2024-11-22,0.0,29.4,30.7,74.48,94.19999999999999,-50.1,open_meteo_era5_synthetic
6,2024-11-23,0.0,29.2,51.0,77.35,94.19999999999999,-50.1,open_meteo_era5_synthetic
6,2024-11-24,0.0,29.6,40.7,76.29,65.22999999999999,-65.4,open_meteo_era5_synthetic
6,2024-11-25,0.0,31.1,30.5,76.32,46.49,-75.3,open_meteo_era5_synthetic
6,2024-11-26,0.0,31.6,35.1,77.67,36.62,-80.6,open_meteo_era5_synthetic
6,2024-11-27,4.24,31.2,34.7,77.19,40.86,-78.3,open_meteo_era5_synthetic
6,2024-11-28,0.0,29.2,46.4,76.61,33.18,-82.4,open_meteo_era5_synthetic
6,2024-11-29,0.0,30.9,38.3,77.42,33.18,-82.4,open_meteo_era5_synthetic
6,2024-11-30,10.06,30.4,43.6,77.75,27.89,-85.2,open_meteo_era5_synthetic
6,2024-12-01,0.0,27.4,36.6,73.09,27.89,63.3,open_meteo_era5_synthetic
6,2024-12-02,0.0,30.3,45.7,77.94,27.89,63.3,open_meteo_era5_synthetic
6,2024-12-03,0.0,27.1,38.8,72.98,27.89,63.3,open_meteo_era5_synthetic
6,2024-12-04,0.0,25.7,33.6,70.81,27.89,63.3,open_meteo_era5_synthetic
6,2024-12-05,0.48,28.2,46.1,75.35,25.87,51.4,open_meteo_era5_synthetic
6,2024-12-06,0.0,25.6,39.1,71.22,21.36,25.0,open_meteo_era5_synthetic
6,2024-12-07,0.0,26.7,37.1,72.31,21.36,25.0,open_meteo_era5_synthetic
6,2024-12-08,0.33,28.7,44.2,75.64,21.689999999999998,27.0,open_meteo_era5_synthetic
6,2024-12-09,0.0,27.0,39.2,72.91,21.689999999999998,27.0,open_meteo_era5_synthetic
6,2024-12-10,0.0,27.6,26.3,72.0,21.689999999999998,27.0,open_meteo_era5_synthetic
6,2024-12-11,0.0,25.1,38.4,70.54,21.689999999999998,27.0,open_meteo_era5_synthetic
6,2024-12-12,0.0,31.0,34.7,76.98,18.669999999999998,9.3,open_meteo_era5_synthetic
6,2024-12-13,0.0,29.0,38.6,75.23,15.110000000000001,-11.5,open_meteo_era5_synthetic
6,2024-12-14,0.0,30.7,36.1,76.78,15.110000000000001,-11.5,open_meteo_era5_synthetic
6,2024-12-15,0.0,32.7,40.6,80.04,15.110000000000001,-11.5,open_meteo_era5_synthetic
6,2024-12-16,0.0,25.1,53.5,72.22,15.110000000000001,-11.5,open_meteo_era5_synthetic
6,2024-12-17,0.0,28.2,35.5,73.81,15.110000000000001,-11.5,open_meteo_era5_synthetic
6,2024-12-18,0.0,30.1,40.6,76.84,15.110000000000001,-11.5,open_meteo_era5_synthetic
6,2024-12-19,0.0,25.1,36.9,70.43,15.110000000000001,-11.5,open_meteo_era5_synthetic
6,2024-12-20,0.0,26.2,37.2,71.78,15.110000000000001,-11.5,open_meteo_era5_synthetic
6,2024-12-21,0.0,28.7,34.8,74.38,15.110000000000001,-11.5,open_meteo_era5_synthetic
6,2024-12-22,0.0,28.6,40.4,74.96,15.110000000000001,-11.5,open_meteo_era5_synthetic
6,2024-12-23,0.0,27.2,48.4,74.4,15.110000000000001,-11.5,open_meteo_era5_synthetic
6,2024-12-24,0.0,24.8,32.4,69.65,15.110000000000001,-11.5,open_meteo_era5_synthetic
6,2024-12-25,0.0,30.1,45.9,77.75,15.110000000000001,-11.5,open_meteo_era5_synthetic
6,2024-12-26,0.0,30.1,42.4,77.14,15.110000000000001,-11.5,open_meteo_era5_synthetic
6,2024-12-27,0.0,28.1,36.8,73.97,10.870000000000001,-36.4,open_meteo_era5_synthetic
6,2024-12-28,0.0,28.9,35.6,74.74,10.870000000000001,-36.4,open_meteo_era5_synthetic
6,2024-12-29,0.0,27.3,41.2,73.58,10.870000000000001,-36.4,open_meteo_era5_synthetic
6,2024-12-30,1.06,26.4,37.9,72.02,1.87,-89.1,open_meteo_era5_synthetic
6,2024-12-31,1.1,27.3,39.1,73.33,2.97,-82.6,open_meteo_era5_synthetic
6,2025-01-01,0.0,25.6,29.1,70.14,2.97,15.3,open_meteo_era5_synthetic
6,2025-01-02,0.0,28.3,45.2,75.33,2.97,15.3,open_meteo_era5_synthetic
6,2025-01-03,0.0,24.8,42.5,70.72,2.97,15.3,open_meteo_era5_synthetic
6,2025-01-04,0.0,33.2,33.4,79.28,2.49,-3.3,open_meteo_era5_synthetic
6,2025-01-05,0.0,30.7,44.5,78.23,2.49,-3.3,open_meteo_era5_synthetic
6,2025-01-06,0.0,30.4,32.9,75.96,2.49,-3.3,open_meteo_era5_synthetic
6,2025-01-07,0.0,32.8,44.6,80.81,2.16,-16.1,open_meteo_era5_synthetic
6,2025-01-08,1.01,27.2,42.0,73.49,3.17,23.1,open_meteo_era5_synthetic
6,2025-01-09,1.74,29.7,47.0,77.39,4.91,90.7,open_meteo_era5_synthetic
6,2025-01-10,0.0,27.5,32.1,72.66,4.91,90.7,open_meteo_era5_synthetic
6,2025-01-11,0.0,30.0,38.5,76.35,4.91,90.7,open_meteo_era5_synthetic
6,2025-01-12,0.0,30.3,40.6,77.1,4.91,90.7,open_meteo_era5_synthetic
6,2025-01-13,0.0,23.9,30.9,68.49,4.91,90.7,open_meteo_era5_synthetic
6,2025-01-14,0.0,32.4,33.4,78.33,4.91,90.7,open_meteo_era5_synthetic
6,2025-01-15,0.0,31.7,47.2,79.98,4.91,90.7,open_meteo_era5_synthetic
6,2025-01-16,0.67,31.2,32.8,76.87,5.58,116.7,open_meteo_era5_synthetic
6,2025-01-17,0.0,26.8,51.7,74.24,5.58,116.7,open_meteo_era5_synthetic
6,2025-01-18,0.0,28.7,37.3,74.7,5.58,116.7,open_meteo_era5_synthetic
6,2025-01-19,0.0,24.9,45.0,71.04,5.58,116.7,open_meteo_era5_synthetic
6,2025-01-20,0.0,28.7,26.4,73.16,5.58,116.7,open_meteo_era5_synthetic
6,2025-01-21,0.0,28.1,39.1,74.25,5.58,116.7,open_meteo_era5_synthetic
6,2025-01-22,0.0,27.1,37.9,72.88,5.58,116.7,open_meteo_era5_synthetic
6,2025-01-23,0.0,29.9,41.6,76.82,5.58,116.7,open_meteo_era5_synthetic
6,2025-01-24,0.0,31.3,38.0,77.85,5.58,116.7,open_meteo_era5_synthetic
6,2025-01-25,0.0,31.2,40.2,78.14,5.58,116.7,open_meteo_era5_synthetic
6,2025-01-26,0.0,28.4,38.4,74.55,5.58,116.7,open_meteo_era5_synthetic
6,2025-01-27,0.0,29.4,37.2,75.54,5.58,116.7,open_meteo_era5_synthetic
6,2025-01-28,0.0,29.1,29.8,74.08,5.58,116.7,open_meteo_era5_synthetic
6,2025-01-29,0.0,25.7,45.6,72.14,4.52,75.5,open_meteo_era5_synthetic
6,2025-01-30,0.48,26.7,44.5,73.18,3.9,51.5,open_meteo_era5_synthetic
6,2025-01-31,0.0,26.8,41.8,73.05,3.9,51.5,open_meteo_era5_synthetic
6,2025-02-01,1.95,29.2,41.7,75.91,5.85,-6.5,open_meteo_era5_synthetic
6,2025-02-02,0.0,32.5,34.0,78.52,5.85,-6.5,open_meteo_era5_synthetic
6,2025-02-03,0.0,30.4,40.7,77.28,5.85,-6.5,open_meteo_era5_synthetic
6,2025-02-04,0.0,28.9,41.4,75.51,5.85,-6.5,open_meteo_era5_synthetic
6,2025-02-05,0.0,31.3,33.5,77.11,5.85,-6.5,open_meteo_era5_synthetic
6,2025-02-06,0.0,28.2,35.8,73.87,5.85,-6.5,open_meteo_era5_synthetic
6,2025-02-07,0.0,33.1,49.7,82.23,4.84,-22.6,open_meteo_era5_synthetic
6,2025-02-08,0.0,31.5,50.0,80.12,3.1,-50.4,open_meteo_era5_synthetic
6,2025-02-09,0.0,33.4,30.6,78.94,3.1,-50.4,open_meteo_era5_synthetic
6,2025-02-10,0.0,30.5,38.0,76.87,3.1,-50.4,open_meteo_era5_synthetic
6,2025-02-11,0.0,32.1,46.8,80.4,3.1,-50.4,open_meteo_era5_synthetic
6,2025-02-12,0.0,29.6,40.4,76.21,3.1,-50.4,open_meteo_era5_synthetic
6,2025-02-13,0.0,34.3,42.6,82.29,3.1,-50.4,open_meteo_era5_synthetic
6,2025-02-14,0.0,32.6,47.4,81.16,3.1,-50.4,open_meteo_era5_synthetic
6,2025-02-15,0.0,33.6,35.1,80.0,2.43,-61.2,open_meteo_era5_synthetic
6,2025-02-16,0.0,32.1,31.9,77.79,2.43,-61.2,open_meteo_era5_synthetic
6,2025-02-17,0.0,28.6,32.9,73.94,2.43,-61.2,open_meteo_era5_synthetic
6,2025-02-18,0.0,28.9,39.3,75.23,2.43,-61.2,open_meteo_era5_synthetic
6,2025-02-19,0.0,32.8,34.8,79.03,2.43,-61.2,open_meteo_era5_synthetic
6,2025-02-20,0.0,33.4,37.7,80.26,2.43,-61.2,open_meteo_era5_synthetic
6,2025-02-21,0.0,31.9,42.3,79.29,2.43,-61.2,open_meteo_era5_synthetic
6,2025-02-22,1.11,29.1,45.8,76.47,3.54,-43.4,open_meteo_era5_synthetic
6,2025-02-23,0.0,31.9,40.4,79.0,3.54,-43.4,open_meteo_era5_synthetic
6,2025-02-24,0.0,32.1,41.1,79.38,3.54,-43.4,open_meteo_era5_synthetic
6,2025-02-25,0.0,30.7,31.3,76.03,3.54,-43.4,open_meteo_era5_synthetic
6,2025-02-26,0.0,31.8,34.4,77.86,3.54,-43.4,open_meteo_era5_synthetic
6,2025-02-27,0.0,33.0,44.6,81.05,3.54,-43.4,open_meteo_era5_synthetic
6,2025-02-28,0.0,28.1,40.6,74.46,3.54,-43.4,open_meteo_era5_synthetic
6,2025-03-01,0.0,33.0,44.9,81.14,3.0600000000000005,-56.6,open_meteo_era5_synthetic
6,2025-03-02,0.0,35.5,41.1,83.48,3.0600000000000005,-56.6,open_meteo_era5_synthetic
6,2025-03-03,0.0,33.6,36.4,80.24,1.11,-84.3,open_meteo_era5_synthetic
6,2025-03-04,0.0,31.7,33.3,77.51,1.11,-84.3,open_meteo_era5_synthetic
6,2025-03-05,0.0,34.1,26.1,78.83,1.11,-84.3,open_meteo_era5_synthetic
6,2025-03-06,1.05,32.8,43.1,80.63,2.16,-69.4,open_meteo_era5_synthetic
6,2025-03-07,0.0,34.8,37.3,81.82,2.16,-69.4,open_meteo_era5_synthetic
6,2025-03-08,0.0,33.7,45.1,82.09,2.16,-69.4,open_meteo_era5_synthetic
6,2025-03-09,0.0,33.1,37.8,80.0,2.16,-69.4,open_meteo_era5_synthetic
6,2025-03-10,0.0,32.3,31.5,77.92,2.16,-69.4,open_meteo_era5_synthetic
6,2025-03-11,0.0,34.2,40.6,81.84,2.16,-69.4,open_meteo_era5_synthetic
6,2025-03-12,0.0,36.2,35.4,83.1,2.16,-69.4,open_meteo_era5_synthetic
6,2025-03-13,0.0,29.9,38.9,76.36,2.16,-69.4,open_meteo_era5_synthetic
6,2025-03-14,0.0,35.1,32.0,81.14,2.16,-69.4,open_meteo_era5_synthetic
6,2025-03-15,0.0,35.5,29.6,81.1,2.16,-69.4,open_meteo_era5_synthetic
6,2025-03-16,0.0,33.5,31.6,79.23,2.16,-69.4,open_meteo_era5_synthetic
6,2025-03-17,0.0,32.5,41.5,79.87,2.16,-69.4,open_meteo_era5_synthetic
6,2025-03-18,0.0,35.7,38.4,83.14,2.16,-69.4,open_meteo_era5_synthetic
6,2025-03-19,0.0,33.9,36.8,80.7,2.16,-69.4,open_meteo_era5_synthetic
6,2025-03-20,0.0,34.1,47.4,82.99,2.16,-69.4,open_meteo_era5_synthetic
6,2025-03-21,0.0,33.3,32.2,79.08,2.16,-69.4,open_meteo_era5_synthetic
6,2025-03-22,0.54,37.4,43.3,86.26,2.7,-61.7,open_meteo_era5_synthetic
6,2025-03-23,0.0,35.9,37.0,83.11,2.7,-61.7,open_meteo_era5_synthetic
6,2025-03-24,0.0,35.5,44.2,84.12,1.59,-77.4,open_meteo_era5_synthetic
6,2025-03-25,0.0,31.7,37.5,78.27,1.59,-77.4,open_meteo_era5_synthetic
6,2025-03-26,0.0,33.3,34.0,79.51,1.59,-77.4,open_meteo_era5_synthetic
6,2025-03-27,0.0,36.6,38.7,84.24,1.59,-77.4,open_meteo_era5_synthetic
6,2025-03-28,0.0,33.5,37.8,80.42,1.59,-77.4,open_meteo_era5_synthetic
6,2025-03-29,0.0,35.1,33.0,81.29,1.59,-77.4,open_meteo_era5_synthetic
6,2025-03-30,0.0,32.8,46.7,81.18,1.59,-77.4,open_meteo_era5_synthetic
6,2025-03-31,0.0,33.8,36.0,80.49,1.59,-77.4,open_meteo_era5_synthetic
6,2025-04-01,3.49,32.5,29.8,77.79,5.08,-16.4,open_meteo_era5_synthetic
6,2025-04-02,0.0,37.2,36.0,84.33,5.08,-16.4,open_meteo_era5_synthetic
6,2025-04-03,2.22,36.9,35.3,83.83,7.300000000000001,20.2,open_meteo_era5_synthetic
6,2025-04-04,0.0,38.7,33.6,85.53,7.300000000000001,20.2,open_meteo_era5_synthetic
6,2025-04-05,0.0,35.5,36.7,82.48,6.25,2.9,open_meteo_era5_synthetic
6,2025-04-06,0.0,38.3,38.7,86.26,6.25,2.9,open_meteo_era5_synthetic
6,2025-04-07,0.0,37.5,40.7,85.78,6.25,2.9,open_meteo_era5_synthetic
6,2025-04-08,0.0,37.0,29.0,82.51,6.25,2.9,open_meteo_era5_synthetic
6,2025-04-09,2.67,34.0,33.6,80.17,8.92,46.8,open_meteo_era5_synthetic
6,2025-04-10,3.17,36.2,40.8,84.3,12.09,99.0,open_meteo_era5_synthetic
6,2025-04-11,0.0,35.8,35.0,82.57,12.09,99.0,open_meteo_era5_synthetic
6,2025-04-12,0.0,32.3,42.3,79.79,12.09,99.0,open_meteo_era5_synthetic
6,2025-04-13,0.0,37.1,41.2,85.37,12.09,99.0,open_meteo_era5_synthetic
6,2025-04-14,0.0,33.2,32.9,79.2,12.09,99.0,open_meteo_era5_synthetic
6,2025-04-15,0.0,33.6,42.7,81.48,12.09,99.0,open_meteo_era5_synthetic
6,2025-04-16,0.0,34.1,38.9,81.3,12.09,99.0,open_meteo_era5_synthetic
6,2025-04-17,0.0,34.2,44.1,82.52,12.09,99.0,open_meteo_era5_synthetic
6,2025-04-18,0.0,33.8,32.1,79.69,12.09,99.0,open_meteo_era5_synthetic
6,2025-04-19,0.0,34.7,39.2,82.12,12.09,99.0,open_meteo_era5_synthetic
6,2025-04-20,0.0,37.8,28.9,83.35,12.09,99.0,open_meteo_era5_synthetic
6,2025-04-21,0.0,34.8,41.8,82.76,11.549999999999999,90.1,open_meteo_era5_synthetic
6,2025-04-22,0.0,34.5,45.7,83.23,11.549999999999999,90.1,open_meteo_era5_synthetic
6,2025-04-23,0.0,36.2,36.2,83.2,11.549999999999999,90.1,open_meteo_era5_synthetic
6,2025-04-24,0.0,36.1,39.0,83.78,11.549999999999999,90.1,open_meteo_era5_synthetic
6,2025-04-25,0.0,37.3,32.8,83.75,11.549999999999999,90.1,open_meteo_era5_synthetic
6,2025-04-26,0.0,35.9,41.7,84.08,11.549999999999999,90.1,open_meteo_era5_synthetic
6,2025-04-27,0.0,38.9,39.6,87.25,11.549999999999999,90.1,open_meteo_era5_synthetic
6,2025-04-28,0.0,36.8,41.8,85.2,11.549999999999999,90.1,open_meteo_era5_synthetic
6,2025-04-29,0.0,33.0,34.5,79.17,11.549999999999999,90.1,open_meteo_era5_synthetic
6,2025-04-30,0.0,32.2,44.1,79.97,11.549999999999999,90.1,open_meteo_era5_synthetic
6,2025-05-01,3.8,33.4,43.5,81.37,11.86,-59.1,open_meteo_era5_synthetic
6,2025-05-02,0.0,37.2,45.0,86.4,11.86,-59.1,open_meteo_era5_synthetic
6,2025-05-03,0.0,38.0,41.8,86.64,9.64,-66.7,open_meteo_era5_synthetic
6,2025-05-04,0.0,37.3,39.8,85.33,9.64,-66.7,open_meteo_era5_synthetic
6,2025-05-05,0.0,33.7,35.0,80.09,9.64,-66.7,open_meteo_era5_synthetic
6,2025-05-06,6.95,39.5,46.1,89.55,16.59,-42.7,open_meteo_era5_synthetic
6,2025-05-07,0.0,33.6,38.3,80.66,16.59,-42.7,open_meteo_era5_synthetic
6,2025-05-08,0.75,36.8,37.0,84.11,17.34,-40.1,open_meteo_era5_synthetic
6,2025-05-09,0.0,36.1,39.2,83.78,14.67,-49.4,open_meteo_era5_synthetic
6,2025-05-10,0.0,40.4,36.1,88.05,11.5,-60.3,open_meteo_era5_synthetic
6,2025-05-11,0.0,38.7,46.5,88.62,11.5,-60.3,open_meteo_era5_synthetic
6,2025-05-12,0.0,38.6,44.0,87.93,11.5,-60.3,open_meteo_era5_synthetic
6,2025-05-13,0.0,40.1,44.8,89.99,11.5,-60.3,open_meteo_era5_synthetic
6,2025-05-14,2.52,35.5,39.0,83.0,14.02,-51.6,open_meteo_era5_synthetic
6,2025-05-15,0.0,33.7,62.7,85.52,14.02,-51.6,open_meteo_era5_synthetic
6,2025-05-16,8.1,36.5,44.6,85.4,22.119999999999997,-23.6,open_meteo_era5_synthetic
6,2025-05-17,0.0,37.1,37.6,84.57,22.119999999999997,-23.6,open_meteo_era5_synthetic
6,2025-05-18,8.11,37.7,50.3,88.3,30.229999999999997,4.4,open_meteo_era5_synthetic
6,2025-05-19,8.02,38.6,40.3,87.04,38.25,32.0,open_meteo_era5_synthetic
6,2025-05-20,0.0,37.2,40.9,85.43,38.25,32.0,open_meteo_era5_synthetic
6,2025-05-21,0.0,35.6,32.2,81.75,38.25,32.0,open_meteo_era5_synthetic
6,2025-05-22,0.0,37.1,43.2,85.89,38.25,32.0,open_meteo_era5_synthetic
6,2025-05-23,0.0,36.2,37.5,83.59,38.25,32.0,open_meteo_era5_synthetic
6,2025-05-24,0.0,34.0,44.9,82.34,38.25,32.0,open_meteo_era5_synthetic
6,2025-05-25,1.47,39.0,43.1,88.26,39.72,37.1,open_meteo_era5_synthetic
6,2025-05-26,0.0,35.7,40.3,83.58,39.72,37.1,open_meteo_era5_synthetic
6,2025-05-27,0.0,36.5,48.5,86.31,39.72,37.1,open_meteo_era5_synthetic
6,2025-05-28,0.0,35.5,37.9,82.78,39.72,37.1,open_meteo_era5_synthetic
6,2025-05-29,0.0,36.6,48.4,86.46,39.72,37.1,open_meteo_era5_synthetic
6,2025-05-30,0.0,37.7,54.2,89.25,39.72,37.1,open_meteo_era5_synthetic
6,2025-05-31,0.64,38.1,37.6,85.79,36.56,26.2,open_meteo_era5_synthetic
6,2025-06-01,28.28,34.2,49.8,83.57,64.84,-70.8,open_meteo_era5_synthetic
6,2025-06-02,18.6,33.8,41.3,81.45,83.44,-62.4,open_meteo_era5_synthetic
6,2025-06-03,45.19,37.9,50.9,88.66,128.63,-42.0,open_meteo_era5_synthetic
6,2025-06-04,26.23,34.9,54.2,85.49,154.86,-30.2,open_meteo_era5_synthetic
6,2025-06-05,0.0,35.1,49.6,84.71,147.91000000000003,-33.4,open_meteo_era5_synthetic
6,2025-06-06,0.0,37.4,45.6,86.77,147.91000000000003,-33.4,open_meteo_era5_synthetic
6,2025-06-07,27.0,33.4,44.7,81.61,174.16000000000003,-21.5,open_meteo_era5_synthetic
6,2025-06-08,32.35,33.9,51.6,83.56,206.51000000000002,-7.0,open_meteo_era5_synthetic
6,2025-06-09,0.0,34.8,52.0,84.82,206.51,-7.0,open_meteo_era5_synthetic
6,2025-06-10,38.41,35.6,48.8,85.16,244.92,10.3,open_meteo_era5_synthetic
6,2025-06-11,28.73,35.4,58.4,87.01,273.65000000000003,23.3,open_meteo_era5_synthetic
6,2025-06-12,0.0,34.7,55.9,85.51,273.65000000000003,23.3,open_meteo_era5_synthetic
6,2025-06-13,76.5,34.8,49.7,84.33,347.63,56.6,open_meteo_era5_synthetic
6,2025-06-14,0.0,34.2,47.6,83.16,347.63,56.6,open_meteo_era5_synthetic
6,2025-06-15,1.87,34.0,54.1,84.22,341.40000000000003,53.8,open_meteo_era5_synthetic
6,2025-06-16,10.04,35.9,54.4,86.79,351.44,58.3,open_meteo_era5_synthetic
6,2025-06-17,0.0,34.7,53.2,84.94,343.33,54.7,open_meteo_era5_synthetic
6,2025-06-18,13.39,34.7,41.0,82.49,348.70000000000005,57.1,open_meteo_era5_synthetic
6,2025-06-19,0.0,34.2,49.2,83.46,348.70000000000005,57.1,open_meteo_era5_synthetic
6,2025-06-20,32.04,33.8,41.6,81.57,380.74,71.5,open_meteo_era5_synthetic
6,2025-06-21,0.0,32.6,43.9,80.43,380.74,71.5,open_meteo_era5_synthetic
6,2025-06-22,0.0,34.4,38.9,81.65,380.74,71.5,open_meteo_era5_synthetic
6,2025-06-23,0.0,34.4,50.2,83.98,380.74,71.5,open_meteo_era5_synthetic
6,2025-06-24,30.37,37.7,44.1,86.8,409.64,84.6,open_meteo_era5_synthetic
6,2025-06-25,0.0,34.8,55.2,85.5,409.64,84.6,open_meteo_era5_synthetic
6,2025-06-26,35.0,36.8,37.9,84.33,444.64,100.3,open_meteo_era5_synthetic
6,2025-06-27,8.48,35.5,48.7,85.15,453.12,104.2,open_meteo_era5_synthetic
6,2025-06-28,21.64,36.3,49.8,86.4,474.76,113.9,open_meteo_era5_synthetic
6,2025-06-29,0.0,35.8,50.2,85.84,474.76,113.9,open_meteo_era5_synthetic
6,2025-06-30,0.0,36.2,48.0,85.87,474.12,113.6,open_meteo_era5_synthetic
6,2025-07-01,0.72,34.2,51.7,83.94,446.56000000000006,-10.8,open_meteo_era5_synthetic
6,2025-07-02,34.88,30.0,67.8,81.02,462.84000000000003,-7.5,open_meteo_era5_synthetic
6,2025-07-03,41.84,32.6,41.2,79.94,459.49,-8.2,open_meteo_era5_synthetic
6,2025-07-04,59.42,33.0,61.1,84.21,492.68,-1.6,open_meteo_era5_synthetic
6,2025-07-05,65.97,31.7,47.9,80.01,558.65,11.6,open_meteo_era5_synthetic
6,2025-07-06,2.62,31.7,50.2,80.47,561.27,12.1,open_meteo_era5_synthetic
6,2025-07-07,31.34,29.3,56.1,78.19,565.61,13.0,open_meteo_era5_synthetic
6,2025-07-08,26.3,34.3,60.9,85.99,559.56,11.8,open_meteo_era5_synthetic
6,2025-07-09,0.0,33.5,46.6,82.08,559.56,11.8,open_meteo_era5_synthetic
6,2025-07-10,0.0,29.6,66.9,80.18,521.15,4.1,open_meteo_era5_synthetic
6,2025-07-11,8.8,31.7,60.2,82.12,501.22,0.1,open_meteo_era5_synthetic
6,2025-07-12,42.05,31.2,61.7,81.74,543.27,8.5,open_meteo_era5_synthetic
6,2025-07-13,6.04,34.5,47.1,83.43,472.81,-5.5,open_meteo_era5_synthetic
6,2025-07-14,0.0,31.9,51.9,81.04,472.81,-5.5,open_meteo_era5_synthetic
6,2025-07-15,16.57,34.3,50.9,83.93,487.51,-2.6,open_meteo_era5_synthetic
6,2025-07-16,0.0,33.8,46.4,82.45,477.47,-4.6,open_meteo_era5_synthetic
6,2025-07-17,0.0,27.8,59.1,76.56,477.47,-4.6,open_meteo_era5_synthetic
6,2025-07-18,49.43,30.3,49.7,78.49,513.51,2.6,open_meteo_era5_synthetic
6,2025-07-19,24.1,35.9,53.5,86.62,537.61,7.4,open_meteo_era5_synthetic
6,2025-07-20,0.0,31.4,61.9,82.03,505.57000000000005,1.0,open_meteo_era5_synthetic
6,2025-07-21,5.51,29.4,59.2,78.79,511.08000000000004,2.1,open_meteo_era5_synthetic
6,2025-07-22,0.0,30.7,48.8,78.96,511.08000000000004,2.1,open_meteo_era5_synthetic
6,2025-07-23,14.58,33.5,56.2,83.94,525.66,5.0,open_meteo_era5_synthetic
6,2025-07-24,77.17,31.0,53.3,80.09,572.46,14.4,open_meteo_era5_synthetic
6,2025-07-25,4.57,31.1,59.2,81.18,577.03,15.3,open_meteo_era5_synthetic
6,2025-07-26,38.04,30.3,55.4,79.45,580.07,15.9,open_meteo_era5_synthetic
6,2025-07-27,58.92,31.0,48.3,79.24,630.51,26.0,open_meteo_era5_synthetic
6,2025-07-28,18.3,35.3,48.9,84.87,627.1700000000001,25.3,open_meteo_era5_synthetic
6,2025-07-29,0.0,31.8,53.2,81.09,627.1700000000001,25.3,open_meteo_era5_synthetic
6,2025-07-30,27.42,34.3,43.3,82.47,654.59,30.8,open_meteo_era5_synthetic
6,2025-07-31,25.75,29.3,59.7,78.75,679.62,35.8,open_meteo_era5_synthetic
6,2025-08-01,5.19,33.0,51.9,82.47,649.93,16.9,open_meteo_era5_synthetic
6,2025-08-02,7.24,33.4,48.4,82.27,615.3299999999999,10.6,open_meteo_era5_synthetic
6,2025-08-03,22.7,29.5,56.0,78.39,578.61,4.0,open_meteo_era5_synthetic
6,2025-08-04,16.87,35.1,61.9,87.28,529.51,-4.8,open_meteo_era5_synthetic
6,2025-08-05,36.65,31.8,48.3,80.22,563.54,1.3,open_meteo_era5_synthetic
6,2025-08-06,34.09,32.0,45.9,80.14,566.2900000000001,1.8,open_meteo_era5_synthetic
6,2025-08-07,23.24,31.2,53.2,80.22,563.23,1.3,open_meteo_era5_synthetic
6,2025-08-08,32.19,34.2,57.7,85.24,595.42,7.1,open_meteo_era5_synthetic
6,2025-08-09,23.16,33.4,54.7,83.46,618.58,11.2,open_meteo_era5_synthetic
6,2025-08-10,12.08,32.0,53.9,81.49,621.86,11.8,open_meteo_era5_synthetic
6,2025-08-11,36.83,32.0,60.9,82.68,616.64,10.9,open_meteo_era5_synthetic
6,2025-08-12,0.0,32.0,59.6,82.45,610.6,9.8,open_meteo_era5_synthetic
6,2025-08-13,33.6,32.4,52.1,81.65,644.2,15.8,open_meteo_era5_synthetic
6,2025-08-14,0.0,32.2,56.5,82.26,627.6300000000001,12.9,open_meteo_era5_synthetic
6,2025-08-15,29.0,29.3,48.3,77.1,656.6300000000001,18.1,open_meteo_era5_synthetic
6,2025-08-16,0.0,34.2,50.1,83.66,656.6300000000001,18.1,open_meteo_era5_synthetic
6,2025-08-17,14.6,31.3,69.3,83.1,621.8,11.8,open_meteo_era5_synthetic
6,2025-08-18,49.32,30.6,48.1,78.73,647.02,16.3,open_meteo_era5_synthetic
6,2025-08-19,5.07,36.7,47.5,86.29,652.09,17.3,open_meteo_era5_synthetic
6,2025-08-20,0.0,29.8,51.3,78.18,646.58,16.3,open_meteo_era5_synthetic
6,2025-08-21,9.47,30.1,50.1,78.29,656.05,18.0,open_meteo_era5_synthetic
6,2025-08-22,9.09,32.8,66.3,84.82,650.5600000000001,17.0,open_meteo_era5_synthetic
6,2025-08-23,16.04,30.8,48.6,78.97,589.43,6.0,open_meteo_era5_synthetic
6,2025-08-24,0.0,28.3,54.8,76.66,584.86,5.2,open_meteo_era5_synthetic
6,2025-08-25,0.0,30.9,58.0,80.63,546.8199999999999,-1.7,open_meteo_era5_synthetic
6,2025-08-26,39.8,34.4,59.3,85.78,527.7,-5.1,open_meteo_era5_synthetic
6,2025-08-27,35.83,30.9,49.3,79.28,545.23,-2.0,open_meteo_era5_synthetic
6,2025-08-28,13.15,33.0,64.2,84.71,558.38,0.4,open_meteo_era5_synthetic
6,2025-08-29,10.3,31.4,57.8,81.31,541.26,-2.7,open_meteo_era5_synthetic
6,2025-08-30,25.08,29.7,53.1,78.26,540.59,-2.8,open_meteo_era5_synthetic
6,2025-08-31,58.58,33.7,49.5,82.92,593.98,6.8,open_meteo_era5_synthetic
6,2025-09-01,0.0,36.5,49.2,86.41,586.74,6.0,open_meteo_era5_synthetic
6,2025-09-02,10.6,31.7,49.4,80.35,574.6400000000001,3.8,open_meteo_era5_synthetic
6,2025-09-03,0.0,32.3,51.1,81.44,557.7700000000001,0.7,open_meteo_era5_synthetic
6,2025-09-04,35.33,32.5,47.7,81.02,556.4499999999999,0.5,open_meteo_era5_synthetic
6,2025-09-05,38.64,34.0,45.0,82.46,561.0,1.3,open_meteo_era5_synthetic
6,2025-09-06,12.38,32.2,43.1,79.84,550.14,-0.7,open_meteo_era5_synthetic
6,2025-09-07,0.0,32.4,50.1,81.32,517.9499999999999,-6.5,open_meteo_era5_synthetic
6,2025-09-08,3.92,31.9,50.8,80.85,498.71,-9.9,open_meteo_era5_synthetic
6,2025-09-09,0.87,29.1,40.9,75.7,487.5,-12.0,open_meteo_era5_synthetic
6,2025-09-10,22.03,33.7,55.0,83.99,472.7,-14.6,open_meteo_era5_synthetic
6,2025-09-11,81.96,35.7,53.5,86.32,554.66,0.2,open_meteo_era5_synthetic
6,2025-09-12,0.0,34.5,43.0,82.65,521.06,-5.9,open_meteo_era5_synthetic
6,2025-09-13,42.0,33.7,59.5,84.8,563.06,1.7,open_meteo_era5_synthetic
6,2025-09-14,16.6,33.9,43.8,82.07,550.66,-0.6,open_meteo_era5_synthetic
6,2025-09-15,57.33,31.7,63.7,82.75,607.9899999999999,9.8,open_meteo_era5_synthetic
6,2025-09-16,47.22,34.1,37.8,81.07,640.61,15.7,open_meteo_era5_synthetic
6,2025-09-17,16.68,34.6,58.5,85.91,607.97,9.8,open_meteo_era5_synthetic
6,2025-09-18,0.0,32.9,53.3,82.54,602.9,8.9,open_meteo_era5_synthetic
6,2025-09-19,0.0,31.1,49.5,79.54,602.9,8.9,open_meteo_era5_synthetic
6,2025-09-20,41.74,32.0,53.3,81.44,635.1700000000001,14.7,open_meteo_era5_synthetic
6,2025-09-21,2.6,33.1,64.2,84.88,628.68,13.5,open_meteo_era5_synthetic
6,2025-09-22,37.74,33.2,59.7,84.12,650.38,17.4,open_meteo_era5_synthetic
6,2025-09-23,0.0,35.0,43.2,83.28,650.38,17.4,open_meteo_era5_synthetic
6,2025-09-24,0.0,33.8,39.8,81.12,650.38,17.4,open_meteo_era5_synthetic
6,2025-09-25,2.66,30.0,55.1,79.04,613.24,10.7,open_meteo_era5_synthetic
6,2025-09-26,1.68,32.5,49.1,81.31,579.09,4.6,open_meteo_era5_synthetic
6,2025-09-27,0.0,34.1,46.1,82.79,565.9399999999999,2.2,open_meteo_era5_synthetic
6,2025-09-28,10.36,33.8,56.5,84.39,566.0,2.2,open_meteo_era5_synthetic
6,2025-09-29,53.31,35.5,43.0,83.89,594.2299999999999,7.3,open_meteo_era5_synthetic
6,2025-09-30,0.0,32.9,55.0,82.91,535.65,-3.3,open_meteo_era5_synthetic
6,2025-10-01,0.0,31.5,50.1,80.23,535.65,18.8,open_meteo_era5_synthetic
6,2025-10-02,33.7,34.4,47.7,83.43,558.75,23.9,open_meteo_era5_synthetic
6,2025-10-03,0.0,30.0,49.8,78.18,558.75,23.9,open_meteo_era5_synthetic
6,2025-10-04,0.0,35.5,46.4,84.66,523.42,16.1,open_meteo_era5_synthetic
6,2025-10-05,36.81,33.7,50.2,83.07,521.5899999999999,15.7,open_meteo_era5_synthetic
6,2025-10-06,0.0,33.0,55.9,83.17,509.21,12.9,open_meteo_era5_synthetic
6,2025-10-07,0.0,32.7,44.8,80.78,509.21,12.9,open_meteo_era5_synthetic
6,2025-10-08,0.0,30.2,53.0,78.95,505.29,12.1,open_meteo_era5_synthetic
6,2025-10-09,0.0,32.4,46.2,80.63,504.42,11.9,open_meteo_era5_synthetic
6,2025-10-10,30.28,30.6,41.1,77.57,512.67,13.7,open_meteo_era5_synthetic
6,2025-10-11,18.99,33.1,51.7,82.55,449.7,-0.3,open_meteo_era5_synthetic
6,2025-10-12,3.63,33.8,52.4,83.57,453.33,0.5,open_meteo_era5_synthetic
6,2025-10-13,51.71,34.3,49.6,83.73,463.04,2.7,open_meteo_era5_synthetic
6,2025-10-14,0.0,32.6,47.0,81.05,446.44,-1.0,open_meteo_era5_synthetic
6,2025-10-15,30.21,33.3,46.4,81.76,419.32,-7.0,open_meteo_era5_synthetic
6,2025-10-16,16.79,34.5,47.8,83.55,388.89000000000004,-13.8,open_meteo_era5_synthetic
6,2025-10-17,95.94,36.1,48.9,85.92,468.15000000000003,3.8,open_meteo_era5_synthetic
6,2025-10-18,0.0,34.2,52.6,84.12,468.15000000000003,3.8,open_meteo_era5_synthetic
6,2025-10-19,9.73,31.4,52.2,80.44,477.88,6.0,open_meteo_era5_synthetic
6,2025-10-20,0.0,34.0,39.3,81.27,436.14,-3.3,open_meteo_era5_synthetic
6,2025-10-21,0.0,29.7,40.7,76.41,433.53999999999996,-3.9,open_meteo_era5_synthetic
6,2025-10-22,18.73,32.3,46.2,80.5,414.53,-8.1,open_meteo_era5_synthetic
6,2025-10-23,10.26,32.0,50.0,80.8,424.78999999999996,-5.8,open_meteo_era5_synthetic
6,2025-10-24,0.0,34.4,54.6,84.81,424.78999999999996,-5.8,open_meteo_era5_synthetic
6,2025-10-25,0.0,33.7,41.4,81.33,422.13,-6.4,open_meteo_era5_synthetic
6,2025-10-26,0.0,37.3,59.3,89.83,420.45,-6.8,open_meteo_era5_synthetic
6,2025-10-27,16.85,33.9,44.3,82.14,437.3,-3.0,open_meteo_era5_synthetic
6,2025-10-28,42.22,30.1,45.1,77.62,469.15999999999997,4.0,open_meteo_era5_synthetic
6,2025-10-29,0.0,36.0,51.5,86.34,415.84999999999997,-7.8,open_meteo_era5_synthetic
6,2025-10-30,0.0,34.3,47.9,83.36,415.84999999999997,-7.8,open_meteo_era5_synthetic
6,2025-10-31,0.0,32.7,51.1,81.85,415.84999999999997,-7.8,open_meteo_era5_synthetic
6,2025-11-01,0.0,29.5,41.3,76.22,382.15,102.6,open_meteo_era5_synthetic
6,2025-11-02,0.0,28.5,48.3,76.03,382.15,102.6,open_meteo_era5_synthetic
6,2025-11-03,0.0,30.2,47.3,78.02,382.15,102.6,open_meteo_era5_synthetic
6,2025-11-04,0.0,31.6,26.8,76.32,345.34,83.1,open_meteo_era5_synthetic
6,2025-11-05,0.0,29.5,31.5,74.78,345.34,83.1,open_meteo_era5_synthetic
6,2025-11-06,5.08,31.7,33.7,77.61,350.42,85.8,open_meteo_era5_synthetic
6,2025-11-07,0.0,30.7,24.0,74.91,350.42,85.8,open_meteo_era5_synthetic
6,2025-11-08,6.06,32.7,38.1,79.56,356.48,89.0,open_meteo_era5_synthetic
6,2025-11-09,5.59,31.1,44.9,78.79,331.79,75.9,open_meteo_era5_synthetic
6,2025-11-10,0.0,28.2,48.4,75.69,312.8,65.9,open_meteo_era5_synthetic
6,2025-11-11,0.0,30.4,34.4,76.25,309.17,63.9,open_meteo_era5_synthetic
6,2025-11-12,0.0,34.4,37.5,81.48,257.46,36.5,open_meteo_era5_synthetic
6,2025-11-13,1.17,28.5,40.4,74.93,258.63,37.1,open_meteo_era5_synthetic
6,2025-11-14,0.0,31.6,40.1,78.64,228.42000000000002,21.1,open_meteo_era5_synthetic
6,2025-11-15,0.0,29.1,35.2,74.89,211.63,12.2,open_meteo_era5_synthetic
6,2025-11-16,0.0,30.7,39.1,77.33,115.69,-38.7,open_meteo_era5_synthetic
6,2025-11-17,0.0,28.7,42.8,75.43,115.69,-38.7,open_meteo_era5_synthetic
6,2025-11-18,0.0,29.2,39.0,75.54,105.96,-43.8,open_meteo_era5_synthetic
6,2025-11-19,0.0,30.0,46.7,77.7,105.96,-43.8,open_meteo_era5_synthetic
6,2025-11-20,0.0,27.4,31.7,72.44,105.96,-43.8,open_meteo_era5_synthetic
6,2025-11-21,1.85,32.1,38.9,78.95,89.07999999999998,-52.8,open_meteo_era5_synthetic
6,2025-11-22,0.0,36.1,48.8,85.84,78.82,-58.2,open_meteo_era5_synthetic
6,2025-11-23,0.0,31.5,26.0,76.05,78.82,-58.2,open_meteo_era5_synthetic
6,2025-11-24,0.0,31.5,33.8,77.35,78.82,-58.2,open_meteo_era5_synthetic
6,2025-11-25,0.0,30.1,25.6,74.47,78.82,-58.2,open_meteo_era5_synthetic
6,2025-11-26,7.66,33.2,36.1,79.71,69.63,-63.1,open_meteo_era5_synthetic
6,2025-11-27,0.0,29.6,40.7,76.25,27.41,-85.5,open_meteo_era5_synthetic
6,2025-11-28,0.0,31.5,41.3,78.67,27.41,-85.5,open_meteo_era5_synthetic
6,2025-11-29,0.0,30.0,47.2,77.76,27.41,-85.5,open_meteo_era5_synthetic
6,2025-11-30,3.39,30.5,33.7,76.18,30.8,-83.7,open_meteo_era5_synthetic
6,2025-12-01,0.0,26.6,33.6,71.82,30.8,80.3,open_meteo_era5_synthetic
6,2025-12-02,0.0,27.2,37.2,72.94,30.8,80.3,open_meteo_era5_synthetic
6,2025-12-03,0.0,27.3,44.0,73.96,30.8,80.3,open_meteo_era5_synthetic
6,2025-12-04,0.0,25.9,30.0,70.51,30.8,80.3,open_meteo_era5_synthetic
6,2025-12-05,0.0,28.5,30.6,73.47,30.8,80.3,open_meteo_era5_synthetic
6,2025-12-06,0.0,31.5,36.3,77.76,25.72,50.6,open_meteo_era5_synthetic
6,2025-12-07,0.0,31.2,31.7,76.67,25.72,50.6,open_meteo_era5_synthetic
6,2025-12-08,0.0,29.3,44.0,76.38,19.66,15.1,open_meteo_era5_synthetic
6,2025-12-09,0.0,29.6,35.9,75.57,14.07,-17.6,open_meteo_era5_synthetic
6,2025-12-10,0.0,30.1,44.5,77.49,14.07,-17.6,open_meteo_era5_synthetic
6,2025-12-11,0.0,28.3,23.5,72.35,14.07,-17.6,open_meteo_era5_synthetic
6,2025-12-12,0.0,25.8,36.5,71.19,14.07,-17.6,open_meteo_era5_synthetic
6,2025-12-13,0.0,29.3,39.0,75.69,12.900000000000002,-24.5,open_meteo_era5_synthetic
6,2025-12-14,0.0,25.8,40.6,71.71,12.900000000000002,-24.5,open_meteo_era5_synthetic
6,2025-12-15,0.0,24.1,36.5,69.18,12.900000000000002,-24.5,open_meteo_era5_synthetic
6,2025-12-16,0.0,28.8,37.5,74.8,12.900000000000002,-24.5,open_meteo_era5_synthetic
6,2025-12-17,0.0,31.2,33.3,77.0,12.900000000000002,-24.5,open_meteo_era5_synthetic
6,2025-12-18,0.0,29.9,34.5,75.66,12.900000000000002,-24.5,open_meteo_era5_synthetic
6,2025-12-19,0.0,30.5,33.8,76.26,12.900000000000002,-24.5,open_meteo_era5_synthetic
6,2025-12-20,0.0,28.2,27.4,72.79,12.900000000000002,-24.5,open_meteo_era5_synthetic
6,2025-12-21,0.0,28.3,39.9,74.63,11.05,-35.3,open_meteo_era5_synthetic
6,2025-12-22,0.0,27.8,41.4,74.24,11.05,-35.3,open_meteo_era5_synthetic
6,2025-12-23,0.0,24.7,49.9,71.24,11.05,-35.3,open_meteo_era5_synthetic
6,2025-12-24,0.0,28.7,39.7,74.99,11.05,-35.3,open_meteo_era5_synthetic
6,2025-12-25,0.0,26.5,46.3,73.22,11.05,-35.3,open_meteo_era5_synthetic
6,2025-12-26,0.0,26.7,38.6,72.51,3.39,-80.2,open_meteo_era5_synthetic
6,2025-12-27,0.0,25.4,35.7,70.61,3.39,-80.2,open_meteo_era5_synthetic
6,2025-12-28,0.06,27.5,48.6,74.78,3.45,-79.8,open_meteo_era5_synthetic
6,2025-12-29,0.0,28.7,39.0,74.99,3.45,-79.8,open_meteo_era5_synthetic
6,2025-12-30,0.0,29.7,36.7,75.8,0.06,-99.6,open_meteo_era5_synthetic
6,2025-12-31,0.0,27.5,45.4,74.34,0.06,-99.6,open_meteo_era5_synthetic
6,2026-01-01,0.0,24.7,39.8,70.26,0.06,-97.7,open_meteo_era5_synthetic
6,2026-01-02,0.0,30.3,35.3,76.26,0.06,-97.7,open_meteo_era5_synthetic
6,2026-01-03,0.0,26.7,39.1,72.55,0.06,-97.7,open_meteo_era5_synthetic
6,2026-01-04,0.0,28.5,36.7,74.32,0.06,-97.7,open_meteo_era5_synthetic
6,2026-01-05,0.0,29.5,46.8,77.02,0.06,-97.7,open_meteo_era5_synthetic
6,2026-01-06,0.0,25.9,42.4,71.96,0.06,-97.7,open_meteo_era5_synthetic
6,2026-01-07,0.45,30.4,28.5,75.23,0.51,-80.2,open_meteo_era5_synthetic
6,2026-01-08,0.0,26.9,44.4,73.52,0.51,-80.2,open_meteo_era5_synthetic
6,2026-01-09,0.0,26.7,34.7,72.01,0.51,-80.2,open_meteo_era5_synthetic
6,2026-01-10,0.0,31.1,37.9,77.65,0.51,-80.2,open_meteo_era5_synthetic
6,2026-01-11,0.0,29.1,32.8,74.46,0.51,-80.2,open_meteo_era5_synthetic
6,2026-01-12,0.0,25.6,39.1,71.26,0.51,-80.2,open_meteo_era5_synthetic
6,2026-01-13,0.0,27.7,38.6,73.73,0.51,-80.2,open_meteo_era5_synthetic
6,2026-01-14,0.0,30.5,35.5,76.51,0.51,-80.2,open_meteo_era5_synthetic
6,2026-01-15,0.0,29.0,33.7,74.56,0.51,-80.2,open_meteo_era5_synthetic
6,2026-01-16,0.0,26.1,38.4,71.79,0.51,-80.2,open_meteo_era5_synthetic
6,2026-01-17,0.0,25.5,29.8,70.12,0.51,-80.2,open_meteo_era5_synthetic
6,2026-01-18,0.0,26.1,31.1,70.91,0.51,-80.2,open_meteo_era5_synthetic
6,2026-01-19,0.74,28.3,42.3,74.88,1.25,-51.5,open_meteo_era5_synthetic
6,2026-01-20,0.0,32.2,31.0,77.69,1.25,-51.5,open_meteo_era5_synthetic
6,2026-01-21,0.0,32.7,42.2,80.26,1.25,-51.5,open_meteo_era5_synthetic
6,2026-01-22,0.0,25.9,36.5,71.35,1.25,-51.5,open_meteo_era5_synthetic
6,2026-01-23,0.0,26.0,36.9,71.45,1.25,-51.5,open_meteo_era5_synthetic
6,2026-01-24,0.0,28.6,23.2,72.61,1.25,-51.5,open_meteo_era5_synthetic
6,2026-01-25,0.08,27.0,46.1,73.85,1.33,-48.3,open_meteo_era5_synthetic
6,2026-01-26,0.0,28.9,48.2,76.45,1.33,-48.3,open_meteo_era5_synthetic
6,2026-01-27,0.51,28.9,28.6,73.68,1.7799999999999998,-30.9,open_meteo_era5_synthetic
6,2026-01-28,0.0,28.3,43.2,75.04,1.7799999999999998,-30.9,open_meteo_era5_synthetic
6,2026-01-29,0.0,28.3,35.3,74.0,1.7799999999999998,-30.9,open_meteo_era5_synthetic
6,2026-01-30,0.0,27.6,42.1,74.04,1.7799999999999998,-30.9,open_meteo_era5_synthetic
6,2026-01-31,0.0,31.7,36.6,78.05,1.7799999999999998,-30.9,open_meteo_era5_synthetic
6,2026-02-01,0.0,32.6,34.9,78.81,1.7799999999999998,-71.5,open_meteo_era5_synthetic
6,2026-02-02,0.0,30.2,40.8,77.04,1.7799999999999998,-71.5,open_meteo_era5_synthetic
6,2026-02-03,1.23,32.8,45.8,81.07,3.01,-51.9,open_meteo_era5_synthetic
6,2026-02-04,0.0,29.0,42.8,75.81,3.01,-51.9,open_meteo_era5_synthetic
6,2026-02-05,0.0,31.3,44.2,78.91,3.01,-51.9,open_meteo_era5_synthetic
6,2026-02-06,0.0,31.0,36.7,77.27,2.5599999999999996,-59.1,open_meteo_era5_synthetic
6,2026-02-07,0.0,30.9,42.8,78.18,2.5599999999999996,-59.1,open_meteo_era5_synthetic
6,2026-02-08,0.0,33.9,38.6,81.06,2.5599999999999996,-59.1,open_meteo_era5_synthetic
6,2026-02-09,0.0,31.9,41.0,79.04,2.5599999999999996,-59.1,open_meteo_era5_synthetic
6,2026-02-10,0.0,33.2,35.7,79.65,2.5599999999999996,-59.1,open_meteo_era5_synthetic
6,2026-02-11,0.0,31.0,43.1,78.4,2.5599999999999996,-59.1,open_meteo_era5_synthetic
6,2026-02-12,0.0,31.6,36.5,77.92,2.5599999999999996,-59.1,open_meteo_era5_synthetic
6,2026-02-13,0.0,33.9,40.2,81.3,2.5599999999999996,-59.1,open_meteo_era5_synthetic
6,2026-02-14,0.0,29.8,38.2,76.17,2.5599999999999996,-59.1,open_meteo_era5_synthetic
6,2026-02-15,0.0,29.5,42.6,76.45,2.5599999999999996,-59.1,open_meteo_era5_synthetic
6,2026-02-16,2.11,28.9,34.5,74.52,4.67,-25.4,open_meteo_era5_synthetic
6,2026-02-17,0.0,29.8,32.7,75.27,4.67,-25.4,open_meteo_era5_synthetic
6,2026-02-18,0.0,25.3,49.7,72.01,3.9299999999999997,-37.2,open_meteo_era5_synthetic
6,2026-02-19,4.16,31.7,47.6,79.95,8.09,29.3,open_meteo_era5_synthetic
6,2026-02-20,0.0,29.5,38.2,75.72,8.09,29.3,open_meteo_era5_synthetic
6,2026-02-21,2.46,29.6,39.7,76.08,10.55,68.6,open_meteo_era5_synthetic
6,2026-02-22,0.0,32.9,41.9,80.43,10.55,68.6,open_meteo_era5_synthetic
6,2026-02-23,0.0,32.1,45.4,80.13,10.55,68.6,open_meteo_era5_synthetic
6,2026-02-24,0.0,31.8,40.6,78.91,10.469999999999999,67.4,open_meteo_era5_synthetic
6,2026-02-25,0.0,30.5,36.3,76.67,10.469999999999999,67.4,open_meteo_era5_synthetic
6,2026-02-26,0.0,33.4,38.7,80.51,9.96,59.2,open_meteo_era5_synthetic
6,2026-02-27,0.0,32.5,33.7,78.5,9.96,59.2,open_meteo_era5_synthetic
6,2026-02-28,0.0,29.7,38.8,76.07,9.96,59.2,open_meteo_era5_synthetic
6,2026-03-01,0.0,35.2,30.5,80.94,9.96,41.3,open_meteo_era5_synthetic
6,2026-03-02,0.0,32.9,39.7,80.08,9.96,41.3,open_meteo_era5_synthetic
6,2026-03-03,0.0,38.3,37.0,85.87,9.96,41.3,open_meteo_era5_synthetic
6,2026-03-04,0.0,32.6,38.7,79.56,9.96,41.3,open_meteo_era5_synthetic
6,2026-03-05,0.0,36.1,42.4,84.42,8.73,23.9,open_meteo_era5_synthetic
6,2026-03-06,0.0,32.0,42.3,79.49,8.73,23.9,open_meteo_era5_synthetic
6,2026-03-07,2.55,32.8,38.5,79.73,11.28,60.0,open_meteo_era5_synthetic
6,2026-03-08,0.0,34.3,47.0,83.15,11.28,60.0,open_meteo_era5_synthetic
6,2026-03-09,2.43,34.6,27.0,79.5,13.709999999999999,94.5,open_meteo_era5_synthetic
6,2026-03-10,0.0,30.9,47.2,78.86,13.709999999999999,94.5,open_meteo_era5_synthetic
6,2026-03-11,0.0,34.9,40.9,82.75,13.709999999999999,94.5,open_meteo_era5_synthetic
6,2026-03-12,0.0,34.1,51.6,83.8,13.709999999999999,94.5,open_meteo_era5_synthetic
6,2026-03-13,0.0,34.1,38.7,81.27,13.709999999999999,94.5,open_meteo_era5_synthetic
6,2026-03-14,0.0,32.0,33.2,77.87,13.709999999999999,94.5,open_meteo_era5_synthetic
6,2026-03-15,0.0,32.4,38.0,79.13,13.709999999999999,94.5,open_meteo_era5_synthetic
6,2026-03-16,0.0,31.4,34.2,77.35,13.709999999999999,94.5,open_meteo_era5_synthetic
6,2026-03-17,0.0,32.1,30.7,77.52,13.709999999999999,94.5,open_meteo_era5_synthetic
6,2026-03-18,4.51,31.3,33.6,77.16,16.11,128.5,open_meteo_era5_synthetic
6,2026-03-19,0.0,37.2,46.5,86.7,16.11,128.5,open_meteo_era5_synthetic
6,2026-03-20,0.0,34.5,43.2,82.66,16.11,128.5,open_meteo_era5_synthetic
6,2026-03-21,0.0,35.2,32.9,81.37,11.95,69.5,open_meteo_era5_synthetic
6,2026-03-22,0.0,34.1,41.2,81.76,11.95,69.5,open_meteo_era5_synthetic
6,2026-03-23,0.0,31.7,32.5,77.36,9.489999999999998,34.6,open_meteo_era5_synthetic
6,2026-03-24,0.0,36.7,37.5,84.15,9.489999999999998,34.6,open_meteo_era5_synthetic
6,2026-03-25,0.0,33.9,37.6,80.83,9.489999999999998,34.6,open_meteo_era5_synthetic
6,2026-03-26,0.0,34.7,32.8,80.76,9.489999999999998,34.6,open_meteo_era5_synthetic
6,2026-03-27,0.77,32.0,42.6,79.53,10.259999999999998,45.6,open_meteo_era5_synthetic
6,2026-03-28,0.0,36.1,32.7,82.35,10.259999999999998,45.6,open_meteo_era5_synthetic
6,2026-03-29,0.0,33.6,37.5,80.44,10.259999999999998,45.6,open_meteo_era5_synthetic
6,2026-03-30,0.0,32.4,42.6,79.93,10.259999999999998,45.6,open_meteo_era5_synthetic
6,2026-03-31,0.0,32.1,36.1,78.43,10.259999999999998,45.6,open_meteo_era5_synthetic
6,2026-04-01,0.0,33.3,45.7,81.67,10.259999999999998,68.9,open_meteo_era5_synthetic
6,2026-04-02,0.0,34.9,46.2,83.84,10.259999999999998,68.9,open_meteo_era5_synthetic
6,2026-04-03,0.0,36.1,44.9,85.08,10.259999999999998,68.9,open_meteo_era5_synthetic
6,2026-04-04,0.0,37.2,50.3,87.57,10.259999999999998,68.9,open_meteo_era5_synthetic
6,2026-04-05,0.0,36.6,39.1,84.4,10.259999999999998,68.9,open_meteo_era5_synthetic
6,2026-04-06,0.0,35.1,33.2,81.34,7.709999999999999,26.9,open_meteo_era5_synthetic
6,2026-04-07,0.0,36.7,50.0,86.92,7.709999999999999,26.9,open_meteo_era5_synthetic
6,2026-04-08,0.0,36.2,44.2,85.05,5.279999999999999,-13.1,open_meteo_era5_synthetic
6,2026-04-09,0.0,37.7,42.5,86.41,5.279999999999999,-13.1,open_meteo_era5_synthetic
6,2026-04-10,0.0,37.3,45.3,86.55,5.279999999999999,-13.1,open_meteo_era5_synthetic
6,2026-04-11,0.0,38.1,45.7,87.76,5.279999999999999,-13.1,open_meteo_era5_synthetic
6,2026-04-12,0.0,35.0,31.1,80.78,5.279999999999999,-13.1,open_meteo_era5_synthetic
6,2026-04-13,0.0,34.6,40.6,82.31,5.279999999999999,-13.1,open_meteo_era5_synthetic
6,2026-04-14,0.0,37.3,38.6,85.11,5.279999999999999,-13.1,open_meteo_era5_synthetic
6,2026-04-15,0.0,34.8,38.3,82.0,5.279999999999999,-13.1,open_meteo_era5_synthetic
6,2026-04-16,0.0,39.3,44.8,89.01,5.279999999999999,-13.1,open_meteo_era5_synthetic
6,2026-04-17,0.0,35.6,39.4,83.18,0.77,-87.3,open_meteo_era5_synthetic
6,2026-04-18,0.0,37.7,43.7,86.77,0.77,-87.3,open_meteo_era5_synthetic
6,2026-04-19,0.0,37.5,40.0,85.57,0.77,-87.3,open_meteo_era5_synthetic
6,2026-04-20,0.0,37.2,41.2,85.55,0.77,-87.3,open_meteo_era5_synthetic
6,2026-04-21,0.0,37.3,44.2,86.32,0.77,-87.3,open_meteo_era5_synthetic
6,2026-04-22,0.0,38.1,40.9,86.57,0.77,-87.3,open_meteo_era5_synthetic
6,2026-04-23,0.0,34.2,36.9,81.09,0.77,-87.3,open_meteo_era5_synthetic
6,2026-04-24,0.0,37.4,41.2,85.77,0.77,-87.3,open_meteo_era5_synthetic
6,2026-04-25,0.0,38.6,37.9,86.48,0.77,-87.3,open_meteo_era5_synthetic
6,2026-04-26,0.0,35.9,37.1,83.09,0.0,-100.0,open_meteo_era5_synthetic
6,2026-04-27,0.0,37.1,44.9,86.32,0.0,-100.0,open_meteo_era5_synthetic
6,2026-04-28,0.0,36.2,35.9,83.19,0.0,-100.0,open_meteo_era5_synthetic
6,2026-04-29,1.47,33.7,56.6,84.28,1.47,-75.8,open_meteo_era5_synthetic
6,2026-04-30,0.0,37.1,36.1,84.23,1.47,-75.8,open_meteo_era5_synthetic
6,2026-05-01,0.0,35.5,37.8,82.79,1.47,-94.9,open_meteo_era5_synthetic
6,2026-05-02,0.0,35.3,42.1,83.45,1.47,-94.9,open_meteo_era5_synthetic
6,2026-05-03,0.0,36.7,52.0,87.36,1.47,-94.9,open_meteo_era5_synthetic
6,2026-05-04,0.0,36.6,43.4,85.33,1.47,-94.9,open_meteo_era5_synthetic
6,2026-05-05,3.04,34.5,41.9,82.44,4.51,-84.4,open_meteo_era5_synthetic
6,2026-05-06,0.0,36.6,44.6,85.61,4.51,-84.4,open_meteo_era5_synthetic
6,2026-05-07,0.0,40.4,37.7,88.5,4.51,-84.4,open_meteo_era5_synthetic
6,2026-05-08,0.0,39.5,45.7,89.48,4.51,-84.4,open_meteo_era5_synthetic
6,2026-05-09,0.0,36.3,34.3,82.93,4.51,-84.4,open_meteo_era5_synthetic
6,2026-05-10,2.54,36.9,43.7,85.75,7.05,-75.7,open_meteo_era5_synthetic
6,2026-05-11,5.24,37.2,42.5,85.8,12.29,-57.6,open_meteo_era5_synthetic
6,2026-05-12,0.0,36.9,46.3,86.38,12.29,-57.6,open_meteo_era5_synthetic
6,2026-05-13,0.0,33.1,23.1,77.17,12.29,-57.6,open_meteo_era5_synthetic
6,2026-05-14,9.07,34.3,38.0,81.41,21.36,-26.3,open_meteo_era5_synthetic
6,2026-05-15,0.0,37.2,38.8,84.95,21.36,-26.3,open_meteo_era5_synthetic
6,2026-05-16,0.0,38.1,34.4,85.07,21.36,-26.3,open_meteo_era5_synthetic
6,2026-05-17,0.0,41.2,37.8,89.53,21.36,-26.3,open_meteo_era5_synthetic
6,2026-05-18,7.94,35.4,37.0,82.52,29.3,1.1,open_meteo_era5_synthetic
6,2026-05-19,0.0,36.5,32.9,82.84,29.3,1.1,open_meteo_era5_synthetic
6,2026-05-20,0.67,35.3,30.9,81.09,29.97,3.5,open_meteo_era5_synthetic
6,2026-05-21,0.0,37.7,44.4,86.93,29.97,3.5,open_meteo_era5_synthetic
6,2026-05-22,0.0,37.6,48.7,87.77,29.97,3.5,open_meteo_era5_synthetic
6,2026-05-23,1.49,40.3,30.8,86.67,31.46,8.6,open_meteo_era5_synthetic
6,2026-05-24,0.0,37.2,46.2,86.66,31.46,8.6,open_meteo_era5_synthetic
6,2026-05-25,0.0,38.6,46.2,88.4,31.46,8.6,open_meteo_era5_synthetic
6,2026-05-26,0.0,40.1,48.2,90.91,31.46,8.6,open_meteo_era5_synthetic
6,2026-05-27,0.0,35.2,33.6,81.52,31.46,8.6,open_meteo_era5_synthetic
6,2026-05-28,0.0,38.3,36.4,85.79,31.46,8.6,open_meteo_era5_synthetic
6,2026-05-29,0.0,39.1,36.6,86.71,29.990000000000002,3.5,open_meteo_era5_synthetic
6,2026-05-30,0.82,38.5,35.6,85.84,30.810000000000002,6.4,open_meteo_era5_synthetic
6,2026-05-31,0.0,36.9,43.3,85.7,30.810000000000002,6.4,open_meteo_era5_synthetic
6,2026-06-01,1.17,33.2,48.9,82.16,31.98,-85.6,open_meteo_era5_synthetic
6,2026-06-02,0.0,35.6,47.8,84.98,31.98,-85.6,open_meteo_era5_synthetic
6,2026-06-03,52.42,35.2,46.0,84.11,84.4,-62.0,open_meteo_era5_synthetic
6,2026-06-04,0.0,37.0,50.4,87.4,81.36,-63.3,open_meteo_era5_synthetic
6,2026-06-05,0.0,31.9,47.9,80.34,81.36,-63.3,open_meteo_era5_synthetic
6,2026-06-06,30.79,36.6,57.2,88.35,112.15,-49.5,open_meteo_era5_synthetic
6,2026-06-07,24.65,32.6,56.7,82.8,136.8,-38.4,open_meteo_era5_synthetic
6,2026-06-08,0.0,31.2,43.4,78.62,136.8,-38.4,open_meteo_era5_synthetic
6,2026-06-09,0.0,33.9,39.8,81.34,134.26,-39.5,open_meteo_era5_synthetic
6,2026-06-10,0.0,34.6,53.0,84.83,129.01999999999998,-41.9,open_meteo_era5_synthetic
6,2026-06-11,20.91,36.3,43.4,84.9,149.93,-32.4,open_meteo_era5_synthetic
6,2026-06-12,23.62,35.0,48.9,84.41,173.55,-21.8,open_meteo_era5_synthetic
6,2026-06-13,0.0,36.4,36.9,83.6,164.48000000000002,-25.9,open_meteo_era5_synthetic
6,2026-06-14,0.0,35.1,42.9,83.34,164.48000000000002,-25.9,open_meteo_era5_synthetic
6,2026-06-15,9.36,33.8,53.7,83.93,173.84,-21.7,open_meteo_era5_synthetic
6,2026-06-16,0.0,37.7,55.3,89.37,173.84,-21.7,open_meteo_era5_synthetic
6,2026-06-17,0.0,33.4,54.0,83.39,165.9,-25.3,open_meteo_era5_synthetic
6,2026-06-18,0.0,32.4,52.9,81.9,165.9,-25.3,open_meteo_era5_synthetic
6,2026-06-19,0.0,37.8,66.0,92.08,165.23,-25.6,open_meteo_era5_synthetic
6,2026-06-20,0.0,38.7,50.5,89.69,165.23,-25.6,open_meteo_era5_synthetic
6,2026-06-21,0.0,38.8,44.0,88.22,165.23,-25.6,open_meteo_era5_synthetic
6,2026-06-22,17.93,36.5,51.4,86.99,181.67000000000002,-18.1,open_meteo_era5_synthetic
6,2026-06-23,0.0,35.5,51.9,85.69,181.67000000000002,-18.1,open_meteo_era5_synthetic
6,2026-06-24,31.29,34.5,52.1,84.42,212.96,-4.1,open_meteo_era5_synthetic
6,2026-06-25,2.83,33.0,45.0,81.17,215.79000000000002,-2.8,open_meteo_era5_synthetic
6,2026-06-26,8.59,38.6,46.7,88.63,224.38,1.1,open_meteo_era5_synthetic
6,2026-06-27,25.97,32.6,51.7,81.92,250.35000000000002,12.8,open_meteo_era5_synthetic
6,2026-06-28,13.0,33.4,44.8,81.64,263.35,18.7,open_meteo_era5_synthetic
6,2026-06-29,22.91,36.1,56.3,87.48,285.44,28.6,open_meteo_era5_synthetic
6,2026-06-30,32.46,35.9,46.4,85.07,317.90000000000003,43.2,open_meteo_era5_synthetic
6,2026-07-01,0.0,34.7,51.6,84.68,316.73,-36.7,open_meteo_era5_synthetic
6,2026-07-02,0.0,29.8,56.9,78.95,316.73,-36.7,open_meteo_era5_synthetic
6,2026-07-03,22.2,32.5,49.9,81.43,286.51,-42.8,open_meteo_era5_synthetic
6,2026-07-04,16.99,29.8,48.4,77.72,303.5,-39.4,open_meteo_era5_synthetic
6,2026-07-05,53.81,30.4,49.0,78.52,357.31,-28.6,open_meteo_era5_synthetic
6,2026-07-06,2.06,31.3,56.1,80.91,328.58000000000004,-34.4,open_meteo_era5_synthetic
6,2026-07-07,12.68,33.4,66.2,85.69,316.61,-36.7,open_meteo_era5_synthetic
6,2026-07-08,4.51,34.3,46.4,83.04,321.12,-35.8,open_meteo_era5_synthetic
6,2026-07-09,55.23,32.6,52.2,82.03,376.34999999999997,-24.8,open_meteo_era5_synthetic
6,2026-07-10,13.15,33.1,58.0,83.68,389.5,-22.2,open_meteo_era5_synthetic
6,2026-07-11,0.0,31.7,53.9,81.1,368.59000000000003,-26.4,open_meteo_era5_synthetic
6,2026-07-12,37.72,32.7,56.6,82.89,382.69,-23.5,open_meteo_era5_synthetic
6,2026-07-13,33.81,29.6,60.1,79.18,416.5,-16.8,open_meteo_era5_synthetic
6,2026-07-14,11.67,30.4,50.3,78.82,428.17,-14.5,open_meteo_era5_synthetic
6,2026-07-15,0.49,29.1,52.5,77.39,419.3,-16.2,open_meteo_era5_synthetic
6,2026-07-16,12.19,30.9,60.8,81.19,431.49,-13.8,open_meteo_era5_synthetic
6,2026-07-17,0.0,28.0,55.3,76.27,431.49,-13.8,open_meteo_era5_synthetic
6,2026-07-18,109.21,32.3,53.0,81.66,540.7,8.0,open_meteo_era5_synthetic
6,2026-07-19,15.79,29.3,59.5,78.65,556.49,11.2,open_meteo_era5_synthetic
6,2026-07-20,0.0,29.9,52.6,78.44,556.49,11.2,open_meteo_era5_synthetic
6,2026-07-21,35.9,32.4,49.8,81.28,592.39,18.4,open_meteo_era5_synthetic
6,2026-07-22,0.0,30.3,61.6,80.39,574.46,14.8,open_meteo_era5_synthetic
6,2026-07-23,44.54,33.4,52.5,83.06,619.0,23.7,open_meteo_era5_synthetic
6,2026-07-24,0.0,31.9,56.3,81.79,587.7099999999999,17.4,open_meteo_era5_synthetic
6,2026-07-25,12.69,30.7,53.7,79.77,597.57,19.4,open_meteo_era5_synthetic
6,2026-07-26,0.0,29.5,66.7,80.11,588.98,17.7,open_meteo_era5_synthetic
6,2026-07-27,35.02,35.1,54.8,85.88,598.03,19.5,open_meteo_era5_synthetic
6,2026-07-28,0.0,33.2,60.3,84.24,585.03,16.9,open_meteo_era5_synthetic
6,2026-07-29,15.18,33.5,47.4,82.27,577.3,15.3,open_meteo_era5_synthetic
6,2026-07-30,14.12,33.3,60.9,84.52,558.9599999999999,11.7,open_meteo_era5_synthetic
6,2026-07-31,14.33,32.7,53.7,82.34,573.29,14.5,open_meteo_era5_synthetic
